{"type":"FeatureCollection", "features": [
{"type":"Feature","geometry":{"type":"MultiPolygon","coordinates":[[[[79.97812,28.7528],[79.98835,28.74327],[79.99204,28.74279],[79.9944,28.74478],[79.99695,28.74301],[80.00421,28.74965],[79.99441,28.76189],[79.99475,28.7657],[79.99194,28.76474],[79.98537,28.77239],[79.96866,28.76589],[79.97564,28.75512],[79.97812,28.7528]],[[79.99466,28.75181],[79.99921,28.75457],[79.99345,28.75053],[79.99466,28.75181]],[[79.97924,28.76328],[79.97705,28.76287],[79.98701,28.76731],[79.97924,28.76328]]],[[[79.92558,28.77215],[79.93261,28.76269],[79.9422,28.76028],[79.9471,28.76842],[79.94315,28.7789],[79.94044,28.77768],[79.94486,28.78542],[79.93905,28.78787],[79.92443,28.77458],[79.92558,28.77215]],[[79.93259,28.76893],[79.93335,28.77488],[79.93477,28.76987],[79.93259,28.76893]]],[[[79.81785,28.81618],[79.81579,28.81645],[79.81944,28.8108],[79.81785,28.81618]]],[[[79.85563,28.82799],[79.85573,28.82817],[79.85563,28.82817],[79.85563,28.82799]]],[[[79.83123,28.8377],[79.82827,28.84158],[79.82414,28.83954],[79.83115,28.83545],[79.83123,28.8377]]],[[[80.05699,28.85382],[80.05669,28.84707],[80.05942,28.84572],[80.05699,28.85382]]],[[[79.70986,28.85145],[79.71159,28.85242],[79.70941,28.85348],[79.70986,28.85145]]],[[[79.83267,28.84846],[79.83684,28.84985],[79.83157,28.85571],[79.82989,28.85289],[79.83267,28.84846]]],[[[80.0632,28.85856],[80.05751,28.8552],[80.05971,28.84722],[80.06294,28.84565],[80.0632,28.85856]]],[[[79.84716,28.86713],[79.84593,28.87095],[79.84726,28.86212],[79.84716,28.86713]]],[[[80.01516,28.85425],[80.01368,28.86471],[80.01715,28.87857],[80.01521,28.87905],[80.01219,28.87597],[80.0104,28.8629],[80.01516,28.85425]]],[[[79.82925,28.87704],[79.82891,28.87974],[79.82827,28.87809],[79.83215,28.87143],[79.83512,28.87075],[79.83502,28.87447],[79.82925,28.87704]]],[[[79.6595,28.88998],[79.65889,28.88953],[79.65899,28.88953],[79.65909,28.88953],[79.6596,28.8898],[79.6595,28.88998]]],[[[80.05963,28.89066],[80.06098,28.88887],[80.06021,28.89441],[80.05817,28.89363],[80.05963,28.89066]]],[[[80.03152,28.90265],[80.02822,28.9047],[80.026,28.90186],[80.02689,28.90487],[80.02123,28.90064],[80.01554,28.88791],[80.01572,28.88236],[80.01821,28.88357],[80.01704,28.88115],[80.02042,28.878],[80.01817,28.87259],[80.02142,28.8708],[80.01929,28.8676],[80.01833,28.87135],[80.0148,28.86526],[80.01781,28.85721],[80.01469,28.85224],[80.02229,28.84789],[80.0224,28.8478],[80.02722,28.84675],[80.0303,28.84677],[80.03153,28.84642],[80.03153,28.84651],[80.03776,28.84881],[80.03755,28.84971],[80.03836,28.85035],[80.03867,28.85035],[80.04168,28.85136],[80.03769,28.86052],[80.04236,28.85234],[80.04556,28.85222],[80.04498,28.85033],[80.04194,28.85146],[80.04589,28.84544],[80.05348,28.83421],[80.05273,28.83588],[80.05431,28.83314],[80.05514,28.83215],[80.05982,28.82997],[80.05576,28.83143],[80.06082,28.82695],[80.06021,28.83201],[80.06172,28.82895],[80.06506,28.83664],[80.06457,28.84341],[80.05983,28.84545],[80.05516,28.84676],[80.05812,28.8351],[80.05601,28.83748],[80.05477,28.85087],[80.05087,28.85424],[80.0551,28.8532],[80.05302,28.85671],[80.05472,28.8607],[80.05678,28.85454],[80.05769,28.8571],[80.06319,28.85937],[80.06235,28.8679],[80.05488,28.86414],[80.0545,28.86843],[80.05229,28.86756],[80.05222,28.87157],[80.0499,28.87142],[80.04609,28.86463],[80.04695,28.88053],[80.04317,28.88495],[80.03875,28.88411],[80.04555,28.89417],[80.03152,28.90265]],[[80.02152,28.88993],[80.01962,28.88756],[80.0218,28.89269],[80.02152,28.88993]],[[80.02909,28.87982],[80.03131,28.87708],[80.02814,28.87273],[80.03515,28.86699],[80.03999,28.8682],[80.03831,28.86339],[80.02375,28.87427],[80.02925,28.87604],[80.02645,28.8799],[80.02909,28.87982]],[[80.04382,28.87571],[80.04491,28.87788],[80.04379,28.87295],[80.04382,28.87571]],[[80.0395,28.86238],[80.04644,28.85966],[80.04764,28.85556],[80.0395,28.86238]]],[[[79.65244,28.90417],[79.65112,28.90371],[79.65127,28.89992],[79.65401,28.90184],[79.65244,28.90417]]],[[[80.02554,28.90667],[80.02293,28.90822],[80.01807,28.90454],[80.01541,28.89269],[80.02554,28.90667]]],[[[79.5026,28.90006],[79.50234,28.90362],[79.4997,28.90023],[79.5026,28.90006]]],[[[79.52493,28.90672],[79.52202,28.90789],[79.5192,28.90216],[79.5218,28.8997],[79.51834,28.89804],[79.5185,28.88764],[79.52221,28.88489],[79.52592,28.90222],[79.52676,28.90105],[79.52493,28.90672]]],[[[79.5228,28.9122],[79.5227,28.91229],[79.5227,28.9122],[79.5228,28.9122]]],[[[79.98395,28.91535],[79.9797,28.91602],[79.9785,28.90849],[79.98263,28.90804],[79.98195,28.90459],[79.98669,28.91299],[79.98673,28.91558],[79.98395,28.91535]]],[[[80.02948,28.91229],[80.02529,28.92036],[80.02344,28.91784],[80.02583,28.9129],[80.02298,28.91166],[80.02554,28.90667],[80.02948,28.91229]]],[[[79.63048,28.92101],[79.62977,28.92055],[79.62987,28.92055],[79.63048,28.92101]]],[[[79.63039,28.91983],[79.63068,28.92119],[79.63048,28.92101],[79.63008,28.92037],[79.63039,28.91983]]],[[[80.01816,28.92449],[80.01545,28.92076],[80.01853,28.92088],[80.01816,28.92449]]],[[[79.6638,28.92261],[79.66287,28.92323],[79.6639,28.92252],[79.6638,28.92261]]],[[[79.49453,28.92047],[79.4927,28.92202],[79.49085,28.91957],[79.49453,28.92047]]],[[[80.04317,28.89668],[80.04599,28.89522],[80.04482,28.90475],[80.04463,28.899],[80.04045,28.90235],[80.03846,28.90077],[80.04352,28.90866],[80.0324,28.91228],[80.03446,28.91495],[80.02919,28.9257],[80.02405,28.92733],[80.02829,28.92339],[80.03157,28.91311],[80.0284,28.9057],[80.04214,28.89713],[80.04317,28.89659],[80.04317,28.89668]]],[[[79.63321,28.92428],[79.63077,28.92209],[79.63578,28.92395],[79.63321,28.92428]]],[[[79.70846,28.92313],[79.70711,28.92589],[79.70579,28.92338],[79.70846,28.92313]]],[[[79.54036,28.92547],[79.54097,28.92584],[79.54036,28.92557],[79.54036,28.92547]]],[[[79.69725,28.92176],[79.69946,28.92367],[79.69637,28.92451],[79.69628,28.9313],[79.69124,28.92736],[79.69394,28.92153],[79.69725,28.92176]]],[[[79.98516,28.93681],[79.98454,28.94023],[79.98294,28.93631],[79.98516,28.93681]]],[[[79.99794,28.93923],[79.99242,28.94021],[79.98961,28.93622],[79.99393,28.93474],[79.98693,28.93255],[79.98499,28.93128],[79.98556,28.92532],[79.99042,28.92956],[79.99932,28.92883],[80.0015,28.93509],[79.99826,28.93471],[79.99794,28.93923]]],[[[79.86555,28.93813],[79.86548,28.94034],[79.85797,28.93796],[79.86555,28.93813]]],[[[79.67179,28.93956],[79.67409,28.93947],[79.67269,28.94083],[79.67126,28.94064],[79.67075,28.94018],[79.67179,28.93956]]],[[[79.99736,28.94071],[79.99746,28.94549],[79.99428,28.9418],[79.99736,28.94071]]],[[[79.80495,28.94396],[79.80179,28.94278],[79.80422,28.94116],[79.80495,28.94396]]],[[[79.67102,28.94325],[79.67044,28.94045],[79.67311,28.94227],[79.67102,28.94325]]],[[[80.07459,28.94961],[80.07459,28.9497],[80.07449,28.9497],[80.07459,28.94961]]],[[[80.07449,28.9497],[80.07449,28.94979],[80.07439,28.94979],[80.07449,28.9497]]],[[[80.0749,28.94952],[80.07407,28.95033],[80.07439,28.94979],[80.07449,28.94979],[80.07459,28.9497],[80.07459,28.94961],[80.0749,28.94952]]],[[[79.68239,28.9449],[79.68363,28.94683],[79.6811,28.94769],[79.68239,28.9449]]],[[[79.67153,28.94398],[79.67655,28.94412],[79.67468,28.94885],[79.67102,28.94325],[79.67153,28.94398]]],[[[79.81683,28.9503],[79.81499,28.9512],[79.81664,28.94958],[79.81683,28.9503]]],[[[80.0261,28.95893],[80.02178,28.95877],[80.01901,28.95532],[80.02061,28.95103],[80.0261,28.95893]]],[[[80.01483,28.96087],[80.01104,28.96086],[80.00606,28.95488],[80.00545,28.95026],[80.01002,28.94777],[80.00713,28.94575],[80.00541,28.9488],[79.99871,28.94747],[80.00287,28.94438],[79.99928,28.94505],[79.99866,28.94046],[80.0052,28.94068],[80.00506,28.93671],[80.01336,28.93779],[80.01745,28.94365],[80.01693,28.94726],[80.01547,28.94346],[80.01181,28.94716],[80.01483,28.96087]]],[[[80.04831,28.96251],[80.05702,28.96094],[80.05844,28.96565],[80.05454,28.96554],[80.0556,28.96388],[80.04221,28.96495],[80.03864,28.96102],[80.04831,28.96251]]],[[[80.07653,28.96262],[80.07628,28.96608],[80.07087,28.96412],[80.07631,28.96257],[80.07652,28.95862],[80.0788,28.96146],[80.07653,28.96262]]],[[[79.40601,28.95066],[79.40972,28.95539],[79.40555,28.95509],[79.402,28.95811],[79.40264,28.96298],[79.40046,28.96222],[79.40118,28.95191],[79.39304,28.95143],[79.39267,28.95754],[79.39139,28.95507],[79.38522,28.95484],[79.39061,28.94738],[79.40601,28.95066]]],[[[80.02033,28.96408],[80.02121,28.96799],[80.01829,28.96938],[80.01531,28.9637],[80.02033,28.96408]]],[[[80.02297,28.96945],[80.02149,28.96584],[80.02446,28.96713],[80.02297,28.96945]]],[[[80.0772,28.96849],[80.07908,28.96711],[80.0801,28.96994],[80.0772,28.96849]]],[[[80.05904,28.96791],[80.05301,28.96904],[80.05265,28.97022],[80.0497,28.96794],[80.05185,28.96777],[80.05308,28.96796],[80.05904,28.96791]]],[[[79.39653,28.96011],[79.3992,28.96317],[79.39597,28.96403],[79.39653,28.96011]]],[[[79.41312,28.96897],[79.41261,28.96861],[79.41262,28.96843],[79.41322,28.96898],[79.41312,28.96897]]],[[[79.38659,28.96631],[79.38741,28.96901],[79.38242,28.97136],[79.38203,28.96709],[79.38615,28.96274],[79.38659,28.96631]]],[[[79.42566,28.97079],[79.42779,28.97218],[79.42527,28.97259],[79.42566,28.97079]]],[[[79.3503,28.97011],[79.35617,28.9677],[79.36525,28.96934],[79.35987,28.9727],[79.35667,28.968],[79.3503,28.97011]]],[[[80.08131,28.98022],[80.08297,28.97711],[80.0851,28.97974],[80.08131,28.98022]]],[[[80.06239,28.97804],[80.06162,28.98097],[80.05862,28.9772],[80.06239,28.97804]]],[[[79.41754,28.97493],[79.41391,28.97088],[79.41989,28.96444],[79.42479,28.96713],[79.42088,28.96651],[79.42162,28.97182],[79.41831,28.96888],[79.4203,28.97259],[79.41754,28.97493]]],[[[79.35586,28.97444],[79.35533,28.97759],[79.35193,28.97461],[79.35586,28.97444]]],[[[79.43474,28.98113],[79.43274,28.97982],[79.43719,28.97864],[79.43474,28.98113]]],[[[80.00897,28.98659],[80.01445,28.98339],[80.01286,28.98676],[80.00897,28.98659]]],[[[80.0755,28.98581],[80.07323,28.98872],[80.07391,28.98575],[80.06744,28.97488],[80.06893,28.97821],[80.06616,28.98154],[80.06422,28.97809],[80.06093,28.97699],[80.06198,28.9752],[80.06704,28.97785],[80.06212,28.97251],[80.05651,28.9753],[80.06097,28.97097],[80.05717,28.97034],[80.06026,28.96707],[80.07611,28.96979],[80.07993,28.9732],[80.07551,28.97665],[80.07237,28.97449],[80.07698,28.98122],[80.0755,28.98581]]],[[[80.05512,28.98152],[80.057,28.97783],[80.06553,28.99008],[80.05561,28.98396],[80.05622,28.98432],[80.05512,28.98152]]],[[[79.38167,28.98403],[79.37908,28.98424],[79.38274,28.98167],[79.38167,28.98403]]],[[[79.3749,28.98156],[79.3764,28.98407],[79.3739,28.98442],[79.3749,28.98156]]],[[[79.70066,28.9887],[79.69744,28.98626],[79.70191,28.98362],[79.70066,28.9887]]],[[[79.98074,28.99152],[79.97468,28.99102],[79.98041,28.98981],[79.98074,28.99152]]],[[[79.43057,28.98574],[79.42996,28.98748],[79.4278,28.9857],[79.43057,28.98574]]],[[[80.06507,28.99278],[80.06728,28.99077],[80.06942,28.99405],[80.06507,28.99278]]],[[[79.43273,28.98531],[79.43559,28.98603],[79.43429,28.98968],[79.43273,28.98531]]],[[[79.8606,28.98317],[79.86485,28.97253],[79.86968,28.96966],[79.8682,28.97303],[79.87201,28.97475],[79.87846,28.99189],[79.87177,28.99391],[79.86743,28.98799],[79.8691,28.99389],[79.86348,28.99551],[79.85306,28.98967],[79.85797,28.98865],[79.85977,28.98379],[79.85997,28.98379],[79.85977,28.98379],[79.85895,28.98378],[79.85885,28.9836],[79.86028,28.98371],[79.86049,28.98317],[79.8606,28.98317]]],[[[80.12149,28.99758],[80.11975,28.99766],[80.11346,28.99644],[80.1172,28.99502],[80.11731,28.99484],[80.11453,28.99492],[80.11417,28.98986],[80.11417,28.98914],[80.11854,28.98285],[80.12124,28.99072],[80.11889,28.98959],[80.11907,28.99269],[80.11897,28.9926],[80.11907,28.99269],[80.11885,28.99404],[80.11885,28.99413],[80.11978,28.99405],[80.11967,28.99414],[80.11978,28.99405],[80.12149,28.99758]]],[[[80.06294,29.00106],[80.06328,28.99773],[80.06366,29.00143],[80.06294,29.00106]]],[[[80.08152,29.001],[80.0812,29.00343],[80.07908,29.00046],[80.08152,29.001]]],[[[79.3832,28.99556],[79.38275,28.99717],[79.38158,28.99481],[79.38536,28.99392],[79.3832,28.99556]]],[[[80.07446,29.00194],[80.07363,29.00425],[80.07281,29.00195],[80.06974,29.00281],[80.0697,28.99623],[80.06749,28.99677],[80.06838,29.00218],[80.06615,29.00166],[80.06648,28.99564],[80.0709,28.99541],[80.07446,29.00194]]],[[[79.39019,28.99884],[79.38656,28.99749],[79.38956,28.99584],[79.38692,28.99235],[79.38949,28.99229],[79.39282,28.98383],[79.39988,28.99477],[79.39874,28.99323],[79.3965,28.99785],[79.39174,28.99675],[79.39019,28.99884]],[[79.39175,28.99385],[79.39393,28.99242],[79.39248,28.98994],[79.39175,28.99385]]],[[[80.12778,29.00619],[80.13577,29.0085],[80.12919,29.01008],[80.12729,29.00828],[80.13041,29.00733],[80.12778,29.00619]]],[[[79.56438,29.00569],[79.56449,29.00578],[79.56438,29.00578],[79.56438,29.00569]]],[[[79.56449,29.00578],[79.56459,29.00587],[79.56448,29.00587],[79.56449,29.00578]]],[[[79.52805,29.0032],[79.52824,29.00548],[79.52359,29.00539],[79.52684,29.00246],[79.52386,29.00144],[79.52672,29.00008],[79.52445,28.99691],[79.52683,28.99753],[79.52805,29.0032]]],[[[79.85119,28.98931],[79.84364,28.97957],[79.83637,28.98314],[79.83335,28.98181],[79.8368,28.98413],[79.83929,28.99269],[79.84725,28.99663],[79.85008,29.00277],[79.85221,29.00355],[79.84941,28.99737],[79.8432,28.99182],[79.85784,28.99583],[79.86371,29.0081],[79.85812,29.01203],[79.85577,29.01092],[79.84904,29.00671],[79.84905,29.00662],[79.84389,28.99927],[79.82341,29.00347],[79.81695,28.99407],[79.81945,28.99399],[79.82259,28.98618],[79.82049,28.98613],[79.82301,28.98474],[79.82123,28.98417],[79.82448,28.98159],[79.82416,28.98276],[79.82819,28.98467],[79.82439,28.97726],[79.8298,28.9765],[79.83058,28.97312],[79.83473,28.97144],[79.84082,28.97726],[79.84601,28.97834],[79.84406,28.97508],[79.84739,28.9771],[79.84817,28.9812],[79.85137,28.98247],[79.85119,28.98931]],[[79.83081,28.99636],[79.82818,28.99575],[79.8299,28.99817],[79.83451,28.99747],[79.83081,28.99636]],[[79.82467,28.99698],[79.82376,29.00091],[79.82665,29.00111],[79.82467,28.99698]]],[[[80.07857,29.01511],[80.07896,29.01282],[80.08058,29.01456],[80.07857,29.01511]]],[[[79.53314,29.00906],[79.53421,29.01288],[79.52762,29.00802],[79.53314,29.00906]]],[[[79.57043,29.01396],[79.57063,29.01406],[79.57043,29.01405],[79.57043,29.01396]]],[[[79.68263,29.01493],[79.68181,29.01519],[79.68191,29.01492],[79.68181,29.01519],[79.68202,29.01411],[79.68213,29.01411],[79.68263,29.01493]]],[[[79.57043,29.01405],[79.56961,29.01405],[79.57086,29.01262],[79.57043,29.01369],[79.57023,29.01369],[79.57043,29.01396],[79.57043,29.01405]]],[[[80.07716,29.01658],[80.07737,29.01866],[80.07346,29.01781],[80.0722,29.00993],[80.07475,29.00843],[80.06855,29.00516],[80.07727,29.00672],[80.07964,29.01126],[80.07733,29.01206],[80.07609,29.00752],[80.07716,29.01658]]],[[[79.56833,29.01024],[79.56898,29.01512],[79.56313,29.01133],[79.56109,29.00637],[79.56205,29.0035],[79.56438,29.00569],[79.56438,29.00578],[79.56448,29.00587],[79.56458,29.00605],[79.56732,29.00906],[79.56833,29.01024]]],[[[79.55899,29.0096],[79.56145,29.01342],[79.55925,29.01551],[79.55889,29.00942],[79.55899,29.0096]]],[[[80.079,29.02013],[80.07835,29.01782],[80.08034,29.01951],[80.079,29.02013]]],[[[79.58715,29.01486],[79.58651,29.01633],[79.58326,29.01353],[79.58605,29.01269],[79.58366,29.0138],[79.58715,29.01486]]],[[[79.52952,29.0133],[79.52642,29.01793],[79.52718,29.01057],[79.52952,29.0133]]],[[[79.55603,29.02063],[79.55357,29.01922],[79.55614,29.01535],[79.55603,29.02063]]],[[[79.55749,29.0231],[79.5558,29.02191],[79.55811,29.02114],[79.55749,29.0231]]],[[[79.52685,29.02139],[79.52819,29.02374],[79.52637,29.02125],[79.52129,29.02115],[79.52466,29.02024],[79.52685,29.02139]]],[[[79.53984,29.02208],[79.53628,29.02447],[79.53886,29.01854],[79.53984,29.02208]]],[[[80.12465,29.0124],[80.13028,29.03002],[80.12799,29.03047],[80.12754,29.02296],[80.12155,29.0212],[80.11817,29.01398],[80.11759,29.00911],[80.11905,29.00758],[80.12279,29.0107],[80.11888,29.01203],[80.12219,29.01166],[80.12311,29.01203],[80.1236,29.01492],[80.12465,29.01267],[80.12465,29.0124]]],[[[79.53432,29.02341],[79.53373,29.02534],[79.53166,29.01851],[79.53358,29.02234],[79.53524,29.01962],[79.53432,29.02341]]],[[[79.38464,29.01249],[79.38426,29.00918],[79.38908,29.00718],[79.3869,29.00138],[79.39619,29.00269],[79.3973,29.00492],[79.40004,29.00262],[79.39753,29.01095],[79.40063,29.02376],[79.38578,29.02192],[79.38888,29.02009],[79.38441,29.01744],[79.38464,29.01249]]],[[[79.69956,29.03251],[79.698,29.03376],[79.69855,29.03079],[79.69956,29.03251]]],[[[79.43229,29.03164],[79.43048,29.02889],[79.43499,29.02933],[79.43229,29.03164]]],[[[79.53513,29.03069],[79.5344,29.03301],[79.53482,29.02917],[79.53795,29.02852],[79.53806,29.02438],[79.5444,29.0205],[79.53726,29.03065],[79.53513,29.03069]]],[[[79.95272,29.03852],[79.9479,29.03719],[79.94703,29.03121],[79.94323,29.02892],[79.94573,29.03631],[79.94135,29.03632],[79.93685,29.02482],[79.93911,29.02517],[79.9421,29.02477],[79.94538,29.02348],[79.94599,29.02637],[79.95374,29.02937],[79.95351,29.03148],[79.94999,29.02928],[79.9543,29.03429],[79.95272,29.03852]]],[[[79.78668,29.03757],[79.78678,29.03784],[79.78647,29.03757],[79.78668,29.03757]]],[[[79.38128,29.03388],[79.37861,29.03421],[79.38035,29.03044],[79.38128,29.03388]]],[[[79.5625,29.03489],[79.56146,29.03756],[79.56011,29.0292],[79.56237,29.02431],[79.56328,29.02918],[79.56527,29.02705],[79.56507,29.02302],[79.566,29.02584],[79.56513,29.03341],[79.5625,29.03489]]],[[[79.5505,29.0332],[79.55191,29.03758],[79.54612,29.0299],[79.5505,29.0332]]],[[[79.62105,29.03642],[79.61989,29.0384],[79.62137,29.03543],[79.62105,29.03642]]],[[[79.39352,29.03525],[79.38914,29.0353],[79.39118,29.03139],[79.39409,29.0321],[79.39352,29.03525]]],[[[79.50277,29.03561],[79.50254,29.03732],[79.50243,29.03447],[79.50593,29.03417],[79.5044,29.03689],[79.50329,29.03489],[79.50277,29.03561]]],[[[79.5584,29.02835],[79.55819,29.03842],[79.55466,29.02639],[79.5519,29.03188],[79.55299,29.02534],[79.55013,29.02056],[79.55089,29.0265],[79.54566,29.02342],[79.54749,29.02872],[79.54425,29.02591],[79.54349,29.0306],[79.54226,29.02787],[79.54559,29.02235],[79.54786,29.02265],[79.54596,29.01962],[79.54796,29.01917],[79.54591,29.01664],[79.54476,29.0187],[79.53904,29.01821],[79.53722,29.01366],[79.53962,29.01656],[79.54795,29.0164],[79.5584,29.02835]]],[[[79.67286,29.03984],[79.67134,29.03855],[79.67436,29.0378],[79.67286,29.03984]]],[[[79.46166,29.03794],[79.46115,29.03824],[79.45912,29.03832],[79.45754,29.0388],[79.46024,29.03711],[79.46009,29.03761],[79.46093,29.03781],[79.46084,29.03811],[79.46166,29.03794]]],[[[79.54185,29.03856],[79.54025,29.03976],[79.53913,29.03588],[79.53707,29.03848],[79.5363,29.03695],[79.54196,29.03392],[79.54185,29.03856]]],[[[79.54906,29.04077],[79.54691,29.04053],[79.54914,29.03909],[79.54906,29.04077]]],[[[79.37718,29.03979],[79.37608,29.03797],[79.37974,29.0384],[79.37718,29.03979]]],[[[79.55348,29.0414],[79.55135,29.03962],[79.55515,29.03719],[79.5554,29.03185],[79.55722,29.04042],[79.55348,29.0414]]],[[[79.52292,29.04125],[79.51985,29.04197],[79.51767,29.03897],[79.51657,29.02983],[79.52288,29.02933],[79.52045,29.03116],[79.52213,29.0352],[79.52391,29.02943],[79.52697,29.03055],[79.52627,29.03969],[79.52292,29.04125]],[[79.52117,29.03753],[79.5221,29.03538],[79.51968,29.03537],[79.52117,29.03753]]],[[[79.56368,29.0416],[79.56406,29.03673],[79.56441,29.04061],[79.56421,29.04088],[79.5642,29.04097],[79.56368,29.0416]]],[[[79.6985,29.04261],[79.69561,29.04448],[79.69781,29.0346],[79.6985,29.04261]]],[[[80.09467,29.04776],[80.09154,29.04276],[80.09357,29.04423],[80.09467,29.04776]]],[[[79.39028,29.03977],[79.38816,29.0414],[79.38883,29.03768],[79.3942,29.03805],[79.39028,29.03977]]],[[[79.62182,29.04058],[79.6232,29.04424],[79.62161,29.04085],[79.62182,29.04058]]],[[[80.13318,29.04892],[80.1317,29.05019],[80.12965,29.0405],[80.13217,29.04638],[80.13318,29.04892]]],[[[79.39628,29.04295],[79.39289,29.04282],[79.3961,29.04141],[79.39424,29.04193],[79.39477,29.04122],[79.39563,29.0387],[79.39716,29.03928],[79.39628,29.04295]]],[[[79.24329,29.03946],[79.24384,29.04244],[79.23969,29.03994],[79.24329,29.03946]]],[[[79.94315,29.05035],[79.9433,29.04629],[79.95079,29.04635],[79.94794,29.04972],[79.9443,29.04892],[79.94315,29.05035]]],[[[79.73208,29.04867],[79.72703,29.0496],[79.72962,29.04126],[79.73715,29.03815],[79.7355,29.0493],[79.73208,29.04867]]],[[[79.94449,29.04973],[79.94951,29.05687],[79.94408,29.05009],[79.94449,29.04973]]],[[[79.57276,29.05324],[79.57384,29.04938],[79.57287,29.05325],[79.57276,29.05324]]],[[[79.47898,29.04734],[79.48566,29.04717],[79.48238,29.05379],[79.48,29.04742],[79.47559,29.04784],[79.47549,29.0473],[79.47898,29.04734]]],[[[79.3463,29.05307],[79.34238,29.05289],[79.34162,29.04992],[79.34653,29.05016],[79.3463,29.05307]]],[[[79.66339,29.05788],[79.66338,29.0586],[79.66329,29.05797],[79.66339,29.05788]]],[[[79.67404,29.06042],[79.67383,29.06069],[79.6721,29.05959],[79.67138,29.05949],[79.67027,29.0584],[79.67316,29.05734],[79.6746,29.05718],[79.67404,29.06042]]],[[[79.68728,29.06154],[79.68707,29.06181],[79.68679,29.05937],[79.68728,29.06154]]],[[[79.55366,29.06044],[79.55041,29.05434],[79.55149,29.04568],[79.55341,29.0457],[79.55301,29.05477],[79.55463,29.05392],[79.55533,29.0443],[79.55472,29.05865],[79.55366,29.06044]]],[[[80.07853,29.04973],[80.08043,29.04996],[80.07867,29.05497],[80.08382,29.05693],[80.08414,29.05469],[80.08674,29.05544],[80.08007,29.0595],[80.0789,29.06552],[80.07892,29.06336],[80.07535,29.05292],[80.07811,29.05027],[80.07853,29.04973]]],[[[79.82993,29.06286],[79.82889,29.06376],[79.829,29.06312],[79.82993,29.06286]]],[[[80.09759,29.06833],[80.09583,29.06744],[80.0981,29.06665],[80.09759,29.06833]]],[[[79.44558,29.06302],[79.44547,29.06311],[79.44558,29.06284],[79.44558,29.06302]]],[[[79.67484,29.06196],[79.67723,29.06314],[79.67389,29.06566],[79.67027,29.0584],[79.6729,29.06131],[79.67484,29.06196]]],[[[79.82867,29.06547],[79.82782,29.06712],[79.82889,29.06376],[79.82867,29.06538],[79.82867,29.06547]]],[[[80.09583,29.06835],[80.09538,29.07082],[80.09345,29.0708],[80.09223,29.06877],[80.09414,29.07036],[80.09572,29.06825],[80.09583,29.06835]]],[[[79.3826,29.06417],[79.3826,29.06426],[79.38249,29.06426],[79.3826,29.06417]]],[[[79.66891,29.0642],[79.66964,29.06751],[79.66649,29.06414],[79.66891,29.0642]]],[[[79.8245,29.06539],[79.82432,29.06904],[79.82234,29.06698],[79.8245,29.06539]]],[[[79.41685,29.05767],[79.42007,29.06317],[79.41779,29.0664],[79.41308,29.05604],[79.4168,29.05614],[79.41657,29.05251],[79.41986,29.05638],[79.41685,29.05767]]],[[[79.40133,29.0616],[79.40693,29.065],[79.4061,29.06707],[79.39742,29.06581],[79.39938,29.06131],[79.39999,29.06194],[79.40133,29.0616]]],[[[79.65582,29.06331],[79.64765,29.06488],[79.64567,29.07006],[79.64327,29.06711],[79.64232,29.06872],[79.63401,29.05715],[79.63276,29.05076],[79.62827,29.04837],[79.62992,29.0413],[79.63727,29.03998],[79.63766,29.0356],[79.63039,29.02618],[79.6307,29.02114],[79.62881,29.0253],[79.62465,29.01838],[79.62729,29.01072],[79.63049,29.01009],[79.62085,28.99559],[79.62708,29.01053],[79.62203,29.00911],[79.61996,29.00311],[79.61162,28.994],[79.60873,28.98509],[79.60438,28.98547],[79.59717,28.97693],[79.5905,28.97788],[79.58741,28.96949],[79.58922,28.96701],[79.58668,28.96921],[79.5899,28.97889],[79.58433,28.97341],[79.57283,28.96634],[79.57848,28.96202],[79.58372,28.96814],[79.58349,28.96568],[79.59046,28.9631],[79.59052,28.95935],[79.59343,28.96033],[79.60175,28.96017],[79.60481,28.96474],[79.60677,28.96398],[79.6043,28.96126],[79.61474,28.9629],[79.62102,28.96161],[79.62102,28.96152],[79.6223,28.95774],[79.62578,28.95823],[79.62575,28.96066],[79.63126,28.96316],[79.63652,28.97354],[79.64026,28.97363],[79.64531,28.98046],[79.64327,28.98527],[79.64732,28.98627],[79.64748,28.99464],[79.65124,29.00198],[79.64911,29.00496],[79.64436,29.00228],[79.64175,28.99416],[79.63912,28.9927],[79.63767,28.9945],[79.64174,28.99888],[79.63872,29.00065],[79.64185,29.00098],[79.64023,29.00373],[79.64576,29.00487],[79.64724,29.0089],[79.64454,29.01072],[79.64983,29.01437],[79.64865,29.01808],[79.64507,29.01799],[79.64699,29.01983],[79.64177,29.03506],[79.64657,29.0333],[79.64716,29.02273],[79.65192,29.02027],[79.65057,29.02227],[79.65663,29.02881],[79.65272,29.03765],[79.65602,29.03718],[79.65464,29.03459],[79.65993,29.02752],[79.65284,29.02018],[79.65843,29.01857],[79.65703,29.016],[79.65977,29.01563],[79.65676,29.01472],[79.65452,29.0165],[79.65152,29.01393],[79.65418,29.01321],[79.65763,28.99726],[79.66151,28.99703],[79.66534,29.00222],[79.66872,29.00682],[79.66851,28.99932],[79.6643,28.99952],[79.66571,28.99617],[79.66976,28.99586],[79.66884,28.99121],[79.66334,28.99592],[79.66345,28.99232],[79.65751,28.99243],[79.65682,28.9983],[79.65302,29.00048],[79.65097,28.99973],[79.65203,28.9918],[79.65563,28.98949],[79.64924,28.98536],[79.64867,28.98193],[79.6589,28.97628],[79.67008,28.96433],[79.67433,28.95606],[79.67427,28.9492],[79.67659,28.95294],[79.6824,28.9527],[79.68171,28.94995],[79.68648,28.94933],[79.68537,28.95432],[79.6895,28.95464],[79.68742,28.95298],[79.6891,28.94153],[79.69402,28.93718],[79.69311,28.9328],[79.69966,28.93152],[79.69681,28.93598],[79.70048,28.93835],[79.69612,28.94421],[79.69621,28.95139],[79.68629,28.95848],[79.68773,28.96277],[79.68689,28.95931],[79.69319,28.95822],[79.6936,28.95616],[79.69863,28.9596],[79.70056,28.95641],[79.69693,28.95132],[79.69821,28.94709],[79.70183,28.94262],[79.70698,28.94217],[79.70724,28.93806],[79.71238,28.93713],[79.71166,28.9335],[79.71954,28.93104],[79.72212,28.93738],[79.72447,28.93199],[79.73323,28.93288],[79.72986,28.92279],[79.72664,28.93048],[79.7165,28.92867],[79.72053,28.92654],[79.71388,28.92513],[79.71983,28.91626],[79.71684,28.91243],[79.71787,28.9174],[79.71602,28.9192],[79.71368,28.91617],[79.71433,28.92049],[79.70797,28.91659],[79.70382,28.91718],[79.71096,28.91212],[79.70255,28.91303],[79.70937,28.90742],[79.70688,28.90295],[79.70346,28.90616],[79.70312,28.90361],[79.70538,28.90104],[79.70859,28.90423],[79.71006,28.90218],[79.70674,28.89789],[79.70342,28.90084],[79.70144,28.89586],[79.70003,28.89954],[79.70257,28.89953],[79.69917,28.90359],[79.69467,28.89968],[79.69294,28.90151],[79.7016,28.90496],[79.6991,28.90873],[79.7005,28.91209],[79.69086,28.91264],[79.68994,28.9077],[79.68579,28.90872],[79.68129,28.90621],[79.69221,28.91504],[79.69327,28.91992],[79.68508,28.91113],[79.68383,28.91688],[79.68655,28.91606],[79.68703,28.91823],[79.67716,28.91677],[79.67775,28.91897],[79.68768,28.91893],[79.68647,28.92295],[79.68154,28.92211],[79.67975,28.9247],[79.67105,28.92289],[79.67019,28.9279],[79.66742,28.9224],[79.66431,28.92225],[79.6638,28.91543],[79.65861,28.911],[79.65411,28.90987],[79.65206,28.90494],[79.66038,28.90145],[79.66513,28.90139],[79.66964,28.89547],[79.6595,28.88998],[79.6596,28.8898],[79.66307,28.88538],[79.65967,28.88453],[79.65747,28.88843],[79.63796,28.88264],[79.64067,28.8801],[79.63161,28.88149],[79.62462,28.88286],[79.61656,28.87962],[79.60804,28.88883],[79.59702,28.89973],[79.59263,28.90039],[79.59735,28.90468],[79.59699,28.9018],[79.5997,28.90643],[79.5979,28.90566],[79.5998,28.90984],[79.59506,28.91259],[79.59435,28.9164],[79.597,28.9181],[79.59593,28.92342],[79.59327,28.92353],[79.59557,28.92523],[79.59386,28.92866],[79.59144,28.92811],[79.59088,28.92332],[79.58432,28.92779],[79.58017,28.92491],[79.58027,28.925],[79.58037,28.92518],[79.58027,28.925],[79.58017,28.92491],[79.57697,28.91794],[79.57757,28.92535],[79.57328,28.92965],[79.57759,28.93083],[79.58127,28.93678],[79.58518,28.93654],[79.57485,28.94055],[79.5717,28.93921],[79.56727,28.95248],[79.56119,28.95431],[79.55663,28.95202],[79.55852,28.95518],[79.54819,28.95984],[79.54492,28.96604],[79.54838,28.94632],[79.54726,28.94558],[79.53611,28.94023],[79.53835,28.93048],[79.54747,28.92621],[79.5453,28.91688],[79.53883,28.91306],[79.53979,28.91518],[79.52986,28.9139],[79.52975,28.91381],[79.52986,28.9139],[79.52771,28.91311],[79.53076,28.91553],[79.52706,28.9154],[79.52629,28.91206],[79.52466,28.91168],[79.52944,28.90308],[79.52236,28.884],[79.51775,28.88469],[79.51732,28.8891],[79.51418,28.88967],[79.51254,28.88781],[79.51647,28.88317],[79.51267,28.88127],[79.50758,28.884],[79.5048,28.88182],[79.5084,28.88973],[79.5069,28.89266],[79.49821,28.88621],[79.4992,28.89169],[79.50371,28.8925],[79.5051,28.89644],[79.49652,28.90086],[79.49709,28.89889],[79.49329,28.89894],[79.49427,28.903],[79.49739,28.90371],[79.50096,28.90635],[79.50044,28.90974],[79.50328,28.90878],[79.5029,28.91605],[79.50124,28.91724],[79.49773,28.91242],[79.49969,28.91822],[79.48913,28.91847],[79.49062,28.93353],[79.49234,28.93501],[79.49442,28.92889],[79.49926,28.92713],[79.49563,28.92244],[79.4988,28.92103],[79.50115,28.92456],[79.50376,28.92356],[79.50301,28.91762],[79.50417,28.92118],[79.51205,28.92194],[79.50682,28.9266],[79.5158,28.92638],[79.5129,28.93108],[79.50936,28.93047],[79.5137,28.93554],[79.50581,28.93541],[79.51087,28.94162],[79.51909,28.93522],[79.52097,28.94299],[79.52381,28.9314],[79.52048,28.92878],[79.52085,28.92262],[79.53061,28.92077],[79.52313,28.91754],[79.52043,28.91344],[79.52061,28.91217],[79.52282,28.91121],[79.5228,28.9122],[79.5227,28.91211],[79.5227,28.9122],[79.52198,28.9121],[79.52198,28.91219],[79.5227,28.91229],[79.52341,28.91577],[79.54341,28.91756],[79.54439,28.92408],[79.53458,28.92612],[79.53611,28.9285],[79.53631,28.92895],[79.53196,28.94104],[79.53538,28.94308],[79.53186,28.9412],[79.5304,28.94297],[79.53648,28.94601],[79.54386,28.94672],[79.54538,28.94671],[79.54648,28.94944],[79.54419,28.95777],[79.542,28.95701],[79.54345,28.95433],[79.53963,28.95655],[79.54415,28.95895],[79.54436,28.9686],[79.54791,28.976],[79.54367,28.98021],[79.54747,28.98123],[79.54906,28.9768],[79.55206,28.9765],[79.55267,28.97705],[79.54897,28.98468],[79.54887,28.98468],[79.54944,28.98793],[79.55143,28.99237],[79.55112,28.99228],[79.55193,28.99355],[79.55813,29.00508],[79.55799,29.00806],[79.55382,29.00503],[79.55606,29.01124],[79.55297,29.01889],[79.54457,29.01331],[79.54338,28.99991],[79.54041,29.00664],[79.53731,29.00745],[79.53952,28.98865],[79.53521,28.99673],[79.53627,29.0096],[79.52996,29.0057],[79.52805,28.9969],[79.53203,28.99597],[79.52886,28.99534],[79.52718,28.98817],[79.52251,28.9845],[79.52667,28.99553],[79.51984,28.99478],[79.51608,29.01558],[79.51233,29.00379],[79.51238,29.01055],[79.50919,29.00935],[79.5082,29.01174],[79.51218,29.01274],[79.51373,29.01624],[79.51121,29.01643],[79.51372,29.01687],[79.51369,29.01858],[79.51263,29.01675],[79.50997,29.01649],[79.50968,29.01498],[79.50237,29.01461],[79.50348,29.02044],[79.50827,29.01726],[79.51061,29.02084],[79.5098,29.02891],[79.50675,29.03042],[79.50634,29.03041],[79.49592,29.02993],[79.49842,29.02723],[79.49562,29.02265],[79.49841,29.02109],[79.49712,29.01655],[79.47888,29.0241],[79.47358,29.02302],[79.47492,29.01957],[79.4711,29.01789],[79.47016,29.02658],[79.46428,29.03011],[79.46478,29.03228],[79.46987,29.03197],[79.4678,29.03251],[79.46571,29.03537],[79.46561,29.0351],[79.46571,29.03537],[79.46266,29.03327],[79.45576,29.03462],[79.45479,29.0375],[79.45439,29.0365],[79.45449,29.03668],[79.45439,29.0365],[79.4544,29.03641],[79.44579,29.03207],[79.44233,29.03793],[79.44734,29.04129],[79.44316,29.04303],[79.44467,29.0507],[79.42411,29.051],[79.43051,29.05337],[79.43122,29.06217],[79.42807,29.05827],[79.42357,29.06064],[79.42311,29.05123],[79.41683,29.05064],[79.40491,29.03728],[79.40459,29.03033],[79.40563,29.02898],[79.41411,29.03125],[79.41732,29.02971],[79.41178,29.02594],[79.40339,29.02824],[79.40479,29.02392],[79.40767,29.02368],[79.40777,29.02369],[79.40891,29.02298],[79.41478,29.0216],[79.41166,29.01751],[79.41561,29.02008],[79.41417,29.02519],[79.4227,29.02756],[79.41993,29.03114],[79.43764,29.03784],[79.43755,29.03703],[79.43734,29.03721],[79.43542,29.02624],[79.42991,29.02487],[79.42753,29.01985],[79.42938,28.99776],[79.44079,28.99729],[79.44164,28.99068],[79.44722,28.99028],[79.44184,28.98683],[79.4429,28.98381],[79.4471,28.98553],[79.44406,28.98302],[79.44667,28.97987],[79.4437,28.97923],[79.44314,28.98291],[79.43981,28.97953],[79.44361,28.97912],[79.44151,28.97316],[79.44938,28.9711],[79.43908,28.97202],[79.43986,28.96852],[79.43551,28.97156],[79.43355,28.96837],[79.42868,28.96749],[79.43415,28.966],[79.43473,28.96264],[79.43819,28.96279],[79.43876,28.96601],[79.43931,28.958],[79.4425,28.95728],[79.43826,28.95562],[79.44517,28.95595],[79.44877,28.95325],[79.43401,28.95509],[79.43232,28.95789],[79.43695,28.96189],[79.42693,28.96151],[79.4325,28.95971],[79.42939,28.95622],[79.44216,28.9497],[79.44349,28.95124],[79.44703,28.94704],[79.45134,28.94801],[79.4521,28.94475],[79.46717,28.95328],[79.46844,28.95114],[79.46516,28.95111],[79.46186,28.94533],[79.46623,28.94013],[79.4698,28.94178],[79.46636,28.94222],[79.46643,28.9445],[79.47122,28.94225],[79.47479,28.95041],[79.47727,28.9505],[79.47753,28.94642],[79.46792,28.93765],[79.46897,28.93487],[79.47476,28.93456],[79.47318,28.93204],[79.47883,28.92955],[79.48541,28.92982],[79.4876,28.92484],[79.48285,28.92653],[79.48393,28.92392],[79.48135,28.92263],[79.48667,28.91914],[79.48226,28.91855],[79.47911,28.92094],[79.48148,28.92193],[79.479,28.92312],[79.48002,28.92597],[79.47752,28.92781],[79.47476,28.92499],[79.4736,28.92906],[79.47665,28.92941],[79.46605,28.93561],[79.46549,28.92884],[79.46171,28.93294],[79.45722,28.93245],[79.45932,28.93462],[79.45138,28.93556],[79.44463,28.93281],[79.44327,28.93661],[79.44756,28.93531],[79.44987,28.93723],[79.4433,28.9376],[79.44838,28.94424],[79.4411,28.9476],[79.43169,28.94731],[79.43013,28.94515],[79.43104,28.95034],[79.42642,28.94787],[79.42832,28.95103],[79.42409,28.95319],[79.42469,28.95596],[79.41679,28.95815],[79.41388,28.95628],[79.41342,28.96036],[79.40788,28.95942],[79.41349,28.95469],[79.41013,28.94981],[79.41901,28.93992],[79.41585,28.92787],[79.42552,28.92237],[79.42841,28.92516],[79.428,28.91818],[79.42484,28.91683],[79.42767,28.91298],[79.42511,28.91223],[79.42518,28.90483],[79.4222,28.90148],[79.42472,28.89734],[79.42294,28.89341],[79.42744,28.89312],[79.43098,28.88689],[79.42479,28.87227],[79.42739,28.86654],[79.43015,28.86882],[79.42904,28.86584],[79.43545,28.86429],[79.43449,28.87143],[79.44129,28.87621],[79.43727,28.86352],[79.44066,28.86169],[79.44511,28.86371],[79.44596,28.8676],[79.45028,28.86783],[79.45166,28.87164],[79.462,28.86674],[79.46611,28.86779],[79.47663,28.86453],[79.47868,28.87114],[79.49435,28.87245],[79.50393,28.86958],[79.51254,28.88019],[79.50476,28.86895],[79.50994,28.86459],[79.51141,28.86721],[79.51576,28.86695],[79.51352,28.8695],[79.51672,28.8706],[79.51679,28.87633],[79.51296,28.87812],[79.51694,28.87893],[79.51661,28.8824],[79.52643,28.88402],[79.51794,28.875],[79.51699,28.86683],[79.52211,28.86493],[79.52531,28.87288],[79.52944,28.87236],[79.52947,28.86868],[79.53299,28.86969],[79.54205,28.88437],[79.54757,28.88795],[79.54523,28.89223],[79.54452,28.89204],[79.54523,28.89223],[79.54769,28.89262],[79.54709,28.89576],[79.54857,28.89177],[79.55435,28.89331],[79.55305,28.89671],[79.55648,28.89925],[79.57069,28.89249],[79.57134,28.88642],[79.5777,28.88856],[79.57839,28.88345],[79.58324,28.88187],[79.58337,28.87765],[79.58621,28.87633],[79.58197,28.87502],[79.58031,28.86914],[79.58285,28.86625],[79.57583,28.85962],[79.57813,28.8596],[79.57376,28.85309],[79.58439,28.84626],[79.58753,28.84998],[79.5971,28.85124],[79.60393,28.85683],[79.61333,28.85288],[79.61846,28.86274],[79.61133,28.86091],[79.60896,28.86185],[79.61005,28.8645],[79.59743,28.86536],[79.59943,28.86937],[79.60426,28.87083],[79.60532,28.8758],[79.60234,28.87534],[79.60206,28.87971],[79.60666,28.87696],[79.60584,28.86722],[79.61372,28.86582],[79.61532,28.8633],[79.62613,28.86668],[79.63096,28.86113],[79.63601,28.86678],[79.63836,28.86521],[79.64601,28.86833],[79.64136,28.86517],[79.64492,28.86344],[79.64743,28.86701],[79.65557,28.86847],[79.66458,28.86909],[79.66235,28.86709],[79.6657,28.86558],[79.66438,28.86129],[79.67215,28.85802],[79.67844,28.85885],[79.68367,28.85529],[79.68323,28.85001],[79.69193,28.84799],[79.68995,28.84531],[79.70667,28.84101],[79.709,28.85031],[79.70847,28.85479],[79.70545,28.8556],[79.7087,28.86299],[79.71009,28.85794],[79.71451,28.85651],[79.71177,28.8507],[79.71858,28.84879],[79.71986,28.84558],[79.72642,28.86097],[79.733,28.8583],[79.73497,28.86266],[79.73654,28.85621],[79.73821,28.85879],[79.74562,28.85991],[79.74908,28.87177],[79.7593,28.87082],[79.76585,28.87525],[79.78067,28.87141],[79.7886,28.8727],[79.7934,28.88322],[79.79981,28.88747],[79.81476,28.88366],[79.81389,28.88659],[79.81803,28.88779],[79.82763,28.8845],[79.83614,28.88477],[79.84117,28.89776],[79.83131,28.90413],[79.8426,28.897],[79.83531,28.88282],[79.82915,28.88333],[79.83192,28.87706],[79.83202,28.87697],[79.83634,28.8762],[79.84047,28.87792],[79.84486,28.87546],[79.84877,28.88023],[79.8523,28.87443],[79.8458,28.87375],[79.8496,28.85922],[79.84515,28.8506],[79.84087,28.84776],[79.83551,28.84893],[79.83247,28.84584],[79.83675,28.84223],[79.8345,28.83836],[79.8361,28.83396],[79.82923,28.8329],[79.8322,28.83063],[79.83706,28.8329],[79.83552,28.82518],[79.8261,28.81497],[79.8223,28.80567],[79.81894,28.80547],[79.81655,28.81312],[79.81327,28.81264],[79.80912,28.808],[79.81082,28.7986],[79.81441,28.79725],[79.81467,28.80258],[79.82013,28.79603],[79.82433,28.79834],[79.82704,28.79502],[79.83423,28.7986],[79.83848,28.79766],[79.83933,28.80315],[79.84533,28.80484],[79.84543,28.80077],[79.84958,28.79996],[79.85284,28.80626],[79.85029,28.8061],[79.85061,28.8105],[79.84658,28.81035],[79.85285,28.81399],[79.84653,28.81753],[79.84621,28.82317],[79.84863,28.82517],[79.85413,28.82408],[79.85066,28.82823],[79.85553,28.82799],[79.85563,28.82817],[79.85573,28.82817],[79.86138,28.83046],[79.8589,28.83395],[79.86334,28.84038],[79.86432,28.83782],[79.87165,28.84017],[79.87457,28.83676],[79.87245,28.83168],[79.87562,28.83312],[79.87868,28.8303],[79.87848,28.8336],[79.8834,28.83396],[79.88195,28.83685],[79.8882,28.83659],[79.89437,28.82813],[79.90238,28.84021],[79.901,28.8432],[79.90516,28.84428],[79.90466,28.84153],[79.90995,28.84064],[79.91146,28.84257],[79.91251,28.8402],[79.90499,28.83993],[79.90863,28.83452],[79.90199,28.83529],[79.90043,28.83205],[79.90395,28.83015],[79.89827,28.83228],[79.90023,28.83068],[79.89569,28.82922],[79.89758,28.82801],[79.89384,28.82526],[79.89409,28.82035],[79.9145,28.81847],[79.91079,28.80986],[79.91547,28.80427],[79.89889,28.80439],[79.88727,28.81128],[79.88794,28.80253],[79.89132,28.80145],[79.88727,28.80089],[79.88732,28.79815],[79.88435,28.80209],[79.8856,28.806],[79.88308,28.80759],[79.88042,28.80416],[79.87921,28.8097],[79.88264,28.81305],[79.8785,28.81485],[79.86962,28.80834],[79.87471,28.80238],[79.87227,28.79937],[79.87452,28.79611],[79.87534,28.79611],[79.88317,28.79461],[79.88397,28.79014],[79.89721,28.78625],[79.90092,28.78212],[79.90639,28.78189],[79.91116,28.78572],[79.90943,28.79458],[79.9167,28.80509],[79.9148,28.80932],[79.91827,28.81222],[79.91762,28.81538],[79.92357,28.81727],[79.92087,28.82203],[79.9163,28.82328],[79.92188,28.82366],[79.91814,28.82821],[79.92582,28.83655],[79.93208,28.83598],[79.93293,28.83874],[79.92934,28.84048],[79.93291,28.84388],[79.92719,28.84796],[79.92385,28.84666],[79.92614,28.85827],[79.92156,28.8649],[79.91831,28.86402],[79.92177,28.87203],[79.91949,28.87382],[79.92507,28.87472],[79.92904,28.86941],[79.92764,28.86448],[79.93256,28.85827],[79.94193,28.85935],[79.9416,28.86346],[79.95203,28.86762],[79.95786,28.87532],[79.96057,28.87445],[79.9579,28.87199],[79.96371,28.86888],[79.97234,28.87844],[79.96871,28.88054],[79.9706,28.88435],[79.97898,28.88498],[79.98473,28.8949],[79.98155,28.89727],[79.98003,28.89078],[79.97637,28.89294],[79.9783,28.89801],[79.98279,28.89821],[79.98045,28.90469],[79.9751,28.90588],[79.9679,28.89888],[79.96641,28.90595],[79.96239,28.90669],[79.96157,28.90067],[79.96754,28.89728],[79.95823,28.90019],[79.96117,28.90734],[79.95728,28.90746],[79.95695,28.8964],[79.9537,28.89575],[79.95548,28.89709],[79.95273,28.90012],[79.95367,28.89688],[79.94932,28.89658],[79.94355,28.88995],[79.93777,28.88982],[79.92762,28.87702],[79.92549,28.87691],[79.92724,28.88128],[79.92234,28.88147],[79.91934,28.8763],[79.9171,28.8772],[79.91708,28.87152],[79.91108,28.87047],[79.90936,28.87455],[79.91778,28.88756],[79.92073,28.88507],[79.92328,28.88657],[79.92148,28.88832],[79.92582,28.88862],[79.92557,28.8852],[79.92758,28.88742],[79.93003,28.88469],[79.93223,28.89164],[79.93585,28.88985],[79.93924,28.89217],[79.94355,28.90119],[79.94903,28.90173],[79.9473,28.9057],[79.95005,28.90628],[79.95049,28.90977],[79.95114,28.90524],[79.95656,28.90793],[79.95567,28.91045],[79.95181,28.90976],[79.95105,28.91415],[79.95469,28.91277],[79.95518,28.91575],[79.95935,28.91535],[79.9591,28.91813],[79.95414,28.91583],[79.95331,28.9202],[79.94804,28.9203],[79.95259,28.92404],[79.94207,28.92845],[79.93449,28.92831],[79.93454,28.9307],[79.93032,28.929],[79.92864,28.93066],[79.93126,28.9315],[79.92139,28.93371],[79.91952,28.92901],[79.91816,28.93491],[79.91227,28.93229],[79.91338,28.93589],[79.90987,28.93715],[79.90199,28.93906],[79.89655,28.93505],[79.89591,28.93915],[79.88553,28.9384],[79.88236,28.94092],[79.89355,28.94044],[79.89565,28.94534],[79.89809,28.94084],[79.89923,28.94574],[79.90449,28.94741],[79.90915,28.95278],[79.90233,28.94159],[79.90555,28.93918],[79.91319,28.93672],[79.91758,28.9387],[79.91885,28.93529],[79.92134,28.93696],[79.92593,28.93393],[79.9282,28.93799],[79.92579,28.94086],[79.92945,28.94109],[79.93362,28.94644],[79.932,28.94128],[79.935,28.93829],[79.92828,28.93679],[79.92784,28.93299],[79.94434,28.92948],[79.94694,28.94049],[79.95055,28.94378],[79.9498,28.93601],[79.95208,28.93377],[79.94997,28.92987],[79.95282,28.92738],[79.95338,28.93248],[79.95217,28.93551],[79.95597,28.93499],[79.95455,28.93934],[79.95997,28.93582],[79.95991,28.9323],[79.96581,28.93813],[79.97057,28.95334],[79.96771,28.95444],[79.97059,28.95532],[79.96932,28.96451],[79.96558,28.96405],[79.96709,28.9691],[79.96433,28.97044],[79.96913,28.97351],[79.96413,28.97525],[79.9588,28.97058],[79.95978,28.97554],[79.97342,28.97922],[79.96984,28.97593],[79.97017,28.97258],[79.97281,28.97269],[79.97004,28.9643],[79.97309,28.96187],[79.97304,28.95207],[79.96856,28.93835],[79.97382,28.93079],[79.98115,28.93383],[79.97914,28.93512],[79.98212,28.93699],[79.9843,28.9459],[79.98708,28.94313],[79.98606,28.93846],[79.98863,28.93873],[79.99348,28.94615],[79.99224,28.95016],[79.99424,28.94692],[79.99964,28.94958],[79.99682,28.95289],[79.99193,28.95106],[79.99495,28.95475],[80.0021,28.95305],[80.00251,28.96055],[79.99746,28.96293],[80.00066,28.9624],[80.001,28.96552],[79.99819,28.96664],[79.99769,28.97043],[79.99376,28.97014],[79.99459,28.97409],[79.99769,28.97194],[80.00124,28.97585],[79.99973,28.97203],[80.0019,28.97054],[79.99916,28.96752],[80.00689,28.96449],[80.00206,28.96455],[80.00493,28.95887],[80.00879,28.96367],[80.01253,28.96547],[80.01237,28.96937],[80.00732,28.96777],[80.00211,28.97061],[80.01043,28.97115],[80.00909,28.97319],[80.01185,28.97241],[80.01315,28.97541],[80.01613,28.97019],[80.01955,28.9712],[80.01912,28.97774],[80.01786,28.98134],[80.01187,28.98116],[80.00314,28.98834],[80.00332,28.9938],[80.00604,28.99859],[80.00882,28.99312],[80.00645,28.99097],[80.01181,28.98778],[80.01359,28.99349],[80.01713,28.99506],[80.00887,28.99912],[79.99835,28.99848],[79.99815,29.00152],[79.99323,29.00241],[79.99483,29.00068],[79.99204,28.9988],[79.99065,29.00125],[79.98837,29.0004],[79.9809,28.98321],[79.98061,28.98814],[79.97699,28.98255],[79.97777,28.98864],[79.96808,28.98618],[79.97882,28.99714],[79.98117,28.99853],[79.98099,28.99311],[79.987,28.99862],[79.96765,29.00343],[79.95982,29.01081],[79.9543,28.99915],[79.95649,28.99594],[79.95157,28.99549],[79.95316,29.00194],[79.94106,28.98333],[79.94266,28.97739],[79.93979,28.97706],[79.93502,28.96686],[79.94035,28.9637],[79.94543,28.96712],[79.94596,28.96501],[79.94495,28.96116],[79.9395,28.96264],[79.9415,28.95773],[79.938,28.95688],[79.9407,28.95392],[79.9361,28.94828],[79.93644,28.95596],[79.93266,28.95731],[79.93664,28.95718],[79.93807,28.964],[79.93309,28.96557],[79.93377,28.97118],[79.92887,28.96753],[79.92637,28.97047],[79.92941,28.97313],[79.93549,28.97151],[79.93921,28.97896],[79.93753,28.98158],[79.94301,28.98898],[79.93765,28.99091],[79.94114,28.99099],[79.94344,28.99599],[79.94346,28.99061],[79.94844,29.00064],[79.95381,29.00417],[79.95389,29.00889],[79.95828,29.01202],[79.95597,29.01319],[79.95297,29.00985],[79.95487,29.01438],[79.95221,29.0141],[79.95004,29.01767],[79.94481,29.01359],[79.94559,29.01738],[79.93921,29.02038],[79.94974,29.01837],[79.94326,29.02319],[79.93836,29.02482],[79.93586,29.02087],[79.93694,29.01913],[79.93397,29.01742],[79.93282,29.01005],[79.93117,29.00997],[79.93368,29.0176],[79.9308,29.01883],[79.935,29.02376],[79.93525,29.02985],[79.92852,29.02644],[79.90768,29.02525],[79.90684,29.02642],[79.90593,29.02569],[79.90713,29.02077],[79.90285,29.01547],[79.90163,29.01392],[79.90091,29.0141],[79.89685,29.00915],[79.89175,29.01085],[79.88768,29.00895],[79.8899,29.00249],[79.8927,29.00222],[79.88827,28.99184],[79.88888,28.99685],[79.88233,28.99577],[79.88627,28.99123],[79.88648,28.99114],[79.88826,28.99172],[79.88631,28.99053],[79.88163,28.99422],[79.87979,28.99326],[79.87299,28.97421],[79.87026,28.9726],[79.87226,28.97154],[79.86964,28.96769],[79.87197,28.95499],[79.8665,28.94089],[79.87213,28.94044],[79.8738,28.94268],[79.8741,28.93715],[79.87184,28.93644],[79.87124,28.9398],[79.86503,28.93756],[79.8632,28.93206],[79.86068,28.93338],[79.86312,28.93355],[79.86188,28.93603],[79.8547,28.93606],[79.85295,28.92674],[79.84943,28.93045],[79.85401,28.9379],[79.8375,28.93757],[79.83625,28.9345],[79.82586,28.93088],[79.82737,28.92462],[79.83822,28.91458],[79.83716,28.90994],[79.83099,28.90462],[79.83763,28.91421],[79.82544,28.92642],[79.82486,28.9307],[79.83057,28.93354],[79.83108,28.93346],[79.83057,28.93354],[79.83662,28.93814],[79.82224,28.94559],[79.82115,28.94191],[79.82926,28.94057],[79.82764,28.93718],[79.82766,28.93976],[79.82372,28.94006],[79.81892,28.9312],[79.81609,28.93119],[79.81481,28.93498],[79.81921,28.93516],[79.81716,28.93843],[79.81214,28.93616],[79.81079,28.9309],[79.80777,28.93112],[79.81042,28.93226],[79.81016,28.94],[79.80107,28.93644],[79.80298,28.93267],[79.79631,28.92919],[79.79841,28.93173],[79.79541,28.93712],[79.79921,28.93452],[79.80235,28.93902],[79.79538,28.93932],[79.79083,28.93212],[79.79216,28.92815],[79.79216,28.92806],[79.78956,28.92651],[79.79163,28.92244],[79.78833,28.92204],[79.79083,28.93766],[79.77571,28.93554],[79.7736,28.93209],[79.77112,28.93612],[79.75544,28.93616],[79.7539,28.93406],[79.75875,28.93052],[79.75416,28.92995],[79.75283,28.92614],[79.75087,28.93504],[79.74831,28.9358],[79.75553,28.94635],[79.75844,28.94645],[79.75697,28.94026],[79.75306,28.9368],[79.76335,28.93885],[79.77053,28.93731],[79.76494,28.94346],[79.7673,28.9454],[79.76947,28.94123],[79.7712,28.94759],[79.77352,28.94723],[79.77073,28.94036],[79.77301,28.93732],[79.77876,28.93638],[79.7849,28.94212],[79.78898,28.93963],[79.79366,28.94169],[79.79719,28.94015],[79.81092,28.94948],[79.8165,28.94796],[79.81219,28.9527],[79.81209,28.95269],[79.80769,28.95609],[79.80959,28.96504],[79.80706,28.97936],[79.80355,28.98208],[79.80629,28.98441],[79.81043,28.98446],[79.81039,28.98893],[79.81443,28.99053],[79.81685,28.99407],[79.81315,28.99266],[79.80772,28.99531],[79.80683,29.00094],[79.80073,29.0076],[79.80857,29.02567],[79.80011,29.03024],[79.79707,29.03509],[79.79544,29.03291],[79.78668,29.03757],[79.78647,29.03757],[79.78279,29.03609],[79.78318,29.03211],[79.77986,29.03191],[79.77227,29.04042],[79.76529,29.04017],[79.76271,29.0406],[79.76285,29.03623],[79.75216,29.03127],[79.7481,29.0327],[79.74962,29.02429],[79.74385,29.02468],[79.73916,29.02113],[79.73766,29.03101],[79.73408,29.03086],[79.73419,29.02727],[79.73387,29.03068],[79.73111,29.03085],[79.73114,29.02691],[79.72195,29.02984],[79.72488,29.03934],[79.72078,29.04193],[79.71992,29.05126],[79.71771,29.05092],[79.71465,29.04881],[79.71801,29.0472],[79.71434,29.0468],[79.71515,29.03347],[79.71869,29.03773],[79.71845,29.04374],[79.72076,29.03887],[79.71768,29.03057],[79.71183,29.03113],[79.71194,29.0343],[79.70827,29.03353],[79.70923,29.02232],[79.70945,29.0216],[79.70801,29.02122],[79.70898,29.01807],[79.70928,29.01853],[79.70902,29.01132],[79.71481,29.00684],[79.71373,29.00358],[79.71423,28.99481],[79.72796,28.99242],[79.72989,28.99114],[79.71791,28.99316],[79.71836,28.99141],[79.71643,28.99292],[79.71205,28.99008],[79.71503,28.99332],[79.7136,28.99485],[79.71319,28.99734],[79.71399,29.00693],[79.70886,29.00981],[79.70664,29.01625],[79.7011,29.02012],[79.69746,29.01885],[79.69727,29.02626],[79.68876,29.01752],[79.68897,29.01707],[79.68929,29.01608],[79.69054,29.01447],[79.6938,29.01301],[79.68942,29.014],[79.68315,29.0143],[79.68337,29.01295],[79.68338,29.01286],[79.68208,29.01005],[79.68351,29.00482],[79.67714,29.00759],[79.67921,29.01398],[79.67638,29.01854],[79.68292,29.01992],[79.6811,29.02463],[79.68388,29.03257],[79.68116,29.03642],[79.68044,29.03395],[79.68112,29.03777],[79.6787,29.03876],[79.67397,29.03672],[79.67239,29.03208],[79.67135,29.03801],[79.66009,29.0347],[79.66231,29.04641],[79.66381,29.04967],[79.66469,29.05284],[79.65957,29.05188],[79.65904,29.04687],[79.65848,29.05103],[79.65475,29.05077],[79.65537,29.04512],[79.65296,29.04964],[79.65978,29.05498],[79.66345,29.05328],[79.66393,29.05608],[79.66287,29.05877],[79.66338,29.0586],[79.66421,29.05834],[79.66431,29.05834],[79.66057,29.062],[79.65789,29.0627],[79.66094,29.0598],[79.65904,29.06063],[79.65956,29.05564],[79.65731,29.05569],[79.65582,29.06331]],[[79.89909,29.01219],[79.89775,29.0119],[79.89929,29.01228],[79.89909,29.01219],[79.89899,29.012],[79.89888,29.01191],[79.89878,29.01182],[79.89888,29.01191],[79.89899,29.012],[79.89909,29.01219]],[[79.703,29.01991],[79.70269,29.02009],[79.70289,29.02],[79.703,29.01991]],[[79.96945,29.0502],[79.96955,29.0502],[79.96945,29.05011],[79.96945,29.0502]],[[79.64634,29.06344],[79.6442,29.06212],[79.6427,29.06662],[79.64634,29.06344]],[[79.64689,29.05902],[79.6523,29.05494],[79.64538,29.05592],[79.6416,29.05152],[79.63946,29.05335],[79.64266,29.05513],[79.64228,29.0585],[79.64689,29.05902]],[[79.64176,29.04997],[79.64118,29.04403],[79.63992,29.0506],[79.64176,29.04997]],[[79.64087,29.04087],[79.64376,29.03961],[79.64134,29.03875],[79.64087,29.04087]],[[79.63918,29.01612],[79.64338,29.01098],[79.63756,29.01189],[79.63918,29.01612]],[[79.63873,29.00777],[79.63623,29.00872],[79.63954,29.0103],[79.63873,29.00777]],[[79.63632,29.00435],[79.63804,29.00688],[79.64091,29.00564],[79.63632,29.00435]],[[79.63212,29.00204],[79.63451,29.00057],[79.63005,28.99967],[79.63212,29.00204]],[[79.61568,28.99472],[79.61782,28.99361],[79.6167,28.98303],[79.61217,28.97885],[79.61015,28.9809],[79.61362,28.98124],[79.61568,28.99472]],[[79.62512,28.98895],[79.62294,28.97914],[79.62224,28.98857],[79.62512,28.98895]],[[79.62819,28.97896],[79.62896,28.97415],[79.62593,28.97779],[79.62819,28.97896]],[[79.60205,28.97564],[79.60262,28.97198],[79.601,28.9803],[79.60205,28.97564]],[[79.59798,28.96898],[79.59423,28.96197],[79.59904,28.97704],[79.60184,28.97205],[79.59798,28.96898]],[[79.67421,29.0269],[79.67605,29.02763],[79.67697,29.0239],[79.67421,29.0269]],[[79.66295,29.02316],[79.65605,29.0226],[79.65821,29.02556],[79.66295,29.02316]],[[79.66317,29.01095],[79.66491,29.014],[79.66279,29.01803],[79.66696,29.01618],[79.66784,29.00791],[79.66398,29.00804],[79.66317,29.01095]],[[79.67878,29.00289],[79.67716,29.00519],[79.6796,29.00546],[79.67906,29.00027],[79.67787,29.00207],[79.67878,29.00289]],[[79.70453,29.00535],[79.70857,29.00529],[79.70267,29.00144],[79.70636,28.99318],[79.70137,28.98984],[79.70306,28.9878],[79.70537,28.9899],[79.70501,28.98342],[79.70815,28.98154],[79.7015,28.9815],[79.69887,28.97681],[79.69873,28.96306],[79.69607,28.96159],[79.69658,28.9643],[79.69405,28.96035],[79.69525,28.96632],[79.68794,28.96984],[79.68601,28.96742],[79.689,28.96592],[79.68487,28.96647],[79.68182,28.97171],[79.68308,28.97524],[79.68705,28.97156],[79.69169,28.97543],[79.69013,28.97042],[79.69708,28.9708],[79.69549,28.97639],[79.69176,28.97864],[79.69526,28.97883],[79.69603,28.98209],[79.68971,28.97897],[79.69276,28.98718],[79.6963,28.98881],[79.69515,28.99504],[79.6992,28.99266],[79.69789,28.98908],[79.70225,28.99187],[79.70156,28.99882],[79.69629,28.99751],[79.69598,29.00307],[79.69752,29.00015],[79.70453,29.00535]],[[79.74019,28.99048],[79.74252,28.99052],[79.74077,28.98733],[79.74019,28.99048]],[[79.75867,28.98813],[79.74348,29.0024],[79.74544,29.00492],[79.7536,29.00527],[79.75251,29.00799],[79.75887,29.00974],[79.76639,29.00296],[79.77107,28.99293],[79.7736,28.99213],[79.77364,28.99436],[79.77753,28.99202],[79.77807,28.98785],[79.77153,28.99005],[79.77465,28.98079],[79.77018,28.97926],[79.75867,28.98813]],[[79.7358,28.99518],[79.73412,28.9988],[79.73781,28.99792],[79.7314,29.00229],[79.73483,29.00654],[79.74002,28.99712],[79.7358,28.99518]],[[79.73002,29.00149],[79.72163,29.00448],[79.72912,29.00378],[79.73002,29.00149]],[[79.71642,29.01007],[79.71333,29.0118],[79.71492,29.0148],[79.71195,29.01455],[79.71205,29.01806],[79.72024,29.01749],[79.71642,29.01007]],[[79.74515,29.01991],[79.7469,29.02296],[79.74798,29.02085],[79.74515,29.01991]],[[79.77331,29.02175],[79.77337,29.01884],[79.77057,29.01914],[79.76756,29.02583],[79.77588,29.02358],[79.77331,29.02175]],[[79.77677,29.01896],[79.77916,29.02282],[79.78058,29.01861],[79.77677,29.01896]],[[79.78785,29.02094],[79.78791,29.02282],[79.79673,29.02184],[79.79693,29.01631],[79.79382,29.01703],[79.79401,29.01984],[79.78785,29.02094]],[[79.79394,29.01594],[79.78486,29.00952],[79.78808,29.0166],[79.79394,29.01594]],[[79.77016,29.01252],[79.7709,29.00854],[79.77503,29.00624],[79.76562,29.00908],[79.76946,29.00896],[79.77016,29.01252]],[[79.75018,29.00727],[79.7477,29.00631],[79.75111,29.01571],[79.75018,29.00727]],[[79.75925,29.01825],[79.7598,29.02164],[79.76364,29.01885],[79.75925,29.01825]],[[79.77986,29.00397],[79.78428,29.00325],[79.78541,28.99865],[79.78347,29.00219],[79.77389,28.99819],[79.77358,29.00112],[79.77986,29.00397]],[[79.78468,28.99525],[79.7872,28.99592],[79.78954,28.98878],[79.78468,28.99525]],[[79.77823,28.98687],[79.78145,28.97956],[79.78589,28.97941],[79.78829,28.97067],[79.78503,28.97209],[79.78852,28.96747],[79.7844,28.97256],[79.77884,28.97429],[79.78243,28.97506],[79.77766,28.9828],[79.77823,28.98687]],[[79.7926,28.98339],[79.79484,28.98607],[79.7993,28.98356],[79.80208,28.9766],[79.79798,28.97958],[79.79938,28.98184],[79.7926,28.98339]],[[79.80137,28.96841],[79.8026,28.96975],[79.79965,28.96314],[79.80137,28.96841]],[[79.79088,28.96477],[79.79022,28.96261],[79.78707,28.96417],[79.79088,28.96477]],[[79.77521,28.96201],[79.77435,28.95949],[79.77224,28.96427],[79.77521,28.96201]],[[79.79327,28.95997],[79.79748,28.96063],[79.79999,28.95539],[79.80405,28.95664],[79.80567,28.9524],[79.80109,28.95372],[79.79894,28.9484],[79.79463,28.94926],[79.79967,28.95504],[79.79539,28.95368],[79.79327,28.95997]],[[79.78807,28.94883],[79.79098,28.94159],[79.78763,28.94555],[79.78362,28.94491],[79.78565,28.94906],[79.78807,28.94883]],[[79.77982,28.94105],[79.77721,28.94013],[79.77915,28.94477],[79.77982,28.94105]],[[79.75337,28.94668],[79.74821,28.95121],[79.7446,28.94927],[79.74328,28.95368],[79.7486,28.9537],[79.75337,28.94668]],[[79.73271,28.94503],[79.73369,28.94083],[79.73238,28.9424],[79.73119,28.93946],[79.73444,28.95448],[79.72713,28.95624],[79.72566,28.95905],[79.73316,28.97046],[79.72636,28.95873],[79.73493,28.95565],[79.73271,28.94503]],[[79.73972,28.93701],[79.7435,28.93384],[79.73281,28.9367],[79.73972,28.93701]],[[79.73999,28.93382],[79.74147,28.92958],[79.73662,28.93153],[79.73999,28.93382]],[[79.7454,28.93101],[79.74744,28.93141],[79.74795,28.92042],[79.7454,28.93101]],[[79.77508,28.92633],[79.77565,28.92797],[79.77559,28.92421],[79.77508,28.92633]],[[79.7721,28.92512],[79.77095,28.92222],[79.77599,28.92272],[79.77642,28.91291],[79.77371,28.91328],[79.77373,28.92063],[79.76981,28.92147],[79.7721,28.92512]],[[79.80291,28.92109],[79.80719,28.92471],[79.81024,28.91908],[79.80291,28.92109]],[[79.82006,28.9191],[79.8226,28.91854],[79.8192,28.91671],[79.82006,28.9191]],[[79.82067,28.91714],[79.82497,28.91587],[79.82002,28.91378],[79.82067,28.91714]],[[79.818,28.91651],[79.81985,28.90634],[79.81552,28.90531],[79.81665,28.91587],[79.81274,28.91792],[79.81762,28.91838],[79.818,28.91651]],[[79.79893,28.90615],[79.79578,28.90297],[79.79867,28.90161],[79.79658,28.89182],[79.79714,28.90109],[79.79424,28.90354],[79.79893,28.90615]],[[79.88569,28.9071],[79.88775,28.91049],[79.892,28.9105],[79.88569,28.9071]],[[79.93466,28.92674],[79.92357,28.92382],[79.92315,28.9114],[79.91612,28.91117],[79.92095,28.91472],[79.92236,28.92407],[79.92485,28.92724],[79.9362,28.92793],[79.93559,28.92665],[79.93466,28.92674]],[[79.95007,28.91887],[79.95215,28.91614],[79.95038,28.91477],[79.94826,28.91684],[79.95007,28.91887]],[[79.93815,28.907],[79.93625,28.90742],[79.93831,28.91377],[79.94741,28.91699],[79.94194,28.91306],[79.94406,28.9061],[79.93815,28.907]],[[79.94542,28.91279],[79.95003,28.91316],[79.94817,28.91033],[79.94542,28.91279]],[[79.93324,28.90515],[79.93115,28.90126],[79.92882,28.90191],[79.93022,28.90615],[79.93324,28.90515]],[[79.91408,28.9012],[79.91067,28.90377],[79.91516,28.90632],[79.91408,28.9012]],[[79.91332,28.89985],[79.91245,28.89331],[79.90861,28.89224],[79.91332,28.89985]],[[79.89567,28.89071],[79.89706,28.88226],[79.89465,28.88472],[79.89567,28.89071]],[[79.87869,28.88559],[79.87792,28.88034],[79.87604,28.88405],[79.87376,28.88206],[79.87435,28.88498],[79.87869,28.88559]],[[79.88771,28.87851],[79.88384,28.87299],[79.88152,28.87481],[79.88396,28.87602],[79.87962,28.87806],[79.88594,28.87676],[79.88214,28.87914],[79.88337,28.88061],[79.88771,28.87851]],[[79.89633,28.87336],[79.89717,28.87485],[79.89781,28.87048],[79.89633,28.87336]],[[79.87887,28.86945],[79.87536,28.86755],[79.87074,28.86942],[79.86945,28.86745],[79.86671,28.86962],[79.86757,28.87181],[79.87274,28.87095],[79.87692,28.87631],[79.87881,28.87371],[79.87377,28.8709],[79.87887,28.86945]],[[79.85742,28.88199],[79.85413,28.87831],[79.85644,28.88579],[79.85742,28.88199]],[[79.84502,28.88177],[79.84544,28.87835],[79.84445,28.88344],[79.84502,28.88177]],[[79.86431,28.88717],[79.86071,28.89373],[79.86499,28.89268],[79.866,28.89879],[79.86817,28.8954],[79.87431,28.89749],[79.8726,28.89406],[79.86627,28.89428],[79.86431,28.88717]],[[79.86448,28.90418],[79.86508,28.89851],[79.86111,28.89832],[79.86061,28.90145],[79.86369,28.90034],[79.86448,28.90418]],[[79.89299,28.90535],[79.89559,28.90384],[79.89441,28.90168],[79.89299,28.90535]],[[79.89762,28.91268],[79.903,28.9267],[79.90734,28.92514],[79.90533,28.91824],[79.89762,28.91268]],[[79.85543,28.91156],[79.85327,28.91454],[79.86024,28.91725],[79.85543,28.91156]],[[79.84683,28.91894],[79.84681,28.92091],[79.84979,28.91941],[79.84683,28.91894]],[[79.87404,28.92902],[79.87765,28.9326],[79.87856,28.9292],[79.87404,28.92902]],[[79.81891,28.89847],[79.81704,28.89995],[79.82243,28.90186],[79.82356,28.89544],[79.81891,28.89847]],[[79.82976,28.90046],[79.83182,28.89962],[79.82944,28.89725],[79.82976,28.90046]],[[79.80544,28.89199],[79.80574,28.88901],[79.80354,28.89077],[79.80544,28.89199]],[[79.78602,28.88744],[79.78903,28.88384],[79.78447,28.88077],[79.78602,28.88744]],[[79.70253,28.86968],[79.70003,28.86724],[79.70016,28.87297],[79.6951,28.87388],[79.69501,28.87652],[79.69732,28.87435],[79.70024,28.87589],[79.70253,28.86968]],[[79.67521,28.86762],[79.67273,28.86539],[79.67133,28.86718],[79.67407,28.87185],[79.67692,28.87003],[79.67521,28.86762]],[[79.6267,28.86876],[79.62284,28.86637],[79.63015,28.87311],[79.6267,28.86876]],[[79.68396,28.88553],[79.68591,28.88537],[79.68979,28.89083],[79.68798,28.88296],[79.68305,28.8848],[79.67697,28.87757],[79.66752,28.87251],[79.6641,28.87545],[79.66321,28.87337],[79.65889,28.87483],[79.66164,28.8776],[79.66536,28.87547],[79.66883,28.87884],[79.67573,28.87807],[79.67932,28.88076],[79.68002,28.88715],[79.68396,28.88553]],[[79.68498,28.88837],[79.68145,28.89035],[79.68429,28.88901],[79.6884,28.89649],[79.68357,28.89541],[79.68272,28.89857],[79.69054,28.90153],[79.68614,28.90275],[79.68726,28.90456],[79.69169,28.90351],[79.69184,28.89849],[79.68863,28.89531],[79.68776,28.88888],[79.68498,28.88837]],[[79.67213,28.89652],[79.67542,28.8994],[79.67223,28.89652],[79.67213,28.89652]],[[79.69541,28.89554],[79.69486,28.89855],[79.69754,28.8984],[79.69541,28.89554]],[[79.70366,28.89557],[79.70355,28.88945],[79.70667,28.88687],[79.70515,28.88023],[79.70181,28.88107],[79.70433,28.88389],[79.70045,28.88928],[79.70366,28.89557]],[[79.73423,28.89635],[79.7335,28.90105],[79.74,28.89249],[79.73423,28.89635]],[[79.72062,28.9008],[79.71652,28.90078],[79.71834,28.90437],[79.72062,28.9008]],[[79.73543,28.9049],[79.7333,28.90593],[79.73509,28.90736],[79.73615,28.903],[79.73543,28.9049]],[[79.72717,28.90725],[79.72681,28.90999],[79.7294,28.90953],[79.72717,28.90725]],[[79.75415,28.91133],[79.75253,28.91043],[79.75425,28.91313],[79.75415,28.91133]],[[79.72646,28.91097],[79.72383,28.91269],[79.72583,28.91414],[79.72646,28.91097]],[[79.72238,28.91368],[79.72014,28.91486],[79.72456,28.91827],[79.73306,28.91649],[79.73021,28.91419],[79.72346,28.91655],[79.72238,28.91368]],[[79.75423,28.91752],[79.75753,28.91307],[79.75629,28.91001],[79.7557,28.91475],[79.7529,28.91723],[79.7526,28.91495],[79.75056,28.91952],[79.75423,28.91752]],[[79.7886,28.9121],[79.78952,28.90922],[79.78694,28.9101],[79.7886,28.9121]],[[79.77236,28.90979],[79.76929,28.90509],[79.76801,28.90845],[79.77236,28.90979]],[[79.7931,28.9063],[79.79318,28.90172],[79.78994,28.90129],[79.7931,28.9063]],[[79.75867,28.8977],[79.74769,28.89804],[79.74594,28.89901],[79.74458,28.90077],[79.74397,28.90556],[79.74672,28.89877],[79.74894,28.89812],[79.75952,28.8991],[79.75732,28.89886],[79.76207,28.89929],[79.76584,28.89644],[79.75867,28.8977]],[[79.76819,28.8961],[79.77028,28.89275],[79.76819,28.88607],[79.77142,28.88099],[79.76771,28.88577],[79.76819,28.8961]],[[79.77108,28.89771],[79.77265,28.89994],[79.77503,28.89745],[79.77397,28.89577],[79.77108,28.89771]],[[79.77825,28.89182],[79.78038,28.89261],[79.78051,28.88924],[79.77699,28.88972],[79.77825,28.89182]],[[79.76147,28.88169],[79.7591,28.87718],[79.75587,28.88498],[79.76147,28.88169]],[[79.76987,28.88003],[79.77227,28.87894],[79.76698,28.87973],[79.7662,28.87751],[79.76682,28.8805],[79.76987,28.88003]],[[79.72275,28.87708],[79.72305,28.87462],[79.71985,28.87453],[79.72275,28.87708]],[[79.7061,28.87442],[79.7065,28.8705],[79.70366,28.87202],[79.70425,28.87569],[79.71016,28.87527],[79.7061,28.87442]],[[79.68194,28.87598],[79.67957,28.87492],[79.67981,28.87852],[79.68359,28.87827],[79.68194,28.87598]],[[79.72634,28.8888],[79.72472,28.88743],[79.72369,28.89041],[79.72669,28.89393],[79.72634,28.8888]],[[79.71914,28.89137],[79.7183,28.88856],[79.71726,28.8922],[79.71914,28.89137]],[[79.7443,28.89015],[79.74725,28.89548],[79.74937,28.89117],[79.7443,28.89015]],[[79.76322,28.89409],[79.76208,28.89137],[79.75973,28.89021],[79.75919,28.8926],[79.76206,28.89181],[79.76322,28.89409]],[[79.75422,28.90551],[79.75609,28.90731],[79.75761,28.90468],[79.75422,28.90551]],[[79.75123,28.90656],[79.74639,28.90621],[79.75449,28.90865],[79.75123,28.90656]],[[79.76153,28.92034],[79.76508,28.92272],[79.76387,28.92004],[79.7672,28.91825],[79.76162,28.91704],[79.76153,28.92034]],[[79.72663,28.93648],[79.72015,28.94155],[79.71876,28.94683],[79.72876,28.93864],[79.72663,28.93648]],[[79.7065,28.9528],[79.70454,28.94913],[79.70121,28.95357],[79.70459,28.96032],[79.7065,28.9528]],[[79.71425,28.95983],[79.7121,28.95671],[79.71028,28.95897],[79.71425,28.95983]],[[79.72097,28.96161],[79.71908,28.96358],[79.72151,28.96598],[79.72097,28.96161]],[[79.72206,28.96834],[79.72095,28.97547],[79.72338,28.97831],[79.72023,28.97718],[79.71779,28.97051],[79.71648,28.97147],[79.71727,28.98878],[79.72159,28.98771],[79.72008,28.98015],[79.72352,28.97925],[79.7243,28.97748],[79.72206,28.96834]],[[79.74621,28.98353],[79.75036,28.98319],[79.75238,28.97921],[79.74736,28.97905],[79.74621,28.98353]],[[79.76287,28.9785],[79.76332,28.98113],[79.76349,28.97527],[79.76287,28.9785]],[[79.7486,28.97693],[79.75248,28.97311],[79.74983,28.96792],[79.74917,28.97219],[79.7466,28.97224],[79.7486,28.97693]],[[79.7762,28.97376],[79.7751,28.97052],[79.77892,28.97315],[79.77431,28.96986],[79.7762,28.97376]],[[79.78159,28.96781],[79.78158,28.96388],[79.77935,28.96673],[79.78159,28.96781]],[[79.74406,28.96485],[79.74207,28.96178],[79.7444,28.96864],[79.74406,28.96485]],[[79.75082,28.96253],[79.75269,28.96054],[79.74959,28.95845],[79.75082,28.96253]],[[79.77328,28.95867],[79.77086,28.94995],[79.76756,28.95472],[79.77085,28.95388],[79.77328,28.95867]],[[79.74023,28.96842],[79.7368,28.96868],[79.73812,28.97147],[79.74023,28.96842]],[[79.6779,28.97089],[79.67566,28.97375],[79.67393,28.97173],[79.67298,28.98255],[79.67581,28.9816],[79.6779,28.97089]],[[79.68006,28.98197],[79.6772,28.98459],[79.67978,28.99347],[79.68235,28.98432],[79.68006,28.98197]],[[79.67248,28.98888],[79.67388,28.98497],[79.66967,28.99097],[79.67248,28.98888]],[[79.68197,28.98208],[79.68354,28.98424],[79.68327,28.98082],[79.68197,28.98208]],[[79.59923,28.88053],[79.59036,28.88166],[79.58874,28.88647],[79.59923,28.88053]],[[79.58551,28.88642],[79.58227,28.88767],[79.5817,28.8951],[79.58841,28.88839],[79.58551,28.88642]],[[79.59461,28.89424],[79.5961,28.89157],[79.59275,28.8935],[79.59461,28.89424]],[[79.54525,28.89846],[79.54539,28.89548],[79.54317,28.89693],[79.54525,28.89846]],[[79.54629,28.90195],[79.54423,28.90216],[79.54651,28.90735],[79.54997,28.90438],[79.54629,28.90195]],[[79.55844,28.90856],[79.56028,28.90205],[79.55275,28.90677],[79.55844,28.90856]],[[79.56682,28.91237],[79.56751,28.91625],[79.57303,28.91742],[79.56682,28.91237]],[[79.55785,28.91839],[79.55178,28.91284],[79.55706,28.92046],[79.55785,28.91839]],[[79.56376,28.92663],[79.56252,28.9249],[79.55966,28.9279],[79.55445,28.9277],[79.56009,28.92952],[79.56376,28.92663]],[[79.56619,28.93067],[79.57122,28.93752],[79.57146,28.93417],[79.56619,28.93067]],[[79.53555,28.88983],[79.53587,28.88559],[79.53233,28.88778],[79.52688,28.88444],[79.53154,28.89094],[79.53555,28.88983]],[[79.46483,28.87532],[79.46506,28.87022],[79.46046,28.87286],[79.46483,28.87532]],[[79.47659,28.88113],[79.47465,28.8815],[79.47669,28.88632],[79.47659,28.88113]],[[79.46079,28.88181],[79.46295,28.88933],[79.46773,28.88754],[79.47313,28.88967],[79.46079,28.88181]],[[79.45683,28.88566],[79.4535,28.8865],[79.45925,28.89023],[79.45683,28.88566]],[[79.43864,28.88849],[79.4344,28.89292],[79.43807,28.89239],[79.43864,28.88849]],[[79.46093,28.89323],[79.46037,28.8965],[79.46439,28.89771],[79.46093,28.89323]],[[79.4847,28.89829],[79.48847,28.90166],[79.48937,28.89425],[79.4847,28.89829]],[[79.47312,28.90118],[79.4705,28.90197],[79.47315,28.90551],[79.47312,28.90118]],[[79.48473,28.9069],[79.4886,28.90343],[79.47935,28.90652],[79.48569,28.91479],[79.49172,28.91628],[79.48365,28.91017],[79.48473,28.9069]],[[79.48956,28.90635],[79.48564,28.90687],[79.48648,28.91051],[79.49704,28.91205],[79.49031,28.90875],[79.49663,28.90631],[79.48956,28.90635]],[[79.47039,28.90926],[79.46868,28.9085],[79.47026,28.91229],[79.47039,28.90926]],[[79.43744,28.9108],[79.43427,28.90853],[79.43411,28.91077],[79.43744,28.9108]],[[79.4482,28.91259],[79.4492,28.91827],[79.45041,28.913],[79.4482,28.91259]],[[79.48328,28.89572],[79.48451,28.89336],[79.48139,28.89442],[79.48234,28.89789],[79.48328,28.89572]],[[79.47424,28.891],[79.47759,28.89207],[79.47728,28.88994],[79.47424,28.891]],[[79.49533,28.88299],[79.49602,28.88541],[79.49854,28.88375],[79.49533,28.88299]],[[79.4967,28.9365],[79.4982,28.93346],[79.49387,28.93349],[79.4967,28.9365]],[[79.50104,28.94034],[79.49732,28.94095],[79.50549,28.94544],[79.50502,28.94202],[79.50104,28.94034]],[[79.53053,28.95045],[79.53376,28.94957],[79.53308,28.94687],[79.53053,28.95045]],[[79.53428,28.95075],[79.53613,28.95478],[79.53954,28.95507],[79.5404,28.95199],[79.53732,28.95238],[79.53632,28.94814],[79.53428,28.95075]],[[79.45556,28.95336],[79.4559,28.94949],[79.4486,28.95028],[79.4508,28.95325],[79.45556,28.95336]],[[79.53818,28.95919],[79.54071,28.98235],[79.54365,28.98764],[79.539,28.95656],[79.53818,28.95919]],[[79.47238,28.95829],[79.46921,28.96369],[79.47235,28.96361],[79.47238,28.95829]],[[79.46337,28.96176],[79.46177,28.96624],[79.46525,28.96421],[79.46337,28.96176]],[[79.44853,28.96555],[79.44693,28.96875],[79.45055,28.96688],[79.44853,28.96555]],[[79.47642,28.96947],[79.47877,28.9743],[79.48063,28.96599],[79.47879,28.96791],[79.47854,28.96513],[79.47682,28.966],[79.47642,28.96947]],[[79.45315,28.97496],[79.45409,28.97681],[79.45529,28.97504],[79.45315,28.97496]],[[79.48419,28.97589],[79.48539,28.97761],[79.48785,28.97417],[79.48419,28.97589]],[[79.44953,28.97689],[79.44632,28.97705],[79.44649,28.97965],[79.44928,28.97966],[79.4501,28.98308],[79.45358,28.98238],[79.44953,28.97689]],[[79.45653,28.98376],[79.46098,28.9844],[79.46131,28.98184],[79.45671,28.98145],[79.45653,28.98376]],[[79.50778,28.98549],[79.5117,28.98813],[79.51517,28.98364],[79.51131,28.98444],[79.51124,28.98008],[79.50695,28.98066],[79.50885,28.9832],[79.50423,28.97954],[79.50291,28.98175],[79.50799,28.98325],[79.50778,28.98549]],[[79.49841,28.98606],[79.4952,28.98786],[79.49776,28.9884],[79.49841,28.98606]],[[79.4907,28.98661],[79.48744,28.99036],[79.49298,28.99022],[79.49329,28.98723],[79.4907,28.98661]],[[79.45294,28.98837],[79.45052,28.99027],[79.45432,28.99043],[79.45294,28.98837]],[[79.50432,28.99055],[79.50457,28.98803],[79.50783,28.9878],[79.50286,28.98667],[79.50103,28.99021],[79.50432,28.99055]],[[79.53302,28.98522],[79.53365,28.98699],[79.53627,28.98328],[79.53302,28.98522]],[[79.51953,28.98363],[79.52096,28.979],[79.51953,28.98354],[79.51953,28.98363]],[[79.52124,28.97494],[79.52366,28.96386],[79.52129,28.96118],[79.51794,28.9674],[79.52124,28.97494]],[[79.50819,28.97248],[79.50312,28.97006],[79.50333,28.97299],[79.50819,28.97248]],[[79.50273,28.97525],[79.50121,28.97677],[79.50383,28.97929],[79.50273,28.97525]],[[79.49102,28.98015],[79.49102,28.98241],[79.49556,28.98278],[79.49102,28.98015]],[[79.54507,28.98889],[79.54601,28.99342],[79.54323,28.99557],[79.55002,29.00117],[79.54507,28.98889]],[[79.55095,29.01459],[79.55319,29.01581],[79.5543,29.01253],[79.55406,29.01076],[79.55161,29.012],[79.55222,29.00908],[79.55095,29.01459]],[[79.50012,29.02311],[79.49825,29.02243],[79.49824,29.02487],[79.50012,29.02311]],[[79.44521,28.9227],[79.43997,28.92723],[79.44464,28.93058],[79.44674,28.92876],[79.44376,28.92754],[79.44521,28.9227]],[[79.42714,28.9303],[79.42493,28.93049],[79.42595,28.93569],[79.43002,28.93366],[79.42714,28.9303]],[[79.43216,28.93571],[79.43268,28.94073],[79.43518,28.93862],[79.43216,28.93571]],[[79.45483,28.92838],[79.45733,28.93046],[79.4539,28.92469],[79.45483,28.92838]],[[79.46075,28.92657],[79.4583,28.92946],[79.4622,28.92978],[79.46075,28.92657],[79.46065,28.92648],[79.46075,28.92657]],[[79.42547,28.9475],[79.426,28.94521],[79.42282,28.94877],[79.42547,28.9475]],[[79.42231,28.94896],[79.41915,28.94735],[79.41992,28.9504],[79.42231,28.94896]],[[79.43336,28.87175],[79.43108,28.87373],[79.43555,28.87265],[79.43336,28.87175]],[[79.5092,28.86968],[79.51119,28.87411],[79.51149,28.86835],[79.5092,28.86968]],[[79.59808,28.85962],[79.59864,28.85603],[79.59573,28.85418],[79.59377,28.85573],[79.59808,28.85962]],[[79.72334,28.86315],[79.7247,28.86141],[79.71825,28.86096],[79.7188,28.8636],[79.72334,28.86315]],[[79.68882,28.85278],[79.69012,28.85784],[79.69437,28.85246],[79.68882,28.85278]],[[79.69972,28.85019],[79.70134,28.85166],[79.7022,28.84892],[79.69955,28.84363],[79.69736,28.84932],[79.69972,28.85019]],[[79.90251,28.86587],[79.90352,28.86375],[79.89849,28.86104],[79.89774,28.86449],[79.90251,28.86587]],[[79.91762,28.86307],[79.91579,28.8566],[79.91009,28.85214],[79.91247,28.86098],[79.91762,28.86307]],[[79.92076,28.8571],[79.92155,28.85883],[79.91996,28.85485],[79.92076,28.8571]],[[79.90355,28.85273],[79.90085,28.84759],[79.90049,28.85095],[79.89626,28.85219],[79.89559,28.84625],[79.89252,28.84826],[79.89244,28.85258],[79.89957,28.85272],[79.90159,28.85937],[79.90353,28.85833],[79.90121,28.85253],[79.90355,28.85273]],[[79.91578,28.85062],[79.91971,28.84521],[79.91282,28.84794],[79.91578,28.85062]],[[79.87712,28.84501],[79.87362,28.84195],[79.86864,28.84338],[79.87454,28.84682],[79.87363,28.8447],[79.87712,28.84501]],[[79.90615,28.8456],[79.90722,28.84843],[79.90445,28.85031],[79.91173,28.84839],[79.90615,28.8456]],[[79.854,28.84946],[79.85174,28.85058],[79.8532,28.85391],[79.854,28.84946]],[[79.8577,28.86008],[79.85543,28.8604],[79.85705,28.86503],[79.86173,28.86524],[79.86162,28.86139],[79.8577,28.86008]],[[79.90921,28.82735],[79.91349,28.82694],[79.91287,28.82495],[79.90891,28.82548],[79.90921,28.82735]],[[79.87891,28.79781],[79.8766,28.79663],[79.87676,28.80098],[79.88002,28.80288],[79.87891,28.79781]],[[79.88475,28.79633],[79.89068,28.79296],[79.88933,28.7909],[79.88475,28.79633]],[[79.90142,28.79348],[79.90116,28.78667],[79.89767,28.78971],[79.90142,28.79348]],[[79.9494,28.87419],[79.95585,28.8791],[79.95556,28.87355],[79.9494,28.87419]],[[79.94023,28.86541],[79.9425,28.86625],[79.93849,28.86355],[79.94023,28.86541]],[[79.95536,28.88282],[79.95336,28.88381],[79.95561,28.88483],[79.95536,28.88282]],[[79.971,28.89036],[79.96917,28.88933],[79.97152,28.89385],[79.971,28.89036]],[[79.95085,28.89269],[79.95124,28.88986],[79.94749,28.89102],[79.95085,28.89269]],[[79.97564,28.89799],[79.97426,28.90029],[79.97678,28.90275],[79.97564,28.89799]],[[79.97421,28.89441],[79.97584,28.89579],[79.97585,28.89346],[79.97218,28.89342],[79.97421,28.89441]],[[79.878,28.93636],[79.87479,28.93749],[79.88128,28.94259],[79.878,28.93636]],[[79.903,28.948],[79.90365,28.95367],[79.90117,28.95521],[79.90408,28.95905],[79.90773,28.95683],[79.90482,28.95728],[79.903,28.948]],[[79.88282,28.95425],[79.88504,28.95959],[79.89233,28.95737],[79.88282,28.95425]],[[79.91325,28.96046],[79.91985,28.95553],[79.91042,28.95663],[79.91325,28.96046]],[[79.92621,28.95689],[79.926,28.95884],[79.93104,28.9548],[79.92746,28.94888],[79.92621,28.95689]],[[79.96235,28.94834],[79.95782,28.95218],[79.95432,28.94974],[79.95579,28.95428],[79.95188,28.95442],[79.9561,28.95885],[79.95415,28.96212],[79.95695,28.96621],[79.95742,28.9545],[79.96318,28.95258],[79.96235,28.94834]],[[79.89748,28.96024],[79.89178,28.96113],[79.89409,28.96554],[79.89763,28.96488],[79.90129,28.97164],[79.89748,28.96024]],[[79.87858,28.96844],[79.87633,28.96783],[79.87988,28.97285],[79.88257,28.96979],[79.87858,28.96844]],[[79.89261,28.97246],[79.8942,28.97418],[79.89257,28.9689],[79.89261,28.97246]],[[79.90184,28.97493],[79.90569,28.97691],[79.91007,28.97541],[79.90703,28.97602],[79.90544,28.97212],[79.90163,28.97199],[79.90184,28.97493]],[[79.9157,28.97786],[79.92105,28.98192],[79.92198,28.9868],[79.92154,28.9681],[79.9155,28.96135],[79.91645,28.9641],[79.91358,28.96551],[79.91737,28.96479],[79.91999,28.97222],[79.91952,28.97783],[79.9173,28.97788],[79.91659,28.97347],[79.9157,28.97786]],[[79.89565,28.98045],[79.89547,28.98273],[79.89993,28.98453],[79.90109,28.98026],[79.89565,28.98045]],[[79.92937,28.98693],[79.93079,28.99724],[79.93264,28.98871],[79.93119,28.9851],[79.92937,28.98693]],[[79.92237,28.9875],[79.92016,28.99481],[79.91652,28.99549],[79.91097,28.99176],[79.90905,28.9949],[79.90505,28.99297],[79.90414,28.9959],[79.91305,28.99782],[79.91994,28.99634],[79.91952,29.00082],[79.92437,29.00025],[79.92991,29.0058],[79.93027,28.99829],[79.92267,28.99778],[79.92443,28.98869],[79.92237,28.9875]],[[79.90075,28.99618],[79.89936,29.00128],[79.90332,29.00186],[79.90075,28.99618]],[[79.9163,29.00191],[79.91742,28.99995],[79.9151,28.99946],[79.9163,29.00191]],[[79.92081,29.00659],[79.91718,29.00593],[79.91778,29.0036],[79.91319,29.0041],[79.92192,29.01133],[79.92401,29.00927],[79.92081,29.00659]],[[79.94063,29.00633],[79.93983,29.00914],[79.94293,29.00911],[79.94384,29.0028],[79.94063,29.00633]],[[79.93243,29.00877],[79.93087,29.00676],[79.92761,29.009],[79.93243,29.00877]],[[79.94139,29.00274],[79.93647,28.99092],[79.93477,28.9918],[79.93915,29.0012],[79.93219,29.00176],[79.93281,29.00432],[79.94139,29.00274]],[[79.90934,29.01308],[79.90757,29.00829],[79.91005,29.00522],[79.90628,29.0064],[79.90522,29.00396],[79.90465,29.00789],[79.91249,29.01911],[79.91302,29.01502],[79.90934,29.01308]],[[79.92125,29.01837],[79.92034,29.02089],[79.92457,29.02347],[79.92125,29.01837]],[[79.91037,28.94311],[79.90997,28.94516],[79.91276,28.94477],[79.91037,28.94311]],[[79.95579,28.97528],[79.9574,28.97141],[79.9531,28.97566],[79.9486,28.97284],[79.9538,28.98353],[79.95579,28.97528]],[[79.94618,28.97958],[79.94233,28.9816],[79.9459,28.98234],[79.94618,28.97958]],[[79.96072,28.98351],[79.967,28.9865],[79.96571,28.9823],[79.96379,28.98486],[79.96072,28.98351]],[[79.95678,28.98715],[79.95613,28.98502],[79.95669,28.99602],[79.96066,28.99893],[79.95678,28.98715]],[[79.96647,28.99649],[79.96827,29.0021],[79.97039,29.0018],[79.96933,28.98919],[79.96438,28.99094],[79.96728,28.99321],[79.96135,28.99513],[79.96647,28.99649]],[[79.96166,29.00172],[79.96024,29.00065],[79.96049,29.00341],[79.96166,29.00172]],[[80.00578,28.97809],[80.00502,28.97473],[79.99698,28.98129],[79.99318,28.9789],[79.99585,28.98663],[79.99779,28.98621],[79.99639,28.98215],[80.00174,28.98358],[80.00578,28.97809],[80.00588,28.97818],[80.00578,28.97809]],[[79.98853,28.97609],[79.99254,28.97253],[79.98585,28.9697],[79.98853,28.97609]],[[79.97428,28.97467],[79.97417,28.98106],[79.98215,28.98197],[79.97873,28.97488],[79.97639,28.97784],[79.97428,28.97467]],[[79.96004,28.97875],[79.95646,28.97905],[79.96069,28.98303],[79.96004,28.97875]],[[79.98954,28.96624],[79.99581,28.96321],[79.99333,28.95995],[79.99268,28.96292],[79.98716,28.9634],[79.98954,28.96624]],[[79.98841,28.95484],[79.99369,28.9593],[79.99214,28.95521],[79.98841,28.95484]],[[79.98799,28.95244],[79.98936,28.95047],[79.98174,28.94694],[79.98799,28.95244]],[[79.98474,28.96146],[79.97943,28.96528],[79.98606,28.96544],[79.98474,28.96146]],[[79.97553,28.93874],[79.98118,28.93783],[79.97629,28.93621],[79.97834,28.93406],[79.97439,28.93243],[79.97553,28.93874]],[[79.99289,28.98931],[79.99354,28.99205],[79.98946,28.99291],[79.98904,28.99637],[79.99455,28.99341],[79.99721,29.00045],[79.99625,28.99258],[80.00085,28.99241],[79.99811,28.98953],[79.99289,28.98931]],[[79.81777,28.92745],[79.81863,28.9305],[79.82111,28.92988],[79.81777,28.92745]]],[[[79.87288,28.92465],[79.87295,28.92262],[79.87334,28.92646],[79.87288,28.92465]]],[[[79.54614,29.004],[79.54718,29.00253],[79.54583,29.0058],[79.54614,29.004]]],[[[79.78127,29.06956],[79.7833,29.07174],[79.78279,29.07138],[79.78269,29.07111],[79.78248,29.07119],[79.78127,29.06965],[79.78127,29.06956]]],[[[79.44558,29.06302],[79.44429,29.06914],[79.44157,29.06965],[79.44314,29.06386],[79.44102,29.06559],[79.43543,29.05802],[79.44326,29.05316],[79.44873,29.05507],[79.44314,29.05812],[79.44558,29.06284],[79.44373,29.06133],[79.44547,29.06311],[79.44558,29.06302]]],[[[80.09963,29.07586],[80.09687,29.07434],[80.1005,29.07432],[80.09963,29.07586]]],[[[79.38239,29.06426],[79.38161,29.06858],[79.37783,29.06951],[79.37792,29.06141],[79.38099,29.06199],[79.37794,29.06382],[79.38136,29.06461],[79.38151,29.06289],[79.38493,29.06363],[79.38367,29.06611],[79.3826,29.06426],[79.3826,29.06417],[79.38239,29.06426]],[[79.37894,29.06855],[79.37904,29.06828],[79.37831,29.0689],[79.37894,29.06855]]],[[[79.78276,29.07408],[79.78265,29.07417],[79.78266,29.07345],[79.78276,29.07408]]],[[[79.41854,29.07137],[79.41417,29.07163],[79.415,29.06772],[79.41854,29.07137]]],[[[79.38229,29.07049],[79.38032,29.07218],[79.38135,29.06876],[79.38229,29.07049]]],[[[79.76712,29.07611],[79.76689,29.07755],[79.76498,29.07131],[79.76947,29.06671],[79.77236,29.0674],[79.7753,29.07421],[79.76912,29.07329],[79.76712,29.07611]]],[[[79.41634,29.07387],[79.41634,29.07396],[79.41624,29.07387],[79.41634,29.07387]]],[[[79.76689,29.07755],[79.767,29.07764],[79.76689,29.07764],[79.76689,29.07755]]],[[[79.42518,29.07352],[79.41875,29.06917],[79.42111,29.06493],[79.42518,29.07352]]],[[[79.65226,29.07663],[79.65226,29.07681],[79.65216,29.07681],[79.65226,29.07663]]],[[[79.40203,29.06955],[79.40349,29.07453],[79.40186,29.07149],[79.3981,29.07131],[79.39622,29.06668],[79.40203,29.06955]]],[[[79.4116,29.06858],[79.40891,29.07509],[79.4083,29.0635],[79.40467,29.06195],[79.4081,29.05974],[79.4117,29.06858],[79.4116,29.06858]]],[[[79.65215,29.07735],[79.64866,29.07335],[79.65096,29.07373],[79.65216,29.07681],[79.65215,29.07708],[79.65215,29.07735]]],[[[79.43918,29.08134],[79.43483,29.08085],[79.4413,29.07899],[79.43918,29.08134]]],[[[79.54442,29.08279],[79.54038,29.08136],[79.54375,29.07919],[79.54442,29.08279]]],[[[79.40186,29.08115],[79.40091,29.08339],[79.40003,29.07843],[79.40186,29.08115]]],[[[79.39863,29.08269],[79.40061,29.08526],[79.39812,29.08551],[79.39863,29.08269]]],[[[79.39783,29.08881],[79.39572,29.08883],[79.39784,29.08809],[79.39783,29.08881]]],[[[79.53685,29.08733],[79.54045,29.08609],[79.54049,29.09155],[79.53685,29.08733]]],[[[79.39606,29.0905],[79.39379,29.08777],[79.3981,29.08724],[79.39972,29.08929],[79.39606,29.0905]],[[79.39596,29.09014],[79.39899,29.08898],[79.39784,29.08809],[79.39461,29.08809],[79.39596,29.09014]]],[[[79.43363,29.08535],[79.43553,29.09141],[79.43237,29.09151],[79.42943,29.08699],[79.42639,29.0887],[79.42873,29.08644],[79.4274,29.08311],[79.43269,29.08188],[79.43462,29.08417],[79.43018,29.08654],[79.43363,29.08535]]],[[[79.40972,29.09067],[79.40505,29.091],[79.40561,29.08777],[79.40188,29.08676],[79.40609,29.08593],[79.40647,29.08792],[79.41011,29.08803],[79.40972,29.09067]]],[[[79.44906,29.09113],[79.44099,29.0923],[79.44069,29.08961],[79.44541,29.08867],[79.44593,29.08507],[79.453,29.08446],[79.45264,29.08111],[79.45562,29.08097],[79.45603,29.08824],[79.44627,29.08904],[79.44906,29.09113]]],[[[79.38946,29.09214],[79.38945,29.09223],[79.38935,29.09214],[79.38946,29.09214]]],[[[79.18091,29.08889],[79.183,29.09252],[79.18078,29.09348],[79.18091,29.08889]]],[[[79.33233,29.09523],[79.32776,29.09259],[79.32842,29.08477],[79.33213,29.08589],[79.33233,29.09523]]],[[[79.70021,29.09824],[79.69705,29.09914],[79.69636,29.09167],[79.69377,29.09368],[79.69433,29.08296],[79.70084,29.09344],[79.70021,29.09824]]],[[[79.53532,29.09716],[79.53411,29.09844],[79.53288,29.09269],[79.53202,29.09827],[79.52968,29.09796],[79.52884,29.08971],[79.53697,29.09036],[79.53532,29.09716]]],[[[79.45821,29.09764],[79.45708,29.09745],[79.45698,29.09744],[79.45699,29.09604],[79.45864,29.09593],[79.45813,29.09628],[79.45801,29.09719],[79.45801,29.09728],[79.45821,29.09764]]],[[[79.36539,29.09347],[79.36978,29.0916],[79.37054,29.08816],[79.36388,29.07575],[79.36462,29.07072],[79.3746,29.08651],[79.37287,29.09193],[79.37577,29.09681],[79.36731,29.09797],[79.36539,29.09347]]],[[[79.38544,29.09245],[79.38901,29.09568],[79.38882,29.09998],[79.38555,29.09904],[79.3835,29.09216],[79.38544,29.09245]]],[[[79.41558,29.09973],[79.41169,29.09948],[79.41423,29.09785],[79.41558,29.09973]]],[[[79.54092,29.10126],[79.54024,29.10392],[79.53866,29.10057],[79.54048,29.09215],[79.54005,29.09721],[79.54393,29.09954],[79.54092,29.10126]]],[[[79.54725,29.09873],[79.54596,29.1043],[79.54784,29.07693],[79.54986,29.07986],[79.54725,29.09873]]],[[[79.41848,29.10269],[79.41569,29.10081],[79.41713,29.09941],[79.41979,29.10008],[79.41848,29.10269]]],[[[79.70214,29.09697],[79.70447,29.10408],[79.70286,29.1019],[79.69519,29.10611],[79.69684,29.10514],[79.6936,29.10127],[79.7009,29.10061],[79.70214,29.09697]]],[[[79.50879,29.10298],[79.50898,29.10418],[79.50638,29.10478],[79.50845,29.10334],[79.50557,29.10252],[79.50498,29.09951],[79.50714,29.09735],[79.51031,29.09696],[79.50788,29.09784],[79.50879,29.10298]]],[[[79.69247,29.10129],[79.69305,29.10758],[79.6877,29.10284],[79.69054,29.09938],[79.68648,29.09159],[79.69186,29.08902],[79.68819,29.09095],[79.69235,29.09237],[79.69247,29.10129]]],[[[79.50313,29.10293],[79.50481,29.10658],[79.5033,29.10333],[79.50125,29.10537],[79.49918,29.09946],[79.50372,29.09761],[79.5016,29.0992],[79.50313,29.10293]]],[[[79.37973,29.10312],[79.37933,29.10563],[79.374,29.10152],[79.3738,29.10151],[79.37459,29.09958],[79.38176,29.10082],[79.37973,29.10312]]],[[[79.5325,29.10024],[79.53151,29.10789],[79.52974,29.09967],[79.5325,29.10024]]],[[[79.43708,29.10209],[79.43831,29.10454],[79.43513,29.10716],[79.42311,29.09268],[79.42528,29.09045],[79.43172,29.09683],[79.43666,29.09401],[79.43854,29.097],[79.44638,29.09612],[79.44709,29.09873],[79.45375,29.09692],[79.45271,29.10137],[79.45271,29.10146],[79.45307,29.10462],[79.44827,29.10469],[79.44617,29.09885],[79.44471,29.10019],[79.44461,29.10019],[79.44039,29.10059],[79.43906,29.10021],[79.43832,29.10156],[79.43708,29.10209],[79.43667,29.1019],[79.43657,29.10181],[79.43667,29.1019],[79.43708,29.10209]]],[[[79.37169,29.10465],[79.37541,29.10406],[79.37838,29.10721],[79.37169,29.10492],[79.37169,29.10465]]],[[[79.70503,29.11171],[79.7017,29.11204],[79.70097,29.10732],[79.70049,29.11153],[79.6968,29.10763],[79.70155,29.10521],[79.70503,29.11171]]],[[[79.43127,29.10918],[79.42804,29.11095],[79.42281,29.10471],[79.42618,29.1025],[79.43127,29.10918]]],[[[79.69749,29.1132],[79.69885,29.11631],[79.69265,29.11258],[79.69508,29.11053],[79.69749,29.1132]]],[[[79.41626,29.10626],[79.41848,29.11232],[79.41396,29.11341],[79.40715,29.10716],[79.41089,29.10327],[79.41648,29.10536],[79.42115,29.10568],[79.41752,29.10858],[79.41626,29.10626]]],[[[79.36599,29.11414],[79.36599,29.11432],[79.36589,29.11414],[79.36599,29.11414]]],[[[79.38437,29.11509],[79.38026,29.11201],[79.38353,29.10984],[79.38363,29.10994],[79.38646,29.11277],[79.38333,29.11288],[79.38437,29.11509]]],[[[79.45456,29.11677],[79.45112,29.11544],[79.45441,29.11435],[79.45456,29.11677]]],[[[79.4043,29.11524],[79.40305,29.11319],[79.40638,29.11152],[79.4088,29.11529],[79.40601,29.11705],[79.4043,29.11524]]],[[[79.49871,29.11747],[79.49497,29.11745],[79.49146,29.1074],[79.49866,29.09954],[79.50115,29.11161],[79.49821,29.10504],[79.49347,29.10712],[79.49777,29.11663],[79.49811,29.11408],[79.50026,29.11617],[79.50252,29.11472],[79.49871,29.11747]]],[[[79.53368,29.11586],[79.53241,29.11942],[79.53019,29.11852],[79.53013,29.10917],[79.5358,29.11058],[79.53368,29.11586]]],[[[79.39553,29.11766],[79.39408,29.11845],[79.39367,29.1164],[79.39553,29.11766]]],[[[79.38251,29.11588],[79.38392,29.11951],[79.38587,29.11763],[79.3842,29.12012],[79.38171,29.11834],[79.38251,29.11588]]],[[[79.01108,29.11579],[79.00746,29.11579],[79.00803,29.11198],[79.01108,29.11579]]],[[[79.45304,29.12059],[79.45371,29.11846],[79.45382,29.122],[79.44829,29.12162],[79.45303,29.12068],[79.45304,29.12059]]],[[[79.40889,29.12157],[79.40622,29.12154],[79.4081,29.1196],[79.40889,29.12157]]],[[[79.68793,29.12581],[79.68172,29.12314],[79.68112,29.11758],[79.67759,29.11989],[79.68026,29.12104],[79.67897,29.12472],[79.67592,29.11858],[79.68315,29.10842],[79.68594,29.10957],[79.68589,29.10688],[79.68916,29.1097],[79.69067,29.10657],[79.69434,29.10941],[79.68979,29.11037],[79.69232,29.11107],[79.69171,29.11328],[79.69752,29.12293],[79.69664,29.12562],[79.6922,29.11899],[79.69373,29.11771],[79.68874,29.11867],[79.69014,29.11706],[79.68685,29.1106],[79.68871,29.11664],[79.68596,29.11686],[79.68363,29.1132],[79.68117,29.11329],[79.67904,29.11557],[79.6824,29.11361],[79.68436,29.11621],[79.68346,29.11784],[79.68673,29.11978],[79.69199,29.11898],[79.69371,29.12525],[79.68914,29.12009],[79.68709,29.12372],[79.69081,29.12541],[79.68793,29.12581]]],[[[79.39732,29.11488],[79.40131,29.11534],[79.40164,29.11988],[79.39648,29.12484],[79.39649,29.12218],[79.39653,29.12475],[79.40088,29.12042],[79.39786,29.12021],[79.3998,29.11697],[79.39732,29.11488]]],[[[79.49695,29.12024],[79.49758,29.12621],[79.4952,29.12224],[79.49695,29.12024]]],[[[79.46098,29.12537],[79.46452,29.12332],[79.46411,29.12556],[79.46098,29.12537]]],[[[79.46877,29.12709],[79.46673,29.12312],[79.46961,29.124],[79.46877,29.12709],[79.46877,29.12691],[79.46877,29.12709]]],[[[79.51118,29.12604],[79.5118,29.12825],[79.50895,29.12368],[79.51118,29.12604]]],[[[79.69903,29.13142],[79.69518,29.12714],[79.70261,29.12504],[79.69903,29.13142]]],[[[79.4069,29.12691],[79.40428,29.12994],[79.40019,29.12693],[79.4069,29.12691]]],[[[79.36185,29.12934],[79.358,29.12914],[79.35926,29.1244],[79.36206,29.12898],[79.36185,29.12934]]],[[[79.34682,29.13078],[79.34682,29.13087],[79.34672,29.13078],[79.34682,29.13078]]],[[[79.37198,29.1319],[79.37198,29.13199],[79.37188,29.13199],[79.37198,29.1319]]],[[[79.58953,29.13517],[79.59139,29.13017],[79.59226,29.13392],[79.58953,29.13517]]],[[[79.46275,29.13502],[79.45582,29.13338],[79.45018,29.12588],[79.45788,29.12624],[79.45808,29.12897],[79.45379,29.12891],[79.45669,29.13174],[79.45853,29.12945],[79.46281,29.13031],[79.46275,29.13502]]],[[[79.3844,29.13277],[79.38616,29.135],[79.37731,29.12963],[79.38443,29.13124],[79.38243,29.13098],[79.3844,29.13268],[79.3844,29.13277]]],[[[79.02973,29.12785],[79.02884,29.13126],[79.02411,29.12915],[79.02486,29.1271],[79.02973,29.12785]]],[[[78.94571,29.13086],[78.94214,29.12964],[78.94633,29.12587],[78.94887,29.12953],[78.94571,29.13086]]],[[[79.52666,29.13294],[79.52628,29.13789],[79.52329,29.13893],[79.52465,29.13196],[79.52209,29.13341],[79.52179,29.12981],[79.52666,29.13294]]],[[[79.17973,29.13556],[79.17973,29.13565],[79.17963,29.13565],[79.17973,29.13556]]],[[[79.51038,29.1391],[79.50888,29.14083],[79.50619,29.13609],[79.5072,29.12752],[79.51009,29.13675],[79.50791,29.13889],[79.51038,29.1391]]],[[[79.58004,29.13877],[79.57613,29.14172],[79.57652,29.13892],[79.58004,29.13877]]],[[[79.37822,29.14046],[79.37822,29.14055],[79.37812,29.14046],[79.37822,29.14046]]],[[[79.37832,29.14055],[79.37832,29.14064],[79.37822,29.14055],[79.37832,29.14055]]],[[[79.35416,29.13692],[79.35178,29.14111],[79.35086,29.13747],[79.35416,29.13692]]],[[[79.46574,29.14402],[79.46564,29.14411],[79.46564,29.14402],[79.46574,29.14402]]],[[[79.33669,29.14067],[79.33666,29.1423],[79.33659,29.14067],[79.33669,29.14067]]],[[[79.53387,29.1455],[79.53173,29.14689],[79.53427,29.13779],[79.53387,29.1455]]],[[[79.46814,29.14152],[79.46281,29.14269],[79.46508,29.14663],[79.46304,29.14787],[79.45372,29.1474],[79.45338,29.14238],[79.45804,29.13746],[79.46626,29.14189],[79.47057,29.14003],[79.46814,29.14152]]],[[[79.406,29.13854],[79.40087,29.14134],[79.40411,29.14535],[79.40163,29.14719],[79.39271,29.14377],[79.39777,29.1497],[79.39586,29.15096],[79.39,29.14605],[79.38572,29.14763],[79.38114,29.1441],[79.3854,29.13939],[79.39138,29.13787],[79.38873,29.13714],[79.38989,29.13441],[79.39352,29.13487],[79.39829,29.13885],[79.40132,29.13523],[79.406,29.13854]]],[[[79.03393,29.14451],[79.03787,29.14555],[79.03391,29.14605],[79.03082,29.14618],[79.03393,29.14451]]],[[[79.08757,29.14715],[79.08052,29.1488],[79.09604,29.14063],[79.10177,29.13384],[79.1111,29.12866],[79.11745,29.13245],[79.11693,29.13635],[79.10641,29.13667],[79.10599,29.14069],[79.08757,29.14715]]],[[[79.61398,29.15809],[79.61398,29.15827],[79.61388,29.15827],[79.61398,29.15809]]],[[[79.61502,29.1571],[79.61365,29.15989],[79.61273,29.15952],[79.61377,29.15854],[79.61398,29.15827],[79.61408,29.15809],[79.61502,29.1571]]],[[[79.46942,29.15566],[79.47195,29.15853],[79.46966,29.15981],[79.46684,29.15668],[79.46942,29.15566]]],[[[79.5697,29.15883],[79.56776,29.1616],[79.57035,29.1533],[79.5733,29.15193],[79.5697,29.15883]]],[[[79.37272,29.15655],[79.36979,29.16023],[79.3679,29.15586],[79.36756,29.15143],[79.37024,29.15128],[79.36887,29.15298],[79.36928,29.15307],[79.37121,29.1509],[79.37217,29.15257],[79.37272,29.15655]]],[[[79.33684,29.15719],[79.33924,29.15771],[79.33911,29.15095],[79.34473,29.15335],[79.34317,29.15778],[79.33622,29.16075],[79.33192,29.15613],[79.33562,29.156],[79.33408,29.15625],[79.33428,29.15634],[79.33673,29.15719],[79.33684,29.15719]]],[[[79.0631,29.15618],[79.05855,29.15642],[79.07668,29.15082],[79.07505,29.15332],[79.0631,29.15618]]],[[[79.32168,29.15989],[79.32528,29.15993],[79.32015,29.16126],[79.31904,29.15941],[79.32168,29.15989]]],[[[79.46323,29.16102],[79.46398,29.16407],[79.46096,29.1612],[79.46323,29.16102]]],[[[79.58359,29.13304],[79.58803,29.12615],[79.59235,29.12701],[79.5916,29.12989],[79.58731,29.13051],[79.58326,29.14359],[79.5823,29.1389],[79.58021,29.14515],[79.58222,29.14866],[79.57604,29.15279],[79.57722,29.15819],[79.5749,29.15728],[79.57189,29.16648],[79.56845,29.16703],[79.5741,29.15257],[79.57743,29.15077],[79.57231,29.1492],[79.57793,29.1443],[79.58359,29.13304]]],[[[79.47288,29.1655],[79.46997,29.16519],[79.47399,29.16315],[79.47288,29.1655]]],[[[79.45546,29.16629],[79.45794,29.16779],[79.45551,29.16835],[79.45546,29.16629]]],[[[79.93886,29.16872],[79.93928,29.16591],[79.93642,29.16555],[79.93809,29.16376],[79.94558,29.16351],[79.94984,29.16614],[79.94961,29.17341],[79.94696,29.17292],[79.94725,29.16868],[79.94272,29.1686],[79.9441,29.17236],[79.93886,29.16891],[79.93886,29.16872]]],[[[79.29723,29.16499],[79.2971,29.16697],[79.29686,29.16518],[79.29145,29.16681],[79.29361,29.16462],[79.28853,29.16076],[79.28903,29.15767],[79.291,29.1567],[79.29382,29.15706],[79.29723,29.16499]]],[[[79.4667,29.16908],[79.46615,29.17087],[79.46126,29.16825],[79.46258,29.16593],[79.45928,29.16241],[79.4667,29.16908]]],[[[79.05185,29.16462],[79.05213,29.16598],[79.05081,29.16542],[79.05185,29.16462]]],[[[79.33862,29.16777],[79.33483,29.16994],[79.33378,29.16825],[79.3423,29.16249],[79.34706,29.16715],[79.34716,29.16715],[79.34282,29.16863],[79.33903,29.16804],[79.33862,29.16777]]],[[[79.05325,29.16663],[79.05314,29.16681],[79.05304,29.16681],[79.05325,29.16663]]],[[[79.93088,29.17435],[79.93028,29.17765],[79.92736,29.17639],[79.92568,29.17119],[79.92916,29.17145],[79.92926,29.17163],[79.92916,29.17145],[79.92978,29.17145],[79.93088,29.17435]]],[[[79.05106,29.16831],[79.05106,29.1684],[79.05096,29.16831],[79.05106,29.16831]]],[[[79.33215,29.16706],[79.32242,29.17285],[79.32022,29.1711],[79.31376,29.17287],[79.31383,29.16854],[79.30885,29.15949],[79.31035,29.15478],[79.30919,29.1599],[79.31451,29.16476],[79.3144,29.16485],[79.3147,29.16566],[79.31481,29.1653],[79.3144,29.16485],[79.31451,29.16476],[79.31634,29.16275],[79.31471,29.16174],[79.31297,29.15824],[79.31523,29.16164],[79.31835,29.16143],[79.3188,29.16635],[79.3189,29.16626],[79.32161,29.17022],[79.32486,29.16942],[79.32026,29.16437],[79.3253,29.16423],[79.328,29.16796],[79.33215,29.16706]]],[[[79.33371,29.17267],[79.33267,29.17329],[79.33508,29.17061],[79.33548,29.17125],[79.33423,29.17204],[79.33381,29.17258],[79.33371,29.17267]]],[[[79.46166,29.17361],[79.45956,29.17466],[79.45636,29.16949],[79.45994,29.1695],[79.46166,29.17361]]],[[[79.05314,29.16681],[79.05641,29.16785],[79.05546,29.16946],[79.05506,29.16882],[79.05269,29.16933],[79.05206,29.16959],[79.05158,29.16823],[79.05314,29.16681]]],[[[79.14458,29.16735],[79.14089,29.17153],[79.14062,29.16483],[79.14458,29.16735]]],[[[79.32998,29.17416],[79.32738,29.17373],[79.33155,29.17008],[79.33226,29.17346],[79.32998,29.17416]]],[[[79.28004,29.17876],[79.28012,29.18011],[79.27974,29.17839],[79.28004,29.17867],[79.28004,29.17876]]],[[[79.5661,29.18394],[79.56507,29.18618],[79.56415,29.17083],[79.5665,29.16426],[79.5661,29.18394]]],[[[79.48392,29.18389],[79.48307,29.18559],[79.47972,29.18263],[79.48392,29.18389]]],[[[79.46384,29.18574],[79.46243,29.18702],[79.45951,29.18284],[79.46249,29.18276],[79.46384,29.18574]]],[[[79.26296,29.1853],[79.26268,29.18273],[79.26512,29.18349],[79.26296,29.1853]]],[[[79.59363,29.18445],[79.59157,29.19065],[79.59062,29.18615],[79.59363,29.18445]]],[[[79.26607,29.18729],[79.26552,29.17992],[79.26816,29.18641],[79.26607,29.18729]]],[[[79.59697,29.18803],[79.59574,29.19138],[79.59533,29.18397],[79.59697,29.18803]]],[[[79.5827,29.1912],[79.57964,29.19022],[79.58286,29.18583],[79.5827,29.1912]]],[[[79.00583,29.18651],[79.00393,29.18799],[79.00225,29.18608],[79.00583,29.18651]]],[[[79.58487,29.19668],[79.58466,29.19685],[79.58466,29.19676],[79.58487,29.19668]]],[[[79.58466,29.19685],[79.58456,29.19694],[79.58456,29.19685],[79.58466,29.19685]]],[[[79.40074,29.19307],[79.40412,29.19117],[79.39967,29.19521],[79.39921,29.19515],[79.39742,29.19252],[79.39912,29.19133],[79.39837,29.19378],[79.39891,29.19408],[79.40035,29.19329],[79.40056,29.19365],[79.40105,29.19298],[79.40074,29.19307]]],[[[79.26297,29.19694],[79.26187,29.19453],[79.26469,29.19402],[79.26297,29.19694]]],[[[79.44708,29.20246],[79.44667,29.20209],[79.44667,29.202],[79.44708,29.20246]]],[[[79.07067,29.19702],[79.07146,29.19874],[79.06798,29.19547],[79.07067,29.19702]]],[[[79.00881,29.20008],[79.00967,29.20174],[79.00646,29.20152],[79.00881,29.20008]]],[[[79.45868,29.21026],[79.45868,29.21035],[79.45858,29.21026],[79.45868,29.21026]]],[[[79.45972,29.21009],[79.45868,29.21044],[79.45868,29.21035],[79.45868,29.21026],[79.46047,29.20987],[79.45982,29.21009],[79.45972,29.21009]]],[[[79.57344,29.21253],[79.57333,29.21298],[79.57422,29.20798],[79.57344,29.21253]]],[[[79.44634,29.20335],[79.44444,29.20712],[79.43212,29.2123],[79.43246,29.20346],[79.44161,29.20357],[79.44329,29.20142],[79.44449,29.20342],[79.4447,29.20342],[79.44634,29.20335]],[[79.43663,29.20622],[79.43269,29.20528],[79.43546,29.20882],[79.43663,29.20622]]],[[[79.57384,29.20585],[79.57021,29.2178],[79.56634,29.21272],[79.57031,29.19577],[79.57111,29.20586],[79.57569,29.20247],[79.57903,29.19245],[79.58225,29.1958],[79.58498,29.1845],[79.58955,29.1813],[79.58441,29.18136],[79.586,29.16416],[79.58399,29.17505],[79.58084,29.17276],[79.57841,29.17667],[79.57794,29.18888],[79.57299,29.19266],[79.56594,29.1936],[79.56733,29.18914],[79.56929,29.1887],[79.56982,29.19259],[79.57383,29.18834],[79.57095,29.18819],[79.57313,29.18354],[79.56834,29.17661],[79.56822,29.17019],[79.57338,29.16748],[79.57614,29.16198],[79.57709,29.1814],[79.5766,29.16663],[79.58268,29.15014],[79.58414,29.15774],[79.58025,29.1676],[79.58075,29.17023],[79.58385,29.1696],[79.58134,29.16725],[79.58557,29.15816],[79.58484,29.14931],[79.58865,29.13847],[79.59062,29.14109],[79.58857,29.14306],[79.59358,29.14202],[79.59426,29.14519],[79.58779,29.14504],[79.58812,29.15028],[79.59126,29.14661],[79.5938,29.1497],[79.59593,29.1437],[79.59128,29.13699],[79.59463,29.13329],[79.59428,29.13681],[79.59676,29.13156],[79.5994,29.13289],[79.59943,29.13823],[79.60596,29.14275],[79.60454,29.14693],[79.60668,29.14294],[79.60754,29.14677],[79.61275,29.14581],[79.61117,29.14912],[79.61355,29.14712],[79.61437,29.15397],[79.61679,29.14791],[79.61497,29.14546],[79.62002,29.14779],[79.62015,29.15075],[79.61523,29.15666],[79.61502,29.1571],[79.61253,29.15915],[79.61022,29.16559],[79.60598,29.16618],[79.6026,29.17078],[79.59658,29.17514],[79.59648,29.17478],[79.59492,29.17621],[79.59533,29.17621],[79.59564,29.17648],[79.59064,29.18085],[79.58582,29.19524],[79.58466,29.19676],[79.58456,29.19685],[79.58456,29.19694],[79.58216,29.19926],[79.58072,29.1997],[79.57666,29.203],[79.57489,29.20433],[79.57582,29.20389],[79.57446,29.20559],[79.57384,29.20585]],[[79.57111,29.21158],[79.56988,29.20741],[79.56806,29.21156],[79.57111,29.21158]],[[79.59041,29.16437],[79.59019,29.179],[79.59261,29.17624],[79.59185,29.16461],[79.59659,29.16308],[79.59529,29.15645],[79.59477,29.16109],[79.59041,29.16437]],[[79.59338,29.17066],[79.59395,29.17353],[79.59961,29.17096],[79.5972,29.16721],[79.59597,29.1708],[79.59338,29.17066]],[[79.59812,29.16435],[79.59841,29.1669],[79.60264,29.15725],[79.60121,29.15409],[79.6051,29.14931],[79.60221,29.14704],[79.59812,29.16435]],[[79.60347,29.16365],[79.60253,29.16685],[79.60844,29.15704],[79.60348,29.15984],[79.60545,29.16163],[79.60172,29.16289],[79.60347,29.16365]],[[79.60483,29.1545],[79.60563,29.1524],[79.6036,29.15463],[79.60535,29.15698],[79.60686,29.15509],[79.60483,29.1545]],[[79.59923,29.14748],[79.60356,29.1443],[79.59862,29.13834],[79.5972,29.14092],[79.60098,29.1443],[79.59923,29.14748]],[[79.59321,29.15174],[79.58983,29.15552],[79.58872,29.16427],[79.59321,29.15174]],[[79.59669,29.15201],[79.59595,29.15575],[79.59878,29.15256],[79.59669,29.15201]]],[[[79.57739,29.20219],[79.57749,29.2021],[79.57771,29.20147],[79.57892,29.19838],[79.57749,29.2021],[79.57739,29.20219]]],[[[78.98134,29.21027],[78.97916,29.20985],[78.98213,29.20798],[78.98134,29.21027]]],[[[79.21028,29.21257],[79.20669,29.21388],[79.20843,29.21129],[79.21028,29.21257]]],[[[79.44081,29.21466],[79.44292,29.21675],[79.4404,29.21776],[79.43882,29.21439],[79.44081,29.21466]]],[[[79.56515,29.21961],[79.55907,29.21813],[79.5615,29.21803],[79.56162,29.21416],[79.55598,29.2182],[79.55829,29.21159],[79.56233,29.21172],[79.56431,29.20625],[79.56515,29.21961]]],[[[79.90222,29.22309],[79.90051,29.22125],[79.90312,29.22144],[79.90222,29.22309]]],[[[79.26025,29.21654],[79.25689,29.21306],[79.26109,29.211],[79.26025,29.21654]]],[[[79.4049,29.21887],[79.4035,29.2162],[79.40964,29.2145],[79.4049,29.21887]]],[[[79.45202,29.21863],[79.44884,29.21918],[79.44952,29.21577],[79.45202,29.21863]]],[[[79.25061,29.21654],[79.24897,29.21625],[79.24887,29.21625],[79.24866,29.21607],[79.2443,29.21028],[79.25378,29.20567],[79.25679,29.21289],[79.25328,29.21685],[79.24861,29.21484],[79.25061,29.21654]]],[[[79.43469,29.22105],[79.42878,29.21242],[79.43342,29.21481],[79.43469,29.22105]]],[[[79.5698,29.22005],[79.56845,29.22402],[79.56692,29.21962],[79.5698,29.22005]]],[[[79.5507,29.21693],[79.55426,29.22021],[79.55366,29.22487],[79.5507,29.21693]]],[[[79.42752,29.22221],[79.41883,29.21918],[79.41768,29.21317],[79.42577,29.21335],[79.42465,29.21991],[79.42752,29.22221]]],[[[79.45082,29.22205],[79.45036,29.22455],[79.44547,29.22195],[79.44754,29.21925],[79.45082,29.22205]]],[[[79.22959,29.21879],[79.22719,29.22086],[79.23012,29.22349],[79.22685,29.22124],[79.22825,29.21814],[79.22959,29.21879]]],[[[79.41123,29.22557],[79.40936,29.22701],[79.40782,29.22447],[79.41123,29.22557]]],[[[79.31509,29.22448],[79.31062,29.22284],[79.31444,29.21935],[79.32017,29.22433],[79.31509,29.22448]]],[[[79.41222,29.21549],[79.41476,29.2155],[79.41448,29.21875],[79.41156,29.22189],[79.41639,29.22388],[79.41619,29.22091],[79.4183,29.22347],[79.41534,29.22733],[79.41026,29.22264],[79.40728,29.2231],[79.4102,29.22195],[79.41086,29.21674],[79.41222,29.21549]]],[[[79.56719,29.2291],[79.56339,29.23072],[79.5646,29.21979],[79.56813,29.22474],[79.56719,29.2291]]],[[[79.46543,29.23024],[79.45987,29.23169],[79.46104,29.22929],[79.46543,29.23024]]],[[[79.42958,29.23023],[79.42868,29.22859],[79.43115,29.23017],[79.42677,29.23227],[79.42937,29.23067],[79.42947,29.23068],[79.42978,29.23032],[79.42958,29.23023]]],[[[79.41483,29.23267],[79.41473,29.23276],[79.41473,29.23267],[79.41483,29.23267]]],[[[79.41473,29.23267],[79.41412,29.23203],[79.41611,29.23342],[79.41614,29.23462],[79.41804,29.23475],[79.41679,29.23102],[79.42068,29.23018],[79.41677,29.2295],[79.42137,29.22896],[79.41788,29.2362],[79.41506,29.23435],[79.41473,29.23276],[79.41483,29.23267],[79.41473,29.23267]]],[[[78.97411,29.23128],[78.9789,29.23536],[78.97712,29.23706],[78.97411,29.23128]]],[[[79.10673,29.24364],[79.10743,29.24455],[79.10733,29.24455],[79.10673,29.24364]]],[[[79.92388,29.25362],[79.92467,29.25131],[79.92544,29.25282],[79.92388,29.25362]]],[[[79.26488,29.24876],[79.26381,29.24473],[79.26476,29.24498],[79.26613,29.24761],[79.26436,29.24537],[79.26488,29.24876]]],[[[79.25648,29.24667],[79.25592,29.24962],[79.25375,29.24703],[79.25243,29.24842],[79.25,29.2488],[79.25015,29.24352],[79.25703,29.24157],[79.25452,29.23654],[79.26028,29.23595],[79.26217,29.24115],[79.25648,29.24667]]],[[[79.06991,29.24889],[79.07055,29.24745],[79.07065,29.24754],[79.06991,29.24889]]],[[[78.98856,29.2498],[78.9855,29.24865],[78.98722,29.2443],[78.99238,29.24807],[78.98856,29.2498]]],[[[79.44827,29.25959],[79.44837,29.25968],[79.44827,29.25968],[79.44827,29.25959]]],[[[79.44817,29.25968],[79.44667,29.25565],[79.44973,29.25282],[79.45138,29.25508],[79.44889,29.25978],[79.44827,29.25959],[79.44817,29.25968]]],[[[79.90297,29.26545],[79.90287,29.26554],[79.90276,29.26554],[79.90308,29.26518],[79.90307,29.26536],[79.90297,29.26545]]],[[[79.20033,29.25675],[79.20215,29.25601],[79.20265,29.25922],[79.20033,29.25675]]],[[[79.4562,29.26221],[79.45267,29.26042],[79.45488,29.26144],[79.45447,29.25458],[79.4562,29.26221]]],[[[79.90307,29.26536],[79.90647,29.26584],[79.9012,29.26742],[79.9012,29.26724],[79.90287,29.26554],[79.90297,29.26545],[79.90307,29.26536]]],[[[79.12216,29.26082],[79.12215,29.261],[79.12205,29.261],[79.12195,29.26091],[79.12185,29.26091],[79.12164,29.2609],[79.12164,29.26081],[79.12226,29.26082],[79.12216,29.26082]]],[[[79.32884,29.26244],[79.32778,29.26521],[79.32426,29.25403],[79.33125,29.26355],[79.32884,29.26244]]],[[[79.76346,29.26974],[79.76223,29.26991],[79.76223,29.26982],[79.76285,29.2691],[79.7653,29.2677],[79.76357,29.26974],[79.76346,29.26974]]],[[[79.74901,29.27294],[79.74949,29.27661],[79.7487,29.27339],[79.74901,29.27294]]],[[[79.34662,29.26478],[79.34821,29.27108],[79.34021,29.26529],[79.33834,29.26628],[79.34268,29.26972],[79.34275,29.27456],[79.34044,29.27143],[79.33652,29.27361],[79.33426,29.26882],[79.33388,29.2744],[79.32935,29.26989],[79.33052,29.26434],[79.33194,29.26843],[79.33359,29.26574],[79.33927,29.27085],[79.33248,29.26136],[79.33595,29.25974],[79.33412,29.257],[79.33167,29.25832],[79.33045,29.2534],[79.32535,29.2511],[79.32392,29.24686],[79.32312,29.24842],[79.31646,29.22919],[79.33113,29.22327],[79.3319,29.22755],[79.33549,29.22464],[79.33351,29.22302],[79.33804,29.22235],[79.35201,29.22433],[79.35266,29.22689],[79.35329,29.22466],[79.36832,29.22697],[79.36558,29.23126],[79.36016,29.22736],[79.36526,29.23153],[79.36395,29.23595],[79.36663,29.23566],[79.3639,29.24049],[79.36065,29.2337],[79.35755,29.2322],[79.3569,29.23598],[79.35383,29.23513],[79.35258,29.23033],[79.35115,29.23985],[79.34713,29.23523],[79.34475,29.23657],[79.34796,29.24548],[79.34563,29.24566],[79.34095,29.2375],[79.34191,29.23351],[79.338,29.23523],[79.33984,29.23971],[79.33503,29.23626],[79.34055,29.24474],[79.33629,29.24713],[79.3408,29.25111],[79.34467,29.2498],[79.3432,29.24674],[79.34823,29.2505],[79.34889,29.25459],[79.34228,29.2511],[79.34359,29.2559],[79.34073,29.25356],[79.33834,29.255],[79.34125,29.25667],[79.33982,29.25903],[79.33682,29.25683],[79.33876,29.26144],[79.34097,29.26277],[79.34101,29.25959],[79.34467,29.25984],[79.35085,29.26653],[79.34662,29.26478]],[[79.33123,29.25272],[79.3344,29.2549],[79.33196,29.25247],[79.33255,29.2463],[79.32827,29.24545],[79.32667,29.23863],[79.32156,29.23889],[79.32163,29.24261],[79.32547,29.24166],[79.32556,29.24557],[79.3311,29.24855],[79.33123,29.25272]],[[79.33471,29.25415],[79.33779,29.25299],[79.33451,29.25037],[79.33471,29.25415]],[[79.35075,29.23073],[79.35055,29.2253],[79.34772,29.22667],[79.35075,29.23073]],[[79.35657,29.22809],[79.35745,29.23093],[79.35948,29.23195],[79.36162,29.23043],[79.35844,29.23075],[79.35962,29.22691],[79.35657,29.22809],[79.35647,29.22808],[79.35657,29.22809]]],[[[79.77804,29.27303],[79.7771,29.27832],[79.77447,29.27904],[79.77447,29.27895],[79.77459,29.27778],[79.77398,29.27678],[79.77398,29.27687],[79.77346,29.27741],[79.77335,29.27741],[79.77131,29.2764],[79.77404,29.27191],[79.77568,29.27458],[79.77804,29.27303]]],[[[79.2618,29.27476],[79.25853,29.27451],[79.2609,29.27118],[79.2618,29.27476]]],[[[79.33111,29.27586],[79.33084,29.27167],[79.33319,29.27698],[79.33111,29.27586]]],[[[79.13149,29.27367],[79.1324,29.27486],[79.13209,29.27476],[79.13149,29.27367]]],[[[79.34435,29.27783],[79.34464,29.27946],[79.34209,29.27799],[79.34477,29.27766],[79.34435,29.27783]]],[[[79.24847,29.27571],[79.24718,29.27876],[79.24586,29.2764],[79.25136,29.2721],[79.25814,29.27466],[79.24847,29.27571]]],[[[80.29001,29.28918],[80.28517,29.28907],[80.28744,29.288],[80.2896,29.28882],[80.29001,29.28918]]],[[[79.16666,29.25801],[79.16332,29.25778],[79.16603,29.25599],[79.16331,29.25374],[79.16634,29.25235],[79.16315,29.25068],[79.16138,29.26441],[79.14707,29.27169],[79.14359,29.26819],[79.14442,29.27807],[79.1411,29.27949],[79.13837,29.28036],[79.13091,29.27177],[79.12716,29.26856],[79.12697,29.26802],[79.12686,29.26801],[79.12676,29.26783],[79.12385,29.26382],[79.12271,29.26417],[79.12402,29.2659],[79.12609,29.27339],[79.1146,29.27462],[79.10917,29.26321],[79.10951,29.24945],[79.10793,29.24739],[79.11168,29.24557],[79.10764,29.24126],[79.11392,29.23811],[79.10924,29.23082],[79.10694,29.23136],[79.10843,29.23866],[79.10653,29.23804],[79.10593,29.23713],[79.10268,29.23465],[79.10351,29.23439],[79.1034,29.23439],[79.1031,29.23429],[79.1012,29.22987],[79.1068,29.23136],[79.10331,29.22521],[79.1008,29.22476],[79.10094,29.22849],[79.09811,29.22565],[79.09811,29.22574],[79.09811,29.22565],[79.09741,29.22501],[79.09621,29.2231],[79.09495,29.21893],[79.09335,29.2162],[79.09283,29.21646],[79.08403,29.2084],[79.08404,29.20831],[79.08109,29.20317],[79.08069,29.20582],[79.07644,29.20444],[79.07147,29.19514],[79.0658,29.19186],[79.05642,29.16497],[79.04613,29.16283],[79.04908,29.1589],[79.05348,29.16226],[79.06699,29.1625],[79.06808,29.1567],[79.07365,29.16021],[79.078,29.15329],[79.08897,29.14878],[79.0917,29.15414],[79.09687,29.15593],[79.09107,29.14782],[79.09736,29.14619],[79.09759,29.14822],[79.10184,29.14853],[79.10219,29.14333],[79.10611,29.14185],[79.1084,29.14435],[79.10683,29.14733],[79.11172,29.14802],[79.11162,29.15369],[79.107,29.14814],[79.10396,29.15115],[79.10501,29.1555],[79.09986,29.15962],[79.10919,29.15757],[79.10964,29.1544],[79.11425,29.15529],[79.11386,29.14446],[79.11057,29.14584],[79.11014,29.14193],[79.12204,29.13662],[79.12748,29.14054],[79.12699,29.14373],[79.13122,29.13947],[79.12406,29.13719],[79.12471,29.13459],[79.13375,29.13523],[79.1323,29.13162],[79.13867,29.13054],[79.13376,29.13008],[79.12469,29.13421],[79.12113,29.13444],[79.12012,29.12937],[79.11647,29.13076],[79.11307,29.1276],[79.1224,29.12708],[79.12493,29.13314],[79.13818,29.12606],[79.14019,29.12985],[79.14076,29.1251],[79.14251,29.12734],[79.14901,29.12663],[79.14107,29.12493],[79.14088,29.1222],[79.15344,29.11472],[79.15081,29.10329],[79.15312,29.10139],[79.14827,29.09901],[79.15148,29.09528],[79.14326,29.08671],[79.14213,29.08176],[79.1421,29.07753],[79.14564,29.07765],[79.14277,29.0765],[79.14295,29.06597],[79.1491,29.05824],[79.15418,29.06098],[79.15115,29.05736],[79.15528,29.0542],[79.15707,29.05705],[79.16206,29.04885],[79.17702,29.04579],[79.17927,29.05317],[79.18118,29.04898],[79.17813,29.04494],[79.1794,29.04195],[79.173,29.04524],[79.16913,29.04238],[79.17094,29.03995],[79.16794,29.03824],[79.16879,29.03233],[79.16458,29.03174],[79.1648,29.02877],[79.16244,29.0298],[79.1652,29.01786],[79.17361,29.01788],[79.17575,29.01549],[79.17154,29.01193],[79.18109,29.0129],[79.18774,29.01895],[79.19332,29.01543],[79.19083,29.02322],[79.19443,29.01968],[79.20431,29.02084],[79.21177,29.02754],[79.23154,29.01512],[79.24487,29.01009],[79.25034,29.01147],[79.24769,29.00339],[79.25915,28.99239],[79.28059,28.98048],[79.28069,28.98283],[79.28665,28.98039],[79.286,28.97791],[79.30726,28.96651],[79.31278,28.9691],[79.3098,28.97165],[79.31184,28.97708],[79.31968,28.9728],[79.32051,28.97227],[79.3503,28.97011],[79.35054,28.97454],[79.34806,28.97908],[79.35305,28.98094],[79.34984,28.9831],[79.35555,28.98371],[79.34039,28.98669],[79.33706,28.984],[79.33862,28.98911],[79.33007,28.99051],[79.3289,28.99335],[79.32206,28.98914],[79.3266,28.99322],[79.31968,28.99522],[79.31602,29.004],[79.31972,29.00463],[79.32092,29.00083],[79.32495,29.00451],[79.32562,29.00073],[79.32299,28.99982],[79.32691,28.9949],[79.33004,28.99689],[79.33177,28.99309],[79.33649,28.99298],[79.34217,28.98888],[79.34579,28.99212],[79.34899,28.9912],[79.34666,28.98961],[79.34844,28.98656],[79.35548,28.9889],[79.35575,28.98422],[79.35826,28.98974],[79.36249,28.99099],[79.36853,28.98869],[79.36759,28.98666],[79.37189,28.98743],[79.3712,28.99125],[79.37812,28.98773],[79.37845,28.99784],[79.3859,29.00042],[79.3861,29.00729],[79.38073,29.00871],[79.38028,29.01533],[79.38276,29.01743],[79.37329,29.01655],[79.36916,29.02095],[79.37496,29.01915],[79.37507,29.02382],[79.37712,29.02379],[79.37707,29.02082],[79.38228,29.01794],[79.38561,29.02575],[79.37751,29.02382],[79.37765,29.02889],[79.37518,29.03092],[79.3698,29.02954],[79.36905,29.03361],[79.36522,29.03236],[79.36534,29.03532],[79.36352,29.03379],[79.36592,29.03034],[79.36109,29.03004],[79.36004,29.03771],[79.35724,29.03612],[79.35529,29.03954],[79.35245,29.03813],[79.35155,29.04171],[79.34981,29.04036],[79.35165,29.04589],[79.35463,29.04651],[79.35479,29.04862],[79.34896,29.04658],[79.34688,29.04886],[79.34319,29.04362],[79.33973,29.04461],[79.34267,29.04679],[79.34087,29.04925],[79.33863,29.04919],[79.34053,29.04676],[79.33714,29.04634],[79.33332,29.04914],[79.32959,29.04654],[79.32438,29.04755],[79.32578,29.04394],[79.32127,29.04293],[79.3242,29.04217],[79.32417,29.03896],[79.32021,29.03837],[79.32245,29.03354],[79.32601,29.03681],[79.33143,29.03707],[79.32533,29.0345],[79.32433,29.03059],[79.31367,29.0376],[79.3135,29.04081],[79.30798,29.03938],[79.30793,29.04154],[79.31328,29.04125],[79.31478,29.04388],[79.31123,29.04486],[79.31442,29.04892],[79.31116,29.0504],[79.31431,29.05155],[79.31621,29.05721],[79.31318,29.05747],[79.32272,29.05809],[79.32516,29.0627],[79.32165,29.06422],[79.32661,29.06816],[79.3254,29.07182],[79.31778,29.07398],[79.32525,29.07388],[79.32593,29.08819],[79.32173,29.09063],[79.32258,29.09255],[79.31048,29.09437],[79.30954,29.09641],[79.32588,29.09365],[79.33235,29.10015],[79.33431,29.08652],[79.33117,29.08299],[79.32841,29.084],[79.32788,29.08007],[79.33166,29.07919],[79.33346,29.08261],[79.33894,29.07974],[79.3322,29.07921],[79.32994,29.07614],[79.32894,29.06943],[79.33551,29.07051],[79.3278,29.06583],[79.32787,29.06021],[79.3255,29.05967],[79.33082,29.05217],[79.33331,29.05006],[79.3469,29.05698],[79.35029,29.04963],[79.35081,29.05359],[79.35701,29.05505],[79.35594,29.05757],[79.36346,29.05881],[79.35838,29.05563],[79.35928,29.05258],[79.35492,29.05248],[79.35501,29.04927],[79.36273,29.0509],[79.36343,29.04624],[79.3699,29.048],[79.36889,29.04402],[79.37528,29.0422],[79.37433,29.0445],[79.37678,29.04484],[79.37756,29.04124],[79.38141,29.04525],[79.38496,29.04426],[79.38246,29.04981],[79.3786,29.0492],[79.38144,29.05234],[79.38504,29.05165],[79.38451,29.05355],[79.37656,29.05191],[79.37249,29.05584],[79.37616,29.05829],[79.37517,29.06018],[79.37063,29.05819],[79.37023,29.06437],[79.37733,29.0619],[79.37657,29.07242],[79.38057,29.07861],[79.37683,29.07949],[79.36961,29.06974],[79.36805,29.07242],[79.36573,29.06574],[79.36198,29.07574],[79.35906,29.07606],[79.35981,29.08233],[79.36648,29.09273],[79.36201,29.09159],[79.36208,29.09415],[79.35562,29.09434],[79.36153,29.09744],[79.35436,29.09952],[79.36046,29.10791],[79.35382,29.11038],[79.35222,29.10629],[79.35269,29.11073],[79.35917,29.11303],[79.36789,29.1072],[79.37322,29.10822],[79.37158,29.11148],[79.37591,29.1138],[79.37404,29.11598],[79.3783,29.12223],[79.37583,29.1261],[79.37797,29.12669],[79.37224,29.12857],[79.3791,29.13393],[79.38069,29.14031],[79.37629,29.14549],[79.37037,29.14307],[79.37037,29.14298],[79.37037,29.14307],[79.36753,29.14692],[79.36367,29.14284],[79.36269,29.13457],[79.37523,29.13918],[79.36964,29.13016],[79.35705,29.1208],[79.3576,29.12487],[79.35636,29.12558],[79.35636,29.12567],[79.35656,29.12585],[79.35656,29.12594],[79.35656,29.12603],[79.34977,29.12613],[79.35067,29.12776],[79.35033,29.12992],[79.35299,29.13381],[79.35128,29.13481],[79.34801,29.13061],[79.34924,29.13343],[79.34974,29.13434],[79.34727,29.13467],[79.34642,29.13628],[79.34551,29.13247],[79.34338,29.13794],[79.34517,29.13094],[79.3404,29.13395],[79.33769,29.13635],[79.33332,29.13405],[79.33571,29.13759],[79.33305,29.13897],[79.32167,29.13593],[79.31815,29.14306],[79.31663,29.14083],[79.30997,29.14881],[79.30803,29.1479],[79.30639,29.15834],[79.30592,29.15554],[79.29927,29.15987],[79.29964,29.16222],[79.29241,29.15496],[79.2985,29.15118],[79.29829,29.14745],[79.295,29.15053],[79.29249,29.1504],[79.29114,29.15409],[79.29,29.15461],[79.28465,29.15758],[79.28188,29.15645],[79.28295,29.15849],[79.28341,29.16139],[79.27963,29.16184],[79.2773,29.16559],[79.27424,29.16322],[79.26803,29.1712],[79.26247,29.17138],[79.2621,29.17882],[79.26468,29.17841],[79.26509,29.18276],[79.26111,29.17901],[79.26096,29.18366],[79.25729,29.18662],[79.25829,29.17812],[79.25501,29.1794],[79.2532,29.18482],[79.24716,29.18435],[79.24939,29.18692],[79.2435,29.18587],[79.25369,29.19199],[79.25461,29.1857],[79.26014,29.18975],[79.25233,29.1941],[79.24919,29.18988],[79.24428,29.19124],[79.24272,29.18883],[79.24364,29.19221],[79.24764,29.19159],[79.24619,29.19935],[79.24205,29.20094],[79.23971,29.20698],[79.23746,29.19916],[79.23427,29.20014],[79.23749,29.20274],[79.2367,29.20557],[79.23184,29.20266],[79.23071,29.20422],[79.23895,29.2081],[79.2357,29.21188],[79.2301,29.20965],[79.23066,29.21263],[79.225,29.21554],[79.22402,29.21164],[79.2204,29.2124],[79.2185,29.2099],[79.22065,29.20357],[79.21779,29.20903],[79.20995,29.20465],[79.21262,29.19354],[79.22188,29.19176],[79.22012,29.18849],[79.20979,29.19227],[79.20842,29.20322],[79.20083,29.19811],[79.20152,29.1952],[79.19817,29.19609],[79.1986,29.19959],[79.19314,29.2016],[79.19459,29.20475],[79.19588,29.20169],[79.19941,29.20569],[79.19785,29.20129],[79.20046,29.19996],[79.20766,29.20527],[79.20587,29.20759],[79.20778,29.20793],[79.20305,29.21053],[79.20453,29.21291],[79.20652,29.21158],[79.20619,29.21817],[79.21256,29.21306],[79.21814,29.21477],[79.21841,29.21211],[79.22414,29.21588],[79.20543,29.23224],[79.20854,29.23458],[79.20921,29.23702],[79.20451,29.23312],[79.19635,29.23925],[79.19237,29.2376],[79.18755,29.24159],[79.18925,29.2452],[79.18328,29.24247],[79.17941,29.24409],[79.17988,29.24636],[79.17556,29.2448],[79.17164,29.24969],[79.16666,29.25801]],[[79.13567,29.25054],[79.13559,29.24694],[79.13942,29.24992],[79.14137,29.24834],[79.13568,29.24505],[79.13463,29.24179],[79.13762,29.24005],[79.1376,29.23749],[79.13699,29.23991],[79.13055,29.23897],[79.13121,29.24619],[79.12793,29.24441],[79.12643,29.24788],[79.12149,29.24843],[79.12256,29.25112],[79.13162,29.24828],[79.12751,29.2513],[79.13123,29.25281],[79.12947,29.25763],[79.13338,29.25137],[79.13748,29.25702],[79.13613,29.25967],[79.13911,29.26047],[79.13804,29.25634],[79.14164,29.25597],[79.13567,29.25054]],[[79.16061,29.24759],[79.16063,29.23266],[79.15152,29.24184],[79.14404,29.24186],[79.13946,29.24562],[79.14403,29.24512],[79.1447,29.24728],[79.14733,29.24424],[79.15791,29.24151],[79.15984,29.24499],[79.15776,29.24694],[79.16061,29.24759]],[[79.17517,29.23526],[79.17402,29.23801],[79.17872,29.23635],[79.17517,29.23526]],[[79.16434,29.23208],[79.16842,29.23519],[79.17088,29.23213],[79.16684,29.22927],[79.16022,29.23015],[79.15974,29.2221],[79.16463,29.22031],[79.16292,29.21821],[79.15838,29.22055],[79.15694,29.2184],[79.15908,29.22988],[79.16434,29.23208]],[[79.14063,29.23204],[79.13837,29.22925],[79.13613,29.23345],[79.14063,29.23204]],[[79.12606,29.2264],[79.11852,29.21481],[79.12059,29.21806],[79.11813,29.2224],[79.12151,29.22155],[79.12478,29.22551],[79.12137,29.22998],[79.1241,29.22787],[79.12669,29.22951],[79.12606,29.2264]],[[79.17636,29.21897],[79.17837,29.22282],[79.17821,29.21594],[79.17636,29.21897]],[[79.20356,29.22316],[79.20623,29.22674],[79.20804,29.22514],[79.20495,29.22485],[79.20374,29.22081],[79.20356,29.22316]],[[79.19584,29.22453],[79.19172,29.22848],[79.19366,29.23166],[79.19566,29.23085],[79.19463,29.23301],[79.19785,29.2317],[79.19951,29.23437],[79.19584,29.22453]],[[79.20996,29.22459],[79.21035,29.21908],[79.20683,29.22222],[79.20996,29.22459]],[[79.19199,29.2197],[79.19285,29.21519],[79.18992,29.21372],[79.19199,29.2197]],[[79.19436,29.21436],[79.19652,29.21429],[79.19524,29.21229],[79.19436,29.21436]],[[79.1911,29.20693],[79.18943,29.20169],[79.18691,29.20406],[79.1911,29.20693]],[[79.1519,29.2031],[79.15028,29.19625],[79.14997,29.19886],[79.14465,29.1976],[79.1457,29.20249],[79.1516,29.20741],[79.1519,29.2031]],[[79.19055,29.19746],[79.1908,29.19313],[79.19751,29.19159],[79.19315,29.19032],[79.19589,29.18846],[79.19255,29.18271],[79.19037,29.18465],[79.19341,29.18808],[79.18797,29.19034],[79.18968,29.19605],[79.18713,29.19723],[79.19055,29.19746]],[[79.23581,29.18878],[79.23374,29.19381],[79.22837,29.19459],[79.22847,29.19688],[79.23709,29.19312],[79.23581,29.18878]],[[79.22492,29.1913],[79.22249,29.19449],[79.2268,29.19597],[79.22492,29.1913]],[[79.2304,29.20044],[79.23276,29.20052],[79.23242,29.19745],[79.2304,29.20044]],[[79.22843,29.20158],[79.22458,29.20153],[79.23068,29.20305],[79.22843,29.20158]],[[79.23634,29.18229],[79.23852,29.18069],[79.23538,29.17868],[79.23634,29.18229]],[[79.25526,29.17724],[79.25676,29.17824],[79.25363,29.17567],[79.25526,29.17724]],[[79.23675,29.17392],[79.23198,29.16977],[79.23782,29.16842],[79.24096,29.17099],[79.23877,29.16617],[79.2311,29.16876],[79.22726,29.15998],[79.22328,29.16395],[79.22787,29.16617],[79.23206,29.17403],[79.23675,29.17392]],[[79.24683,29.17229],[79.24831,29.17361],[79.24438,29.16893],[79.24608,29.16673],[79.24267,29.16687],[79.24683,29.17229]],[[79.2624,29.16549],[79.2671,29.16255],[79.26344,29.16337],[79.26216,29.15967],[79.2624,29.16549]],[[79.25333,29.1604],[79.25354,29.15646],[79.2506,29.15632],[79.25333,29.1604]],[[79.24197,29.15097],[79.24261,29.14742],[79.23888,29.14337],[79.24197,29.15097]],[[79.28873,29.15081],[79.28766,29.14682],[79.2912,29.14612],[79.29113,29.14217],[79.30449,29.14638],[79.306,29.1383],[79.306,29.13821],[79.31213,29.1373],[79.31472,29.133],[79.31517,29.13039],[79.32264,29.12633],[79.32504,29.12599],[79.32359,29.12436],[79.32495,29.12256],[79.32316,29.12385],[79.31624,29.12036],[79.31537,29.12434],[79.31071,29.12681],[79.31061,29.12681],[79.30709,29.12794],[79.30709,29.12785],[79.30648,29.12766],[79.30309,29.12735],[79.30228,29.12698],[79.30218,29.12689],[79.30208,29.12652],[79.30628,29.12736],[79.31431,29.12303],[79.31177,29.11956],[79.3018,29.12466],[79.29858,29.11626],[79.30168,29.11516],[79.30511,29.12161],[79.30292,29.11494],[79.3046,29.11346],[79.30923,29.11624],[79.31009,29.11279],[79.29861,29.10424],[79.30333,29.1097],[79.29528,29.1124],[79.30077,29.11455],[79.29626,29.11558],[79.29655,29.11887],[79.29069,29.11767],[79.27693,29.12385],[79.27556,29.12217],[79.2685,29.1284],[79.25466,29.13149],[79.25553,29.13183],[79.25752,29.13142],[79.25831,29.13183],[79.2577,29.13173],[79.2576,29.13182],[79.25368,29.13932],[79.25524,29.1473],[79.25898,29.14902],[79.25797,29.14644],[79.25807,29.14653],[79.25797,29.14644],[79.26267,29.14893],[79.26617,29.14781],[79.27263,29.14834],[79.27307,29.147],[79.2741,29.14379],[79.27828,29.14972],[79.28363,29.1484],[79.28873,29.15081]],[[79.33709,29.13276],[79.33793,29.12919],[79.34103,29.12939],[79.33566,29.12791],[79.33709,29.13276]],[[79.32529,29.12113],[79.32983,29.11825],[79.3278,29.11836],[79.32443,29.11811],[79.32529,29.12113]],[[79.36582,29.12506],[79.36954,29.12023],[79.36444,29.11864],[79.36723,29.12047],[79.36682,29.12038],[79.36723,29.12047],[79.36582,29.12506],[79.36551,29.12524],[79.36582,29.12506]],[[79.32105,29.11648],[79.31918,29.10971],[79.31495,29.11887],[79.31786,29.1151],[79.32105,29.11648]],[[79.36657,29.11659],[79.36678,29.11614],[79.36609,29.11451],[79.36599,29.11414],[79.36589,29.11414],[79.36576,29.11558],[79.36657,29.11659]],[[79.36675,29.1119],[79.36781,29.11528],[79.3697,29.11338],[79.36961,29.11292],[79.3697,29.11338],[79.3693,29.1131],[79.36848,29.11309],[79.36675,29.1119]],[[79.33997,29.11286],[79.34999,29.10923],[79.34465,29.10817],[79.34478,29.11102],[79.33594,29.11354],[79.33997,29.11286]],[[79.34352,29.10949],[79.33339,29.1028],[79.3313,29.10503],[79.32616,29.10152],[79.32633,29.10494],[79.33246,29.10565],[79.33231,29.10917],[79.33398,29.10747],[79.3356,29.10981],[79.34352,29.10949]],[[79.34892,29.10319],[79.3524,29.10595],[79.34945,29.10104],[79.34892,29.10319]],[[79.29948,29.09887],[79.29599,29.09727],[79.29547,29.10071],[79.29861,29.10196],[79.29948,29.09887]],[[79.30048,29.09736],[79.30534,29.09723],[79.30641,29.09499],[79.30048,29.09736]],[[79.26343,29.0936],[79.26254,29.08848],[79.26202,29.0937],[79.26449,29.09893],[79.26607,29.09518],[79.26343,29.0936]],[[79.2852,29.08782],[79.28878,29.08783],[79.28715,29.08501],[79.2852,29.08782]],[[79.25222,29.084],[79.25059,29.08206],[79.25051,29.08511],[79.25222,29.084]],[[79.31413,29.08102],[79.31624,29.08357],[79.31758,29.07913],[79.31515,29.07791],[79.31413,29.08102]],[[79.28938,29.08253],[79.29196,29.07974],[79.28479,29.08179],[79.28938,29.08253]],[[79.26314,29.07968],[79.26137,29.07806],[79.26137,29.08047],[79.26314,29.07968]],[[79.30997,29.07992],[79.31169,29.07839],[79.30642,29.0746],[79.30997,29.07992]],[[79.25232,29.07366],[79.2527,29.07022],[79.25031,29.06976],[79.24976,29.07545],[79.25232,29.07366]],[[79.27617,29.06902],[79.27877,29.06795],[79.2763,29.06393],[79.2733,29.06852],[79.27617,29.06902]],[[79.31862,29.06568],[79.32061,29.06464],[79.31733,29.06093],[79.3144,29.065],[79.31862,29.06568]],[[79.29637,29.06187],[79.29829,29.06024],[79.29556,29.05818],[79.29637,29.06187]],[[79.28952,29.06051],[79.28559,29.05536],[79.28517,29.0581],[79.28952,29.06051]],[[79.30481,29.05528],[79.30586,29.05326],[79.30864,29.05422],[79.30879,29.04919],[79.3019,29.05301],[79.30481,29.05528]],[[79.30004,29.05241],[79.30051,29.04793],[79.29817,29.04761],[79.30004,29.05241]],[[79.29084,29.05097],[79.28965,29.0456],[79.28809,29.05006],[79.29084,29.05097]],[[79.2956,29.04596],[79.30266,29.04553],[79.30431,29.04036],[79.30029,29.04364],[79.29502,29.04332],[79.2956,29.04596]],[[79.28219,29.03994],[79.27924,29.03894],[79.28028,29.04357],[79.27754,29.04663],[79.28181,29.0486],[79.28107,29.05113],[79.28408,29.04993],[79.28219,29.03994]],[[79.25724,29.03922],[79.25676,29.03658],[79.26173,29.0356],[79.25857,29.03448],[79.2605,29.03273],[79.26979,29.0384],[79.27097,29.03455],[79.26801,29.0293],[79.27232,29.02595],[79.27629,29.02638],[79.27964,29.01881],[79.2753,29.02128],[79.27175,29.01807],[79.27332,29.02208],[79.26931,29.02572],[79.26392,29.02194],[79.26406,29.02696],[79.26011,29.02921],[79.25597,29.02501],[79.25285,29.02688],[79.2543,29.02895],[79.25717,29.02693],[79.25871,29.03276],[79.25078,29.03739],[79.24716,29.03367],[79.24741,29.03942],[79.24483,29.03967],[79.23698,29.0314],[79.23966,29.03497],[79.23855,29.04017],[79.24058,29.04129],[79.23145,29.04218],[79.23274,29.04491],[79.23875,29.04636],[79.23848,29.04901],[79.23416,29.04688],[79.2329,29.05272],[79.22823,29.04932],[79.22947,29.0551],[79.22606,29.05636],[79.22678,29.05927],[79.23335,29.057],[79.23604,29.05228],[79.23906,29.05174],[79.24073,29.05455],[79.24228,29.04826],[79.24649,29.05409],[79.2477,29.05134],[79.25002,29.05333],[79.25181,29.0591],[79.25393,29.04774],[79.25194,29.04384],[79.25812,29.04246],[79.25724,29.03922]],[[79.28679,29.03575],[79.28709,29.03346],[79.28305,29.03209],[79.28421,29.03572],[79.28679,29.03575]],[[79.31668,29.02948],[79.32066,29.03085],[79.32125,29.02814],[79.31833,29.02672],[79.31668,29.02948]],[[79.33538,29.02941],[79.33479,29.03142],[79.33993,29.03089],[79.33538,29.02941]],[[79.35172,29.03155],[79.3537,29.03245],[79.34723,29.02801],[79.34387,29.02925],[79.35172,29.03155]],[[79.35605,29.03239],[79.35877,29.03396],[79.35955,29.03222],[79.35838,29.03058],[79.35605,29.03239]],[[79.34966,29.03358],[79.34769,29.03618],[79.35042,29.03591],[79.34966,29.03358]],[[79.34582,29.02704],[79.3485,29.02527],[79.34571,29.02497],[79.34582,29.02704]],[[79.31973,29.02276],[79.31793,29.02324],[79.32153,29.02543],[79.31973,29.02276]],[[79.33799,29.02241],[79.34033,29.02191],[79.33874,29.01933],[79.33799,29.02241]],[[79.34095,29.01939],[79.34122,29.02103],[79.34083,29.01746],[79.34095,29.01939]],[[79.31698,29.01711],[79.31423,29.01172],[79.31595,29.0208],[79.31698,29.01711]],[[79.35358,29.01663],[79.35621,29.01697],[79.35611,29.01142],[79.35358,29.01663]],[[79.36313,29.01266],[79.36097,29.00616],[79.36333,29.00473],[79.359,29.0025],[79.36057,28.99911],[79.35593,28.99849],[79.35736,29.00026],[79.35458,29.00196],[79.35929,29.00476],[79.36205,29.01321],[79.36638,29.01455],[79.36313,29.01266]],[[79.3752,29.0088],[79.3794,29.00903],[79.3813,29.00587],[79.37505,29.00365],[79.37748,29.00024],[79.37377,28.99995],[79.37094,29.00424],[79.37436,29.00493],[79.3752,29.0088]],[[79.33863,29.00415],[79.33663,29.00494],[79.33873,29.00692],[79.33863,29.00415]],[[79.30741,29.00478],[79.31217,29.00127],[79.31483,29.00261],[79.31478,28.99986],[79.31058,28.99965],[79.30335,29.00513],[79.29954,29.00306],[79.29866,29.00687],[79.29208,29.00778],[79.28339,29.01617],[79.2871,29.01621],[79.29081,29.01091],[79.29422,29.01386],[79.29566,29.01045],[79.30005,29.01758],[79.3046,29.0185],[79.29981,29.01583],[79.29665,29.00954],[79.2997,29.00716],[79.30612,29.00787],[79.30616,29.00525],[79.30767,29.00726],[79.30741,29.00478]],[[79.27805,29.00053],[79.27729,28.99595],[79.27646,29.00823],[79.27988,29.01859],[79.28446,29.02043],[79.28157,29.02409],[79.29169,29.02999],[79.2821,29.0163],[79.27976,29.01047],[79.28202,29.00785],[79.27855,29.00641],[79.27805,29.00053]],[[79.30149,28.99905],[79.30348,28.997],[79.30088,28.99667],[79.30149,28.99905]],[[79.26335,29.00427],[79.26113,29.002],[79.26097,29.00566],[79.26619,29.00457],[79.26335,29.00427]],[[79.27175,29.01659],[79.26823,29.01251],[79.26741,29.01635],[79.27175,29.01659]],[[79.25026,29.01484],[79.24771,29.01493],[79.24976,29.01932],[79.25026,29.01484]],[[79.23129,29.01906],[79.22923,29.01719],[79.23081,29.02126],[79.23129,29.01906]],[[79.27481,29.02797],[79.27424,29.03062],[79.27733,29.03051],[79.27838,29.02826],[79.27481,29.02797]],[[79.30004,29.02963],[79.30216,29.02679],[79.30003,29.02588],[79.30004,29.02963]],[[79.32467,29.02157],[79.3273,29.02042],[79.3248,29.01826],[79.32264,29.02014],[79.32467,29.02157]],[[79.32305,29.00874],[79.32099,29.01098],[79.32407,29.01215],[79.32656,29.00749],[79.32265,29.00505],[79.32305,29.00874]],[[79.34212,29.01298],[79.34223,29.01554],[79.34593,29.01577],[79.34212,29.01298]],[[79.35665,29.00988],[79.35985,29.0118],[79.35906,29.00844],[79.35524,29.00731],[79.35665,29.00988]],[[79.234,29.02399],[79.23195,29.02459],[79.237,29.02831],[79.234,29.02399]],[[79.20112,29.02774],[79.1983,29.02518],[79.19855,29.02845],[79.20112,29.02774]],[[79.17178,29.02537],[79.17374,29.01994],[79.17069,29.01904],[79.17034,29.02627],[79.16911,29.02395],[79.16433,29.02768],[79.17115,29.02838],[79.17178,29.02537]],[[79.18459,29.02731],[79.18501,29.03146],[79.1867,29.0281],[79.18459,29.02731]],[[79.17378,29.03121],[79.17504,29.02967],[79.17277,29.02927],[79.16992,29.03361],[79.17191,29.03678],[79.17378,29.03121]],[[79.18825,29.03633],[79.17447,29.03725],[79.18762,29.04223],[79.18981,29.03938],[79.19316,29.03961],[79.19331,29.04186],[79.19917,29.03949],[79.18825,29.03633]],[[79.22883,29.04295],[79.23034,29.04445],[79.23074,29.04202],[79.2254,29.04068],[79.22883,29.04295]],[[79.22364,29.04127],[79.22045,29.03866],[79.21779,29.04112],[79.22364,29.04127]],[[79.23592,29.0371],[79.23638,29.03475],[79.23352,29.03437],[79.23592,29.0371]],[[79.22432,29.03423],[79.22168,29.02875],[79.22015,29.02979],[79.22432,29.03423]],[[79.20675,29.04557],[79.2027,29.04698],[79.2106,29.05084],[79.21193,29.04741],[79.20675,29.04557]],[[79.19384,29.04828],[79.19743,29.05435],[79.19772,29.04971],[79.19384,29.04828]],[[79.16414,29.05599],[79.16167,29.056],[79.16279,29.06116],[79.15932,29.06242],[79.15982,29.0739],[79.16293,29.0722],[79.16206,29.06305],[79.16717,29.05749],[79.16414,29.05599]],[[79.15245,29.07168],[79.15126,29.0691],[79.14743,29.07156],[79.1516,29.07434],[79.15395,29.07371],[79.15245,29.07168]],[[79.17501,29.0752],[79.17192,29.08067],[79.17512,29.08503],[79.17132,29.08552],[79.17349,29.09051],[79.16957,29.09712],[79.17735,29.09082],[79.17727,29.09614],[79.18039,29.09538],[79.18473,29.10554],[79.18614,29.10145],[79.18123,29.09403],[79.19231,29.08889],[79.18378,29.09217],[79.18686,29.0895],[79.18456,29.0877],[79.19041,29.08639],[79.17973,29.08663],[79.17513,29.08102],[79.17699,29.07263],[79.17195,29.07109],[79.17501,29.0752]],[[79.1603,29.08112],[79.15884,29.07498],[79.15777,29.08032],[79.1603,29.08112]],[[79.16079,29.0924],[79.15974,29.09678],[79.16601,29.0995],[79.16516,29.10297],[79.17542,29.09739],[79.1664,29.09832],[79.16416,29.09249],[79.16079,29.0924]],[[79.2301,29.11035],[79.23581,29.11476],[79.23033,29.10901],[79.2276,29.11007],[79.2301,29.11035]],[[79.16164,29.11009],[79.15699,29.1117],[79.16201,29.11252],[79.16164,29.11009]],[[79.16963,29.11316],[79.17153,29.11383],[79.16831,29.11056],[79.16963,29.11316]],[[79.20885,29.11536],[79.20861,29.11749],[79.21165,29.11697],[79.20885,29.11536]],[[79.15367,29.11599],[79.15176,29.12079],[79.15822,29.12208],[79.15367,29.11599]],[[79.1536,29.12274],[79.15263,29.12596],[79.15842,29.1275],[79.1536,29.12274]],[[79.21397,29.12872],[79.21548,29.13127],[79.21628,29.1284],[79.21397,29.12872]],[[79.19269,29.13688],[79.18753,29.13871],[79.18875,29.14157],[79.19159,29.13887],[79.19473,29.14104],[79.19991,29.13872],[79.19538,29.13903],[79.19486,29.13442],[79.19269,29.13688]],[[79.16663,29.14092],[79.16343,29.14553],[79.16602,29.14771],[79.16663,29.14092]],[[79.13427,29.14387],[79.13448,29.14591],[79.13856,29.14656],[79.13879,29.14434],[79.13544,29.14593],[79.13427,29.14387]],[[79.13027,29.14587],[79.13261,29.14385],[79.12675,29.14681],[79.13027,29.14587]],[[79.13626,29.14688],[79.14032,29.15072],[79.13771,29.15408],[79.13608,29.15172],[79.13332,29.15284],[79.13253,29.15661],[79.13607,29.15623],[79.13575,29.16129],[79.13954,29.16313],[79.13291,29.16607],[79.1383,29.16761],[79.13527,29.17069],[79.14084,29.17595],[79.14444,29.17519],[79.14336,29.17274],[79.14786,29.1737],[79.14702,29.16962],[79.15446,29.17253],[79.15911,29.16727],[79.16771,29.17219],[79.16963,29.16928],[79.1656,29.16447],[79.16361,29.1682],[79.16044,29.16577],[79.1623,29.15928],[79.17028,29.15517],[79.17075,29.15231],[79.16791,29.15282],[79.16391,29.15095],[79.16135,29.15188],[79.16179,29.15556],[79.15666,29.15641],[79.15274,29.15396],[79.15526,29.1505],[79.15366,29.14834],[79.14365,29.15046],[79.14594,29.14407],[79.14302,29.14832],[79.13626,29.14688]],[[79.12969,29.16045],[79.12761,29.16222],[79.13046,29.1622],[79.12969,29.16045]],[[79.11888,29.16192],[79.1153,29.16073],[79.11745,29.16394],[79.11888,29.16192]],[[79.09732,29.16337],[79.09923,29.15962],[79.092,29.16436],[79.09691,29.16559],[79.09732,29.16337]],[[79.07758,29.16946],[79.07537,29.17418],[79.07757,29.1758],[79.07758,29.16946]],[[79.12616,29.17642],[79.12458,29.17474],[79.12353,29.17737],[79.12865,29.17966],[79.12616,29.17642]],[[79.15155,29.17651],[79.15146,29.17853],[79.15522,29.17286],[79.15155,29.17651]],[[79.13902,29.17899],[79.13522,29.18085],[79.13928,29.18405],[79.13902,29.17899]],[[79.13639,29.18251],[79.13377,29.17967],[79.13337,29.18249],[79.13042,29.18149],[79.12965,29.18853],[79.12692,29.18895],[79.12787,29.18463],[79.12131,29.18942],[79.12897,29.19266],[79.12918,29.1891],[79.13476,29.18703],[79.13639,29.18251]],[[79.06954,29.1781],[79.06579,29.17835],[79.06951,29.18386],[79.07224,29.18061],[79.06954,29.1781]],[[79.09216,29.18321],[79.08644,29.1898],[79.0934,29.18756],[79.09216,29.18321]],[[79.09804,29.19187],[79.09549,29.1956],[79.09948,29.1932],[79.09804,29.19187]],[[79.09243,29.19638],[79.08974,29.20301],[79.09166,29.20377],[79.0978,29.20052],[79.09243,29.19638]],[[79.11339,29.2031],[79.1177,29.20317],[79.11474,29.2014],[79.11339,29.2031]],[[79.13302,29.20099],[79.13492,29.2008],[79.1319,29.1983],[79.13302,29.20099]],[[79.1786,29.19677],[79.18054,29.19734],[79.17699,29.19469],[79.1786,29.19677]],[[79.18736,29.18784],[79.19015,29.18449],[79.18747,29.1845],[79.18736,29.18784]],[[79.18292,29.18542],[79.18514,29.18218],[79.18279,29.1811],[79.18688,29.17848],[79.18203,29.17814],[79.18235,29.18094],[79.1792,29.1813],[79.18292,29.18542]],[[79.21591,29.17993],[79.22073,29.18026],[79.21295,29.17279],[79.21166,29.17634],[79.21591,29.17993]],[[79.24046,29.1772],[79.23717,29.17923],[79.24037,29.17834],[79.24135,29.17607],[79.24062,29.17491],[79.24046,29.1772]],[[79.17486,29.17495],[79.17125,29.17684],[79.17453,29.17812],[79.17486,29.17495]],[[79.17874,29.17515],[79.17774,29.17853],[79.18112,29.17633],[79.17874,29.17515]],[[79.08587,29.17226],[79.08701,29.17],[79.08427,29.17104],[79.08587,29.17226]],[[79.2191,29.16267],[79.22052,29.16029],[79.2178,29.16123],[79.2191,29.16267]],[[79.22347,29.16037],[79.22601,29.16054],[79.2197,29.15671],[79.22347,29.16037]],[[79.18552,29.15412],[79.18214,29.15424],[79.18326,29.16081],[79.18552,29.15412]],[[79.17318,29.15755],[79.17068,29.15947],[79.17558,29.15817],[79.17318,29.15755]],[[79.20812,29.15285],[79.20952,29.14975],[79.20712,29.14777],[79.21022,29.14417],[79.20775,29.14289],[79.20772,29.1366],[79.20389,29.13508],[79.20818,29.14512],[79.20195,29.15029],[79.20812,29.15285]],[[79.23207,29.13737],[79.23427,29.13804],[79.23235,29.13573],[79.23207,29.13737]],[[79.24064,29.13602],[79.2421,29.13788],[79.24359,29.13616],[79.24125,29.13499],[79.24286,29.13195],[79.23252,29.12652],[79.23289,29.1305],[79.22821,29.13213],[79.2376,29.13215],[79.24064,29.13602]],[[79.24481,29.13185],[79.24807,29.13526],[79.25092,29.13422],[79.24481,29.13185]],[[79.2587,29.12509],[79.26702,29.12407],[79.25798,29.12294],[79.2587,29.12509]],[[79.21668,29.13412],[79.21893,29.13704],[79.21979,29.13433],[79.22533,29.13286],[79.21668,29.13412]],[[79.17963,29.13529],[79.17962,29.13583],[79.17963,29.13574],[79.17973,29.13565],[79.17983,29.13557],[79.17963,29.13529]],[[79.2285,29.13509],[79.22693,29.13689],[79.23002,29.13638],[79.2285,29.13509]],[[79.18068,29.14613],[79.18675,29.14807],[79.18947,29.14565],[79.18567,29.14118],[79.18068,29.14613]],[[79.17435,29.14646],[79.17154,29.14842],[79.17246,29.15148],[79.18095,29.15058],[79.17738,29.14975],[79.17989,29.14683],[79.17435,29.14646]],[[79.21651,29.11997],[79.21618,29.11671],[79.21286,29.1173],[79.21651,29.11997]],[[79.24929,29.11921],[79.2534,29.11263],[79.24914,29.1148],[79.24929,29.11921]],[[79.28656,29.1156],[79.28875,29.11452],[79.28466,29.11525],[79.28656,29.1156]],[[79.24998,29.11351],[79.24607,29.09996],[79.24776,29.10736],[79.24438,29.10889],[79.2478,29.10857],[79.24998,29.11351]],[[79.31208,29.10407],[79.31138,29.10701],[79.31682,29.10791],[79.31208,29.10407]],[[79.30856,29.10748],[79.31312,29.11308],[79.31038,29.10493],[79.30856,29.10748]],[[79.27945,29.09676],[79.28131,29.09446],[79.27894,29.09435],[79.27945,29.09676]],[[79.25383,29.0989],[79.25485,29.09379],[79.25141,29.09916],[79.24783,29.09661],[79.2465,29.09859],[79.24936,29.10279],[79.25383,29.0989]],[[79.22839,29.09337],[79.21813,29.09245],[79.22664,29.09527],[79.22762,29.09799],[79.22839,29.09337]],[[79.21323,29.08429],[79.21394,29.08144],[79.21061,29.0794],[79.21323,29.08429]],[[79.23287,29.08226],[79.23615,29.0837],[79.23328,29.07537],[79.23081,29.07904],[79.23287,29.08226]],[[79.27993,29.07831],[79.28257,29.07905],[79.28052,29.07572],[79.27993,29.07831]],[[79.29484,29.07663],[79.29673,29.07831],[79.2978,29.07449],[79.29484,29.07663]],[[79.22495,29.0752],[79.22372,29.07288],[79.22348,29.07664],[79.22495,29.0752]],[[79.2326,29.07327],[79.23485,29.06772],[79.23242,29.06862],[79.2326,29.07327]],[[79.24886,29.06845],[79.25317,29.06686],[79.25259,29.06326],[79.24886,29.06845]],[[79.24948,29.06287],[79.25211,29.06091],[79.24699,29.06339],[79.24948,29.06287]],[[79.23845,29.06075],[79.23383,29.06147],[79.23781,29.06297],[79.23845,29.06075]],[[79.22606,29.06219],[79.22544,29.05991],[79.22071,29.06119],[79.22465,29.06418],[79.22606,29.06219]],[[79.17997,29.0586],[79.17818,29.05971],[79.18021,29.06121],[79.17997,29.0586]],[[79.18483,29.05856],[79.18161,29.05496],[79.18123,29.05782],[79.18483,29.05856]],[[79.19322,29.06952],[79.18911,29.07292],[79.19071,29.07529],[79.19328,29.07272],[79.19596,29.07377],[79.19322,29.06952]],[[79.20088,29.07722],[79.19413,29.08191],[79.19865,29.08407],[79.19464,29.08658],[79.20106,29.08927],[79.20113,29.08699],[79.20333,29.08745],[79.20008,29.08555],[79.20311,29.07711],[79.20088,29.07722]],[[79.21403,29.08894],[79.21271,29.09203],[79.21566,29.09213],[79.21711,29.08899],[79.21403,29.08894]],[[79.20891,29.09216],[79.21065,29.09766],[79.20646,29.09745],[79.20633,29.10004],[79.21299,29.10023],[79.20891,29.09216]],[[79.18799,29.09407],[79.18504,29.09469],[79.18891,29.09711],[79.19065,29.09586],[79.18799,29.09407]],[[79.2005,29.09664],[79.2028,29.09861],[79.2015,29.09507],[79.2005,29.09664]],[[79.19146,29.09981],[79.19271,29.09856],[79.1925,29.09865],[79.19146,29.09981],[79.19146,29.0999],[79.19146,29.09981]],[[79.21749,29.10047],[79.21482,29.10083],[79.2178,29.10492],[79.21749,29.10047]],[[79.22776,29.10276],[79.2358,29.10064],[79.2291,29.09973],[79.22622,29.10088],[79.22776,29.10276]],[[79.21442,29.07598],[79.21716,29.07661],[79.21249,29.07471],[79.21442,29.07598]],[[79.21283,29.06969],[79.21869,29.07146],[79.21628,29.06748],[79.21907,29.06504],[79.21283,29.06969]],[[79.21345,29.06427],[79.21057,29.06187],[79.21321,29.06604],[79.21345,29.06427]],[[79.17374,29.10823],[79.17634,29.10952],[79.17807,29.10563],[79.17187,29.10678],[79.17374,29.10823]],[[79.17548,29.11393],[79.17459,29.11101],[79.17318,29.1132],[79.17548,29.11393]],[[79.21864,29.05443],[79.22069,29.0574],[79.21929,29.05272],[79.21864,29.05443]],[[79.2627,29.05591],[79.26335,29.05249],[79.26031,29.05322],[79.2627,29.05591]],[[79.27457,29.05318],[79.27662,29.0554],[79.2761,29.0513],[79.27457,29.05318]],[[79.27369,29.05097],[79.27516,29.04912],[79.27082,29.04708],[79.27369,29.05097]],[[79.26585,29.04453],[79.26024,29.0406],[79.25961,29.04362],[79.26585,29.04453]],[[79.10728,29.20581],[79.10247,29.20879],[79.11244,29.21011],[79.11428,29.21698],[79.11176,29.21902],[79.11288,29.22157],[79.1152,29.22085],[79.11388,29.21023],[79.10728,29.20581]],[[79.095,29.21045],[79.08986,29.21212],[79.09467,29.21212],[79.09595,29.21452],[79.09519,29.21117],[79.095,29.21045],[79.0951,29.21054],[79.095,29.21045]],[[79.09829,29.21407],[79.09623,29.21515],[79.09953,29.21551],[79.09829,29.21407]],[[79.1449,29.21479],[79.14161,29.21746],[79.14665,29.21676],[79.1449,29.21479]],[[79.10656,29.22498],[79.10476,29.22544],[79.10795,29.22927],[79.10656,29.22498]],[[79.11856,29.23262],[79.11704,29.2343],[79.12219,29.2333],[79.11856,29.23262]],[[79.14319,29.23731],[79.14287,29.24082],[79.14564,29.23654],[79.15162,29.23882],[79.14866,29.23502],[79.14319,29.23731]],[[79.12226,29.26082],[79.12328,29.25538],[79.11911,29.2587],[79.1188,29.26282],[79.1226,29.26453],[79.1222,29.26398],[79.12164,29.2609],[79.12185,29.26091],[79.12195,29.26091],[79.12205,29.261],[79.12215,29.261],[79.12226,29.26082]],[[79.13968,29.26319],[79.14111,29.26699],[79.14387,29.26331],[79.13968,29.26319]],[[79.17897,29.01426],[79.17781,29.01653],[79.18136,29.0165],[79.17897,29.01426]],[[79.2774,28.98575],[79.27706,28.99143],[79.27946,28.9866],[79.27824,28.98428],[79.2774,28.98575]],[[79.33219,28.98717],[79.33596,28.98589],[79.32944,28.98437],[79.33219,28.98717]],[[79.33511,28.98275],[79.33781,28.98271],[79.33801,28.97986],[79.33511,28.98275]],[[79.30587,28.97962],[79.30494,28.97374],[79.30318,28.98227],[79.30587,28.97962]],[[79.34318,28.9777],[79.34579,28.97713],[79.34357,28.97579],[79.34318,28.9777]],[[79.32388,28.9755],[79.32484,28.97343],[79.32261,28.97341],[79.32388,28.9755]],[[79.32117,28.9813],[79.32553,28.98202],[79.32224,28.97951],[79.32117,28.9813]],[[79.34593,28.99726],[79.34814,28.99595],[79.34482,28.99545],[79.34593,28.99726]],[[79.35836,28.99643],[79.36419,28.99705],[79.3606,28.99388],[79.35836,28.99643]],[[79.35955,28.9928],[79.35829,28.99051],[79.35042,28.99086],[79.35064,28.99287],[79.35955,28.9928]],[[79.33351,29.03776],[79.33254,29.04102],[79.33473,29.04185],[79.33237,29.04319],[79.33535,29.04378],[79.33989,29.04029],[79.33351,29.03776]],[[79.34629,29.04345],[79.34841,29.03981],[79.34393,29.03839],[79.34629,29.04345]],[[79.35467,29.09139],[79.35666,29.09037],[79.35515,29.08495],[79.3529,29.08807],[79.35467,29.09139]],[[79.34536,29.08809],[79.34209,29.08521],[79.34356,29.08739],[79.34077,29.0881],[79.34536,29.08809]],[[79.34017,29.09064],[79.34028,29.09418],[79.34392,29.09644],[79.34017,29.09064]],[[79.34865,29.07066],[79.35075,29.06743],[79.34711,29.06949],[79.34426,29.06736],[79.34402,29.06987],[79.34865,29.07066]],[[79.36061,29.06745],[79.36265,29.06579],[79.35993,29.06575],[79.36061,29.06745]],[[79.35728,29.06155],[79.36079,29.06006],[79.35626,29.05988],[79.35728,29.06155]],[[79.33089,29.06065],[79.32867,29.06235],[79.33156,29.06407],[79.33316,29.06203],[79.33089,29.06065]],[[79.3354,29.06123],[79.33665,29.06454],[79.33907,29.06164],[79.3354,29.06123]],[[79.36413,29.05308],[79.36575,29.05161],[79.36227,29.05249],[79.36413,29.05308]],[[79.37198,29.1319],[79.37188,29.13199],[79.37198,29.13199],[79.37198,29.1319]],[[79.37791,29.14037],[79.3778,29.141],[79.37832,29.14064],[79.37832,29.14055],[79.37822,29.14046],[79.37812,29.14046],[79.37791,29.14037]],[[79.34682,29.13078],[79.34672,29.13078],[79.34682,29.13087],[79.34682,29.13078]]],[[[79.25026,29.17541],[79.24871,29.17417],[79.25195,29.17671],[79.25026,29.17541]]],[[[79.20387,29.15722],[79.20283,29.15363],[79.20555,29.16221],[79.20387,29.15722]]],[[[79.36856,29.12699],[79.36887,29.12708],[79.36877,29.12708],[79.36856,29.12699]]],[[[80.29017,29.2946],[80.28872,29.29616],[80.28809,29.29276],[80.29028,29.29388],[80.29017,29.2946]]],[[[78.81401,29.28172],[78.81267,29.28394],[78.80968,29.28232],[78.81401,29.28172]]],[[[78.78426,29.28204],[78.78459,29.28401],[78.7819,29.2832],[78.78426,29.28204]]],[[[79.31269,29.26291],[79.31534,29.26466],[79.31237,29.26741],[79.315,29.27103],[79.32117,29.27181],[79.31794,29.27378],[79.32127,29.27643],[79.30706,29.28007],[79.30837,29.27705],[79.30598,29.27539],[79.30564,29.27933],[79.30231,29.28035],[79.3007,29.27596],[79.30154,29.28111],[79.30542,29.28228],[79.30379,29.28894],[79.294,29.29033],[79.29576,29.28807],[79.293,29.28717],[79.29306,29.29244],[79.29074,29.28939],[79.28713,29.29309],[79.28456,29.28697],[79.29049,29.28818],[79.29082,29.28453],[79.29624,29.28414],[79.29322,29.28201],[79.27966,29.28661],[79.28385,29.28725],[79.28233,29.29137],[79.28588,29.29331],[79.28237,29.29397],[79.28167,29.29198],[79.27746,29.29472],[79.273,29.29268],[79.27179,29.29542],[79.26851,29.29277],[79.26086,29.2927],[79.25184,29.29542],[79.25158,29.29111],[79.24752,29.29098],[79.25073,29.2881],[79.25162,29.29094],[79.25112,29.28702],[79.26438,29.2796],[79.26554,29.27629],[79.27559,29.2865],[79.26633,29.27526],[79.27769,29.26995],[79.278,29.2734],[79.28183,29.27249],[79.28363,29.27591],[79.28271,29.27164],[79.28465,29.2648],[79.28198,29.26352],[79.28508,29.26111],[79.29233,29.25983],[79.29941,29.26774],[79.30437,29.26505],[79.30024,29.26338],[79.30136,29.2578],[79.30348,29.25716],[79.30565,29.26557],[79.31269,29.26291]],[[79.29883,29.26929],[79.2902,29.26032],[79.29222,29.2663],[79.29883,29.26929]],[[79.28009,29.27715],[79.27809,29.28082],[79.28143,29.28075],[79.28009,29.27715]],[[79.30036,29.28391],[79.29814,29.2844],[79.29968,29.28679],[79.30036,29.28391]],[[79.27412,29.28654],[79.26939,29.2833],[79.2722,29.28923],[79.27723,29.28792],[79.28212,29.29096],[79.27887,29.28703],[79.27412,29.28654]],[[79.26191,29.28437],[79.25991,29.28465],[79.26211,29.28437],[79.26191,29.28437]]],[[[79.12151,29.296],[79.12151,29.29609],[79.12141,29.29609],[79.12151,29.296]]],[[[79.17876,29.30103],[79.17865,29.30112],[79.17866,29.30103],[79.17876,29.30103]]],[[[79.46288,29.30795],[79.46298,29.30813],[79.46288,29.30804],[79.46288,29.30795]]],[[[79.46298,29.30813],[79.46029,29.30918],[79.46145,29.30757],[79.46258,29.30749],[79.46258,29.30758],[79.46288,29.30795],[79.46288,29.30804],[79.46298,29.30813]]],[[[80.25963,29.31453],[80.26033,29.31678],[80.25793,29.31211],[80.25963,29.31453]]],[[[79.2053,29.30892],[79.20102,29.30726],[79.20301,29.30685],[79.20229,29.30033],[79.2053,29.30892]]],[[[79.19722,29.30754],[79.19825,29.31049],[79.1929,29.3079],[79.19722,29.30754]]],[[[79.16869,29.31145],[79.16848,29.31181],[79.16838,29.31181],[79.16828,29.31163],[79.16869,29.31145]]],[[[79.19431,29.30986],[79.19369,29.31243],[79.19167,29.30994],[79.19431,29.30986]]],[[[79.00473,29.30982],[79.00483,29.30992],[79.00473,29.30991],[79.00473,29.30982]]],[[[78.97492,29.30766],[78.97601,29.30975],[78.97271,29.30704],[78.97512,29.30766],[78.97492,29.30766]]],[[[80.08829,29.32151],[80.08723,29.31981],[80.09213,29.31877],[80.08829,29.32151]]],[[[79.19028,29.31292],[79.18807,29.31319],[79.18595,29.30876],[79.18324,29.3069],[79.18792,29.30626],[79.19081,29.31257],[79.19028,29.31292]]],[[[79.00473,29.30991],[79.00289,29.30917],[79.00289,29.30907],[79.00289,29.30917],[78.99584,29.30761],[78.99937,29.30505],[79.00473,29.30982],[79.00473,29.30991]]],[[[79.07448,29.31202],[79.07478,29.31239],[79.07468,29.31239],[79.07458,29.31229],[79.07448,29.31202]]],[[[79.07602,29.31249],[79.07602,29.31258],[79.07581,29.31258],[79.07602,29.3124],[79.07602,29.31249]]],[[[78.99808,29.31315],[78.99725,29.31314],[78.99725,29.31305],[78.99808,29.31315]]],[[[78.98165,29.31624],[78.98175,29.31634],[78.98164,29.31633],[78.98165,29.31624]]],[[[79.03771,29.3132],[79.03509,29.31643],[79.04049,29.31237],[79.04147,29.31491],[79.03495,29.31767],[79.03227,29.3126],[79.03771,29.3132]]],[[[79.08699,29.31596],[79.08848,29.31773],[79.08619,29.31864],[79.08399,29.31577],[79.08699,29.31596]]],[[[79.68205,29.3259],[79.68205,29.32599],[79.68184,29.32599],[79.68205,29.3259]]],[[[78.89832,29.31839],[78.898,29.31901],[78.89638,29.31785],[78.89832,29.3183],[78.89832,29.31839]]],[[[79.14468,29.32429],[79.14563,29.32268],[79.14589,29.32539],[79.14468,29.32429]]],[[[79.0203,29.29779],[79.02875,29.30503],[79.02189,29.30811],[79.01558,29.31585],[79.0205,29.31949],[79.02596,29.31733],[79.02319,29.32197],[79.02789,29.31843],[79.02583,29.32408],[79.02284,29.32556],[79.01822,29.32301],[79.01812,29.32072],[79.02224,29.32168],[79.01916,29.3196],[79.01532,29.3204],[79.00699,29.30986],[79.01118,29.30844],[79.0072,29.30779],[79.00821,29.30578],[79.00596,29.30702],[79.00525,29.30442],[79.00937,29.30394],[79.01097,29.30628],[79.01475,29.30267],[79.01798,29.30495],[79.01985,29.30157],[79.01756,29.29585],[79.0203,29.29779]]],[[[79.0463,29.32677],[79.03953,29.32153],[79.03905,29.31621],[79.04173,29.31508],[79.0463,29.32677]]],[[[78.94655,29.32626],[78.94653,29.3269],[78.94643,29.32689],[78.94623,29.3268],[78.94655,29.32626]]],[[[79.17456,29.32817],[79.17333,29.3306],[79.17259,29.32735],[79.17659,29.32473],[79.17456,29.32817]]],[[[79.09203,29.32608],[79.0945,29.32715],[79.09077,29.32669],[79.09191,29.32969],[79.08887,29.32718],[79.09152,29.32598],[79.09203,29.32608]]],[[[80.08342,29.34262],[80.08353,29.34271],[80.08342,29.34271],[80.08342,29.34262]]],[[[79.03919,29.33244],[79.03929,29.33253],[79.03919,29.33253],[79.03919,29.33244]]],[[[79.16901,29.33559],[79.16577,29.33372],[79.16929,29.33118],[79.17634,29.33267],[79.16901,29.33559]]],[[[79.19963,29.30249],[79.19787,29.30692],[79.19639,29.30028],[79.19169,29.30046],[79.19234,29.29737],[79.18995,29.29818],[79.1939,29.30611],[79.19016,29.30206],[79.18371,29.3048],[79.18251,29.30157],[79.17975,29.30486],[79.18087,29.3068],[79.18435,29.30783],[79.18413,29.31168],[79.18675,29.31477],[79.18132,29.31484],[79.18111,29.31929],[79.17545,29.32086],[79.17496,29.32358],[79.17115,29.32295],[79.17246,29.327],[79.16636,29.33173],[79.16402,29.33102],[79.16498,29.3345],[79.16167,29.33606],[79.1579,29.33121],[79.15631,29.3329],[79.15247,29.32595],[79.15303,29.33283],[79.14813,29.32424],[79.15255,29.32019],[79.15867,29.31919],[79.15685,29.31138],[79.16049,29.30963],[79.16601,29.30835],[79.16828,29.31163],[79.16838,29.31181],[79.16848,29.3119],[79.16603,29.31361],[79.16994,29.31093],[79.17304,29.3049],[79.17989,29.30341],[79.17627,29.30226],[79.17845,29.30103],[79.17865,29.30112],[79.17876,29.30103],[79.17599,29.29806],[79.18027,29.29434],[79.18163,29.29709],[79.18224,29.29309],[79.19186,29.29267],[79.19373,29.28525],[79.19813,29.28821],[79.19828,29.29348],[79.2029,29.29234],[79.20029,29.28179],[79.2214,29.28296],[79.22159,29.2875],[79.225,29.28961],[79.22369,29.28265],[79.23611,29.28334],[79.24091,29.29156],[79.25019,29.29238],[79.25155,29.30011],[79.24945,29.30082],[79.25384,29.30465],[79.24423,29.30971],[79.23317,29.30943],[79.23626,29.30619],[79.23361,29.30615],[79.22159,29.31235],[79.21912,29.30627],[79.22279,29.30841],[79.22274,29.30539],[79.22904,29.30329],[79.23111,29.30529],[79.23547,29.3013],[79.2389,29.30612],[79.23803,29.30018],[79.24422,29.30249],[79.2433,29.29946],[79.24811,29.29979],[79.24801,29.29802],[79.24337,29.29455],[79.23795,29.29851],[79.23781,29.29474],[79.23294,29.30235],[79.22744,29.29975],[79.22507,29.30324],[79.22599,29.29947],[79.22169,29.29831],[79.22088,29.30443],[79.21765,29.30558],[79.21928,29.28787],[79.21292,29.28836],[79.2166,29.29276],[79.21515,29.30088],[79.21815,29.30005],[79.21607,29.30377],[79.20684,29.30097],[79.20783,29.29595],[79.21074,29.29808],[79.21366,29.29336],[79.20792,29.28753],[79.20603,29.28716],[79.20889,29.29151],[79.20608,29.29774],[79.20347,29.29429],[79.19809,29.29674],[79.19611,29.29498],[79.19712,29.30196],[79.19963,29.30249]],[[79.18012,29.31757],[79.17701,29.31558],[79.17552,29.31839],[79.18012,29.31757]],[[79.1648,29.32018],[79.16496,29.31844],[79.16173,29.32039],[79.16283,29.32387],[79.1648,29.32018]],[[79.15618,29.32395],[79.15709,29.32626],[79.16464,29.32744],[79.15618,29.32395]],[[79.1649,29.32771],[79.16369,29.33055],[79.16655,29.3303],[79.1649,29.32771]],[[79.22782,29.29263],[79.23128,29.30012],[79.23028,29.29336],[79.22782,29.29263]],[[79.23257,29.29352],[79.23371,29.29954],[79.23536,29.29629],[79.23257,29.29352]],[[79.24306,29.30442],[79.24051,29.30511],[79.24282,29.30703],[79.24306,29.30442]],[[79.21349,29.30125],[79.21391,29.29808],[79.21104,29.30042],[79.21349,29.30125]]],[[[78.92674,29.33327],[78.92663,29.33335],[78.92664,29.33326],[78.92674,29.33327]]],[[[80.08877,29.34494],[80.08591,29.34716],[80.08867,29.34301],[80.08877,29.34494]]],[[[80.08444,29.3438],[80.08204,29.3473],[80.07936,29.34677],[80.07931,29.34258],[80.08332,29.34262],[80.08342,29.34271],[80.08353,29.34271],[80.08373,29.34298],[80.08444,29.3438]]],[[[79.01446,29.33334],[79.01176,29.33569],[79.01019,29.33342],[79.01242,29.33108],[79.01446,29.33334]]],[[[80.07499,29.34771],[80.07532,29.34409],[80.07699,29.34745],[80.07499,29.34771]]],[[[78.92653,29.33335],[78.92402,29.33557],[78.9249,29.3327],[78.92654,29.33281],[78.92664,29.33326],[78.92653,29.33326],[78.92653,29.33335]]],[[[79.07381,29.33843],[79.07146,29.33728],[79.07259,29.3304],[79.07671,29.33422],[79.07683,29.33749],[79.07381,29.33843]]],[[[79.15743,29.334],[79.16101,29.33632],[79.16123,29.34105],[79.15743,29.334]]],[[[78.82155,29.33655],[78.82154,29.33664],[78.82144,29.33655],[78.82155,29.33655]]],[[[79.18848,29.33338],[79.18678,29.33232],[79.18985,29.33728],[79.18691,29.33817],[79.18962,29.34151],[79.18718,29.34117],[79.18568,29.34268],[79.17967,29.34237],[79.17988,29.34237],[79.18008,29.34042],[79.18328,29.33934],[79.17988,29.33309],[79.18153,29.32879],[79.18464,29.32888],[79.18848,29.33338]]],[[[79.31128,29.34497],[79.31212,29.34767],[79.30958,29.34588],[79.31128,29.34497]]],[[[79.13442,29.32794],[79.13767,29.33476],[79.13565,29.33694],[79.14063,29.3431],[79.13472,29.34126],[79.13338,29.34534],[79.13237,29.33838],[79.13484,29.33734],[79.13097,29.3361],[79.13108,29.33053],[79.13398,29.32863],[79.12952,29.32535],[79.13269,29.32445],[79.13131,29.32619],[79.13442,29.32794]]],[[[80.18878,29.35792],[80.18795,29.35855],[80.18754,29.35836],[80.18878,29.35792]]],[[[79.08008,29.34864],[79.07931,29.34698],[79.08425,29.34582],[79.08008,29.34864]]],[[[79.13456,29.34842],[79.1408,29.34461],[79.13817,29.34893],[79.13456,29.34842]]],[[[79.01495,29.34525],[79.01902,29.34492],[79.02034,29.34614],[79.01452,29.34867],[79.01506,29.34526],[79.01495,29.34525]]],[[[79.00953,29.34869],[79.01137,29.34935],[79.00774,29.34996],[79.00855,29.34624],[79.00943,29.3486],[79.00953,29.34869]]],[[[80.17988,29.36247],[80.18029,29.3631],[80.17957,29.36256],[80.17988,29.36247]]],[[[79.01043,29.35033],[79.01062,29.35096],[79.01052,29.35096],[79.00929,29.35049],[79.00929,29.3504],[79.01053,29.35024],[79.01043,29.35033]]],[[[79.32187,29.35321],[79.32122,29.35573],[79.31891,29.35126],[79.32183,29.34586],[79.32187,29.35321]]],[[[80.20119,29.36476],[80.19791,29.36276],[80.19318,29.3611],[80.19226,29.36047],[80.19052,29.35865],[80.19105,29.35757],[80.19043,29.35502],[80.19577,29.35453],[80.20073,29.35763],[80.20317,29.36189],[80.20119,29.36476]]],[[[79.22528,29.35526],[79.22335,29.35361],[79.22782,29.357],[79.22528,29.35526]]],[[[79.32366,29.3583],[79.32385,29.34588],[79.32609,29.35139],[79.32804,29.34646],[79.3257,29.34569],[79.32625,29.34181],[79.32367,29.34457],[79.32165,29.34175],[79.31933,29.3448],[79.3194,29.34109],[79.31507,29.34397],[79.32016,29.3374],[79.32844,29.33769],[79.32909,29.33962],[79.32941,29.35163],[79.32366,29.3583]]],[[[79.10658,29.35574],[79.10062,29.35569],[79.09999,29.35031],[79.10479,29.35031],[79.10658,29.35574]]],[[[80.15048,29.36761],[80.14824,29.36827],[80.14926,29.36507],[80.15048,29.36761]]],[[[79.23732,29.35533],[79.23832,29.36229],[79.23446,29.35399],[79.23213,29.35552],[79.23241,29.34777],[79.23893,29.35253],[79.23732,29.35533]]],[[[80.17812,29.36869],[80.17764,29.37175],[80.17541,29.36731],[80.17831,29.36598],[80.17812,29.36869]]],[[[80.16426,29.37085],[80.1596,29.37317],[80.16158,29.37102],[80.16127,29.37065],[80.15831,29.36717],[80.16012,29.36854],[80.16182,29.36633],[80.16603,29.36825],[80.1681,29.36664],[80.16426,29.37085]]],[[[79.32289,29.36451],[79.32171,29.3658],[79.3205,29.36136],[79.32482,29.35862],[79.32524,29.3644],[79.32289,29.36451]]],[[[79.12456,29.36301],[79.12187,29.36039],[79.12603,29.3604],[79.12456,29.36301]]],[[[79.11845,29.362],[79.12096,29.36237],[79.11879,29.36437],[79.11845,29.362]]],[[[79.33442,29.36379],[79.33501,29.36799],[79.33399,29.36469],[79.33391,29.36306],[79.33442,29.36379]]],[[[79.01248,29.36669],[79.01206,29.36686],[79.0128,29.36083],[79.01266,29.36272],[79.01266,29.36281],[79.01248,29.36669]]],[[[79.32075,29.37088],[79.31636,29.36881],[79.32274,29.36599],[79.32075,29.37088]]],[[[79.11271,29.36748],[79.11064,29.36948],[79.10554,29.36711],[79.10368,29.36249],[79.10715,29.36135],[79.11271,29.36748]]],[[[79.09293,29.36624],[79.09427,29.36873],[79.08945,29.36921],[79.08444,29.36553],[79.09025,29.36434],[79.08963,29.36106],[79.09293,29.36624]]],[[[79.14676,29.34029],[79.14217,29.34071],[79.14702,29.34445],[79.14747,29.34084],[79.14904,29.34175],[79.15209,29.34731],[79.14588,29.35124],[79.14646,29.34825],[79.14331,29.34796],[79.1449,29.35459],[79.14041,29.35795],[79.14379,29.36729],[79.13817,29.37035],[79.13553,29.35169],[79.14081,29.35274],[79.13879,29.34936],[79.14432,29.34654],[79.14107,29.33961],[79.14251,29.33894],[79.14015,29.3384],[79.13917,29.33013],[79.13442,29.32794],[79.13695,29.32743],[79.13493,29.32243],[79.13797,29.32178],[79.13434,29.31932],[79.13055,29.32352],[79.13121,29.32036],[79.12657,29.32102],[79.12194,29.30971],[79.12611,29.30732],[79.12268,29.30558],[79.12173,29.29528],[79.12184,29.29519],[79.12225,29.29529],[79.12235,29.29529],[79.12214,29.29574],[79.12459,29.30014],[79.13077,29.29979],[79.13285,29.30653],[79.1302,29.30806],[79.13477,29.30854],[79.14043,29.32008],[79.14524,29.33305],[79.14676,29.34029]],[[79.13907,29.32488],[79.14052,29.32666],[79.14027,29.32324],[79.13907,29.32488]],[[79.12696,29.3189],[79.12788,29.31427],[79.12472,29.31537],[79.12787,29.32049],[79.13454,29.31795],[79.12696,29.3189]]],[[[80.12966,29.37974],[80.12764,29.37987],[80.12918,29.37808],[80.12966,29.37974]]],[[[79.11921,29.37095],[79.11615,29.36937],[79.11658,29.36617],[79.11921,29.37095]]],[[[79.01097,29.37001],[79.01087,29.3701],[79.01087,29.37001],[79.01097,29.37001]]],[[[79.29555,29.3684],[79.2971,29.37495],[79.29349,29.36832],[79.29555,29.3684]]],[[[80.13273,29.38338],[80.13201,29.38256],[80.13253,29.38265],[80.13273,29.38338]]],[[[79.04951,29.37482],[79.0495,29.37491],[79.0494,29.37481],[79.04951,29.37482]]],[[[79.04961,29.37491],[79.04961,29.375],[79.0495,29.37491],[79.04961,29.37491]]],[[[79.04971,29.375],[79.04971,29.37509],[79.04961,29.375],[79.04971,29.375]]],[[[79.04981,29.37509],[79.04981,29.37518],[79.04971,29.37509],[79.04981,29.37509]]],[[[79.04991,29.37518],[79.04991,29.37527],[79.04981,29.37518],[79.04991,29.37518]]],[[[80.13764,29.38684],[80.13621,29.38602],[80.13526,29.38346],[80.13747,29.38296],[80.13764,29.38684]]],[[[80.24068,29.38846],[80.24068,29.38855],[80.24057,29.38846],[80.24068,29.38846]]],[[[79.01003,29.37586],[79.00922,29.37548],[79.00932,29.37549],[79.01245,29.37008],[79.01003,29.37586]]],[[[79.01899,29.37599],[79.01826,29.3767],[79.01838,29.37553],[79.01879,29.37599],[79.01899,29.37599]]],[[[80.16678,29.38955],[80.16546,29.38801],[80.16889,29.38945],[80.16678,29.38955]]],[[[79.3291,29.38033],[79.32949,29.38253],[79.32599,29.38062],[79.32384,29.36617],[79.32573,29.37189],[79.32751,29.37029],[79.32863,29.37771],[79.32656,29.37822],[79.32614,29.37849],[79.32614,29.37858],[79.3291,29.38033]]],[[[80.22778,29.39082],[80.2264,29.39356],[80.22445,29.39228],[80.22605,29.38825],[80.23461,29.38689],[80.2345,29.38743],[80.23419,29.38779],[80.23264,29.38868],[80.22758,29.38974],[80.22758,29.38983],[80.22778,29.39082]]],[[[79.32256,29.38388],[79.32312,29.38625],[79.31728,29.38215],[79.31953,29.38192],[79.319,29.37693],[79.32256,29.38388]]],[[[80.20827,29.39468],[80.20837,29.39477],[80.20827,29.39477],[80.20827,29.39468]]],[[[79.28002,29.38497],[79.26698,29.38143],[79.26581,29.37645],[79.27208,29.38037],[79.27165,29.37784],[79.27628,29.37994],[79.28002,29.38497]]],[[[80.19943,29.39156],[80.2039,29.39326],[80.20094,29.39698],[80.19837,29.39525],[80.19943,29.39156]]],[[[80.10717,29.39584],[80.10188,29.3963],[80.10657,29.39367],[80.10717,29.39584]]],[[[79.11068,29.38698],[79.11057,29.38706],[79.11037,29.38661],[79.11068,29.38698]]],[[[80.04039,29.39538],[80.03821,29.39676],[80.03938,29.39311],[80.04039,29.39538]]],[[[80.22281,29.39422],[80.21892,29.39846],[80.21543,29.39565],[80.21663,29.39328],[80.21455,29.39535],[80.21351,29.39696],[80.21216,29.39786],[80.21092,29.3983],[80.21083,29.39704],[80.21022,29.39604],[80.20981,29.3955],[80.20672,29.39503],[80.20704,29.3944],[80.21034,29.39333],[80.20827,29.39468],[80.20817,29.39468],[80.20807,29.39468],[80.20817,29.39468],[80.20827,29.39477],[80.20837,29.39477],[80.21085,29.39433],[80.21274,29.39001],[80.21802,29.38867],[80.21957,29.38563],[80.21788,29.37768],[80.2151,29.37739],[80.21844,29.37263],[80.22469,29.37627],[80.22749,29.38475],[80.23256,29.38489],[80.22534,29.38611],[80.22349,29.38619],[80.2233,29.38964],[80.21938,29.39142],[80.22281,29.39422]]],[[[79.11068,29.38698],[79.11118,29.38761],[79.11057,29.38706],[79.11068,29.38698]]],[[[79.06091,29.38734],[79.06091,29.38752],[79.06081,29.38734],[79.06091,29.38734]]],[[[79.32808,29.39242],[79.32444,29.39173],[79.32577,29.38832],[79.3317,29.39146],[79.32808,29.39242]]],[[[79.27863,29.39187],[79.27143,29.38748],[79.27533,29.3874],[79.27863,29.39187]]],[[[79.93308,29.39808],[79.93257,29.39799],[79.93278,29.39799],[79.93278,29.39781],[79.9335,29.39736],[79.93308,29.39808]]],[[[79.01308,29.38871],[79.01084,29.3876],[79.01148,29.38634],[79.01247,29.38807],[79.01288,29.38826],[79.01288,29.38835],[79.01308,29.38871]]],[[[80.05604,29.39739],[80.05898,29.39881],[80.05757,29.40067],[80.05604,29.39739]]],[[[79.3368,29.39477],[79.3365,29.39396],[79.3369,29.39468],[79.3368,29.39477]]],[[[80.09868,29.3994],[80.09742,29.40412],[80.09531,29.4033],[80.09691,29.40155],[80.09702,29.40155],[80.09868,29.3994]]],[[[80.05539,29.40036],[80.0566,29.40383],[80.05262,29.40445],[80.05034,29.4019],[80.04434,29.4017],[80.04617,29.39745],[80.04086,29.39779],[80.04323,29.3942],[80.04763,29.39395],[80.05539,29.40036]]],[[[80.18005,29.4057],[80.18085,29.40413],[80.18253,29.40445],[80.18108,29.40574],[80.18047,29.40525],[80.18057,29.40516],[80.18078,29.40516],[80.18057,29.40516],[80.18047,29.40516],[80.18047,29.40525],[80.18005,29.4057],[80.17974,29.40569],[80.18005,29.4057]]],[[[79.06705,29.39474],[79.06715,29.39483],[79.06705,29.39483],[79.06705,29.39474]]],[[[80.06875,29.40451],[80.06654,29.40592],[80.06782,29.40433],[80.06875,29.40451]]],[[[79.94146,29.40528],[79.93953,29.4021],[79.93922,29.40282],[79.93931,29.40355],[79.93931,29.40364],[79.93828,29.40372],[79.93706,29.40254],[79.93665,29.40244],[79.93539,29.40415],[79.93325,29.40232],[79.93424,29.39813],[79.94175,29.39725],[79.94275,29.39978],[79.9409,29.39959],[79.94167,29.40474],[79.94146,29.40519],[79.94146,29.40528]]],[[[79.28169,29.3874],[79.28448,29.38733],[79.28599,29.39217],[79.29523,29.39896],[79.28991,29.39762],[79.27892,29.38769],[79.27174,29.38505],[79.27078,29.38698],[79.27036,29.38466],[79.28169,29.3874]]],[[[80.07833,29.40557],[80.0758,29.40601],[80.08139,29.40306],[80.07843,29.40539],[80.07833,29.40557]]],[[[79.06715,29.39483],[79.06722,29.39691],[79.06695,29.39474],[79.06705,29.39483],[79.06715,29.39492],[79.06715,29.39483]]],[[[79.10674,29.37681],[79.10255,29.37878],[79.09648,29.37244],[79.09682,29.37476],[79.09308,29.3749],[79.08676,29.3727],[79.09972,29.37866],[79.10154,29.38531],[79.09731,29.38296],[79.09979,29.38762],[79.09214,29.38829],[79.09344,29.39209],[79.09118,29.39306],[79.08109,29.39056],[79.07999,29.38741],[79.07811,29.38929],[79.07331,29.38739],[79.07409,29.39331],[79.07539,29.38986],[79.0849,29.39294],[79.07719,29.39813],[79.07603,29.39629],[79.0706,29.39804],[79.07085,29.39552],[79.06705,29.39474],[79.06695,29.39474],[79.06675,29.39438],[79.06897,29.39238],[79.0662,29.39289],[79.06091,29.38734],[79.06081,29.38716],[79.06081,29.38734],[79.05738,29.38332],[79.05718,29.38314],[79.05718,29.38305],[79.05658,29.38187],[79.05349,29.37677],[79.05338,29.37677],[79.05022,29.37537],[79.04991,29.37527],[79.04991,29.37518],[79.04981,29.37509],[79.04971,29.375],[79.04961,29.37491],[79.04951,29.37482],[79.0494,29.37481],[79.0486,29.37381],[79.04907,29.36975],[79.0391,29.35732],[79.04192,29.35083],[79.03793,29.35168],[79.03041,29.34493],[79.03174,29.34123],[79.03572,29.34212],[79.03235,29.33754],[79.03539,29.33253],[79.03919,29.33253],[79.03929,29.33253],[79.04573,29.33919],[79.04155,29.34029],[79.0441,29.3422],[79.03988,29.34258],[79.04224,29.34372],[79.04703,29.34128],[79.04774,29.3433],[79.05256,29.34007],[79.04766,29.34019],[79.0459,29.33661],[79.04835,29.33122],[79.05232,29.32916],[79.05396,29.3304],[79.04892,29.33547],[79.04753,29.33387],[79.04829,29.33675],[79.05545,29.33848],[79.0565,29.33223],[79.05718,29.33566],[79.07053,29.344],[79.07667,29.35153],[79.08271,29.35297],[79.08116,29.34965],[79.08475,29.34664],[79.08752,29.34659],[79.08428,29.34401],[79.08552,29.34111],[79.08154,29.34088],[79.07839,29.34569],[79.07552,29.34304],[79.07966,29.34288],[79.07807,29.33761],[79.08045,29.33689],[79.08082,29.33914],[79.08325,29.3359],[79.07874,29.3358],[79.07608,29.3295],[79.07391,29.33052],[79.06914,29.32643],[79.07044,29.33134],[79.06001,29.32931],[79.05761,29.32515],[79.0631,29.32315],[79.05829,29.32398],[79.05774,29.32107],[79.05433,29.32078],[79.0574,29.31832],[79.05966,29.31991],[79.05857,29.31647],[79.05541,29.3181],[79.05345,29.3174],[79.05306,29.32089],[79.05733,29.32507],[79.04974,29.32998],[79.04651,29.32695],[79.05494,29.32443],[79.05046,29.32309],[79.04819,29.32515],[79.04323,29.31859],[79.04357,29.31055],[79.03865,29.29634],[79.04164,29.29793],[79.04579,29.29525],[79.05351,29.29533],[79.04353,29.29024],[79.04118,29.2909],[79.04113,29.29557],[79.03886,29.29607],[79.03693,29.29024],[79.03272,29.28904],[79.03624,29.28616],[79.03703,29.28896],[79.03926,29.28833],[79.03472,29.27606],[79.0321,29.27562],[79.03154,29.27808],[79.03394,29.28643],[79.03141,29.28739],[79.02817,29.28437],[79.02564,29.28627],[79.0223,29.2818],[79.01707,29.28357],[79.0093,29.28199],[79.01623,29.29757],[79.0128,29.30033],[79.01231,29.29591],[79.00988,29.29857],[79.00463,29.29327],[79.0081,29.29781],[79.00476,29.29789],[79.00369,29.30255],[78.99717,29.30214],[78.99776,29.30566],[78.98838,29.30877],[78.98808,29.30822],[78.98798,29.30822],[78.97766,29.30436],[78.97396,29.30291],[78.96816,29.30584],[78.97121,29.30585],[78.9785,29.31394],[78.9785,29.31403],[78.9793,29.31513],[78.9796,29.31558],[78.98165,29.31606],[78.98165,29.31624],[78.98164,29.31633],[78.98175,29.31634],[78.98165,29.31606],[78.98537,29.31513],[78.99155,29.3194],[79.00107,29.31925],[79.00045,29.3234],[78.99569,29.32521],[79.00126,29.32642],[79.00283,29.32437],[79.00423,29.32691],[79.00999,29.32703],[79.01445,29.32386],[79.01647,29.3257],[79.00886,29.32982],[79.01052,29.33688],[79.00699,29.33878],[79.00127,29.33727],[79.00061,29.33918],[79.00714,29.3446],[79.00681,29.35363],[79.00829,29.35454],[79.01248,29.35203],[79.01136,29.35531],[79.01266,29.35749],[79.01296,29.35804],[79.01295,29.35813],[79.00989,29.36436],[79.01097,29.36992],[79.01087,29.37001],[79.01087,29.3701],[79.00194,29.37054],[79.00214,29.37375],[79.0064,29.37421],[79.00974,29.38045],[79.00745,29.38683],[78.99958,29.38351],[78.99697,29.38532],[78.99684,29.37656],[79.00043,29.37425],[79.00003,29.37047],[79.0034,29.3697],[79.00294,29.36554],[79.0075,29.36534],[79.00461,29.36324],[79.00139,29.36554],[78.99911,29.35773],[78.98978,29.35377],[78.98073,29.35752],[78.98318,29.35783],[78.98179,29.36357],[78.98663,29.3663],[78.98887,29.37125],[78.98698,29.37243],[78.98948,29.37365],[78.98935,29.37492],[78.98935,29.37501],[78.98924,29.37527],[78.98913,29.37545],[78.98924,29.37527],[78.99075,29.37692],[78.98913,29.3773],[78.98594,29.37087],[78.97867,29.36439],[78.98015,29.36177],[78.97527,29.36102],[78.97705,29.36373],[78.97473,29.36387],[78.97464,29.36359],[78.97323,29.36599],[78.97005,29.36187],[78.97397,29.36119],[78.97456,29.35848],[78.9701,29.35628],[78.96998,29.35028],[78.95714,29.3401],[78.95115,29.34195],[78.9507,29.34527],[78.94776,29.34378],[78.95107,29.34699],[78.94758,29.35687],[78.94748,29.35686],[78.93863,29.351],[78.93364,29.35891],[78.93062,29.35431],[78.92833,29.35622],[78.92849,29.34962],[78.92131,29.35169],[78.91989,29.34935],[78.92112,29.34112],[78.92266,29.34141],[78.92237,29.34405],[78.92683,29.34382],[78.92684,29.34783],[78.92766,29.34357],[78.93346,29.34291],[78.93402,29.33969],[78.93901,29.33761],[78.93777,29.33263],[78.94477,29.33255],[78.94363,29.32839],[78.94623,29.3268],[78.94643,29.32689],[78.94653,29.3269],[78.9479,29.32356],[78.95234,29.32697],[78.95412,29.32577],[78.95141,29.3094],[78.94086,29.30541],[78.93378,29.30595],[78.93575,29.30012],[78.93354,29.29737],[78.93344,29.29728],[78.92243,29.27736],[78.91364,29.27533],[78.90423,29.26373],[78.90801,29.25682],[78.89823,29.25268],[78.89541,29.24869],[78.89271,29.25045],[78.89271,29.25054],[78.89271,29.25045],[78.90054,29.26322],[78.89754,29.26668],[78.8929,29.26635],[78.88949,29.26049],[78.88879,29.2646],[78.89228,29.2665],[78.8877,29.26887],[78.87919,29.2631],[78.87235,29.26579],[78.87445,29.26941],[78.87156,29.27295],[78.87186,29.28686],[78.87689,29.29003],[78.8875,29.28789],[78.88781,29.29105],[78.87872,29.29962],[78.877,29.29735],[78.87572,29.2988],[78.88426,29.30561],[78.88559,29.31142],[78.88378,29.31473],[78.87936,29.31173],[78.88402,29.31613],[78.88767,29.33234],[78.89846,29.32164],[78.89726,29.31954],[78.89789,29.3191],[78.90083,29.32054],[78.9008,29.32604],[78.90293,29.32423],[78.90689,29.33065],[78.90285,29.32315],[78.90686,29.32339],[78.91109,29.32247],[78.91075,29.31948],[78.91328,29.31682],[78.91338,29.31691],[78.91433,29.31584],[78.91423,29.31566],[78.91434,29.31521],[78.91444,29.31521],[78.91434,29.31521],[78.91786,29.31436],[78.91764,29.31472],[78.91827,29.31837],[78.92332,29.31382],[78.92536,29.31998],[78.92536,29.32007],[78.92687,29.32154],[78.92708,29.32172],[78.92676,29.32199],[78.92566,29.33045],[78.92207,29.31734],[78.9212,29.32182],[78.91592,29.32111],[78.91845,29.32515],[78.92258,29.322],[78.92283,29.32723],[78.92113,29.33047],[78.91973,29.32842],[78.91999,29.33493],[78.91552,29.33962],[78.91128,29.33974],[78.90858,29.33533],[78.91246,29.33247],[78.91157,29.32994],[78.90311,29.33357],[78.90057,29.32907],[78.89792,29.32721],[78.90221,29.34455],[78.89956,29.35323],[78.8919,29.35009],[78.88077,29.35528],[78.87568,29.36018],[78.87647,29.36414],[78.86747,29.3612],[78.87186,29.36186],[78.87275,29.35965],[78.86489,29.35665],[78.86499,29.35656],[78.86489,29.35665],[78.86553,29.35218],[78.85601,29.35245],[78.85293,29.35204],[78.85591,29.34975],[78.85414,29.34609],[78.84643,29.34412],[78.83468,29.35089],[78.82718,29.34269],[78.81835,29.33824],[78.81868,29.33578],[78.81878,29.33588],[78.81898,29.33597],[78.81929,29.33606],[78.8197,29.33616],[78.81929,29.33606],[78.81898,29.33597],[78.81878,29.33588],[78.81868,29.33578],[78.82359,29.33704],[78.82647,29.33481],[78.81646,29.33376],[78.81483,29.33283],[78.81483,29.33292],[78.81452,29.33274],[78.81361,29.33218],[78.81382,29.3321],[78.81392,29.33219],[78.81402,29.33228],[78.81412,29.33237],[78.81402,29.33228],[78.81392,29.33219],[78.81382,29.3321],[78.81249,29.33171],[78.81167,29.33143],[78.81096,29.3306],[78.81107,29.33061],[78.81117,29.3307],[78.81107,29.33061],[78.81096,29.3306],[78.80885,29.32313],[78.80931,29.32634],[78.80919,29.32688],[78.80919,29.32697],[78.80919,29.32706],[78.80927,29.32778],[78.81013,29.33104],[78.80728,29.32721],[78.80713,29.33086],[78.80347,29.32954],[78.80312,29.33634],[78.79992,29.33458],[78.80471,29.31927],[78.79828,29.31907],[78.7959,29.3118],[78.78952,29.31544],[78.79537,29.32498],[78.7936,29.32805],[78.79056,29.33051],[78.78674,29.3261],[78.7804,29.32541],[78.78412,29.32232],[78.78503,29.31624],[78.79055,29.31969],[78.78623,29.31526],[78.79169,29.30516],[78.78751,29.30857],[78.78694,29.30541],[78.78065,29.30197],[78.78673,29.30938],[78.7813,29.31338],[78.78322,29.31723],[78.77981,29.32503],[78.77268,29.32798],[78.77426,29.332],[78.76655,29.33736],[78.75381,29.33126],[78.7495,29.32301],[78.75043,29.31734],[78.74515,29.31801],[78.7453,29.3154],[78.74157,29.31517],[78.74102,29.32006],[78.73359,29.32181],[78.73581,29.31849],[78.73192,29.31741],[78.7313,29.31338],[78.7352,29.30651],[78.73428,29.30282],[78.7272,29.30547],[78.72208,29.30364],[78.7192,29.30705],[78.71842,29.3034],[78.72675,29.2978],[78.73461,29.29958],[78.76566,29.2787],[78.76646,29.28176],[78.75993,29.28484],[78.76609,29.28426],[78.76371,29.29034],[78.76795,29.28987],[78.76882,29.28332],[78.77027,29.28587],[78.77974,29.28297],[78.78027,29.28864],[78.78578,29.28767],[78.78708,29.28159],[78.78482,29.27892],[78.78145,29.28027],[78.77562,29.27745],[78.77797,29.28118],[78.77037,29.28135],[78.7664,29.2779],[78.77326,29.27103],[78.7709,29.26504],[78.78504,29.25367],[78.78976,29.25497],[78.79188,29.25223],[78.79011,29.24764],[78.79779,29.24432],[78.79961,29.24579],[78.7985,29.24451],[78.79893,29.2438],[78.80745,29.23668],[78.82004,29.23215],[78.82209,29.23344],[78.81872,29.23552],[78.82008,29.23822],[78.82501,29.23619],[78.82854,29.23882],[78.82953,29.23595],[78.83821,29.24257],[78.84127,29.23969],[78.83945,29.23679],[78.84335,29.23487],[78.84387,29.23731],[78.84833,29.23815],[78.84952,29.23276],[78.85262,29.2384],[78.85956,29.24144],[78.86214,29.23938],[78.8586,29.23298],[78.86784,29.22782],[78.87245,29.22743],[78.87383,29.23062],[78.87463,29.2263],[78.87646,29.22885],[78.87963,29.22787],[78.87152,29.22316],[78.87573,29.21904],[78.87941,29.2189],[78.87856,29.21411],[78.88327,29.21162],[78.87827,29.20628],[78.87485,29.20626],[78.87639,29.204],[78.88205,29.19996],[78.88527,29.2031],[78.89033,29.20133],[78.88878,29.20357],[78.89408,29.20586],[78.89975,29.20088],[78.90641,29.20073],[78.91286,29.2038],[78.91275,29.20602],[78.91346,29.2086],[78.9174,29.20731],[78.91994,29.20356],[78.92543,29.20236],[78.92511,29.1985],[78.92259,29.20143],[78.91943,29.19931],[78.91629,29.20206],[78.91291,29.20089],[78.91265,29.19379],[78.90895,29.19517],[78.90577,29.19255],[78.90356,29.19538],[78.90711,29.19757],[78.90479,29.19926],[78.89912,29.19195],[78.89238,29.1964],[78.8902,29.19222],[78.89628,29.19362],[78.89969,29.18567],[78.89429,29.18612],[78.90311,29.18092],[78.90337,29.17832],[78.9083,29.17929],[78.90989,29.17309],[78.91918,29.17783],[78.92562,29.17566],[78.92133,29.17589],[78.91933,29.17098],[78.91482,29.17281],[78.91244,29.17005],[78.90769,29.17323],[78.90168,29.16955],[78.90554,29.16557],[78.9111,29.16687],[78.91387,29.16328],[78.90881,29.16192],[78.90617,29.15213],[78.91475,29.15355],[78.9156,29.15011],[78.91096,29.14481],[78.91878,29.13545],[78.90631,29.12504],[78.91983,29.12023],[78.92358,29.13025],[78.91953,29.13261],[78.92201,29.1348],[78.92891,29.13096],[78.92269,29.12383],[78.92365,29.11903],[78.92701,29.11813],[78.93466,29.12962],[78.93889,29.12784],[78.94168,29.12961],[78.94119,29.13351],[78.93658,29.13332],[78.93912,29.13918],[78.93386,29.13173],[78.92985,29.13313],[78.93237,29.13673],[78.92718,29.13962],[78.93178,29.14203],[78.92846,29.14352],[78.92895,29.14599],[78.93617,29.14219],[78.93983,29.14524],[78.93899,29.14903],[78.94206,29.14652],[78.94002,29.14146],[78.94358,29.1393],[78.94733,29.14038],[78.94141,29.143],[78.94496,29.14612],[78.94967,29.14175],[78.9517,29.14281],[78.95105,29.1499],[78.95828,29.14607],[78.95543,29.1404],[78.94959,29.1394],[78.9515,29.13702],[78.94928,29.12865],[78.95219,29.12786],[78.94903,29.12447],[78.95644,29.11989],[78.95323,29.12258],[78.95325,29.12673],[78.95621,29.12767],[78.95256,29.13051],[78.95333,29.13838],[78.96022,29.13796],[78.9565,29.13251],[78.95844,29.12818],[78.96259,29.13167],[78.96276,29.12888],[78.96415,29.13046],[78.97259,29.12668],[78.97691,29.13843],[78.98541,29.14587],[78.98537,29.14217],[78.99048,29.14063],[78.991,29.13083],[78.99551,29.1299],[78.99988,29.13308],[78.9967,29.13016],[79.00622,29.12384],[79.00174,29.12336],[79.00317,29.1197],[79.01312,29.11962],[79.0137,29.12278],[79.01677,29.11832],[79.02326,29.11567],[79.02541,29.11732],[79.02424,29.12131],[79.02788,29.12199],[79.03108,29.11841],[79.03019,29.11441],[79.04056,29.12781],[79.03733,29.12805],[79.03607,29.12415],[79.0324,29.12798],[79.02786,29.12622],[79.02772,29.12371],[79.02301,29.12631],[79.02327,29.12941],[79.02683,29.13177],[79.01908,29.12929],[79.01531,29.13512],[79.01271,29.13342],[79.01154,29.13604],[79.01728,29.1378],[79.01684,29.14385],[79.0192,29.14123],[79.02083,29.14398],[79.0206,29.14906],[79.01662,29.15118],[79.01389,29.14446],[79.0079,29.14758],[79.01357,29.14784],[79.0142,29.15343],[79.01828,29.1515],[79.01311,29.15735],[79.01782,29.15402],[79.02572,29.157],[79.02459,29.15502],[79.02988,29.14686],[79.03769,29.147],[79.03427,29.15147],[79.03911,29.15875],[79.03518,29.15532],[79.03293,29.15859],[79.02236,29.162],[79.02257,29.15924],[79.01597,29.15674],[79.01296,29.16364],[79.01038,29.16278],[79.01124,29.15877],[79.00818,29.16335],[79.00539,29.16447],[79.00607,29.1679],[78.99908,29.17016],[78.99888,29.17441],[79.00213,29.17387],[79.00581,29.1782],[79.0039,29.18287],[79.0038,29.18295],[79.0039,29.18287],[78.9983,29.18307],[78.99633,29.18645],[78.98824,29.17882],[78.98633,29.18026],[78.99087,29.1884],[78.98923,29.19203],[78.98912,29.19212],[78.98232,29.19099],[78.98788,29.18909],[78.98579,29.18508],[78.98111,29.18658],[78.97118,29.19017],[78.96598,29.18867],[78.96717,29.19177],[78.96329,29.19849],[78.96319,29.19849],[78.96184,29.19883],[78.96176,29.19757],[78.96463,29.19198],[78.96074,29.18952],[78.96366,29.18746],[78.96176,29.18543],[78.96527,29.18414],[78.96321,29.18134],[78.9645,29.17956],[78.96745,29.18421],[78.97247,29.18324],[78.97455,29.1786],[78.96904,29.18274],[78.96875,29.17727],[78.97582,29.1705],[78.97559,29.1676],[78.96786,29.17506],[78.96735,29.17099],[78.96342,29.17138],[78.96153,29.17613],[78.95721,29.17652],[78.96127,29.18431],[78.95749,29.19253],[78.9523,29.18457],[78.94766,29.189],[78.94348,29.18887],[78.94349,29.19382],[78.9382,29.19541],[78.93789,29.19944],[78.93526,29.1999],[78.93589,29.20401],[78.93405,29.20197],[78.932,29.20413],[78.93657,29.19503],[78.93309,29.19357],[78.93531,29.19618],[78.9306,29.20039],[78.92976,29.20559],[78.92583,29.20698],[78.92667,29.20303],[78.92012,29.20766],[78.92207,29.20815],[78.91907,29.20902],[78.92012,29.21171],[78.92742,29.20809],[78.9278,29.2108],[78.92971,29.21004],[78.92839,29.21361],[78.93039,29.20992],[78.93271,29.21043],[78.93247,29.21312],[78.93504,29.21246],[78.93765,29.21832],[78.94042,29.21832],[78.93618,29.2196],[78.93691,29.22402],[78.93326,29.22633],[78.92645,29.22522],[78.93043,29.2343],[78.93184,29.23029],[78.93485,29.2331],[78.9382,29.23192],[78.93485,29.22975],[78.93732,29.2254],[78.9467,29.23214],[78.94259,29.2202],[78.9439,29.20582],[78.94714,29.20925],[78.94595,29.2197],[78.95013,29.22486],[78.95268,29.22095],[78.95573,29.22135],[78.95977,29.22921],[78.95802,29.2304],[78.95341,29.22665],[78.95502,29.23385],[78.95203,29.23446],[78.9521,29.23744],[78.95913,29.23303],[78.96393,29.23347],[78.96318,29.24771],[78.9655,29.24251],[78.96988,29.24068],[78.973,29.24429],[78.97497,29.24113],[78.97737,29.24646],[78.97679,29.23835],[78.9808,29.23706],[78.97965,29.24358],[78.98231,29.24764],[78.9818,29.24133],[78.98396,29.24333],[78.9856,29.24191],[78.98308,29.24586],[78.98639,29.25181],[79.0029,29.25471],[79.00444,29.25238],[78.99987,29.2498],[78.99606,29.25118],[78.99495,29.24873],[78.99554,29.24543],[79.00104,29.2427],[78.99005,29.2409],[78.98745,29.24284],[78.98926,29.24011],[78.98483,29.23847],[78.98413,29.23233],[78.98125,29.23152],[78.98444,29.23175],[78.98454,29.23175],[78.98659,29.22645],[78.98243,29.22474],[78.98549,29.22121],[78.98123,29.21841],[78.98632,29.2167],[78.98426,29.21478],[78.98397,29.21094],[78.98729,29.20892],[78.99096,29.21087],[78.99011,29.20671],[78.99474,29.20732],[78.99382,29.20053],[78.98892,29.20527],[78.9924,29.1996],[78.98774,29.19717],[78.99238,29.19575],[78.99082,29.1914],[78.99608,29.19449],[78.99584,29.18875],[79.00218,29.19272],[79.00661,29.19219],[79.00478,29.19985],[79.00757,29.20595],[79.0103,29.20531],[79.00973,29.20258],[79.01271,29.2034],[79.01031,29.19663],[79.0079,29.19651],[79.01091,29.19533],[79.00899,29.19345],[79.01176,29.18846],[79.01035,29.17636],[79.01537,29.17786],[79.01438,29.17008],[79.00952,29.16532],[79.0298,29.16214],[79.03046,29.17055],[79.03257,29.1725],[79.03275,29.16877],[79.03756,29.1701],[79.03766,29.17028],[79.03756,29.1701],[79.03919,29.17306],[79.04122,29.17205],[79.0409,29.17304],[79.04052,29.17608],[79.03953,29.17367],[79.0358,29.17428],[79.03859,29.17812],[79.04155,29.17665],[79.04683,29.18021],[79.04573,29.17816],[79.04574,29.17807],[79.04575,29.17753],[79.04702,29.1752],[79.05082,29.17653],[79.05118,29.17277],[79.04594,29.17497],[79.04406,29.1718],[79.04595,29.1683],[79.05002,29.16678],[79.04918,29.1699],[79.05305,29.17204],[79.05315,29.17204],[79.05343,29.17331],[79.05362,29.17421],[79.05348,29.17611],[79.05928,29.17953],[79.0634,29.18551],[79.06325,29.19238],[79.07003,29.19818],[79.07047,29.20207],[79.07038,29.20189],[79.06766,29.20428],[79.06876,29.20587],[79.07214,29.20404],[79.07236,29.20837],[79.06611,29.21115],[79.06866,29.21255],[79.07244,29.20914],[79.07547,29.21007],[79.07521,29.20755],[79.07787,29.20795],[79.07588,29.21008],[79.07784,29.21232],[79.08182,29.21143],[79.08426,29.21282],[79.08217,29.21478],[79.08186,29.21459],[79.08206,29.21487],[79.08794,29.21937],[79.08784,29.21928],[79.08794,29.21937],[79.08834,29.22019],[79.08927,29.22011],[79.08998,29.22048],[79.09355,29.22775],[79.09355,29.22784],[79.08412,29.23591],[79.08755,29.23972],[79.08501,29.24414],[79.08491,29.24405],[79.08481,29.24396],[79.08491,29.24405],[79.08501,29.24414],[79.0897,29.25756],[79.08622,29.25948],[79.09132,29.25921],[79.09306,29.26252],[79.08961,29.26551],[79.09027,29.27202],[79.08103,29.27415],[79.07803,29.27188],[79.07911,29.26731],[79.07665,29.26679],[79.07515,29.27107],[79.07033,29.26855],[79.05896,29.27363],[79.06281,29.27845],[79.05981,29.27988],[79.06203,29.28707],[79.0576,29.30104],[79.05777,29.30334],[79.05903,29.30169],[79.0641,29.30556],[79.06148,29.3063],[79.06471,29.30589],[79.06798,29.31042],[79.07007,29.30938],[79.06647,29.31422],[79.06858,29.31307],[79.07281,29.31628],[79.07136,29.32304],[79.07361,29.31958],[79.07708,29.32042],[79.07923,29.32484],[79.07692,29.328],[79.0798,29.32956],[79.08228,29.32696],[79.07834,29.31413],[79.07353,29.31611],[79.07458,29.31229],[79.07468,29.31239],[79.07478,29.31248],[79.07552,29.31305],[79.07602,29.31258],[79.07602,29.31249],[79.07602,29.3124],[79.07613,29.31177],[79.07419,29.31121],[79.0745,29.31085],[79.07723,29.31017],[79.07846,29.31388],[79.08105,29.31311],[79.08422,29.31794],[79.08162,29.31868],[79.08705,29.32154],[79.08676,29.32979],[79.0902,29.3346],[79.0958,29.337],[79.09481,29.3345],[79.09879,29.33236],[79.09889,29.33628],[79.09491,29.33905],[79.09988,29.34058],[79.1011,29.34484],[79.11102,29.34863],[79.10964,29.35145],[79.10892,29.34899],[79.09804,29.34909],[79.09566,29.34622],[79.09591,29.35564],[79.09581,29.35555],[79.09548,29.35635],[79.09154,29.35669],[79.09514,29.35388],[79.09296,29.35379],[79.09165,29.35142],[79.09037,29.35488],[79.08797,29.35127],[79.08391,29.35161],[79.08367,29.35452],[79.08714,29.35382],[79.08313,29.3588],[79.08688,29.36188],[79.08443,29.36096],[79.08215,29.36596],[79.07282,29.36566],[79.08075,29.36902],[79.06428,29.36645],[79.06447,29.37168],[79.06742,29.37246],[79.06496,29.3674],[79.06898,29.36748],[79.07962,29.37061],[79.08035,29.37366],[79.08662,29.37657],[79.08262,29.36956],[79.08711,29.37207],[79.08531,29.36922],[79.09182,29.37105],[79.09803,29.36881],[79.10271,29.37572],[79.10674,29.37681]],[[78.79517,29.29922],[78.79682,29.29871],[78.79569,29.29878],[78.79558,29.29896],[78.79517,29.29922]],[[78.89598,29.38186],[78.89281,29.38118],[78.89352,29.38137],[78.89649,29.38223],[78.89649,29.38214],[78.89598,29.38186]],[[79.05859,29.37566],[79.05666,29.37515],[79.06583,29.39072],[79.06949,29.38809],[79.06458,29.38675],[79.06257,29.37722],[79.06096,29.37861],[79.05859,29.37566]],[[79.07722,29.38275],[79.08146,29.37943],[79.07367,29.38238],[79.07755,29.38659],[79.07722,29.38275]],[[79.08779,29.38223],[79.09074,29.38108],[79.09005,29.37828],[79.08682,29.37665],[79.0872,29.37963],[79.08211,29.37888],[79.08779,29.38223]],[[79.06982,29.3766],[79.07035,29.38072],[79.07271,29.37947],[79.06982,29.3766]],[[79.06603,29.38052],[79.06847,29.38603],[79.07157,29.38628],[79.06603,29.38052]],[[79.08061,29.365],[79.08221,29.36269],[79.07691,29.36111],[79.08061,29.365]],[[79.07283,29.36101],[79.06942,29.35458],[79.0739,29.35753],[79.07925,29.35676],[79.06788,29.34711],[79.06372,29.34953],[79.06158,29.34501],[79.05776,29.34686],[79.05248,29.34088],[79.04432,29.34565],[79.04409,29.34816],[79.05196,29.34509],[79.0522,29.34894],[79.04796,29.35161],[79.05556,29.34851],[79.05325,29.35405],[79.058,29.35388],[79.05666,29.35648],[79.05915,29.35813],[79.05887,29.35563],[79.06093,29.35612],[79.06315,29.35981],[79.06174,29.35725],[79.06453,29.35658],[79.05763,29.35197],[79.05966,29.34867],[79.06748,29.35321],[79.06723,29.35858],[79.0695,29.35621],[79.07283,29.36101]],[[79.05153,29.35757],[79.04995,29.35978],[79.0532,29.36182],[79.05029,29.36274],[79.05801,29.36354],[79.05508,29.36055],[79.05817,29.35958],[79.05598,29.35772],[79.0518,29.36001],[79.05153,29.35757]],[[79.0611,29.36395],[79.06402,29.36495],[79.06717,29.3624],[79.0611,29.36395]],[[79.08988,29.34486],[79.09243,29.34576],[79.09099,29.34321],[79.08988,29.34486]],[[79.0909,29.34248],[79.08992,29.33793],[79.08874,29.3398],[79.08667,29.33718],[79.08918,29.34185],[79.0909,29.34248]],[[79.08326,29.33317],[79.08052,29.32986],[79.08045,29.33306],[79.08326,29.33317]],[[79.06561,29.32629],[79.0635,29.32413],[79.06421,29.32843],[79.06561,29.32629]],[[79.06321,29.31741],[79.06583,29.31994],[79.06388,29.31223],[79.06321,29.31741]],[[79.05027,29.31082],[79.04957,29.30661],[79.05054,29.3128],[79.05027,29.31082]],[[79.04451,29.30024],[79.04696,29.3018],[79.04876,29.29762],[79.04451,29.30024]],[[79.05288,29.31417],[79.05592,29.31702],[79.05612,29.3144],[79.054,29.31476],[79.05425,29.31159],[79.05288,29.31417]],[[79.05553,29.29517],[79.05905,29.29342],[79.05657,29.29029],[79.05637,29.29247],[79.05309,29.2924],[79.05553,29.29517]],[[79.05305,29.28702],[79.05185,29.28071],[79.05863,29.28172],[79.05146,29.28025],[79.04837,29.27552],[79.0469,29.28207],[79.05305,29.28702]],[[79.05416,29.27607],[79.054,29.27929],[79.05625,29.27691],[79.05416,29.27607]],[[79.01188,29.25426],[79.00625,29.25449],[79.00015,29.25884],[79.00362,29.26386],[79.00773,29.26375],[79.00469,29.26686],[79.00683,29.26788],[78.99926,29.2722],[79.00333,29.27326],[79.0063,29.26967],[79.00953,29.27029],[79.00837,29.27483],[79.01143,29.27663],[79.01224,29.26873],[79.01279,29.27218],[79.01609,29.2732],[79.01236,29.27726],[79.02167,29.28125],[79.02613,29.27531],[79.02007,29.27498],[79.02483,29.27202],[79.02071,29.26856],[79.02462,29.26668],[79.01769,29.26161],[79.02013,29.26864],[79.01709,29.27012],[79.01687,29.26198],[79.01241,29.26159],[79.01723,29.26063],[79.01882,29.25725],[79.00564,29.26116],[79.01188,29.25426]],[[78.96444,29.25538],[78.96286,29.25124],[78.96097,29.25267],[78.96377,29.26066],[78.96687,29.25915],[78.96444,29.25538]],[[78.96901,29.24925],[78.96893,29.24604],[78.96378,29.24817],[78.96901,29.24925]],[[78.9206,29.24705],[78.91753,29.24683],[78.9157,29.25075],[78.91782,29.24972],[78.92024,29.25255],[78.9206,29.24705]],[[78.8834,29.24629],[78.88794,29.2449],[78.88783,29.24212],[78.8823,29.24417],[78.88652,29.23961],[78.88379,29.23997],[78.88209,29.23587],[78.87633,29.23662],[78.87627,29.23943],[78.88092,29.23795],[78.87974,29.24381],[78.88151,29.24756],[78.8834,29.24629]],[[78.89964,29.24409],[78.90299,29.243],[78.90059,29.23872],[78.91972,29.23725],[78.92168,29.23249],[78.91506,29.23436],[78.91269,29.23195],[78.90942,29.23569],[78.91237,29.22974],[78.90526,29.23635],[78.90811,29.23143],[78.9056,29.22947],[78.89953,29.23165],[78.90425,29.23704],[78.89438,29.2395],[78.8984,29.23982],[78.89964,29.24409]],[[78.91755,29.24355],[78.91845,29.24086],[78.92229,29.24093],[78.91762,29.23938],[78.91755,29.24355]],[[78.94344,29.23722],[78.94512,29.23286],[78.93813,29.24075],[78.94317,29.2409],[78.94344,29.23722]],[[78.92508,29.23427],[78.92528,29.23237],[78.92362,29.23597],[78.92508,29.23427]],[[78.91644,29.22913],[78.91556,29.22623],[78.91342,29.2286],[78.91644,29.22913]],[[78.82912,29.24324],[78.82865,29.23914],[78.82715,29.24338],[78.82912,29.24324]],[[78.82137,29.2429],[78.8193,29.24453],[78.82229,29.24679],[78.82137,29.2429]],[[78.81915,29.24668],[78.81692,29.24699],[78.82092,29.24948],[78.81915,29.24668]],[[78.81454,29.24956],[78.81294,29.25416],[78.81595,29.26081],[78.81367,29.26796],[78.81732,29.27149],[78.81899,29.26602],[78.81693,29.26414],[78.82059,29.26179],[78.81454,29.24956]],[[78.80044,29.25005],[78.79719,29.24981],[78.79683,29.25343],[78.79996,29.25383],[78.80044,29.25005]],[[78.78947,29.2567],[78.78373,29.2598],[78.79127,29.26216],[78.794,29.2598],[78.78947,29.2567]],[[78.80194,29.26667],[78.8037,29.27222],[78.80664,29.26949],[78.80194,29.26667]],[[78.79242,29.28339],[78.80046,29.28511],[78.80057,29.2802],[78.80341,29.27941],[78.80658,29.28265],[78.80451,29.285],[78.8091,29.28517],[78.80418,29.29026],[78.81096,29.28672],[78.81488,29.28865],[78.81368,29.28626],[78.81897,29.28506],[78.82122,29.29067],[78.82397,29.29081],[78.82276,29.29392],[78.82916,29.29367],[78.83334,29.29683],[78.83129,29.28977],[78.83485,29.28819],[78.83693,29.29162],[78.84427,29.29123],[78.83888,29.28873],[78.83945,29.28175],[78.83525,29.28255],[78.8378,29.27881],[78.84253,29.28226],[78.8447,29.28096],[78.84069,29.27298],[78.84699,29.27085],[78.84518,29.26817],[78.84088,29.27105],[78.83749,29.26794],[78.83115,29.27019],[78.82891,29.26631],[78.82999,29.27249],[78.82363,29.27087],[78.82108,29.27524],[78.819,29.27187],[78.81659,29.27447],[78.81309,29.27208],[78.81417,29.27794],[78.80801,29.278],[78.80664,29.27494],[78.80236,29.27925],[78.79521,29.27057],[78.78754,29.2756],[78.79073,29.27531],[78.79188,29.27794],[78.78759,29.28167],[78.79149,29.28095],[78.79242,29.28339]],[[78.79682,29.29871],[78.79664,29.29243],[78.79306,29.29426],[78.79526,29.29557],[78.79285,29.30412],[78.79745,29.29971],[78.81257,29.2964],[78.80374,29.29598],[78.80365,29.29794],[78.79682,29.29871]],[[78.83343,29.29796],[78.8423,29.29528],[78.84465,29.30404],[78.8516,29.30379],[78.84328,29.29481],[78.85031,29.29065],[78.83343,29.29796]],[[78.83659,29.30215],[78.835,29.30073],[78.83113,29.30439],[78.83518,29.30435],[78.83852,29.31145],[78.84312,29.31267],[78.8395,29.30266],[78.83659,29.30215]],[[78.81348,29.31167],[78.82012,29.31736],[78.82616,29.31468],[78.81348,29.31167]],[[78.83296,29.3179],[78.84357,29.322],[78.83359,29.31302],[78.83091,29.31515],[78.83296,29.3179]],[[78.85405,29.32926],[78.85323,29.33151],[78.85656,29.3318],[78.85405,29.32926]],[[78.87179,29.33371],[78.8779,29.34236],[78.87922,29.33328],[78.87442,29.33319],[78.86741,29.32606],[78.87179,29.33371]],[[78.8378,29.33507],[78.83963,29.33924],[78.84193,29.33896],[78.8378,29.33507]],[[78.82144,29.33655],[78.81986,29.33615],[78.82232,29.33711],[78.82165,29.33664],[78.82155,29.33655],[78.82144,29.33655]],[[78.84527,29.3398],[78.84307,29.3403],[78.84485,29.34265],[78.84527,29.3398]],[[78.87898,29.34437],[78.87334,29.35048],[78.88182,29.34409],[78.88207,29.33753],[78.87898,29.34437]],[[78.87055,29.35129],[78.86982,29.35323],[78.87273,29.35293],[78.87055,29.35129]],[[78.89556,29.34686],[78.89598,29.34929],[78.89647,29.34326],[78.89556,29.34686]],[[78.88638,29.33479],[78.88457,29.33346],[78.88186,29.33611],[78.88638,29.33479]],[[78.86965,29.33938],[78.87188,29.33855],[78.86876,29.33719],[78.86965,29.33938]],[[78.85285,29.33615],[78.85104,29.33557],[78.8529,29.33867],[78.85285,29.33615]],[[78.86615,29.32492],[78.8662,29.31842],[78.86521,29.32212],[78.86165,29.32006],[78.86309,29.32802],[78.86615,29.32492]],[[78.86184,29.31732],[78.85579,29.30644],[78.85236,29.30607],[78.85664,29.31572],[78.86184,29.31732]],[[78.86619,29.31462],[78.86595,29.31683],[78.86876,29.31539],[78.86703,29.31293],[78.86619,29.31462]],[[78.87992,29.31064],[78.87755,29.3073],[78.87728,29.31004],[78.87992,29.31064]],[[78.86811,29.30564],[78.8667,29.30314],[78.867,29.3074],[78.8708,29.30725],[78.8692,29.29966],[78.86811,29.30564]],[[78.77649,29.29342],[78.77337,29.29143],[78.76876,29.29507],[78.77157,29.29743],[78.77708,29.29655],[78.77839,29.29925],[78.77649,29.29342]],[[78.74013,29.29889],[78.7387,29.30204],[78.74716,29.30982],[78.74402,29.30114],[78.74013,29.29889]],[[78.77862,29.30999],[78.77761,29.30714],[78.77181,29.30699],[78.76591,29.30313],[78.76968,29.30812],[78.77862,29.30999]],[[78.85224,29.28441],[78.85454,29.28034],[78.85013,29.28239],[78.85224,29.28441]],[[78.86347,29.28224],[78.86822,29.27813],[78.86767,29.26747],[78.8675,29.27775],[78.86347,29.28224]],[[78.85105,29.26684],[78.85237,29.26091],[78.84975,29.26482],[78.84659,29.26442],[78.84982,29.26704],[78.84796,29.26902],[78.85105,29.26684]],[[78.87272,29.2593],[78.87387,29.25348],[78.87114,29.25161],[78.8695,29.2562],[78.87272,29.2593]],[[78.876,29.2551],[78.878,29.2514],[78.88176,29.25405],[78.88104,29.24801],[78.87418,29.25364],[78.876,29.2551]],[[78.88351,29.24857],[78.88507,29.25292],[78.88682,29.24907],[78.88568,29.24709],[78.88351,29.24857]],[[78.85584,29.24765],[78.85282,29.24745],[78.85372,29.24969],[78.85584,29.24765]],[[78.86056,29.25786],[78.85788,29.26192],[78.86387,29.26025],[78.86056,29.25786]],[[78.84107,29.26102],[78.84214,29.26385],[78.84327,29.2606],[78.84107,29.26102]],[[78.86651,29.25888],[78.86901,29.25944],[78.86442,29.25799],[78.86651,29.25888]],[[78.85517,29.27273],[78.85382,29.27049],[78.85056,29.27177],[78.85517,29.27273]],[[78.86575,29.27758],[78.86135,29.27715],[78.86442,29.27924],[78.86575,29.27758]],[[78.90751,29.25059],[78.90469,29.25097],[78.90708,29.25333],[78.90751,29.25059]],[[78.91765,29.2586],[78.91798,29.25414],[78.91566,29.25566],[78.91765,29.2586]],[[78.97973,29.26031],[78.97536,29.26166],[78.98132,29.26792],[78.98006,29.25643],[78.973,29.2578],[78.97508,29.25946],[78.97818,29.25764],[78.97973,29.26031]],[[78.96805,29.30106],[78.97416,29.30266],[78.97894,29.29778],[78.97648,29.29377],[78.9797,29.29319],[78.97358,29.28957],[78.97696,29.28962],[78.97433,29.28411],[78.97876,29.28093],[78.96988,29.27392],[78.97207,29.2705],[78.96992,29.26469],[78.96489,29.26817],[78.96144,29.26722],[78.96314,29.26832],[78.96437,29.26861],[78.96591,29.27694],[78.97227,29.27837],[78.97081,29.28098],[78.96829,29.28137],[78.96908,29.28589],[78.96534,29.28933],[78.96947,29.29152],[78.97043,29.29617],[78.9721,29.29408],[78.96768,29.30108],[78.96495,29.29768],[78.96033,29.30175],[78.96805,29.30106]],[[79.00054,29.28247],[79.00233,29.27948],[78.99922,29.28013],[79.00054,29.28247]],[[79.0252,29.28139],[79.02733,29.28378],[79.02736,29.27977],[79.0252,29.28139]],[[78.99763,29.26753],[79.00117,29.26793],[78.99767,29.26524],[78.99763,29.26753]],[[78.92174,29.2648],[78.92053,29.26629],[78.92395,29.26786],[78.92174,29.2648]],[[78.92836,29.2683],[78.92109,29.27425],[78.92468,29.27896],[78.92979,29.27631],[78.92791,29.27302],[78.9311,29.26989],[78.92836,29.2683]],[[78.94613,29.27767],[78.94452,29.28089],[78.95265,29.28502],[78.95147,29.27709],[78.94673,29.27574],[78.94613,29.27767]],[[78.94994,29.27089],[78.95501,29.2691],[78.95144,29.26821],[78.94994,29.27089]],[[78.9581,29.29579],[78.95303,29.29719],[78.95681,29.30183],[78.9581,29.29579]],[[79.03637,29.27032],[79.03824,29.26694],[79.03538,29.26538],[79.036,29.26752],[79.03254,29.26902],[79.03518,29.27522],[79.03637,29.27032]],[[79.05348,29.27106],[79.05546,29.26578],[79.05286,29.26545],[79.04905,29.26848],[79.05348,29.27106]],[[79.05863,29.27105],[79.05747,29.27289],[79.06077,29.27221],[79.05863,29.27105]],[[79.07512,29.26701],[79.07349,29.26586],[79.07334,29.26828],[79.07512,29.26701]],[[79.07651,29.26505],[79.07857,29.26046],[79.07151,29.262],[79.07644,29.26203],[79.07651,29.26505]],[[79.08162,29.26092],[79.08479,29.25883],[79.07901,29.25384],[79.07997,29.26017],[79.08,29.25688],[79.08284,29.25801],[79.08162,29.26092]],[[79.07252,29.2575],[79.07303,29.25453],[79.06983,29.25358],[79.07296,29.24736],[79.07065,29.24745],[79.07055,29.24745],[79.06883,29.24044],[79.06008,29.24428],[79.05765,29.24429],[79.05965,29.24231],[79.05531,29.24367],[79.06335,29.25533],[79.0675,29.25634],[79.06599,29.25219],[79.06883,29.25122],[79.06858,29.25706],[79.07252,29.2575]],[[79.07599,29.24613],[79.07992,29.24335],[79.07585,29.24242],[79.07599,29.24613]],[[79.05399,29.2386],[79.05967,29.23779],[79.05552,29.23762],[79.05314,29.23213],[79.05399,29.2386]],[[79.06609,29.23672],[79.06607,29.23368],[79.06326,29.23384],[79.06549,29.23756],[79.07007,29.23742],[79.06609,29.23672]],[[79.08171,29.23398],[79.0834,29.23557],[79.08232,29.22308],[79.0785,29.2252],[79.08171,29.23398]],[[79.07584,29.2214],[79.07935,29.21912],[79.07515,29.21594],[79.07115,29.21716],[79.07584,29.2214]],[[79.05038,29.2125],[79.04904,29.20961],[79.04284,29.21085],[79.04565,29.21359],[79.05038,29.2125]],[[79.0589,29.20972],[79.06373,29.20768],[79.05689,29.20761],[79.0589,29.20972]],[[79.05444,29.20676],[79.05259,29.20546],[79.05524,29.20922],[79.05444,29.20676]],[[79.04893,29.20435],[79.05024,29.20023],[79.04683,29.19924],[79.04893,29.20435]],[[79.02834,29.19798],[79.02751,29.19576],[79.0243,29.1984],[79.02833,29.20285],[79.02834,29.19798]],[[79.02092,29.20184],[79.01114,29.21058],[79.01283,29.21097],[79.01479,29.21522],[79.01741,29.2138],[79.01535,29.21069],[79.02561,29.21095],[79.0292,29.21695],[79.03157,29.21248],[79.02736,29.21096],[79.03166,29.21124],[79.03146,29.20949],[79.0265,29.2091],[79.02575,29.20579],[79.02443,29.20911],[79.02033,29.20796],[79.02284,29.2054],[79.02092,29.20184]],[[79.0109,29.21383],[79.01035,29.20856],[79.01241,29.20763],[79.01172,29.20541],[79.00601,29.20646],[79.00535,29.21015],[79.0109,29.21383]],[[79.00206,29.2056],[79.00168,29.21173],[78.99932,29.20838],[78.99505,29.20886],[78.99748,29.21219],[78.99938,29.20974],[78.9995,29.21366],[79.00373,29.21227],[79.00206,29.2056]],[[78.99323,29.21347],[78.98904,29.21793],[78.99685,29.21472],[78.99323,29.21347]],[[79.02181,29.21958],[79.01883,29.219],[79.01931,29.21643],[79.01236,29.22156],[79.0217,29.21958],[79.02181,29.21958]],[[79.02834,29.21955],[79.03525,29.22916],[79.0317,29.2182],[79.02834,29.21955]],[[79.02616,29.22226],[79.0268,29.22781],[79.02253,29.2275],[79.02075,29.22458],[79.01761,29.22626],[79.01786,29.23699],[79.01944,29.23287],[79.02158,29.23389],[79.02002,29.22872],[79.02332,29.22885],[79.02301,29.23083],[79.02951,29.22791],[79.02941,29.22389],[79.02616,29.22226]],[[79.01002,29.2225],[79.01068,29.21992],[79.00811,29.21985],[79.01002,29.2225]],[[79.00184,29.22006],[79.0007,29.21852],[79.00264,29.22746],[79.00184,29.22006]],[[78.99061,29.22382],[78.98721,29.22473],[78.98915,29.22617],[78.99061,29.22382]],[[79.00885,29.22734],[79.00718,29.22873],[79.01038,29.23069],[79.00802,29.23331],[79.01622,29.24078],[79.01112,29.24327],[79.01171,29.24525],[79.01598,29.24321],[79.01803,29.2462],[79.01612,29.2473],[79.02082,29.24907],[79.02374,29.24689],[79.0176,29.24405],[79.01322,29.23009],[79.01618,29.22874],[79.01497,29.22353],[79.01352,29.2268],[79.00885,29.22734]],[[78.99245,29.23001],[78.98747,29.23197],[78.9921,29.23524],[78.99764,29.23217],[78.99245,29.23001]],[[79.0068,29.24383],[79.00615,29.24209],[79.00492,29.24441],[79.0068,29.24383]],[[79.05074,29.25727],[79.05527,29.2584],[79.05411,29.25568],[79.04855,29.25584],[79.05074,29.25727]],[[79.07682,29.25864],[79.07428,29.25954],[79.07775,29.25856],[79.07529,29.2579],[79.07682,29.25864]],[[79.05262,29.25189],[79.05733,29.25143],[79.05736,29.24867],[79.05262,29.25189]],[[79.05195,29.24894],[79.0502,29.24623],[79.05252,29.24358],[79.04702,29.24536],[79.0474,29.24786],[79.05195,29.24894]],[[79.03239,29.23283],[79.03439,29.23116],[79.03047,29.22797],[79.03239,29.23283]],[[79.07132,29.22766],[79.0716,29.2241],[79.06905,29.22613],[79.07132,29.22766]],[[79.05093,29.22194],[79.05379,29.22164],[79.05298,29.21887],[79.05093,29.22194]],[[79.04618,29.21838],[79.05045,29.21869],[79.05133,29.21526],[79.04618,29.21838]],[[79.02281,29.21752],[79.02417,29.21307],[79.01783,29.21417],[79.02188,29.21672],[79.02107,29.21874],[79.02281,29.21752]],[[78.95986,29.30458],[78.95674,29.30481],[78.96218,29.3122],[78.95986,29.30458]],[[78.98394,29.31901],[78.98224,29.3176],[78.98574,29.32176],[78.98394,29.31901]],[[78.96616,29.32102],[78.96238,29.32363],[78.96891,29.33766],[78.96703,29.34003],[78.97223,29.34149],[78.96941,29.33401],[78.97507,29.33256],[78.97364,29.32928],[78.96974,29.33271],[78.9673,29.33108],[78.96616,29.32102]],[[78.95757,29.32119],[78.9551,29.32317],[78.95605,29.33187],[78.95969,29.33032],[78.95757,29.32119]],[[78.94168,29.33783],[78.94181,29.34184],[78.94392,29.34151],[78.94168,29.33783]],[[78.98728,29.34109],[78.984,29.34373],[78.9892,29.34333],[78.98728,29.34109]],[[78.96707,29.34297],[78.96555,29.34158],[78.96527,29.34635],[78.96707,29.34297]],[[78.97534,29.3467],[78.9745,29.35239],[78.97681,29.3542],[78.97905,29.35068],[78.97534,29.3467]],[[78.99632,29.35292],[78.99845,29.35392],[78.98953,29.34752],[78.99632,29.35292]],[[78.99964,29.35277],[79.00294,29.35376],[79.0033,29.35186],[79.0013,29.3505],[79.00219,29.35233],[78.99964,29.35277]],[[79.00417,29.34465],[79.00353,29.34638],[79.00664,29.34586],[79.00417,29.34465]],[[79.00368,29.33274],[79.00537,29.33138],[79.00286,29.33059],[79.00368,29.33274]],[[78.99762,29.33194],[78.99116,29.32752],[78.99182,29.33007],[78.99762,29.33194]],[[78.98468,29.32531],[78.98203,29.32302],[78.97948,29.32471],[78.98165,29.32693],[78.98254,29.32452],[78.98468,29.32531]],[[78.99249,29.32475],[78.99605,29.32129],[78.98843,29.31967],[78.99249,29.32475]],[[78.99044,29.33061],[78.98408,29.3315],[78.98968,29.33461],[78.99044,29.33061]],[[78.91466,29.32489],[78.91697,29.32472],[78.91471,29.32207],[78.91466,29.32489]],[[78.91872,29.33281],[78.91752,29.33078],[78.91496,29.33536],[78.91872,29.33281]],[[78.74119,29.31161],[78.73929,29.31127],[78.74073,29.3135],[78.74119,29.31161]],[[78.77182,29.32469],[78.76664,29.32155],[78.76777,29.32676],[78.77155,29.32712],[78.77182,29.32469]],[[78.91019,29.22532],[78.91172,29.22125],[78.90919,29.22205],[78.91019,29.22532]],[[78.92464,29.21829],[78.9219,29.22037],[78.92072,29.21851],[78.9196,29.22319],[78.92464,29.21829],[78.92474,29.2182],[78.92464,29.21829]],[[78.91936,29.21343],[78.91298,29.21275],[78.91648,29.21568],[78.91936,29.21343]],[[78.90957,29.21562],[78.90545,29.21226],[78.90296,29.21459],[78.90957,29.21562]],[[78.8889,29.21336],[78.88898,29.22102],[78.90124,29.21825],[78.90071,29.21426],[78.89432,29.21689],[78.8889,29.21336]],[[78.87802,29.21954],[78.87885,29.22428],[78.88107,29.22166],[78.87802,29.21954]],[[78.92622,29.21936],[78.92542,29.22203],[78.9279,29.22142],[78.92622,29.21936]],[[78.90429,29.20913],[78.90975,29.20599],[78.90685,29.20268],[78.90424,29.20658],[78.90253,29.20333],[78.89978,29.20454],[78.90429,29.20913]],[[78.93561,29.18972],[78.93783,29.18856],[78.93649,29.18608],[78.93561,29.18972]],[[78.9338,29.184],[78.93515,29.1811],[78.93187,29.18119],[78.93186,29.18473],[78.9338,29.184]],[[78.94553,29.18134],[78.94525,29.18599],[78.95186,29.18378],[78.94689,29.17524],[78.94553,29.18134]],[[78.93973,29.17492],[78.94275,29.17209],[78.94631,29.17444],[78.95255,29.17068],[78.95335,29.17222],[78.95373,29.16945],[78.95023,29.17067],[78.94708,29.16576],[78.94345,29.16695],[78.94151,29.16404],[78.94489,29.16961],[78.93983,29.17114],[78.93972,29.17389],[78.93567,29.17347],[78.93973,29.17492]],[[78.97591,29.16598],[78.98062,29.16671],[78.96998,29.16418],[78.97591,29.16598]],[[78.98699,29.16513],[78.98506,29.16643],[78.98965,29.16497],[78.98699,29.16513]],[[78.96454,29.15825],[78.96714,29.15133],[78.95973,29.14923],[78.96454,29.15825]],[[78.97782,29.15313],[78.97233,29.15477],[78.9731,29.15636],[78.97793,29.15459],[78.9801,29.15622],[78.98129,29.15434],[78.97782,29.15313]],[[78.99481,29.15173],[78.99442,29.14912],[78.98874,29.14772],[78.98946,29.15032],[78.99481,29.15173]],[[78.93791,29.1566],[78.93513,29.1593],[78.9366,29.15702],[78.93305,29.15693],[78.93368,29.15476],[78.92734,29.15154],[78.93239,29.15743],[78.93262,29.16203],[78.93563,29.16031],[78.93797,29.16272],[78.93791,29.1566]],[[78.97631,29.16425],[78.97899,29.16421],[78.97906,29.15958],[78.97631,29.16425]],[[78.91352,29.18428],[78.91143,29.18332],[78.91142,29.18576],[78.91551,29.18789],[78.91352,29.18428]],[[78.92395,29.14619],[78.92676,29.14531],[78.92527,29.14098],[78.92395,29.14619]],[[78.92607,29.13606],[78.93017,29.13535],[78.92706,29.13352],[78.92607,29.13606]],[[78.9173,29.12973],[78.91897,29.13167],[78.92143,29.12994],[78.91898,29.12672],[78.91568,29.12731],[78.9173,29.12973]],[[78.9624,29.14008],[78.9648,29.1423],[78.96424,29.13937],[78.9624,29.14008]],[[78.97033,29.13864],[78.97237,29.13662],[78.968,29.13162],[78.96197,29.13487],[78.96304,29.13736],[78.96835,29.13519],[78.97033,29.13864]],[[79.01075,29.12789],[79.00928,29.12991],[79.01212,29.13245],[79.01075,29.12789]],[[79.01508,29.1285],[79.0169,29.12941],[79.01775,29.12587],[79.01508,29.1285]],[[79.02758,29.15195],[79.02605,29.15435],[79.03001,29.15311],[79.02758,29.15195]],[[78.97809,29.17237],[78.98331,29.17636],[78.98302,29.17255],[78.97809,29.17237]],[[79.05661,29.19504],[79.05793,29.19115],[79.05456,29.19349],[79.05661,29.19504]],[[79.0612,29.19237],[79.05852,29.19345],[79.06116,29.19496],[79.0612,29.19237]],[[79.01817,29.18682],[79.0165,29.18513],[79.01288,29.18843],[79.01454,29.18977],[79.01817,29.18682]],[[79.0392,29.18593],[79.04244,29.18386],[79.03923,29.18327],[79.0392,29.18593]],[[79.01524,29.17929],[79.01465,29.18198],[79.01713,29.18097],[79.01524,29.17929]],[[79.02066,29.17504],[79.02215,29.16933],[79.01678,29.1736],[79.02066,29.17504]]],[[[78.94762,29.25726],[78.94558,29.25728],[78.95047,29.25685],[78.94762,29.25726]]],[[[79.03238,29.2497],[79.03065,29.25142],[79.03371,29.24791],[79.03238,29.2497]]],[[[79.32042,29.38825],[79.32263,29.39131],[79.31518,29.39342],[79.31536,29.38514],[79.31173,29.38432],[79.31582,29.39866],[79.31069,29.4011],[79.3116,29.39806],[79.30892,29.39546],[79.30678,29.39994],[79.30257,29.40101],[79.30236,29.39871],[79.30999,29.39373],[79.30812,29.39169],[79.30327,29.39658],[79.29966,29.39512],[79.30714,29.39018],[79.30131,29.39074],[79.29885,29.38811],[79.30037,29.39311],[79.29538,29.39461],[79.27287,29.37312],[79.27742,29.37238],[79.285,29.37763],[79.28665,29.37298],[79.2919,29.38134],[79.28757,29.37203],[79.29002,29.37245],[79.292,29.36831],[79.29973,29.38013],[79.30289,29.3793],[79.30286,29.37233],[79.30874,29.37773],[79.3066,29.38461],[79.30167,29.38174],[79.30279,29.38624],[79.31067,29.38652],[79.30887,29.3826],[79.31271,29.38196],[79.30799,29.37062],[79.30683,29.35411],[79.30953,29.35339],[79.31064,29.34837],[79.31365,29.35058],[79.31367,29.34417],[79.31759,29.34896],[79.31495,29.35509],[79.31804,29.36661],[79.31125,29.36341],[79.31644,29.37122],[79.31337,29.37255],[79.31835,29.3744],[79.31526,29.37951],[79.31728,29.38159],[79.31614,29.38264],[79.32302,29.38917],[79.32042,29.38825]],[[79.29628,29.38469],[79.29369,29.37885],[79.29446,29.38437],[79.29182,29.38272],[79.2953,29.38904],[79.29628,29.38469]]],[[[79.30245,29.38735],[79.30019,29.38409],[79.30365,29.38901],[79.30245,29.38735]]],[[[80.17559,29.40946],[80.17559,29.40955],[80.17548,29.40955],[80.17559,29.40946]]],[[[80.17405,29.409],[80.17042,29.41078],[80.17046,29.40645],[80.17425,29.40855],[80.17405,29.409]]],[[[80.17425,29.40855],[80.17703,29.40836],[80.17786,29.41115],[80.17558,29.40982],[80.17548,29.40955],[80.17559,29.40955],[80.17559,29.40946],[80.17425,29.40855]]],[[[79.04847,29.39655],[79.04929,29.39879],[79.0452,29.40085],[79.04847,29.39655]]],[[[80.06909,29.41201],[80.06929,29.41309],[80.06827,29.41227],[80.06785,29.41227],[80.06909,29.41201]]],[[[79.3146,29.40361],[79.31511,29.40591],[79.31271,29.40191],[79.3146,29.40361]]],[[[79.05542,29.40229],[79.05433,29.40389],[79.04944,29.39476],[79.05608,29.38655],[79.05953,29.38931],[79.06254,29.39978],[79.06012,29.40186],[79.0579,29.39869],[79.05834,29.40301],[79.05542,29.40229]]],[[[80.07082,29.41518],[80.07051,29.41463],[80.07062,29.41463],[80.07177,29.41248],[80.07082,29.41518]]],[[[80.06467,29.41644],[80.05911,29.41605],[80.06498,29.41357],[80.06467,29.41644]]],[[[79.04367,29.4055],[79.04768,29.40323],[79.04388,29.40259],[79.05033,29.39974],[79.05105,29.40422],[79.04367,29.4055]]],[[[80.09969,29.41411],[80.10264,29.41669],[80.094,29.41579],[80.09517,29.41155],[80.09969,29.41411]],[[80.09937,29.41528],[80.09937,29.41537],[80.09947,29.41528],[80.09937,29.41528]]],[[[80.20734,29.41619],[80.20901,29.41887],[80.20685,29.41912],[80.20734,29.41619]]],[[[79.05928,29.40532],[79.05465,29.40746],[79.05523,29.40461],[79.05862,29.40353],[79.05928,29.40532]]],[[[79.1346,29.40265],[79.13242,29.40912],[79.13372,29.40341],[79.13193,29.40546],[79.13128,29.40279],[79.13278,29.40091],[79.1346,29.40265],[79.1345,29.40274],[79.1346,29.40265]]],[[[80.06027,29.41853],[80.0574,29.41743],[80.05935,29.41807],[80.06027,29.41853]]],[[[80.06707,29.4193],[80.06717,29.41948],[80.06707,29.41948],[80.06707,29.4193]]],[[[80.0882,29.41882],[80.09087,29.41931],[80.0881,29.41918],[80.0881,29.41909],[80.0881,29.41918],[80.0879,29.41836],[80.0882,29.41882]]],[[[79.04928,29.40589],[79.05155,29.40832],[79.04753,29.4093],[79.04928,29.40589]]],[[[80.06551,29.42074],[80.06399,29.41836],[80.06707,29.4193],[80.06707,29.41948],[80.06717,29.41948],[80.06551,29.42065],[80.06551,29.42074]]],[[[79.14705,29.41851],[79.14406,29.41837],[79.14342,29.41482],[79.1487,29.41686],[79.14705,29.41851]]],[[[80.19285,29.42933],[80.19046,29.43055],[80.18945,29.42868],[80.19276,29.42761],[80.19246,29.4268],[80.19266,29.42671],[80.1905,29.42643],[80.18905,29.42759],[80.18729,29.42776],[80.19265,29.42143],[80.19614,29.42389],[80.19755,29.42114],[80.19671,29.4177],[80.19407,29.41778],[80.19522,29.41581],[80.2029,29.41008],[80.20556,29.41937],[80.20227,29.42433],[80.20175,29.42424],[80.20176,29.42415],[80.20175,29.42424],[80.2021,29.4196],[80.20001,29.42342],[80.20133,29.42524],[80.19811,29.42846],[80.19584,29.42953],[80.19401,29.43028],[80.19392,29.4274],[80.19306,29.42915],[80.19285,29.42942],[80.19285,29.42933]]],[[[79.97648,29.42838],[79.97277,29.42736],[79.97502,29.42535],[79.97648,29.42838]]],[[[79.9708,29.4287],[79.96947,29.42815],[79.96675,29.42679],[79.97055,29.42451],[79.9708,29.4287]]],[[[80.19015,29.43184],[80.19046,29.43112],[80.19067,29.43166],[80.19015,29.43184]]],[[[79.00668,29.41596],[79.00125,29.41944],[78.99839,29.41533],[78.99649,29.4198],[78.99552,29.41288],[78.99315,29.41733],[78.9919,29.41258],[78.99766,29.40824],[78.99765,29.40833],[78.996,29.41145],[78.99861,29.41462],[78.99984,29.4071],[79.0043,29.40671],[79.00118,29.41583],[79.00622,29.41382],[79.00329,29.41301],[79.00428,29.41101],[79.00852,29.41147],[79.00668,29.41596]]],[[[79.94933,29.43178],[79.94933,29.43187],[79.94923,29.43187],[79.94933,29.43178]]],[[[79.94953,29.43242],[79.94923,29.43187],[79.94933,29.43187],[79.94933,29.43178],[79.94953,29.43242]]],[[[79.25331,29.42831],[79.24692,29.42619],[79.24991,29.42153],[79.25602,29.42487],[79.25331,29.42831]],[[79.24935,29.42555],[79.25294,29.42513],[79.24886,29.42351],[79.24935,29.42555]]],[[[80.00162,29.44031],[80.00302,29.44393],[80.00011,29.44625],[79.99849,29.44353],[79.99849,29.44344],[79.99726,29.44244],[79.99861,29.442],[80.00162,29.44031]]],[[[78.95061,29.43189],[78.95142,29.42721],[78.96253,29.43289],[78.95346,29.43599],[78.95061,29.43189]]],[[[80.11404,29.44733],[80.11612,29.44509],[80.11891,29.449],[80.11424,29.4476],[80.11424,29.44751],[80.11404,29.44733]]],[[[79.25696,29.43625],[79.25814,29.43933],[79.25511,29.44055],[79.2538,29.43687],[79.25696,29.43625]]],[[[79.25142,29.43455],[79.25389,29.43459],[79.2527,29.44075],[79.25142,29.43455]]],[[[79.83735,29.45242],[79.83474,29.45166],[79.83655,29.45007],[79.83727,29.44998],[79.83758,29.44998],[79.83777,29.45116],[79.83828,29.45161],[79.83776,29.45242],[79.83735,29.45242]]],[[[80.29978,29.45452],[80.29605,29.45861],[80.29499,29.45422],[80.29978,29.45452]]],[[[79.26222,29.45008],[79.26043,29.44583],[79.2639,29.44893],[79.26222,29.45008]]],[[[79.26886,29.45165],[79.26953,29.45455],[79.26578,29.45299],[79.2658,29.45067],[79.26886,29.45165]]],[[[79.95861,29.462],[79.9585,29.46209],[79.9585,29.462],[79.95861,29.462]]],[[[79.26656,29.4472],[79.25941,29.44472],[79.25512,29.44936],[79.26571,29.4533],[79.26168,29.45526],[79.26136,29.4526],[79.25973,29.45496],[79.24948,29.44852],[79.25212,29.44589],[79.24919,29.44169],[79.25345,29.44251],[79.25351,29.44607],[79.25584,29.44296],[79.25878,29.44433],[79.25711,29.44172],[79.26032,29.43819],[79.26656,29.4472]]],[[[79.26478,29.45476],[79.26673,29.45569],[79.26662,29.45578],[79.26478,29.45476]]],[[[79.61418,29.46319],[79.61408,29.46328],[79.61408,29.46319],[79.61418,29.46319]]],[[[79.63462,29.46141],[79.63562,29.46395],[79.63031,29.46001],[79.63462,29.46141]]],[[[79.24295,29.45962],[79.24295,29.45971],[79.24284,29.45961],[79.24295,29.45962]]],[[[79.61705,29.46439],[79.61816,29.46625],[79.61336,29.463],[79.61418,29.46319],[79.61408,29.46319],[79.61408,29.46328],[79.61664,29.46448],[79.61706,29.4643],[79.61705,29.46439]]],[[[78.84638,29.45581],[78.84405,29.45601],[78.84841,29.45463],[78.84638,29.45581]]],[[[79.62988,29.46127],[79.6307,29.46512],[79.63204,29.46266],[79.63472,29.46531],[79.63192,29.46747],[79.62733,29.45951],[79.62954,29.45894],[79.62988,29.46127]]],[[[79.34953,29.46098],[79.3511,29.46278],[79.34692,29.46505],[79.34754,29.4633],[79.34953,29.46098]]],[[[80.05533,29.47346],[80.05554,29.47283],[80.05453,29.47129],[80.05422,29.47101],[80.05422,29.47092],[80.055,29.46807],[80.05772,29.47176],[80.05638,29.47193],[80.05627,29.47238],[80.05627,29.47247],[80.05595,29.47346],[80.05564,29.47346],[80.05533,29.47346]]],[[[80.05585,29.47355],[80.05554,29.47364],[80.05564,29.47346],[80.05585,29.47355]]],[[[79.35018,29.46726],[79.34724,29.46501],[79.35219,29.46584],[79.35018,29.46726]]],[[[79.24355,29.46053],[79.24354,29.45884],[79.24821,29.4613],[79.25084,29.46888],[79.24886,29.46406],[79.24543,29.46692],[79.24306,29.46485],[79.24355,29.46053]]],[[[79.81699,29.48328],[79.81488,29.48474],[79.81531,29.4822],[79.81699,29.48328]]],[[[79.22158,29.47873],[79.22055,29.47678],[79.22168,29.47882],[79.22158,29.47873]]],[[[79.44294,29.48863],[79.44263,29.48872],[79.44294,29.48845],[79.44294,29.48863]]],[[[79.44336,29.4881],[79.44391,29.48594],[79.44788,29.48643],[79.44413,29.49145],[79.44294,29.48863],[79.44325,29.48828],[79.44336,29.4881]]],[[[78.76742,29.48587],[78.76334,29.48841],[78.77395,29.47975],[78.77265,29.48262],[78.76953,29.48374],[78.76974,29.48374],[78.7667,29.48585],[78.76649,29.48594],[78.7667,29.48585],[78.76805,29.48543],[78.76742,29.48587]]],[[[80.11934,29.51396],[80.1178,29.51296],[80.12245,29.51164],[80.11934,29.51396]]],[[[80.11934,29.51396],[80.11923,29.51414],[80.11923,29.51396],[80.11934,29.51396]]],[[[80.11902,29.5145],[80.11834,29.51455],[80.11923,29.51396],[80.11923,29.51414],[80.11902,29.51441],[80.11902,29.5145]]],[[[79.82334,29.51366],[79.82334,29.51375],[79.82323,29.51375],[79.82334,29.51366]]],[[[79.43497,29.51056],[79.43031,29.5114],[79.43032,29.50937],[79.43583,29.50813],[79.43497,29.51056]]],[[[79.825,29.51277],[79.82522,29.51626],[79.82196,29.51708],[79.82124,29.51671],[79.82044,29.51418],[79.82313,29.51384],[79.82334,29.51375],[79.82344,29.51366],[79.825,29.51277]]],[[[79.52279,29.51544],[79.52362,29.51482],[79.52372,29.51491],[79.52279,29.51544]]],[[[79.42802,29.51282],[79.42346,29.51457],[79.42866,29.51157],[79.42802,29.51273],[79.42802,29.51282]]],[[[80.09844,29.52077],[80.10011,29.51853],[80.10678,29.52173],[80.10007,29.52241],[80.09844,29.52077]]],[[[79.81923,29.52102],[79.81807,29.5193],[79.82168,29.51937],[79.81923,29.52111],[79.81923,29.52102]]],[[[79.20719,29.51734],[79.20215,29.51692],[79.20719,29.51688],[79.20719,29.51734]]],[[[80.10689,29.52624],[80.10422,29.52681],[80.10692,29.52976],[80.10352,29.52902],[80.10381,29.525],[80.10689,29.52624]]],[[[80.31342,29.53052],[80.30979,29.53118],[80.30785,29.52817],[80.31385,29.52585],[80.31342,29.53052]]],[[[80.29238,29.54108],[80.29104,29.54098],[80.29104,29.54089],[80.29238,29.54108]]],[[[80.22291,29.54268],[80.22291,29.54286],[80.22281,29.54268],[80.22291,29.54268]]],[[[80.22477,29.54314],[80.22291,29.54268],[80.226,29.54342],[80.22477,29.54314]]],[[[80.30258,29.54321],[80.29816,29.54602],[80.29928,29.54346],[80.30258,29.54321]]],[[[79.42041,29.53809],[79.42057,29.53514],[79.41639,29.53451],[79.42427,29.52875],[79.42427,29.52866],[79.42718,29.53007],[79.42177,29.5334],[79.42527,29.53808],[79.42041,29.53809]]],[[[80.24217,29.54775],[80.24217,29.54793],[80.24207,29.54793],[80.24217,29.54775]]],[[[80.34166,29.54991],[80.33805,29.54184],[80.34456,29.54775],[80.34166,29.54991]]],[[[79.38423,29.54225],[79.38443,29.54244],[79.38422,29.54243],[79.38423,29.54225]]],[[[79.53785,29.54421],[79.53671,29.54474],[79.53661,29.54438],[79.53661,29.54411],[79.53723,29.5443],[79.53785,29.54421]]],[[[80.24217,29.54793],[80.24407,29.54811],[80.23915,29.55152],[80.23782,29.54998],[80.23702,29.54691],[80.24207,29.54739],[80.24207,29.54793],[80.24217,29.54793]]],[[[79.38443,29.54244],[79.38336,29.54468],[79.38422,29.54243],[79.38443,29.54244]]],[[[79.40673,29.5418],[79.41196,29.54082],[79.41075,29.54637],[79.40661,29.54288],[79.40673,29.54189],[79.40673,29.5418]]],[[[80.23212,29.55284],[80.22654,29.55461],[80.23052,29.54861],[80.22607,29.55059],[80.22341,29.5487],[80.22404,29.5525],[80.21782,29.55489],[80.22046,29.5453],[80.21835,29.54572],[80.21827,29.54175],[80.22085,29.54257],[80.22208,29.54312],[80.22291,29.54286],[80.22394,29.54368],[80.22352,29.54448],[80.22238,29.54439],[80.22203,29.54731],[80.22494,29.54397],[80.23275,29.5462],[80.23574,29.55187],[80.23327,29.55086],[80.23223,29.55284],[80.23212,29.55284]]],[[[80.15053,29.54702],[80.14906,29.54962],[80.15264,29.55218],[80.14819,29.55485],[80.14667,29.55209],[80.14498,29.55453],[80.14561,29.5483],[80.14248,29.54923],[80.14498,29.54454],[80.15053,29.54702]]],[[[80.2412,29.55433],[80.24397,29.55619],[80.23905,29.55703],[80.23918,29.55364],[80.2412,29.55433]]],[[[79.4016,29.54661],[79.40313,29.54303],[79.40809,29.54714],[79.40467,29.55021],[79.40512,29.54756],[79.4016,29.54661]]],[[[80.17707,29.55756],[80.17521,29.55791],[80.17285,29.55672],[80.17707,29.55756]]],[[[80.17707,29.55756],[80.18127,29.54843],[80.18663,29.5556],[80.18306,29.55724],[80.17707,29.55756]]],[[[80.19038,29.55873],[80.18497,29.55839],[80.19048,29.55873],[80.19038,29.55873]]],[[[80.19161,29.55928],[80.19161,29.55964],[80.19048,29.55873],[80.19131,29.55891],[80.19161,29.55928]]],[[[79.52111,29.54601],[79.52625,29.54165],[79.52605,29.54697],[79.52423,29.54547],[79.5229,29.54773],[79.52668,29.54846],[79.52896,29.55272],[79.5229,29.55266],[79.52079,29.54637],[79.52111,29.54601]]],[[[79.37456,29.55287],[79.37456,29.55296],[79.37446,29.55296],[79.37456,29.55287]]],[[[79.37426,29.55242],[79.37774,29.55124],[79.37456,29.55305],[79.37456,29.55296],[79.37456,29.55287],[79.37426,29.55242]]],[[[80.20347,29.56052],[80.20144,29.56034],[80.20384,29.55813],[80.20347,29.56052]]],[[[80.28187,29.56011],[80.28186,29.56372],[80.27896,29.55709],[80.28124,29.55585],[80.28187,29.56011]]],[[[80.29008,29.56056],[80.29237,29.56341],[80.28969,29.56439],[80.28309,29.55967],[80.28455,29.55793],[80.29008,29.56056]]],[[[80.19003,29.55096],[80.19609,29.55494],[80.19601,29.5586],[80.20099,29.5573],[80.20123,29.5618],[80.20388,29.56143],[80.20257,29.56429],[80.19488,29.56345],[80.19478,29.56336],[80.19263,29.56154],[80.19662,29.55989],[80.19132,29.55702],[80.19152,29.55747],[80.19111,29.55801],[80.19049,29.55791],[80.19049,29.55782],[80.18844,29.55529],[80.18544,29.55157],[80.18726,29.54936],[80.18447,29.54849],[80.18675,29.54751],[80.19003,29.55096],[80.19044,29.55133],[80.19003,29.55096]]],[[[79.3094,29.55576],[79.31285,29.55292],[79.31483,29.55826],[79.30946,29.55922],[79.3094,29.55576]]],[[[79.30235,29.55982],[79.29928,29.55949],[79.30245,29.55784],[79.30235,29.55982]]],[[[80.16284,29.56803],[80.16501,29.56823],[80.16284,29.56839],[80.16274,29.56812],[80.16284,29.56803]]],[[[80.26039,29.56843],[80.25813,29.57022],[80.25875,29.56743],[80.26039,29.56843]]],[[[80.23054,29.57052],[80.22982,29.57051],[80.23034,29.57043],[80.23054,29.57052]]],[[[79.49672,29.56225],[79.49959,29.56373],[79.49293,29.56376],[79.49672,29.56225]]],[[[80.17998,29.5676],[80.17688,29.57203],[80.16775,29.57348],[80.16813,29.56563],[80.17227,29.56394],[80.17301,29.56851],[80.17998,29.5676]]],[[[80.22422,29.57364],[80.22444,29.57183],[80.22422,29.57373],[80.22422,29.57364]]],[[[80.33563,29.57099],[80.33854,29.56812],[80.34189,29.57007],[80.33819,29.57534],[80.33738,29.57317],[80.33563,29.57099]]],[[[80.28064,29.57482],[80.2796,29.57128],[80.28247,29.57081],[80.28064,29.57482]]],[[[79.52599,29.57224],[79.51981,29.57358],[79.52189,29.57102],[79.51969,29.56822],[79.52212,29.56858],[79.52272,29.56949],[79.52283,29.56958],[79.52599,29.57224]]],[[[79.85327,29.57673],[79.8546,29.57498],[79.85633,29.57837],[79.85368,29.57664],[79.85327,29.57673]]],[[[80.24843,29.58352],[80.24605,29.58198],[80.24966,29.58218],[80.24843,29.58352]]],[[[80.27818,29.58508],[80.2745,29.58475],[80.27701,29.58332],[80.27818,29.58508]]],[[[80.30973,29.58521],[80.31134,29.58769],[80.30507,29.58753],[80.30575,29.58496],[80.30973,29.58521]]],[[[80.18451,29.58261],[80.19466,29.57797],[80.18507,29.583],[80.18679,29.58501],[80.19493,29.58239],[80.18873,29.5889],[80.18398,29.58432],[80.18274,29.5844],[80.18274,29.58413],[80.18316,29.58359],[80.18326,29.58359],[80.18451,29.58261]]],[[[80.19623,29.58947],[80.1916,29.58873],[80.19585,29.58734],[80.19623,29.58947]]],[[[80.30307,29.59258],[80.30304,29.5899],[80.30831,29.5893],[80.30307,29.59258]]],[[[80.19552,29.59328],[80.19214,29.59052],[80.1953,29.5908],[80.19552,29.59328]]],[[[79.46157,29.58657],[79.46382,29.58777],[79.46021,29.58782],[79.45849,29.58545],[79.46157,29.58657]]],[[[80.22905,29.59054],[80.23209,29.58946],[80.23106,29.5961],[80.22905,29.59054]]],[[[80.26282,29.5901],[80.25419,29.59759],[80.25672,29.59115],[80.25672,29.59106],[80.26071,29.58782],[80.25917,29.58634],[80.25208,29.59306],[80.24607,29.59344],[80.24596,29.59344],[80.24911,29.58971],[80.25233,29.59104],[80.24885,29.58739],[80.25164,29.58242],[80.25526,29.58256],[80.25664,29.57894],[80.26165,29.57999],[80.26786,29.58122],[80.27297,29.57733],[80.27178,29.57351],[80.27568,29.57385],[80.27421,29.57103],[80.27831,29.57226],[80.27728,29.58038],[80.27997,29.57597],[80.28344,29.57957],[80.28116,29.58109],[80.28126,29.58109],[80.28116,29.58109],[80.28002,29.58099],[80.2797,29.58289],[80.27441,29.58297],[80.26942,29.58108],[80.27216,29.58465],[80.26433,29.58465],[80.26106,29.58777],[80.26833,29.58648],[80.27029,29.59019],[80.26333,29.5911],[80.26322,29.5911],[80.26333,29.5902],[80.26282,29.5901]]],[[[80.24149,29.59801],[80.24149,29.5981],[80.24138,29.5981],[80.24149,29.59801]]],[[[79.0368,29.58539],[79.03803,29.58752],[79.03627,29.58583],[79.0368,29.58548],[79.0368,29.58539]]],[[[80.24253,29.59739],[80.24064,29.60072],[80.24138,29.5981],[80.24149,29.5981],[80.24149,29.59801],[80.24253,29.59739]]],[[[80.21781,29.60167],[80.22375,29.59689],[80.2276,29.59789],[80.21781,29.60167]]],[[[80.24376,29.58476],[80.24582,29.58972],[80.23993,29.59496],[80.23722,29.60242],[80.23351,29.60223],[80.23241,29.59801],[80.23557,29.59172],[80.2396,29.59299],[80.24201,29.59036],[80.23833,29.59023],[80.23561,29.5863],[80.23865,29.58753],[80.24376,29.58476]]],[[[79.03128,29.58793],[79.03512,29.58681],[79.03777,29.58954],[79.03226,29.59068],[79.03128,29.58793]]],[[[78.85955,29.58653],[78.85755,29.5883],[78.85945,29.58305],[78.86209,29.58332],[78.8657,29.58384],[78.86119,29.58337],[78.85955,29.58653]]],[[[79.71159,29.60422],[79.70965,29.60266],[79.70892,29.60293],[79.70881,29.6041],[79.7073,29.60111],[79.71063,29.5987],[79.71461,29.6028],[79.71159,29.60422]]],[[[79.59013,29.60623],[79.59034,29.60632],[79.59013,29.60632],[79.59013,29.60623]]],[[[79.59013,29.60623],[79.5879,29.60716],[79.58753,29.60428],[79.59047,29.60407],[79.59058,29.60416],[79.59078,29.60434],[79.59058,29.60416],[79.59047,29.60407],[79.59069,29.60353],[79.59387,29.60473],[79.59428,29.60492],[79.59096,29.60615],[79.58956,29.60452],[79.59013,29.60623]]],[[[80.13978,29.6094],[80.13997,29.61192],[80.13736,29.61032],[80.13793,29.60821],[80.13978,29.6094]]],[[[79.96018,29.611],[79.96007,29.61109],[79.95987,29.61109],[79.95977,29.61099],[79.96018,29.611]]],[[[80.21154,29.61138],[80.20652,29.61302],[80.2105,29.61144],[80.20318,29.61133],[80.20655,29.60661],[80.20072,29.60869],[80.1979,29.61038],[80.19769,29.60713],[80.19985,29.60735],[80.19795,29.60624],[80.19966,29.60647],[80.20044,29.60842],[80.20068,29.60621],[80.20388,29.60657],[80.20483,29.60402],[80.20271,29.60564],[80.2022,29.60374],[80.19962,29.60381],[80.20048,29.60467],[80.1994,29.60571],[80.1991,29.6048],[80.1992,29.60489],[80.1991,29.6048],[80.19962,29.60463],[80.19972,29.60472],[80.19972,29.60481],[80.19972,29.60472],[80.19962,29.60463],[80.19879,29.60453],[80.1999,29.60069],[80.20522,29.60132],[80.20832,29.59691],[80.20661,29.60443],[80.20965,29.60653],[80.21087,29.60487],[80.21288,29.60501],[80.21109,29.60262],[80.21408,29.60318],[80.21852,29.6033],[80.21842,29.60339],[80.21852,29.6033],[80.21965,29.60493],[80.21944,29.60529],[80.21923,29.6051],[80.21882,29.60474],[80.21562,29.60454],[80.2146,29.61012],[80.21154,29.61138]]],[[[79.72976,29.60484],[79.73038,29.60914],[79.72757,29.60626],[79.72771,29.60374],[79.72646,29.60418],[79.72521,29.60507],[79.72065,29.60245],[79.71481,29.60298],[79.71461,29.6028],[79.71795,29.60058],[79.71137,29.59763],[79.71095,29.59405],[79.71623,29.59713],[79.72313,29.59801],[79.72324,29.5981],[79.72765,29.59977],[79.72976,29.60484]],[[79.725,29.60309],[79.72557,29.60101],[79.72105,29.60186],[79.725,29.60309]]],[[[80.14482,29.61159],[80.14283,29.61039],[80.14581,29.60958],[80.14664,29.61293],[80.14514,29.61142],[80.14482,29.61159]]],[[[79.62983,29.61071],[79.62921,29.61034],[79.62984,29.60989],[79.62983,29.61071]]],[[[80.19231,29.61451],[80.18895,29.61574],[80.18704,29.61439],[80.18735,29.61448],[80.19035,29.61405],[80.19056,29.61396],[80.19046,29.61323],[80.19336,29.61286],[80.19231,29.61451]]],[[[80.22214,29.61622],[80.21686,29.61258],[80.22043,29.61203],[80.21944,29.60538],[80.21974,29.60574],[80.22485,29.60669],[80.22372,29.60545],[80.22364,29.6033],[80.22577,29.60124],[80.22395,29.60547],[80.22471,29.60586],[80.22519,29.60475],[80.22576,29.60688],[80.23109,29.60759],[80.22214,29.61622],[80.22214,29.61604],[80.22214,29.61622]]],[[[80.23382,29.61503],[80.23391,29.61755],[80.2303,29.61663],[80.23382,29.61503]]],[[[80.18581,29.61312],[80.18158,29.61997],[80.17187,29.62521],[80.17139,29.62151],[80.1761,29.62091],[80.17711,29.61737],[80.16943,29.62105],[80.16728,29.61391],[80.17354,29.61317],[80.17437,29.6107],[80.18149,29.60791],[80.18787,29.60915],[80.18821,29.61051],[80.18497,29.60889],[80.18449,29.61103],[80.18581,29.61312]]],[[[79.77274,29.62862],[79.77274,29.62871],[79.77263,29.62871],[79.77274,29.62862]]],[[[80.23203,29.63306],[80.23193,29.63333],[80.23141,29.63333],[80.23203,29.63306]]],[[[80.19702,29.63196],[80.19577,29.6333],[80.19317,29.63046],[80.19702,29.63196],[80.19702,29.63177],[80.19702,29.63196]]],[[[79.72189,29.6299],[79.71915,29.6253],[79.72186,29.6256],[79.72131,29.62834],[79.72415,29.62776],[79.72189,29.6299]]],[[[79.98337,29.62553],[79.98498,29.62951],[79.9777,29.63208],[79.98337,29.62553]]],[[[80.23514,29.63209],[80.24124,29.63113],[80.23826,29.63257],[80.24137,29.63424],[80.23894,29.63939],[80.23627,29.63738],[80.23065,29.63883],[80.23145,29.63564],[80.22832,29.63286],[80.23141,29.63333],[80.23193,29.63333],[80.23416,29.63438],[80.23514,29.63209]]],[[[80.05812,29.64043],[80.05812,29.64052],[80.05791,29.64033],[80.05812,29.64043]]],[[[79.77356,29.62899],[79.77635,29.63107],[79.77635,29.63886],[79.77242,29.62889],[79.77263,29.6288],[79.77274,29.62871],[79.77356,29.62899]]],[[[79.84932,29.64239],[79.84721,29.64021],[79.84915,29.6395],[79.84932,29.64239]]],[[[79.84458,29.64163],[79.84663,29.64273],[79.84321,29.64423],[79.84458,29.64163]]],[[[79.01905,29.63285],[79.02264,29.63304],[79.02097,29.63469],[79.01905,29.63285]]],[[[80.05755,29.64548],[80.04948,29.64704],[80.04817,29.64387],[80.05391,29.644],[80.0547,29.64139],[80.05685,29.6434],[80.06035,29.64432],[80.05776,29.64566],[80.05755,29.64548]]],[[[80.05887,29.64837],[80.05971,29.64666],[80.05897,29.64837],[80.05887,29.64837]]],[[[79.94265,29.64759],[79.94338,29.6475],[79.94327,29.64759],[79.94265,29.64759]]],[[[80.03921,29.64801],[80.03512,29.64866],[80.03515,29.64591],[80.03921,29.64801]]],[[[79.74409,29.64793],[79.74067,29.64527],[79.74372,29.64486],[79.74278,29.64521],[79.74409,29.64793]]],[[[80.0343,29.65243],[80.03216,29.65315],[80.03615,29.65099],[80.0343,29.65243]]],[[[78.94755,29.64092],[78.94461,29.64004],[78.94868,29.63815],[78.95005,29.64106],[78.94755,29.64092]]],[[[80.03044,29.65652],[80.02846,29.65668],[80.03202,29.65464],[80.03044,29.65652]]],[[[78.9239,29.64439],[78.92307,29.64483],[78.92328,29.64447],[78.9239,29.64439]]],[[[80.39638,29.65977],[80.39419,29.66216],[80.39445,29.65869],[80.39638,29.65977]]],[[[78.92335,29.64601],[78.92381,29.6489],[78.91819,29.64583],[78.92388,29.64547],[78.92335,29.64601]]],[[[79.96273,29.66444],[79.95766,29.6653],[79.95732,29.6615],[79.96008,29.66054],[79.96008,29.66063],[79.96273,29.66444]]],[[[78.08082,29.63887],[78.08082,29.63897],[78.0803,29.63886],[78.08082,29.63887]]],[[[78.08712,29.63874],[78.08608,29.63908],[78.08597,29.63908],[78.08587,29.63908],[78.08712,29.63874]]],[[[78.08608,29.63908],[78.08607,29.63917],[78.08597,29.63908],[78.08608,29.63908]]],[[[79.59935,29.66435],[79.59924,29.66444],[79.59924,29.66435],[79.59935,29.66435]]],[[[78.90097,29.65651],[78.89767,29.65426],[78.90485,29.65487],[78.90097,29.65651]]],[[[80.06942,29.66947],[80.06627,29.66967],[80.0685,29.66784],[80.06925,29.66523],[80.06942,29.6692],[80.06942,29.66947]]],[[[79.58837,29.66604],[79.58837,29.66613],[79.58827,29.66612],[79.58837,29.66604]]],[[[79.589,29.6655],[79.5889,29.66716],[79.58826,29.66621],[79.58837,29.66622],[79.58837,29.66613],[79.58837,29.66604],[79.5881,29.66351],[79.58405,29.66158],[79.59307,29.66],[79.59333,29.66598],[79.58972,29.66524],[79.58962,29.66524],[79.589,29.6655]]],[[[78.08887,29.64266],[78.08886,29.64275],[78.08876,29.64275],[78.08887,29.64266]]],[[[80.38592,29.67078],[80.38767,29.66909],[80.38815,29.6712],[80.38395,29.67203],[80.38446,29.66856],[80.38572,29.67078],[80.38592,29.67078]]],[[[79.62575,29.66796],[79.6247,29.66921],[79.62369,29.66686],[79.62705,29.66337],[79.62715,29.66337],[79.62857,29.66528],[79.62752,29.66699],[79.62575,29.66796]]],[[[79.96518,29.66681],[79.95944,29.67236],[79.95939,29.66712],[79.96465,29.66514],[79.96518,29.66681]],[[79.96405,29.66698],[79.96405,29.66689],[79.96224,29.66748],[79.96405,29.66698]]],[[[80.28598,29.6738],[80.28851,29.67485],[80.28534,29.67578],[80.28598,29.6738]]],[[[79.58302,29.66408],[79.58664,29.67003],[79.5824,29.67134],[79.57981,29.66992],[79.58135,29.6688],[79.58005,29.66691],[79.58223,29.6646],[79.58158,29.66398],[79.58157,29.66434],[79.58117,29.66406],[79.58151,29.66346],[79.58302,29.66408]]],[[[78.8878,29.66245],[78.88749,29.65911],[78.89578,29.65568],[78.8878,29.66245]]],[[[79.56948,29.67206],[79.56694,29.67396],[79.56804,29.67159],[79.56948,29.67206]]],[[[78.88433,29.66018],[78.88059,29.66608],[78.87808,29.66358],[78.88118,29.66239],[78.88359,29.66071],[78.88032,29.6594],[78.88567,29.65725],[78.88477,29.65884],[78.88612,29.65859],[78.88475,29.65956],[78.88424,29.65955],[78.88475,29.65956],[78.88433,29.66018]]],[[[78.12779,29.65334],[78.1264,29.65142],[78.1279,29.65334],[78.12779,29.65334]]],[[[79.94171,29.67835],[79.9443,29.67747],[79.94428,29.6794],[79.93964,29.67888],[79.94171,29.67835]]],[[[79.94698,29.67812],[79.9483,29.68057],[79.94618,29.68133],[79.94444,29.67977],[79.94698,29.67812]]],[[[78.85542,29.66946],[78.85989,29.668],[78.86253,29.67021],[78.85528,29.67099],[78.85416,29.67025],[78.85427,29.67008],[78.85427,29.66999],[78.85542,29.66946],[78.85573,29.66947],[78.85542,29.66946]]],[[[79.55714,29.68239],[79.55361,29.68183],[79.55446,29.67884],[79.55445,29.68159],[79.55924,29.68185],[79.55714,29.68239]]],[[[79.93908,29.68293],[79.93957,29.68573],[79.93456,29.69057],[79.93908,29.68293]]],[[[79.9826,29.69158],[79.98096,29.69057],[79.98302,29.69149],[79.9826,29.69158]]],[[[78.84679,29.67663],[78.85013,29.67019],[78.85361,29.66939],[78.84806,29.67999],[78.84679,29.67663]]],[[[79.9861,29.69359],[79.98444,29.69412],[79.98359,29.6916],[79.9861,29.69359]]],[[[80.1985,29.69387],[80.19742,29.6958],[80.19519,29.69331],[80.19881,29.69213],[80.1985,29.69387]]],[[[78.12614,29.66782],[78.12615,29.66755],[78.12625,29.66765],[78.12625,29.66774],[78.12614,29.66782]]],[[[80.20169,29.69497],[80.20244,29.69676],[80.19854,29.69535],[80.20169,29.69497]]],[[[80.21194,29.69503],[80.21109,29.69705],[80.21131,29.69372],[80.21351,29.69401],[80.21194,29.69503]]],[[[79.97899,29.69562],[79.97928,29.69363],[79.98111,29.69502],[79.97899,29.69562]]],[[[79.36616,29.68983],[79.36638,29.68938],[79.36638,29.68947],[79.36616,29.68983]]],[[[79.55327,29.69282],[79.55358,29.69291],[79.55327,29.69291],[79.55327,29.69282]]],[[[79.55327,29.69291],[79.54929,29.69335],[79.54985,29.68957],[79.55239,29.68925],[79.55327,29.69291]]],[[[79.43827,29.69133],[79.4324,29.69027],[79.43261,29.69018],[79.43786,29.69115],[79.43817,29.69124],[79.43827,29.69133]]],[[[79.97448,29.69738],[79.9731,29.69159],[79.97918,29.69037],[79.97448,29.69738]]],[[[80.37571,29.70105],[80.36849,29.69867],[80.37668,29.69806],[80.37571,29.70105]]],[[[79.98058,29.69761],[79.97881,29.69868],[79.97863,29.69642],[79.98058,29.69761]]],[[[78.11093,29.67254],[78.11093,29.67263],[78.11072,29.67254],[78.11093,29.67254]]],[[[78.12461,29.67456],[78.12461,29.67465],[78.12179,29.67401],[78.12461,29.67447],[78.12461,29.67456]]],[[[78.12687,29.67488],[78.12676,29.67505],[78.12657,29.67478],[78.12687,29.67488]]],[[[78.14623,29.67322],[78.1482,29.67562],[78.14406,29.67696],[78.14262,29.67684],[78.14327,29.67559],[78.14438,29.67309],[78.14623,29.67313],[78.14623,29.67322]]],[[[80.21025,29.6971],[80.21325,29.69734],[80.21655,29.69308],[80.21948,29.70203],[80.21119,29.70671],[80.20928,29.7026],[80.20897,29.70242],[80.21045,29.69882],[80.21055,29.69855],[80.21025,29.6971]]],[[[80.21555,29.70688],[80.21594,29.70506],[80.21969,29.706],[80.21555,29.70688]]],[[[77.96276,29.67509],[77.96266,29.67518],[77.96266,29.67509],[77.96276,29.67509]]],[[[78.89634,29.69348],[78.89634,29.69357],[78.89624,29.69348],[78.89634,29.69348]]],[[[77.9818,29.67742],[77.98169,29.67751],[77.9817,29.67742],[77.9818,29.67742]]],[[[79.69963,29.70778],[79.69827,29.70903],[79.69922,29.70705],[79.69963,29.70778]]],[[[79.47097,29.70868],[79.46767,29.70882],[79.46719,29.70583],[79.47097,29.70868]]],[[[79.26344,29.7081],[79.26168,29.70826],[79.26262,29.70755],[79.26355,29.70783],[79.26344,29.70801],[79.26344,29.7081]]],[[[78.16964,29.69302],[78.16984,29.6933],[78.16963,29.69329],[78.16953,29.69329],[78.16964,29.69302]]],[[[78.16963,29.69329],[78.16963,29.69338],[78.16953,29.69329],[78.16963,29.69329]]],[[[78.16983,29.69339],[78.16983,29.69357],[78.16963,29.69338],[78.16983,29.69339]]],[[[79.99412,29.71801],[79.994,29.72018],[79.99114,29.71655],[79.99412,29.71801]]],[[[79.4915,29.7118],[79.48936,29.71361],[79.49143,29.71658],[79.48965,29.71557],[79.48862,29.71077],[79.48916,29.70714],[79.48661,29.70662],[79.48575,29.70921],[79.48357,29.7099],[79.48304,29.70687],[79.49035,29.70565],[79.4915,29.7118]]],[[[78.1605,29.69454],[78.15967,29.69488],[78.15947,29.69344],[78.1605,29.69454]]],[[[79.51765,29.71841],[79.51545,29.71802],[79.51767,29.71769],[79.51765,29.71841]]],[[[79.50607,29.71864],[79.50576,29.71891],[79.50587,29.71837],[79.50597,29.71846],[79.50607,29.71864]]],[[[79.93878,29.72164],[79.93746,29.72284],[79.93878,29.7211],[79.9393,29.7212],[79.93878,29.72164],[79.93867,29.72155],[79.93878,29.72164]]],[[[80.13239,29.72432],[80.12919,29.72394],[80.13126,29.72171],[80.13239,29.72432]]],[[[79.69921,29.71581],[79.69656,29.72129],[79.69776,29.71597],[79.69921,29.71581]]],[[[79.50193,29.71895],[79.50409,29.71997],[79.50263,29.72059],[79.50223,29.71968],[79.50275,29.7196],[79.50295,29.72014],[79.50275,29.7196],[79.50193,29.71895]]],[[[79.99941,29.72654],[79.99847,29.72743],[79.99573,29.72308],[79.99696,29.7239],[79.99706,29.7239],[79.99645,29.72263],[79.99945,29.72266],[80.00027,29.72339],[80.00027,29.72348],[79.99954,29.72392],[79.99944,29.72383],[79.9983,29.72463],[79.99891,29.72518],[79.99922,29.72572],[79.99994,29.72564],[79.99941,29.72654]]],[[[78.17596,29.69974],[78.17994,29.70136],[78.17758,29.70068],[78.17596,29.69974]]],[[[79.51118,29.72303],[79.50563,29.7208],[79.50596,29.71954],[79.5068,29.71865],[79.507,29.71865],[79.5068,29.71865],[79.50607,29.71864],[79.50597,29.71846],[79.50587,29.71837],[79.5081,29.71861],[79.5074,29.71965],[79.50719,29.71983],[79.50842,29.72056],[79.51181,29.7225],[79.51118,29.72303]]],[[[79.51934,29.7233],[79.51871,29.72375],[79.51861,29.72374],[79.51851,29.72374],[79.51934,29.7233]]],[[[79.51871,29.72375],[79.51861,29.72383],[79.51861,29.72374],[79.51871,29.72375]]],[[[79.51839,29.72446],[79.51688,29.72201],[79.51809,29.72392],[79.51839,29.72446]]],[[[78.18386,29.70162],[78.18336,29.70107],[78.18336,29.70098],[78.18347,29.70089],[78.18368,29.70081],[78.18378,29.70081],[78.18359,29.70036],[78.1835,29.69963],[78.18137,29.69832],[78.17815,29.69705],[78.18079,29.70039],[78.17948,29.69955],[78.18079,29.70039],[78.17601,29.69794],[78.17601,29.69785],[78.17601,29.69794],[78.17084,29.6944],[78.16964,29.69302],[78.16865,29.69129],[78.16876,29.6912],[78.16865,29.69129],[78.16816,29.69047],[78.17276,29.69228],[78.17286,29.69228],[78.18249,29.69749],[78.18384,29.69495],[78.18366,29.69756],[78.18336,29.69746],[78.18366,29.69756],[78.18386,29.70162]],[[78.17826,29.69871],[78.17877,29.69908],[78.17887,29.69899],[78.17826,29.69871]]],[[[80.00321,29.72954],[80.00106,29.72781],[80.00434,29.72589],[80.00321,29.72954]]],[[[80.05179,29.73098],[80.05066,29.73061],[80.05087,29.73044],[80.05179,29.73098]]],[[[79.50152,29.72617],[79.50172,29.72644],[79.50005,29.72497],[79.50152,29.72617]]],[[[79.44044,29.72456],[79.43932,29.72392],[79.43933,29.72337],[79.43934,29.72256],[79.44088,29.7233],[79.44044,29.72456]]],[[[80.36343,29.73132],[80.36574,29.73302],[80.3618,29.73375],[80.36178,29.73031],[80.36188,29.73041],[80.36178,29.73031],[80.3625,29.73068],[80.3625,29.73077],[80.36343,29.73132]]],[[[79.43989,29.72699],[79.43999,29.72708],[79.43989,29.72708],[79.43989,29.72699]]],[[[79.7837,29.7306],[79.7837,29.73069],[79.78359,29.73069],[79.7837,29.7306]]],[[[79.44206,29.72702],[79.44134,29.72683],[79.44198,29.72548],[79.44206,29.72702]]],[[[78.88765,29.71374],[78.8893,29.7095],[78.89175,29.71515],[78.88794,29.71969],[78.88919,29.7143],[78.88879,29.71366],[78.88785,29.71392],[78.88765,29.71374]]],[[[79.47109,29.72835],[79.47207,29.72606],[79.47339,29.72776],[79.47109,29.72835]]],[[[77.86201,29.70043],[77.86323,29.69793],[77.8619,29.70078],[77.86201,29.70043]]],[[[79.49179,29.7266],[79.49056,29.72942],[79.48488,29.72544],[79.48183,29.7153],[79.48693,29.71274],[79.48655,29.71093],[79.48665,29.71093],[79.48605,29.70993],[79.48615,29.70993],[79.48852,29.71068],[79.48664,29.71476],[79.49037,29.71801],[79.48779,29.71668],[79.48881,29.71881],[79.49169,29.7266],[79.49179,29.7266]]],[[[79.43989,29.72708],[79.43924,29.7287],[79.43989,29.72699],[79.43989,29.72708]]],[[[79.78154,29.72958],[79.78494,29.73025],[79.77839,29.73316],[79.78154,29.72958]],[[79.7837,29.7306],[79.78359,29.73069],[79.7837,29.73069],[79.7837,29.7306]]],[[[79.77508,29.73359],[79.77518,29.73368],[79.77508,29.73368],[79.77508,29.73359]]],[[[80.04595,29.73645],[80.04523,29.73644],[80.04595,29.73636],[80.04595,29.73645]]],[[[77.8607,29.70107],[77.85947,29.70395],[77.85156,29.69932],[77.85046,29.67995],[77.85567,29.68004],[77.86257,29.68928],[77.8655,29.68779],[77.8607,29.70107]],[[77.85953,29.69635],[77.8617,29.69347],[77.85908,29.69202],[77.85708,29.69407],[77.85953,29.69635]]],[[[79.69225,29.73469],[79.69266,29.73505],[79.69255,29.73505],[79.69225,29.73469]]],[[[80.04584,29.7369],[80.043,29.73835],[80.04512,29.73653],[80.04584,29.7369]]],[[[79.69327,29.73578],[79.69556,29.73409],[79.69306,29.73596],[79.69327,29.73578]]],[[[79.69027,29.73575],[79.68969,29.73373],[79.69225,29.73469],[79.69039,29.73458],[79.69039,29.73467],[79.69027,29.73575]]],[[[79.90762,29.73466],[79.91255,29.73329],[79.91631,29.73464],[79.91604,29.73711],[79.90574,29.7382],[79.90762,29.73466]]],[[[80.04135,29.74138],[80.04084,29.74146],[80.04095,29.73975],[80.04135,29.74138]]],[[[80.04518,29.74113],[80.04243,29.73936],[80.04581,29.73776],[80.04518,29.74113]]],[[[80.36008,29.73807],[80.36059,29.74242],[80.35652,29.74419],[80.35531,29.74012],[80.3577,29.73842],[80.3578,29.73842],[80.36177,29.73471],[80.36375,29.73744],[80.36018,29.73798],[80.35915,29.73806],[80.36008,29.73807]]],[[[79.6982,29.73809],[79.69832,29.73894],[79.69621,29.74023],[79.69716,29.73853],[79.69789,29.73826],[79.6981,29.73826],[79.6982,29.73809]]],[[[79.91127,29.74136],[79.91579,29.73857],[79.91487,29.74338],[79.91127,29.74136]]],[[[77.90958,29.71219],[77.90968,29.71228],[77.90958,29.71228],[77.90958,29.71219]]],[[[79.91042,29.74343],[79.91062,29.74443],[79.90548,29.74123],[79.90455,29.74104],[79.90845,29.73898],[79.91042,29.74343]]],[[[79.68294,29.74272],[79.68478,29.7366],[79.68773,29.73703],[79.6862,29.74016],[79.68964,29.73683],[79.69136,29.73964],[79.68979,29.74089],[79.6874,29.74195],[79.68856,29.74043],[79.68554,29.74202],[79.68543,29.74247],[79.68366,29.74299],[79.68294,29.74272]]],[[[79.93624,29.74608],[79.93624,29.74617],[79.93614,29.74617],[79.93624,29.74608]]],[[[77.91022,29.715],[77.91021,29.71509],[77.91011,29.71508],[77.91011,29.71499],[77.91022,29.715]]],[[[79.69835,29.74269],[79.69966,29.74523],[79.69802,29.74431],[79.69791,29.74467],[79.69482,29.74356],[79.69621,29.74023],[79.69652,29.74041],[79.69835,29.74269],[79.69824,29.74287],[79.69835,29.74269]]],[[[79.8809,29.74752],[79.8808,29.74761],[79.8806,29.74742],[79.8809,29.74752]]],[[[79.88826,29.74659],[79.88187,29.74776],[79.88581,29.74386],[79.88648,29.74094],[79.88371,29.74212],[79.88596,29.73899],[79.88956,29.74055],[79.88826,29.74659]]],[[[78.19399,29.72745],[78.19617,29.72868],[78.19011,29.72575],[78.18941,29.72474],[78.18401,29.70749],[78.18479,29.70904],[78.18469,29.70904],[78.18479,29.70904],[78.18626,29.70447],[78.18743,29.70323],[78.18722,29.70341],[78.18743,29.70323],[78.19077,29.70264],[78.19111,29.70466],[78.19221,29.70956],[78.19221,29.70965],[78.19363,29.71305],[78.19606,29.71235],[78.19517,29.71458],[78.1983,29.71744],[78.20086,29.71055],[78.20288,29.7234],[78.20083,29.72291],[78.20104,29.72273],[78.19758,29.72095],[78.19899,29.72224],[78.20017,29.72452],[78.2001,29.72753],[78.19953,29.72505],[78.19943,29.72504],[78.19768,29.72356],[78.19631,29.72579],[78.19589,29.72596],[78.19579,29.72587],[78.19399,29.72745],[78.19389,29.72736],[78.19389,29.72727],[78.19389,29.72736],[78.19399,29.72745]]],[[[79.88571,29.75207],[79.88693,29.75425],[79.88322,29.75358],[79.88571,29.75207],[79.88571,29.75216],[79.88571,29.75207]]],[[[80.1256,29.75613],[80.12519,29.7564],[80.12488,29.75621],[80.12614,29.75379],[80.1256,29.75613]]],[[[79.93512,29.75455],[79.92917,29.7548],[79.92538,29.75209],[79.92963,29.74557],[79.93219,29.74916],[79.93304,29.74632],[79.93314,29.74641],[79.93692,29.74524],[79.93527,29.74906],[79.94034,29.75035],[79.93732,29.75213],[79.93731,29.75285],[79.93751,29.75322],[79.93512,29.75455]]],[[[80.12508,29.75649],[80.12508,29.75658],[80.12498,29.75658],[80.12508,29.75649]]],[[[78.08146,29.72727],[78.08146,29.72736],[78.08136,29.72727],[78.08146,29.72727]]],[[[80.12571,29.75622],[80.12642,29.75704],[80.12498,29.75658],[80.12508,29.75658],[80.12571,29.75622]]],[[[79.96347,29.75297],[79.96401,29.75558],[79.96116,29.75647],[79.95767,29.75374],[79.96084,29.75407],[79.96746,29.74786],[79.96776,29.74813],[79.96776,29.74822],[79.96776,29.74813],[79.96962,29.74869],[79.96717,29.75277],[79.96347,29.75297]]],[[[79.87157,29.74996],[79.87287,29.75547],[79.87048,29.75574],[79.8706,29.75357],[79.86916,29.75096],[79.87157,29.74996]]],[[[79.41245,29.7494],[79.41438,29.7515],[79.41038,29.74947],[79.41245,29.7494]]],[[[78.08347,29.7293],[78.08337,29.72939],[78.08337,29.7293],[78.08347,29.7293]]],[[[79.43508,29.75066],[79.43226,29.75216],[79.43093,29.74933],[79.43452,29.74761],[79.43508,29.75066]]],[[[79.86437,29.7555],[79.86107,29.75298],[79.86857,29.75021],[79.86929,29.75076],[79.86689,29.75191],[79.8693,29.7546],[79.86437,29.7555]]],[[[79.63031,29.75057],[79.6348,29.75247],[79.63241,29.75327],[79.63387,29.75485],[79.63055,29.75551],[79.63238,29.75245],[79.62841,29.75344],[79.62779,29.75289],[79.62477,29.74932],[79.62525,29.74707],[79.62632,29.75039],[79.62979,29.75075],[79.63031,29.75057]]],[[[79.41177,29.75309],[79.40943,29.75108],[79.41188,29.75309],[79.41177,29.75309]]],[[[79.86744,29.7585],[79.86765,29.75859],[79.86744,29.75859],[79.86744,29.7585]]],[[[79.90361,29.75141],[79.90781,29.75523],[79.91387,29.75596],[79.90923,29.76033],[79.9026,29.75853],[79.90695,29.75829],[79.90329,29.75276],[79.90361,29.75141]]],[[[79.48561,29.75516],[79.48503,29.75675],[79.48455,29.75301],[79.48561,29.75516]]],[[[79.98976,29.76148],[79.98543,29.75739],[79.99127,29.75499],[79.99643,29.75675],[79.98976,29.76148]]],[[[79.82979,29.75862],[79.83087,29.7568],[79.82971,29.76065],[79.82979,29.75862]]],[[[79.86773,29.76076],[79.86639,29.75958],[79.86744,29.7585],[79.86744,29.75859],[79.86795,29.75914],[79.86794,29.76031],[79.86773,29.76076]]],[[[78.24678,29.73542],[78.24186,29.74145],[78.24264,29.73939],[78.24678,29.73542]]],[[[79.49199,29.76206],[79.48596,29.75035],[79.48808,29.74848],[79.48694,29.73999],[79.49199,29.76206]]],[[[79.64047,29.76403],[79.63718,29.76219],[79.64081,29.76196],[79.64047,29.76403]]],[[[79.49319,29.76478],[79.49483,29.76516],[79.49349,29.76488],[79.49319,29.76478]]],[[[79.6271,29.7657],[79.62543,29.76686],[79.62533,29.76685],[79.62512,29.76676],[79.62533,29.76658],[79.63029,29.75978],[79.63236,29.75926],[79.63388,29.76171],[79.63039,29.76028],[79.6326,29.76202],[79.63031,29.76223],[79.63236,29.76289],[79.6271,29.7657]]],[[[78.45528,29.75005],[78.45426,29.74774],[78.45783,29.7495],[78.45528,29.75005]]],[[[80.12854,29.77564],[80.12928,29.77375],[80.12864,29.77564],[80.12854,29.77564]]],[[[79.61066,29.77329],[79.61045,29.77338],[79.61045,29.77329],[79.61066,29.77329]]],[[[80.27229,29.78012],[80.27099,29.77479],[80.27396,29.77043],[80.27679,29.77365],[80.27229,29.78012]]],[[[80.1288,29.78088],[80.12808,29.78042],[80.13017,29.77881],[80.1288,29.78088]]],[[[80.13315,29.78108],[80.13273,29.78153],[80.13242,29.78126],[80.1317,29.78044],[80.13191,29.78026],[80.13253,29.78081],[80.13315,29.78108]]],[[[79.7882,29.77783],[79.78857,29.78072],[79.78745,29.77936],[79.7882,29.77783]]],[[[80.05751,29.78309],[80.05751,29.78318],[80.0574,29.78318],[80.05751,29.78309]]],[[[79.62055,29.77928],[79.61566,29.77767],[79.62425,29.77749],[79.62055,29.77928]]],[[[80.05751,29.78318],[80.0574,29.78336],[80.0574,29.78327],[80.05751,29.78318]]],[[[79.84205,29.78147],[79.84338,29.78203],[79.84225,29.78165],[79.84205,29.78147]]],[[[80.12733,29.7833],[80.12618,29.78465],[80.12507,29.78193],[80.1262,29.78284],[80.1262,29.78275],[80.12641,29.78257],[80.12651,29.78248],[80.12662,29.78249],[80.12765,29.78258],[80.12733,29.7833]]],[[[79.49421,29.77923],[79.49431,29.77932],[79.49421,29.77932],[79.49421,29.77923]]],[[[79.49048,29.77946],[79.49048,29.77955],[79.49038,29.77955],[79.49038,29.77946],[79.49048,29.77946]]],[[[79.62135,29.77033],[79.61986,29.77292],[79.61402,29.77351],[79.61526,29.77731],[79.61017,29.77548],[79.6069,29.78087],[79.60525,29.77966],[79.61284,29.76948],[79.62322,29.76945],[79.6227,29.76971],[79.62135,29.77033]]],[[[79.78622,29.77854],[79.78021,29.78275],[79.77897,29.77973],[79.77607,29.77961],[79.77683,29.77671],[79.77207,29.77177],[79.77924,29.77048],[79.78266,29.77408],[79.78886,29.77311],[79.78863,29.77576],[79.78853,29.77576],[79.78697,29.77576],[79.78738,29.77701],[79.78759,29.77692],[79.78769,29.77692],[79.7878,29.77656],[79.7878,29.77647],[79.78832,29.77612],[79.7882,29.77783],[79.78622,29.77854]]],[[[79.49431,29.77932],[79.49418,29.78008],[79.49411,29.77932],[79.49421,29.77932],[79.49431,29.77932]]],[[[79.49048,29.77991],[79.49017,29.77991],[79.49038,29.77955],[79.49048,29.77964],[79.49048,29.77955],[79.49059,29.77946],[79.49166,29.77659],[79.49421,29.77905],[79.49421,29.77923],[79.49411,29.77932],[79.49276,29.77958],[79.49048,29.77991]]],[[[80.1319,29.7865],[80.12881,29.78263],[80.13432,29.78299],[80.1308,29.78455],[80.1319,29.7865]]],[[[80.12752,29.78556],[80.12629,29.78474],[80.12691,29.78474],[80.12701,29.78474],[80.12752,29.78556]]],[[[78.27987,29.76154],[78.27814,29.76049],[78.27987,29.76145],[78.27987,29.76154]]],[[[80.08488,29.78753],[80.08501,29.78446],[80.08836,29.78381],[80.08488,29.78753]]],[[[80.40227,29.78979],[80.40052,29.78798],[80.40344,29.78755],[80.40227,29.78979]]],[[[79.48516,29.78265],[79.48526,29.78274],[79.48516,29.78274],[79.48516,29.78265]]],[[[79.48526,29.78274],[79.48536,29.78283],[79.48526,29.78283],[79.48526,29.78274]]],[[[79.48526,29.78283],[79.48505,29.78292],[79.48516,29.78274],[79.48526,29.78283]]],[[[79.36221,29.78082],[79.35767,29.77968],[79.36085,29.77912],[79.36209,29.77302],[79.36252,29.78082],[79.36221,29.78082]]],[[[78.14441,29.75972],[78.14284,29.76093],[78.14286,29.75833],[78.14441,29.75972]]],[[[80.13672,29.7867],[80.13637,29.79076],[80.13432,29.7884],[80.13414,29.7856],[80.13672,29.7867]]],[[[80.08022,29.78786],[80.07922,29.79067],[80.07753,29.78766],[80.08022,29.78786]]],[[[79.36382,29.7831],[79.36369,29.78463],[79.36372,29.78291],[79.36382,29.7831]]],[[[78.0343,29.76056],[78.03129,29.76181],[78.02889,29.75761],[78.0343,29.76056]]],[[[78.44501,29.77055],[78.43993,29.76926],[78.44117,29.7644],[78.44501,29.77055]]],[[[78.39416,29.77042],[78.39246,29.76904],[78.40081,29.76605],[78.39416,29.77042]]],[[[79.4941,29.78654],[79.49048,29.78632],[79.48495,29.78292],[79.48505,29.78292],[79.49048,29.7825],[79.49057,29.78045],[79.49276,29.78313],[79.49739,29.78134],[79.50055,29.78384],[79.49385,29.78434],[79.49441,29.78654],[79.4941,29.78654]]],[[[78.28841,29.76289],[78.29754,29.76569],[78.29675,29.76892],[78.28043,29.76278],[78.28166,29.76049],[78.28841,29.76289]]],[[[80.41062,29.79552],[80.41,29.7947],[80.41253,29.79297],[80.41072,29.79552],[80.41062,29.79552]]],[[[79.50079,29.78914],[79.50068,29.78932],[79.50017,29.78904],[79.49669,29.7863],[79.49916,29.78696],[79.50041,29.78679],[79.50079,29.78914]]],[[[80.13905,29.79213],[80.14028,29.79511],[80.13759,29.79312],[80.13905,29.79213]]],[[[79.50099,29.78923],[79.5013,29.7896],[79.50068,29.78932],[79.50099,29.78923]]],[[[80.41258,29.79607],[80.4132,29.7967],[80.41175,29.79588],[80.41186,29.79588],[80.41248,29.79607],[80.41258,29.79607]]],[[[78.43463,29.77365],[78.43483,29.77055],[78.43682,29.77214],[78.43463,29.77374],[78.43463,29.77365]]],[[[79.59577,29.78793],[79.59554,29.79244],[79.59453,29.78783],[79.59577,29.78793]]],[[[80.25303,29.79689],[80.24846,29.79429],[80.24465,29.7963],[80.24319,29.79471],[80.2494,29.79222],[80.25222,29.79487],[80.25452,29.78926],[80.25864,29.78768],[80.25628,29.7956],[80.25303,29.79689]]],[[[78.39633,29.77359],[78.3934,29.77477],[78.39946,29.7701],[78.40385,29.77033],[78.39633,29.77359]]],[[[79.55225,29.79278],[79.54961,29.78984],[79.55332,29.79045],[79.55225,29.79278]]],[[[78.44007,29.77308],[78.44261,29.77465],[78.43743,29.77718],[78.44007,29.77308]]],[[[79.36992,29.78967],[79.3707,29.79302],[79.36897,29.79128],[79.36805,29.7901],[79.36816,29.7901],[79.36826,29.7901],[79.36992,29.78967]]],[[[79.89915,29.7908],[79.89968,29.79454],[79.89618,29.79409],[79.89173,29.79918],[79.88987,29.79758],[79.89313,29.7922],[79.89698,29.79024],[79.89865,29.78927],[79.90019,29.78982],[79.9003,29.79],[79.89915,29.7908]]],[[[80.42713,29.802],[80.42064,29.80258],[80.4197,29.7998],[80.4197,29.79989],[80.4197,29.7998],[80.4248,29.7994],[80.42713,29.802],[80.42703,29.80182],[80.42713,29.802]]],[[[79.60344,29.79424],[79.59832,29.79635],[79.59859,29.79337],[79.60324,29.79315],[79.60344,29.79424]]],[[[79.65152,29.79555],[79.64967,29.79675],[79.6493,29.7944],[79.64571,29.79711],[79.64394,29.79024],[79.64332,29.79014],[79.64203,29.79392],[79.63778,29.79414],[79.63779,29.79405],[79.64121,29.78534],[79.6475,29.78712],[79.64986,29.78822],[79.64834,29.79064],[79.65844,29.78867],[79.65832,29.79002],[79.6517,29.79109],[79.65577,29.79532],[79.65246,29.79529],[79.65152,29.79555]]],[[[79.54696,29.79354],[79.54572,29.7951],[79.54043,29.79307],[79.54061,29.79635],[79.53037,29.7933],[79.53097,29.79074],[79.53097,29.79065],[79.53159,29.79039],[79.53887,29.78776],[79.54966,29.78581],[79.55449,29.78072],[79.55522,29.78072],[79.55532,29.78091],[79.55531,29.78127],[79.55532,29.78091],[79.55522,29.78072],[79.55449,29.78072],[79.55843,29.77995],[79.55851,29.78211],[79.56986,29.78437],[79.57412,29.78264],[79.57626,29.78089],[79.57721,29.78371],[79.58083,29.78371],[79.58083,29.78362],[79.59281,29.78495],[79.59767,29.77766],[79.59979,29.78111],[79.59877,29.78029],[79.59877,29.7802],[79.59877,29.78029],[79.59842,29.78336],[79.59566,29.78775],[79.59129,29.7871],[79.59194,29.79115],[79.58588,29.79179],[79.58577,29.79251],[79.58389,29.78805],[79.59024,29.78984],[79.58985,29.78565],[79.5868,29.78688],[79.58611,29.78434],[79.58194,29.78652],[79.57303,29.78599],[79.58323,29.78701],[79.57898,29.79161],[79.56762,29.78844],[79.56518,29.78525],[79.5451,29.79004],[79.54824,29.79102],[79.54696,29.79354]]],[[[79.98721,29.78898],[79.98896,29.78972],[79.98325,29.79668],[79.98525,29.7979],[79.98357,29.80095],[79.98266,29.79724],[79.9806,29.79813],[79.98168,29.79282],[79.97869,29.78522],[79.98206,29.78678],[79.9867,29.78798],[79.98721,29.78898]]],[[[78.42008,29.77643],[78.4212,29.77849],[78.41849,29.77962],[78.41652,29.77808],[78.41887,29.77377],[78.4156,29.7763],[78.41468,29.77396],[78.42029,29.7718],[78.42265,29.77517],[78.42008,29.77643]]],[[[80.49437,29.80588],[80.49438,29.80516],[80.49448,29.80588],[80.49437,29.80588]]],[[[78.407,29.78223],[78.40382,29.7801],[78.40903,29.78173],[78.407,29.78223]]],[[[78.40315,29.77943],[78.40047,29.78223],[78.39751,29.77981],[78.40719,29.77501],[78.40315,29.77943]]],[[[78.44874,29.78209],[78.44691,29.78412],[78.44481,29.78174],[78.44595,29.77864],[78.44874,29.78209]]],[[[78.39659,29.7817],[78.39015,29.78243],[78.39454,29.77916],[78.39399,29.77634],[78.40356,29.775],[78.39459,29.78013],[78.39659,29.7817]]],[[[77.95472,29.77384],[77.95482,29.77393],[77.95472,29.77393],[77.95472,29.77384]]],[[[78.42526,29.78173],[78.42233,29.78424],[78.42483,29.77977],[78.42764,29.77988],[78.42526,29.78173]]],[[[78.43686,29.78451],[78.42949,29.78273],[78.43298,29.78165],[78.43686,29.78451]]],[[[79.94917,29.8052],[79.94524,29.80553],[79.94618,29.80463],[79.94618,29.80472],[79.94607,29.80481],[79.94618,29.80472],[79.94618,29.80463],[79.94836,29.8042],[79.94246,29.80442],[79.9433,29.80317],[79.94058,29.80378],[79.93999,29.80012],[79.94724,29.80184],[79.94542,29.79849],[79.95105,29.79836],[79.94787,29.79657],[79.94542,29.79849],[79.94287,29.79815],[79.9442,29.79595],[79.9467,29.79364],[79.95265,29.79615],[79.94132,29.78375],[79.95525,29.78783],[79.95376,29.79206],[79.95867,29.79724],[79.95495,29.79721],[79.95495,29.79739],[79.95587,29.79776],[79.95474,29.79927],[79.95179,29.79719],[79.95088,29.80278],[79.94792,29.80222],[79.94918,29.80502],[79.94917,29.8052]]],[[[78.0802,29.77784],[78.0802,29.77811],[78.07968,29.77792],[78.08052,29.77776],[78.0802,29.77784]]],[[[78.44627,29.78554],[78.44252,29.78547],[78.44246,29.78246],[78.44627,29.78554]]],[[[79.96138,29.80538],[79.95626,29.80649],[79.95835,29.80234],[79.95453,29.80203],[79.95971,29.79811],[79.95852,29.80148],[79.96216,29.79962],[79.96422,29.80117],[79.96348,29.80206],[79.96359,29.80197],[79.96348,29.80206],[79.96138,29.80538]]],[[[78.25778,29.77948],[78.25418,29.78324],[78.2501,29.78108],[78.24944,29.78332],[78.23904,29.77287],[78.23813,29.77213],[78.21617,29.74561],[78.2295,29.74468],[78.23073,29.74136],[78.23516,29.74141],[78.22845,29.73675],[78.2356,29.73996],[78.24093,29.74143],[78.23758,29.74284],[78.23797,29.74942],[78.24693,29.749],[78.25173,29.75482],[78.26366,29.77212],[78.25869,29.77835],[78.26102,29.77819],[78.26037,29.78291],[78.25778,29.77948]],[[78.24411,29.7557],[78.24469,29.75942],[78.24676,29.75751],[78.24411,29.7557]]],[[[78.31763,29.78387],[78.31203,29.7806],[78.31785,29.78333],[78.31763,29.78387]]],[[[78.20568,29.78263],[78.20366,29.78298],[78.20519,29.7819],[78.20568,29.78263]]],[[[78.23868,29.78149],[78.23802,29.78416],[78.2362,29.7821],[78.23868,29.78149]]],[[[78.4114,29.78642],[78.40808,29.78691],[78.4112,29.78398],[78.41804,29.78485],[78.41597,29.78771],[78.4114,29.78642]]],[[[80.1508,29.80926],[80.15163,29.80909],[80.15213,29.81108],[80.1509,29.81044],[80.1508,29.8099],[80.15111,29.80963],[80.1508,29.80926]]],[[[78.30906,29.78575],[78.3073,29.78711],[78.30886,29.78133],[78.31085,29.78333],[78.30906,29.78575]]],[[[78.43954,29.7857],[78.4418,29.78685],[78.43959,29.79015],[78.43954,29.7857]]],[[[79.95191,29.81108],[79.95265,29.80893],[79.9546,29.81111],[79.95139,29.81135],[79.95191,29.81108]]],[[[80.36789,29.81147],[80.36816,29.81682],[80.36413,29.81615],[80.36499,29.81245],[80.36736,29.81273],[80.36789,29.81147]]],[[[78.39567,29.79264],[78.39557,29.79273],[78.39557,29.79264],[78.39567,29.79264]]],[[[79.78132,29.80764],[79.77834,29.81372],[79.7765,29.8121],[79.77662,29.81147],[79.77874,29.8068],[79.78132,29.80764]]],[[[77.86175,29.7831],[77.85898,29.77962],[77.86081,29.77876],[77.86175,29.7831]]],[[[78.38395,29.79431],[78.37948,29.79521],[78.37918,29.79475],[78.37915,29.7898],[78.38591,29.78638],[78.38483,29.78404],[78.40535,29.78276],[78.40696,29.78873],[78.38579,29.78663],[78.38681,29.78899],[78.39541,29.78781],[78.40398,29.79043],[78.4033,29.79414],[78.40062,29.79337],[78.39951,29.79227],[78.39765,29.79214],[78.39567,29.79264],[78.39557,29.79264],[78.39268,29.79258],[78.38562,29.79362],[78.38141,29.79464],[78.38395,29.79431]],[[78.38483,29.79056],[78.38401,29.78799],[78.38062,29.78968],[78.38483,29.79056]]],[[[79.62458,29.8144],[79.62437,29.81458],[79.62355,29.81367],[79.62376,29.81358],[79.62458,29.8144]]],[[[79.61766,29.81333],[79.61473,29.81394],[79.61294,29.80246],[79.61132,29.79879],[79.60636,29.80004],[79.60639,29.79779],[79.6089,29.79878],[79.60523,29.79645],[79.60508,29.79489],[79.60518,29.79543],[79.60687,29.79557],[79.60519,29.7948],[79.60542,29.79326],[79.60531,29.79326],[79.6047,29.7929],[79.60312,29.78756],[79.60952,29.79547],[79.61199,29.79676],[79.6124,29.79659],[79.61687,29.80313],[79.61956,29.80717],[79.61752,29.80855],[79.62054,29.80729],[79.62723,29.81205],[79.6246,29.81278],[79.62418,29.81277],[79.61965,29.81118],[79.61755,29.81333],[79.61766,29.81333]]],[[[79.62169,29.81533],[79.62318,29.81308],[79.6242,29.81545],[79.62169,29.81533]]],[[[78.24366,29.78701],[78.24167,29.78794],[78.24651,29.79096],[78.24531,29.79518],[78.24068,29.79114],[78.23895,29.78447],[78.24129,29.78362],[78.24366,29.78701]]],[[[79.77801,29.81627],[79.77756,29.81861],[79.7776,29.81563],[79.77801,29.81627]]],[[[78.25548,29.79355],[78.25566,29.79589],[78.25428,29.79335],[78.25167,29.79408],[78.25503,29.79108],[78.25223,29.78947],[78.26462,29.79308],[78.25548,29.79355]]],[[[79.92087,29.8204],[79.91823,29.82177],[79.91472,29.81739],[79.91656,29.8224],[79.91241,29.82292],[79.91435,29.81518],[79.91044,29.80989],[79.90657,29.81207],[79.90282,29.8073],[79.90438,29.80474],[79.915,29.79795],[79.91841,29.79854],[79.91851,29.79872],[79.92341,29.79579],[79.92298,29.79659],[79.92108,29.80037],[79.92098,29.80064],[79.92077,29.80073],[79.92056,29.80091],[79.92042,29.80589],[79.91582,29.80854],[79.91572,29.80845],[79.91572,29.80827],[79.91572,29.80845],[79.91582,29.80854],[79.91614,29.81493],[79.92117,29.81589],[79.91859,29.81683],[79.92067,29.81914],[79.91892,29.8184],[79.92087,29.8204]],[[79.91214,29.80481],[79.91002,29.80591],[79.91203,29.80769],[79.91426,29.80423],[79.91214,29.80481]],[[79.90405,29.80618],[79.90466,29.80727],[79.90476,29.80727],[79.90405,29.80618]],[[79.91384,29.80013],[79.91395,29.80243],[79.91862,29.80251],[79.91384,29.80013]]],[[[79.10791,29.81198],[79.1056,29.81348],[79.10561,29.81339],[79.10429,29.81175],[79.10599,29.81038],[79.10223,29.81069],[79.10469,29.80697],[79.10791,29.81198]]],[[[80.05122,29.82465],[80.04865,29.82392],[80.05107,29.81815],[80.05682,29.82054],[80.05122,29.82465]]],[[[79.61031,29.82075],[79.60938,29.82074],[79.60887,29.82046],[79.60887,29.82037],[79.6128,29.81301],[79.61265,29.81635],[79.61355,29.8188],[79.61031,29.82075]]],[[[78.25182,29.7964],[78.25246,29.80043],[78.24959,29.79416],[78.25182,29.7964]]],[[[78.25761,29.80085],[78.25433,29.7981],[78.25658,29.79601],[78.26001,29.79875],[78.25761,29.80085]]],[[[80.35795,29.82902],[80.35712,29.82875],[80.35744,29.8274],[80.35826,29.82776],[80.35795,29.82902]]],[[[79.89207,29.8226],[79.88649,29.82661],[79.88572,29.82326],[79.8829,29.8245],[79.88372,29.82009],[79.88536,29.82128],[79.88467,29.81848],[79.88488,29.81839],[79.88467,29.81848],[79.88436,29.81847],[79.88633,29.81759],[79.89165,29.81411],[79.8936,29.81512],[79.89215,29.81538],[79.89015,29.81553],[79.89246,29.81592],[79.89758,29.81761],[79.89274,29.81903],[79.89531,29.82019],[79.8927,29.82188],[79.89249,29.82197],[79.89239,29.82197],[79.89249,29.82197],[79.89207,29.8226]]],[[[80.36125,29.83084],[80.35794,29.83038],[80.35804,29.8302],[80.3597,29.82975],[80.35991,29.82993],[80.36125,29.83084]]],[[[79.60509,29.82673],[79.60574,29.82301],[79.60755,29.82423],[79.60509,29.82673]]],[[[79.91902,29.82869],[79.92299,29.82946],[79.91741,29.82967],[79.91902,29.82869]]],[[[79.89427,29.83029],[79.89019,29.83012],[79.89058,29.82638],[79.89376,29.82884],[79.89594,29.82904],[79.89427,29.83029]]],[[[77.81204,29.79541],[77.8083,29.796],[77.81228,29.79338],[77.81204,29.79541]]],[[[78.25761,29.80085],[78.26216,29.79888],[78.26081,29.79588],[78.2632,29.79651],[78.26511,29.80739],[78.25761,29.80085]]],[[[78.21657,29.79639],[78.2101,29.8059],[78.2062,29.80677],[78.20326,29.80304],[78.19222,29.80579],[78.19089,29.80504],[78.18987,29.79891],[78.19838,29.7887],[78.19838,29.78861],[78.19807,29.7886],[78.20459,29.78363],[78.20388,29.78818],[78.20398,29.78818],[78.20779,29.79256],[78.20683,29.79557],[78.21228,29.79799],[78.21462,29.79381],[78.21657,29.79639]],[[78.20112,29.79342],[78.20434,29.79172],[78.20208,29.78941],[78.19931,29.79247],[78.20112,29.79342]]],[[[80.14017,29.83067],[80.14159,29.83395],[80.13985,29.83193],[80.13985,29.83184],[80.14007,29.83049],[80.14017,29.83067],[80.14027,29.83076],[80.14017,29.83067]]],[[[79.59886,29.83317],[79.59875,29.83326],[79.59886,29.83299],[79.59886,29.83317]]],[[[79.28173,29.82978],[79.27945,29.82984],[79.2805,29.82905],[79.28292,29.82646],[79.28446,29.82984],[79.28225,29.8297],[79.28173,29.82978]]],[[[78.15563,29.81213],[78.15553,29.81222],[78.15564,29.81186],[78.15563,29.81213]]],[[[79.72951,29.83765],[79.72764,29.83862],[79.72942,29.83684],[79.72951,29.83765]]],[[[79.59097,29.83507],[79.58861,29.83676],[79.59257,29.83861],[79.58721,29.83701],[79.58711,29.83701],[79.58446,29.8343],[79.5882,29.83287],[79.60076,29.83065],[79.59898,29.83209],[79.59825,29.83244],[79.59875,29.83326],[79.59886,29.83317],[79.60011,29.83273],[79.60062,29.83319],[79.59749,29.83487],[79.59941,29.83823],[79.59666,29.83522],[79.59097,29.83507]]],[[[77.93822,29.80879],[77.93588,29.81116],[77.93393,29.80827],[77.93866,29.80575],[77.94043,29.80685],[77.93822,29.80879]]],[[[79.76081,29.84255],[79.75886,29.8419],[79.75917,29.84127],[79.75959,29.84073],[79.76414,29.84104],[79.76081,29.84255]]],[[[80.1503,29.84473],[80.14834,29.84635],[80.14818,29.84145],[80.1503,29.84473]]],[[[78.24513,29.82215],[78.2433,29.81991],[78.24152,29.82171],[78.24072,29.8171],[78.24622,29.81945],[78.24513,29.82215]]],[[[80.15141,29.84798],[80.1511,29.84816],[80.15141,29.8478],[80.15141,29.84798]]],[[[79.74234,29.84661],[79.74264,29.84779],[79.73948,29.84685],[79.74079,29.84651],[79.74099,29.84669],[79.74089,29.84642],[79.74234,29.84661]]],[[[79.19831,29.84221],[79.19798,29.83733],[79.19974,29.83699],[79.19893,29.83977],[79.20155,29.84045],[79.19831,29.84221]]],[[[77.87548,29.81879],[77.87146,29.81537],[77.86845,29.79598],[77.8725,29.7984],[77.87161,29.80918],[77.87354,29.80801],[77.87487,29.81159],[77.87717,29.81116],[77.87219,29.81346],[77.87816,29.81223],[77.87548,29.81879]]],[[[79.75188,29.84517],[79.74344,29.84996],[79.744,29.846],[79.74745,29.84368],[79.74755,29.84378],[79.75483,29.84132],[79.75482,29.84168],[79.75345,29.84374],[79.75649,29.84044],[79.75504,29.84087],[79.75547,29.83952],[79.75845,29.84062],[79.75772,29.84171],[79.75505,29.84529],[79.75188,29.84517]]],[[[79.29524,29.84458],[79.295,29.84638],[79.29216,29.84327],[79.29436,29.84173],[79.29524,29.84458]]],[[[79.1993,29.84447],[79.19875,29.84645],[79.19868,29.84447],[79.19878,29.84447],[79.1993,29.84447],[79.1992,29.84438],[79.1993,29.84447]]],[[[79.19584,29.84695],[79.19541,29.84503],[79.19846,29.845],[79.19584,29.84695]]],[[[79.7463,29.8527],[79.74328,29.85456],[79.74342,29.85159],[79.74526,29.85003],[79.7464,29.8527],[79.7463,29.8527]]],[[[79.85525,29.85703],[79.85352,29.85475],[79.85571,29.85342],[79.85525,29.85703]]],[[[78.17944,29.83366],[78.17954,29.83384],[78.17882,29.83347],[78.17944,29.83366]]],[[[78.28229,29.83636],[78.28239,29.83645],[78.28229,29.83645],[78.28229,29.83636]]],[[[79.86435,29.85819],[79.86408,29.86061],[79.86258,29.8588],[79.8624,29.8567],[79.86435,29.85819]]],[[[78.11248,29.83483],[78.11236,29.83537],[78.11237,29.835],[78.11248,29.83483]]],[[[79.20775,29.85235],[79.20696,29.85577],[79.20585,29.8544],[79.20504,29.85321],[79.20361,29.85238],[79.20351,29.85229],[79.20341,29.8522],[79.20351,29.85229],[79.20361,29.85238],[79.20309,29.85238],[79.20085,29.84737],[79.20569,29.84592],[79.20631,29.84583],[79.2074,29.84883],[79.21036,29.85112],[79.20775,29.85235]]],[[[78.18707,29.83815],[78.18412,29.83637],[78.18403,29.83574],[78.18414,29.83574],[78.18494,29.83666],[78.18414,29.83574],[78.18404,29.83556],[78.18403,29.83574],[78.1779,29.83499],[78.18005,29.83394],[78.1858,29.8356],[78.1874,29.83726],[78.18761,29.83744],[78.18707,29.83815]]],[[[78.18498,29.83874],[78.1824,29.83859],[78.18762,29.8387],[78.18498,29.83874]]],[[[79.30365,29.85524],[79.30501,29.85873],[79.30061,29.8588],[79.30064,29.85547],[79.30065,29.85511],[79.30136,29.85593],[79.30271,29.85586],[79.30353,29.85623],[79.30365,29.85524]]],[[[77.91531,29.83357],[77.91435,29.8312],[77.92013,29.82299],[77.9194,29.82508],[77.92475,29.82928],[77.91531,29.83357]]],[[[80.01604,29.86608],[80.01861,29.86235],[80.02391,29.86538],[80.01604,29.86608]]],[[[78.184,29.8407],[78.1816,29.84119],[78.18348,29.8406],[78.184,29.8407]]],[[[80.05682,29.86782],[80.05661,29.86809],[80.05609,29.86764],[80.05682,29.86782]]],[[[79.80597,29.86606],[79.80587,29.86615],[79.80424,29.86424],[79.80923,29.86221],[79.806,29.86408],[79.80589,29.86408],[79.806,29.86408],[79.80597,29.86606]]],[[[79.85525,29.86641],[79.85483,29.86659],[79.85494,29.8665],[79.85525,29.86641]]],[[[77.92622,29.83473],[77.92522,29.83695],[77.92347,29.83419],[77.92635,29.82945],[77.93199,29.83309],[77.92622,29.83473]]],[[[79.31915,29.86257],[79.31926,29.86266],[79.31915,29.86266],[79.31915,29.86257]]],[[[79.00687,29.85723],[79.005,29.85886],[79.00543,29.85581],[79.00687,29.85723]]],[[[79.31846,29.86084],[79.32214,29.86342],[79.31875,29.86175],[79.31491,29.86233],[79.31121,29.86111],[79.31091,29.86066],[79.30927,29.85964],[79.29918,29.8504],[79.29928,29.85031],[79.29918,29.8504],[79.29707,29.84336],[79.29984,29.84863],[79.31753,29.86083],[79.31732,29.86092],[79.31753,29.86083],[79.31846,29.86084]]],[[[79.32028,29.86357],[79.32027,29.86375],[79.31997,29.86357],[79.32028,29.86357]]],[[[80.01816,29.87133],[80.01731,29.86873],[80.02197,29.86822],[80.01816,29.87133]]],[[[79.31926,29.86266],[79.3217,29.86485],[79.32027,29.86375],[79.32028,29.86357],[79.31997,29.86357],[79.31926,29.86266]]],[[[79.30482,29.85941],[79.30748,29.86124],[79.30526,29.8641],[79.30404,29.86291],[79.30394,29.86237],[79.30482,29.85941]]],[[[79.78245,29.86783],[79.7803,29.87045],[79.78363,29.86573],[79.78245,29.86783]]],[[[78.2934,29.83884],[78.2866,29.82919],[78.2884,29.82485],[78.29464,29.82196],[78.29984,29.82702],[78.30466,29.82004],[78.32451,29.8149],[78.32416,29.82004],[78.31837,29.8274],[78.32075,29.82966],[78.31775,29.843],[78.31507,29.83906],[78.31392,29.84426],[78.31697,29.84813],[78.31331,29.84912],[78.31274,29.84578],[78.30628,29.84507],[78.30497,29.84024],[78.30297,29.84252],[78.30814,29.84651],[78.30143,29.84609],[78.30175,29.84776],[78.2983,29.84471],[78.30087,29.84607],[78.30027,29.8433],[78.29783,29.84344],[78.296,29.84214],[78.2935,29.83893],[78.29639,29.84058],[78.29538,29.8383],[78.29725,29.8397],[78.29874,29.83681],[78.2999,29.84145],[78.30265,29.84205],[78.29977,29.83434],[78.30512,29.83076],[78.30129,29.82982],[78.29696,29.83607],[78.28979,29.82916],[78.29584,29.83636],[78.2934,29.83884]]],[[[80.05073,29.87309],[80.04789,29.87011],[80.04927,29.86575],[80.05283,29.8691],[80.05073,29.87309]]],[[[79.85924,29.87087],[79.85724,29.8731],[79.85096,29.86923],[79.84639,29.8713],[79.84465,29.86948],[79.84892,29.86789],[79.85585,29.86867],[79.85924,29.87087]]],[[[79.88313,29.87342],[79.88312,29.87351],[79.88302,29.87351],[79.88313,29.87342]]],[[[80.05769,29.87397],[80.05634,29.87405],[80.05645,29.87396],[80.05634,29.87396],[80.05655,29.87369],[80.05666,29.87369],[80.05708,29.87315],[80.05708,29.87297],[80.05781,29.87216],[80.05769,29.87397]]],[[[79.71935,29.87211],[79.71871,29.87337],[79.71924,29.87211],[79.71935,29.87211]]],[[[79.89058,29.87339],[79.88615,29.87571],[79.88302,29.8736],[79.88312,29.87351],[79.88355,29.87288],[79.87962,29.87194],[79.88046,29.87123],[79.88283,29.87188],[79.88325,29.87188],[79.88565,29.87276],[79.88637,29.87056],[79.88588,29.87269],[79.89058,29.87339]]],[[[79.86891,29.87573],[79.8686,29.87582],[79.8686,29.87573],[79.86891,29.87573]]],[[[79.8685,29.87591],[79.85877,29.8751],[79.86189,29.87432],[79.86231,29.87396],[79.86241,29.87396],[79.86905,29.87267],[79.87071,29.87223],[79.87134,29.87214],[79.87071,29.87223],[79.87392,29.87244],[79.86892,29.87564],[79.8686,29.87573],[79.8685,29.87591]]],[[[78.25998,29.85015],[78.25732,29.85335],[78.25358,29.84998],[78.25683,29.84551],[78.2609,29.8471],[78.26074,29.84899],[78.25642,29.84754],[78.25998,29.85015]]],[[[79.69944,29.87399],[79.70192,29.87438],[79.69787,29.87578],[79.69777,29.87551],[79.69944,29.87399]]],[[[78.23311,29.8531],[78.2329,29.85301],[78.23301,29.85301],[78.23311,29.8531]]],[[[79.87998,29.87682],[79.87926,29.87681],[79.87926,29.87672],[79.87998,29.87682]]],[[[78.18256,29.85109],[78.17925,29.84984],[78.17703,29.84209],[78.18228,29.84301],[78.18596,29.85175],[78.18256,29.85109]]],[[[79.89676,29.87642],[79.8927,29.8781],[79.89076,29.87628],[79.89553,29.87524],[79.89576,29.87343],[79.89791,29.87498],[79.89781,29.87498],[79.89686,29.87633],[79.89676,29.87642]]],[[[79.69601,29.87522],[79.69309,29.87681],[79.69309,29.87672],[79.69394,29.87484],[79.69601,29.87522]]],[[[79.71348,29.8772],[79.71348,29.87729],[79.71338,29.87729],[79.71348,29.8772]]],[[[80.544,29.88277],[80.5439,29.88286],[80.5439,29.88277],[80.544,29.88277]]],[[[78.31091,29.85345],[78.30216,29.84786],[78.30871,29.84739],[78.31698,29.85466],[78.31603,29.85636],[78.31091,29.85327],[78.31091,29.85345]]],[[[79.93305,29.87184],[79.94205,29.87606],[79.94146,29.87895],[79.93726,29.87924],[79.93487,29.87583],[79.9353,29.87457],[79.92898,29.87488],[79.93022,29.87269],[79.92706,29.87017],[79.93253,29.86946],[79.93305,29.87184]]],[[[79.88691,29.8776],[79.88234,29.87909],[79.88185,29.87602],[79.88536,29.87759],[79.88525,29.87768],[79.88536,29.87759],[79.88691,29.8776]]],[[[79.59132,29.87658],[79.59143,29.87604],[79.59184,29.87613],[79.59132,29.87658]]],[[[79.71348,29.8772],[79.71369,29.87466],[79.7146,29.87354],[79.71408,29.87518],[79.71664,29.87353],[79.71727,29.87392],[79.7146,29.8791],[79.71317,29.87746],[79.71338,29.87729],[79.71348,29.87729],[79.71348,29.8772]]],[[[79.34586,29.87526],[79.34596,29.87536],[79.34586,29.87536],[79.34586,29.87526]]],[[[79.34617,29.87554],[79.34586,29.87545],[79.34596,29.87536],[79.34606,29.87536],[79.34617,29.87554]]],[[[79.34761,29.87601],[79.34617,29.87554],[79.34606,29.87536],[79.34586,29.87526],[79.34466,29.87272],[79.34675,29.87131],[79.34715,29.87248],[79.34704,29.87248],[79.34558,29.87307],[79.34761,29.87601]]],[[[79.94435,29.8806],[79.94258,29.88232],[79.94188,29.88053],[79.94435,29.8806]]],[[[80.55229,29.88226],[80.55354,29.88117],[80.55573,29.88266],[80.5583,29.88887],[80.5549,29.89023],[80.55635,29.88638],[80.55227,29.88713],[80.55146,29.88343],[80.55229,29.88226],[80.55229,29.88235],[80.55239,29.88226],[80.55229,29.88226]]],[[[78.2329,29.85301],[78.23199,29.84964],[78.23479,29.84659],[78.24268,29.84356],[78.25312,29.84775],[78.25191,29.85111],[78.25738,29.85429],[78.25311,29.86326],[78.25045,29.8633],[78.2375,29.85935],[78.23311,29.8531],[78.23301,29.85301],[78.2329,29.85292],[78.2329,29.85301]],[[78.24136,29.85323],[78.2456,29.85549],[78.23992,29.85177],[78.24136,29.85323]],[[78.25122,29.85055],[78.25151,29.84885],[78.24412,29.84835],[78.25122,29.85055]]],[[[79.10666,29.878],[79.10955,29.87647],[79.10748,29.87865],[79.10666,29.878]]],[[[79.97222,29.88912],[79.969,29.88946],[79.97089,29.88694],[79.97222,29.88912]]],[[[79.96589,29.89033],[79.96602,29.88718],[79.96836,29.88612],[79.96589,29.89033]]],[[[79.94818,29.89055],[79.94114,29.89023],[79.9363,29.88757],[79.93964,29.88516],[79.94793,29.88451],[79.94762,29.88469],[79.95038,29.8864],[79.94602,29.88891],[79.94818,29.89055]]],[[[79.33541,29.88598],[79.32988,29.88382],[79.33397,29.88306],[79.33116,29.8805],[79.32931,29.88395],[79.32546,29.88443],[79.32716,29.88176],[79.33121,29.87997],[79.33514,29.8798],[79.33541,29.88598]]],[[[79.35723,29.88263],[79.35541,29.8837],[79.36095,29.88339],[79.35705,29.88817],[79.35304,29.88319],[79.36266,29.87756],[79.36835,29.86724],[79.37429,29.85848],[79.37589,29.84929],[79.37766,29.84832],[79.38052,29.84439],[79.39308,29.83552],[79.3938,29.8358],[79.38342,29.84442],[79.38297,29.84658],[79.38359,29.84704],[79.38248,29.85163],[79.37875,29.85158],[79.38009,29.85615],[79.3777,29.85449],[79.37592,29.85628],[79.37408,29.86661],[79.36358,29.878],[79.37082,29.88099],[79.36709,29.88103],[79.36594,29.88165],[79.35723,29.88263]],[[79.38558,29.8837],[79.3859,29.88316],[79.38559,29.88343],[79.38558,29.8837]]],[[[79.65762,29.89211],[79.65689,29.88963],[79.65987,29.89092],[79.65762,29.89211]]],[[[78.12459,29.86693],[78.12372,29.86853],[78.12031,29.86458],[78.12459,29.86693]]],[[[79.34357,29.88227],[79.35033,29.88651],[79.34797,29.88932],[79.35064,29.88687],[79.35323,29.88983],[79.35238,29.89099],[79.34672,29.89001],[79.34471,29.88851],[79.34481,29.88842],[79.34492,29.88843],[79.34481,29.88842],[79.34471,29.88851],[79.34715,29.88941],[79.33777,29.88247],[79.34017,29.87142],[79.33894,29.87437],[79.33457,29.87076],[79.31935,29.8697],[79.31061,29.86307],[79.32056,29.8652],[79.32066,29.86529],[79.32562,29.86581],[79.328,29.86584],[79.33296,29.86662],[79.33389,29.86645],[79.3424,29.87267],[79.34357,29.88227]]],[[[79.33805,29.89069],[79.33553,29.88978],[79.33842,29.88578],[79.34036,29.89054],[79.33805,29.89069]]],[[[78.30536,29.85568],[78.30816,29.8576],[78.3161,29.86032],[78.31511,29.86274],[78.30896,29.86617],[78.30376,29.86499],[78.3061,29.86791],[78.30406,29.86914],[78.30279,29.86696],[78.29928,29.87387],[78.28925,29.87111],[78.28947,29.86617],[78.2823,29.86169],[78.28192,29.85541],[78.27889,29.85331],[78.2812,29.85189],[78.28033,29.84537],[78.27504,29.8359],[78.27771,29.83356],[78.27833,29.83375],[78.27966,29.83423],[78.28088,29.83489],[78.28088,29.83498],[78.28128,29.83562],[78.28229,29.83636],[78.28229,29.83645],[78.28239,29.83645],[78.28951,29.84111],[78.2879,29.84325],[78.2911,29.84363],[78.29012,29.85017],[78.2954,29.84889],[78.30271,29.85437],[78.30485,29.85531],[78.30495,29.8554],[78.30485,29.85531],[78.30466,29.85495],[78.3075,29.85681],[78.30536,29.85568]],[[78.29636,29.85731],[78.29314,29.85725],[78.29203,29.86004],[78.29636,29.85731]],[[78.30283,29.85988],[78.30655,29.85981],[78.29915,29.85842],[78.30283,29.85988]]],[[[79.65684,29.89341],[79.65562,29.89512],[79.66125,29.89608],[79.6461,29.89845],[79.64821,29.89558],[79.64718,29.89566],[79.6446,29.89446],[79.65438,29.89549],[79.65684,29.89341]]],[[[79.88375,29.90067],[79.88188,29.90129],[79.88365,29.90058],[79.88375,29.90067]]],[[[79.94063,29.89934],[79.94242,29.89592],[79.94474,29.90235],[79.94101,29.90196],[79.94063,29.89934]]],[[[79.22386,29.89506],[79.22375,29.89569],[79.22356,29.89488],[79.22387,29.89497],[79.22386,29.89506]]],[[[79.56799,29.90042],[79.56799,29.90051],[79.56789,29.90051],[79.56799,29.90042]]],[[[78.18389,29.87836],[78.18128,29.87669],[78.18307,29.87101],[78.17851,29.86933],[78.17574,29.87105],[78.17084,29.86712],[78.17649,29.84631],[78.17862,29.85151],[78.18626,29.85409],[78.17686,29.85667],[78.18558,29.85746],[78.18422,29.86244],[78.17891,29.86256],[78.17669,29.86627],[78.18545,29.86948],[78.18389,29.87836]]],[[[79.65317,29.90116],[79.64946,29.89953],[79.65978,29.89751],[79.65891,29.9008],[79.65317,29.90116]]],[[[79.59585,29.90036],[79.5955,29.89679],[79.60449,29.90083],[79.59585,29.90036]]],[[[79.56575,29.88334],[79.56541,29.88559],[79.56965,29.88257],[79.57013,29.88876],[79.57612,29.88935],[79.57196,29.89068],[79.57185,29.89473],[79.57866,29.89305],[79.58088,29.88982],[79.59209,29.89481],[79.59,29.89669],[79.58841,29.89453],[79.57406,29.89539],[79.57234,29.89669],[79.5747,29.89947],[79.57162,29.90113],[79.56901,29.89672],[79.56388,29.89687],[79.56282,29.89233],[79.56619,29.88986],[79.55985,29.89005],[79.56009,29.88779],[79.55924,29.88511],[79.56183,29.88613],[79.56575,29.88334]]],[[[78.17631,29.87453],[78.17719,29.87781],[78.17429,29.87911],[78.17234,29.87265],[78.17722,29.87111],[78.17631,29.87453]]],[[[79.56809,29.90051],[79.56487,29.90165],[79.56511,29.89922],[79.56521,29.89931],[79.56789,29.90051],[79.56799,29.90051],[79.56809,29.90051]]],[[[79.94108,29.9053],[79.93891,29.9051],[79.94026,29.90475],[79.94108,29.90521],[79.94108,29.9053]]],[[[79.39369,29.90094],[79.39178,29.89758],[79.39616,29.90187],[79.39369,29.90094]]],[[[79.95927,29.90878],[79.95927,29.90887],[79.95917,29.90887],[79.95927,29.90878]]],[[[79.95628,29.90758],[79.95711,29.90914],[79.95524,29.90794],[79.95628,29.90758]]],[[[79.56092,29.90224],[79.55363,29.90514],[79.55396,29.90415],[79.55416,29.90415],[79.55447,29.9046],[79.55488,29.90443],[79.55631,29.9036],[79.55523,29.90134],[79.5552,29.90398],[79.54998,29.89986],[79.55577,29.89931],[79.55677,29.8957],[79.5623,29.89339],[79.56147,29.89981],[79.56041,29.9016],[79.56041,29.90196],[79.56092,29.90224]]],[[[79.9488,29.9096],[79.95004,29.91024],[79.94994,29.91024],[79.94983,29.91024],[79.9488,29.9096]]],[[[79.96102,29.91015],[79.96081,29.91069],[79.95999,29.90987],[79.95818,29.91014],[79.95917,29.90887],[79.95927,29.90887],[79.96093,29.90888],[79.95959,29.90833],[79.96015,29.90437],[79.96131,29.90864],[79.96312,29.90755],[79.96429,29.90485],[79.96601,29.90085],[79.97093,29.90346],[79.97082,29.90364],[79.97082,29.90391],[79.96895,29.90462],[79.96708,29.90514],[79.96633,29.90652],[79.96398,29.90662],[79.96071,29.91033],[79.96102,29.91015]]],[[[79.54914,29.90797],[79.54721,29.90507],[79.55155,29.90611],[79.54914,29.90797]]],[[[79.64357,29.90952],[79.64233,29.91126],[79.64123,29.90442],[79.64583,29.90092],[79.65034,29.90176],[79.64591,29.90512],[79.64273,29.90563],[79.64357,29.90952]]],[[[78.18136,29.88673],[78.17955,29.8885],[78.17759,29.88652],[78.18136,29.88673]]],[[[79.3539,29.90875],[79.3538,29.90884],[79.3538,29.90875],[79.3539,29.90875]]],[[[79.61878,29.91251],[79.61805,29.91277],[79.61794,29.91277],[79.61879,29.91161],[79.61888,29.91233],[79.61878,29.91251]]],[[[79.6053,29.913],[79.60498,29.91363],[79.60478,29.91354],[79.60478,29.91345],[79.6053,29.913]]],[[[80.55719,29.92117],[80.55854,29.92036],[80.5574,29.92108],[80.55719,29.92117]]],[[[78.16489,29.88942],[78.16201,29.89121],[78.16592,29.88557],[78.16489,29.88942]]],[[[79.83854,29.91499],[79.84017,29.91717],[79.83491,29.91487],[79.83163,29.91204],[79.83854,29.91499]]],[[[79.60498,29.91363],[79.60351,29.91506],[79.6061,29.9076],[79.60727,29.90562],[79.60832,29.9027],[79.60579,29.90152],[79.61022,29.90214],[79.61406,29.90452],[79.61217,29.90769],[79.61455,29.91111],[79.61237,29.91127],[79.60946,29.91178],[79.611,29.90481],[79.60878,29.90862],[79.6053,29.913],[79.60478,29.91345],[79.60478,29.91354],[79.60498,29.91363]]],[[[80.5574,29.92108],[80.55719,29.92126],[80.55719,29.92117],[80.5574,29.92108]]],[[[79.64089,29.91599],[79.63769,29.9156],[79.63853,29.91385],[79.64089,29.91599]]],[[[78.02632,29.89027],[78.02632,29.89036],[78.02621,29.89036],[78.02632,29.89027]]],[[[79.64258,29.91348],[79.63575,29.9122],[79.63549,29.91738],[79.63261,29.91572],[79.63092,29.90849],[79.62677,29.90696],[79.63084,29.90508],[79.62761,29.90246],[79.62466,29.90653],[79.61823,29.90587],[79.61506,29.90023],[79.61934,29.89895],[79.61755,29.90058],[79.62185,29.90551],[79.62585,29.90257],[79.62648,29.90167],[79.62659,29.90158],[79.62648,29.90167],[79.62585,29.90257],[79.61995,29.89917],[79.62467,29.89805],[79.62851,29.90022],[79.63029,29.89594],[79.63436,29.90027],[79.63353,29.89539],[79.6405,29.89929],[79.63233,29.90453],[79.63436,29.90915],[79.63941,29.91092],[79.63941,29.91101],[79.6395,29.91146],[79.64258,29.91348]]],[[[78.13964,29.8947],[78.13341,29.89356],[78.13413,29.88982],[78.14015,29.8909],[78.13964,29.8947]]],[[[79.61346,29.91489],[79.61668,29.9172],[79.61273,29.9167],[79.61094,29.91908],[79.61346,29.91489]]],[[[78.08696,29.89591],[78.08427,29.89475],[78.08492,29.8891],[78.08989,29.89464],[78.08696,29.89591]]],[[[79.88297,29.92476],[79.87841,29.92436],[79.87761,29.92192],[79.88297,29.92476]]],[[[78.04657,29.89514],[78.05055,29.89686],[78.04619,29.89751],[78.04657,29.89514]]],[[[79.79098,29.92431],[79.78634,29.92633],[79.78466,29.92443],[79.78279,29.92217],[79.78785,29.92063],[79.78935,29.9224],[79.78935,29.92249],[79.79234,29.92351],[79.79451,29.92407],[79.79451,29.92416],[79.79451,29.92425],[79.7943,29.92434],[79.79451,29.92425],[79.79451,29.92416],[79.79451,29.92407],[79.79326,29.92487],[79.79098,29.92431]]],[[[78.04142,29.89413],[78.04433,29.8931],[78.04219,29.8996],[78.03949,29.8986],[78.04075,29.8949],[78.03854,29.89519],[78.04219,29.8895],[78.04112,29.89367],[78.04142,29.89413],[78.04121,29.89439],[78.04142,29.89413]]],[[[79.20362,29.92131],[79.20372,29.9214],[79.20361,29.9214],[79.20362,29.92131]]],[[[78.00287,29.89998],[77.99737,29.897],[78.00202,29.89657],[78.00287,29.89998]]],[[[79.09458,29.91996],[79.09456,29.92077],[79.09417,29.91996],[79.09458,29.91996]]],[[[78.55935,29.90437],[78.56029,29.91251],[78.55652,29.90604],[78.55734,29.90632],[78.55935,29.90437]]],[[[79.09417,29.91996],[79.09386,29.91439],[79.09692,29.91639],[79.09668,29.92078],[79.09533,29.92128],[79.09467,29.91885],[79.09417,29.91996]]],[[[79.63119,29.92852],[79.63015,29.92878],[79.63047,29.92851],[79.63151,29.92816],[79.63119,29.92852]]],[[[79.62528,29.92882],[79.62528,29.92891],[79.62518,29.92882],[79.62528,29.92882]]],[[[78.04509,29.89962],[78.04135,29.90291],[78.04393,29.89847],[78.04893,29.90077],[78.0468,29.90119],[78.04509,29.89962],[78.0452,29.89926],[78.04509,29.89962]]],[[[78.12251,29.9052],[78.11982,29.90501],[78.12359,29.90219],[78.12251,29.9052]]],[[[79.62518,29.92882],[79.62156,29.92815],[79.62167,29.92788],[79.6255,29.92403],[79.62249,29.91707],[79.62618,29.91629],[79.63142,29.91914],[79.63154,29.92191],[79.62729,29.92267],[79.63215,29.92664],[79.6304,29.92563],[79.6304,29.92572],[79.62543,29.92497],[79.62863,29.92687],[79.62798,29.92831],[79.6256,29.92819],[79.62591,29.92838],[79.62528,29.92873],[79.62518,29.92882]]],[[[79.91083,29.93492],[79.91082,29.93528],[79.91072,29.93528],[79.91083,29.93492]]],[[[78.12007,29.91237],[78.12007,29.91246],[78.11997,29.91237],[78.12007,29.91237]]],[[[78.12007,29.91237],[78.12038,29.91265],[78.11996,29.91273],[78.12007,29.91246],[78.12007,29.91237]]],[[[77.9896,29.90848],[77.98801,29.91026],[77.98691,29.905],[77.99029,29.90257],[77.99386,29.90349],[77.99383,29.90881],[77.9896,29.90848]]],[[[79.90224,29.93904],[79.89876,29.93888],[79.89823,29.93582],[79.90224,29.93904]]],[[[78.0397,29.91187],[78.03652,29.91121],[78.0442,29.90853],[78.0397,29.91187]]],[[[79.73176,29.93792],[79.72886,29.93816],[79.73075,29.93478],[79.73446,29.93777],[79.73176,29.93792]]],[[[79.63027,29.93537],[79.6322,29.93489],[79.6338,29.93974],[79.63067,29.93957],[79.62915,29.93419],[79.63028,29.93317],[79.63027,29.93537]]],[[[79.60784,29.93929],[79.60693,29.93774],[79.60776,29.93712],[79.60784,29.93929]]],[[[79.60236,29.93824],[79.59892,29.93955],[79.59799,29.93214],[79.60038,29.92423],[79.60044,29.92775],[79.60175,29.93059],[79.60506,29.93023],[79.60713,29.93062],[79.60371,29.9378],[79.6039,29.93951],[79.60236,29.93824]]],[[[79.92639,29.94263],[79.92535,29.94307],[79.92524,29.94307],[79.92639,29.94263]]],[[[79.59788,29.93999],[79.59718,29.93836],[79.59678,29.93727],[79.59788,29.93999]]],[[[78.04152,29.91341],[78.0396,29.91487],[78.03689,29.91277],[78.04152,29.91341]]],[[[78.03216,29.91481],[78.02947,29.91345],[78.0329,29.91269],[78.03216,29.91481]]],[[[79.34563,29.93328],[79.34389,29.93804],[79.34012,29.93393],[79.33695,29.932],[79.34157,29.93106],[79.34471,29.9263],[79.34384,29.91682],[79.3468,29.91524],[79.35078,29.89698],[79.35269,29.89212],[79.35567,29.89232],[79.3539,29.90875],[79.3538,29.90875],[79.35369,29.90884],[79.3538,29.90884],[79.34563,29.93328]]],[[[78.12232,29.9172],[78.11839,29.9177],[78.11662,29.91356],[78.11758,29.91277],[78.11768,29.91268],[78.11813,29.91161],[78.12232,29.9172]]],[[[78.12437,29.9177],[78.12236,29.9176],[78.12382,29.91516],[78.12437,29.9177]]],[[[77.92599,29.91205],[77.92599,29.91341],[77.91889,29.91396],[77.91993,29.91362],[77.92024,29.91363],[77.92416,29.91251],[77.92101,29.90828],[77.92599,29.91205]]],[[[77.91279,29.91048],[77.90871,29.91438],[77.91028,29.91017],[77.91279,29.91048]]],[[[79.23943,29.9402],[79.23693,29.94098],[79.23242,29.9383],[79.23943,29.9402]]],[[[79.63406,29.94579],[79.63386,29.94587],[79.63375,29.94578],[79.63203,29.94288],[79.63417,29.94579],[79.63406,29.94579]]],[[[79.63386,29.94587],[79.63385,29.94596],[79.63375,29.94587],[79.63386,29.94587]]],[[[79.6072,29.94511],[79.60939,29.93921],[79.6109,29.94284],[79.6072,29.94511]]],[[[79.59936,29.94578],[79.5948,29.94681],[79.59258,29.94447],[79.59485,29.94222],[79.59516,29.94222],[79.59516,29.94213],[79.59775,29.94207],[79.60043,29.94273],[79.60094,29.94363],[79.59998,29.9457],[79.59936,29.94578]]],[[[79.90506,29.95102],[79.90526,29.95112],[79.90516,29.95111],[79.90506,29.95102]]],[[[79.90422,29.95129],[79.90412,29.95138],[79.90391,29.95137],[79.90402,29.9512],[79.90422,29.95129]]],[[[79.94422,29.95116],[79.94391,29.95152],[79.94391,29.95143],[79.94422,29.95116]]],[[[79.95176,29.95348],[79.95176,29.95366],[79.95145,29.95366],[79.95135,29.95302],[79.95176,29.95348]]],[[[79.6313,29.95072],[79.63141,29.95081],[79.6313,29.95081],[79.6313,29.95072]]],[[[79.591,29.95039],[79.59,29.94767],[79.59267,29.94941],[79.591,29.95039]]],[[[78.07585,29.92385],[78.07557,29.92618],[78.0719,29.9239],[78.06853,29.92621],[78.06846,29.92485],[78.06493,29.92295],[78.076,29.92205],[78.07585,29.92385]]],[[[79.63264,29.95173],[79.63139,29.95171],[79.63139,29.95162],[79.63141,29.95081],[79.62988,29.94836],[79.62776,29.94446],[79.63111,29.94224],[79.63276,29.95001],[79.63264,29.95173]]],[[[79.89828,29.95503],[79.89817,29.95512],[79.89817,29.95503],[79.89828,29.95503]]],[[[78.06155,29.92777],[78.05801,29.92663],[78.05865,29.92427],[78.0624,29.92337],[78.05928,29.9257],[78.06197,29.92759],[78.06155,29.92777]]],[[[80.58583,29.96016],[80.58498,29.95814],[80.58583,29.96007],[80.58583,29.96016]]],[[[77.92609,29.9254],[77.92522,29.92186],[77.92855,29.92007],[77.92609,29.9254]]],[[[78.01901,29.92735],[78.01467,29.92536],[78.01911,29.92726],[78.01901,29.92735]]],[[[78.07093,29.92906],[78.07012,29.92859],[78.07457,29.92842],[78.07093,29.92906]]],[[[79.89817,29.95512],[79.89535,29.95699],[79.89763,29.94789],[79.90022,29.94867],[79.89828,29.95503],[79.89817,29.95503],[79.89817,29.95512]]],[[[79.41794,29.9523],[79.41742,29.95248],[79.41732,29.95238],[79.41794,29.9523]]],[[[77.93954,29.9258],[77.94021,29.92753],[77.93717,29.92399],[77.93814,29.92432],[77.93954,29.9258]]],[[[79.9512,29.95772],[79.94931,29.95987],[79.94388,29.95432],[79.94602,29.95139],[79.95085,29.95167],[79.95095,29.95167],[79.95085,29.95158],[79.94751,29.9461],[79.94513,29.94766],[79.94744,29.9511],[79.94367,29.95049],[79.94058,29.95285],[79.93761,29.94939],[79.94074,29.94716],[79.94118,29.945],[79.94894,29.94615],[79.94883,29.94615],[79.94894,29.94633],[79.95269,29.9543],[79.94797,29.95482],[79.951,29.95708],[79.9512,29.95772]]],[[[79.94095,29.95691],[79.94348,29.95591],[79.94313,29.9601],[79.94005,29.95882],[79.94095,29.95691]]],[[[77.89596,29.92577],[77.89827,29.92465],[77.89744,29.92788],[77.89596,29.92577],[77.89606,29.92586],[77.89616,29.92596],[77.89606,29.92586],[77.89596,29.92577]]],[[[79.61063,29.95149],[79.60659,29.9569],[79.60709,29.95153],[79.60404,29.95125],[79.60671,29.94658],[79.61063,29.95149]]],[[[79.5527,29.95511],[79.5492,29.95685],[79.54902,29.95289],[79.5465,29.95405],[79.5464,29.95396],[79.54478,29.95106],[79.5461,29.95315],[79.55118,29.94672],[79.55353,29.9477],[79.55276,29.94393],[79.55286,29.9442],[79.55489,29.94016],[79.55489,29.93971],[79.55321,29.94167],[79.55324,29.93924],[79.55831,29.93947],[79.56328,29.93962],[79.56381,29.94165],[79.56399,29.93951],[79.57127,29.93889],[79.57271,29.93954],[79.5752,29.93948],[79.57777,29.94104],[79.57317,29.94361],[79.57047,29.94421],[79.56518,29.94414],[79.56442,29.94739],[79.56386,29.95036],[79.56271,29.95044],[79.55901,29.94751],[79.55659,29.95101],[79.55337,29.94936],[79.5527,29.95511]]],[[[78.1125,29.93448],[78.1126,29.93467],[78.1125,29.93457],[78.1125,29.93448]]],[[[79.90393,29.95886],[79.90239,29.96234],[79.90016,29.95511],[79.90391,29.95137],[79.90412,29.95138],[79.90422,29.95129],[79.90506,29.95102],[79.90516,29.95111],[79.90367,29.95435],[79.90393,29.95886]]],[[[79.26903,29.95368],[79.2667,29.95644],[79.26759,29.95226],[79.26903,29.95368]]],[[[80.5886,29.96738],[80.58859,29.96847],[80.58839,29.96765],[80.5886,29.96738]]],[[[79.19131,29.95444],[79.18651,29.95618],[79.18534,29.95042],[79.18805,29.95169],[79.19002,29.95085],[79.19131,29.95435],[79.19131,29.95444]]],[[[78.10144,29.93731],[78.09807,29.93767],[78.10182,29.93488],[78.10144,29.93731]]],[[[78.42986,29.9398],[78.43203,29.93998],[78.43069,29.94476],[78.42986,29.9398]]],[[[77.97871,29.93482],[77.97693,29.93559],[77.97783,29.9332],[77.97871,29.93482]]],[[[79.21175,29.95896],[79.21174,29.95914],[79.21164,29.95895],[79.21175,29.95896]]],[[[77.97057,29.93707],[77.97036,29.93715],[77.97046,29.93707],[77.97057,29.93707]]],[[[79.25931,29.95851],[79.25556,29.96094],[79.25126,29.95945],[79.24876,29.95492],[79.25194,29.9516],[79.25062,29.95261],[79.24814,29.95258],[79.24461,29.94605],[79.2508,29.95087],[79.25066,29.95203],[79.25189,29.95125],[79.25284,29.95145],[79.25335,29.94959],[79.26194,29.95034],[79.2659,29.95526],[79.26235,29.9563],[79.2599,29.95473],[79.2597,29.95419],[79.2599,29.95473],[79.25785,29.95534],[79.26016,29.95744],[79.25931,29.95851]]],[[[77.96423,29.93782],[77.95592,29.93538],[77.95708,29.92537],[77.95465,29.91911],[77.95329,29.92027],[77.95041,29.91717],[77.9554,29.91341],[77.95498,29.90077],[77.95482,29.91252],[77.95103,29.91538],[77.94973,29.91789],[77.95328,29.92332],[77.95118,29.92401],[77.95347,29.92387],[77.95519,29.93193],[77.95371,29.9359],[77.95407,29.92844],[77.95045,29.93286],[77.945,29.92998],[77.94482,29.92935],[77.94472,29.92917],[77.94232,29.92394],[77.9451,29.92436],[77.94363,29.92247],[77.94929,29.91643],[77.94614,29.91542],[77.94534,29.91928],[77.9416,29.92066],[77.9389,29.91641],[77.94391,29.91344],[77.94112,29.90861],[77.93263,29.91658],[77.92984,29.91457],[77.93166,29.91286],[77.92663,29.91143],[77.93079,29.90831],[77.92788,29.90349],[77.92396,29.90562],[77.92452,29.90913],[77.92201,29.90672],[77.92257,29.9052],[77.92696,29.90003],[77.92196,29.89956],[77.9193,29.90396],[77.91077,29.89546],[77.91334,29.89579],[77.91345,29.89552],[77.91265,29.89487],[77.91064,29.89206],[77.91027,29.89482],[77.90736,29.89186],[77.90926,29.89046],[77.90685,29.8914],[77.90515,29.88965],[77.90601,29.88858],[77.90385,29.88231],[77.91482,29.88534],[77.91907,29.88179],[77.92274,29.88571],[77.92492,29.88384],[77.92934,29.88715],[77.93211,29.88543],[77.93113,29.88179],[77.93605,29.88526],[77.94184,29.88296],[77.93043,29.87896],[77.92767,29.88012],[77.9272,29.87368],[77.91708,29.87843],[77.91192,29.87539],[77.90446,29.88017],[77.90098,29.87895],[77.90044,29.88115],[77.89868,29.87795],[77.90679,29.87576],[77.91418,29.87009],[77.91399,29.86736],[77.91124,29.8671],[77.91244,29.86327],[77.9101,29.86343],[77.90691,29.8593],[77.90958,29.85999],[77.91207,29.85956],[77.91022,29.85613],[77.91622,29.85908],[77.91635,29.85436],[77.92795,29.84521],[77.92732,29.84174],[77.93191,29.8405],[77.93165,29.83769],[77.93487,29.83623],[77.93729,29.8394],[77.93474,29.834],[77.92769,29.82948],[77.92,29.82037],[77.92409,29.81934],[77.92342,29.81684],[77.92844,29.81254],[77.92266,29.8136],[77.92393,29.81542],[77.91944,29.81827],[77.9083,29.81131],[77.90316,29.81181],[77.91666,29.82031],[77.91084,29.83103],[77.91053,29.82481],[77.90338,29.8348],[77.89726,29.83224],[77.8954,29.83386],[77.8959,29.83129],[77.90123,29.83069],[77.89977,29.82798],[77.89001,29.8255],[77.89242,29.82322],[77.88875,29.82285],[77.8897,29.81971],[77.88699,29.82145],[77.88722,29.81537],[77.88316,29.81594],[77.88445,29.81373],[77.88892,29.81401],[77.88503,29.81303],[77.88561,29.809],[77.8793,29.80737],[77.88084,29.80286],[77.88309,29.80152],[77.8849,29.80349],[77.88437,29.7984],[77.88636,29.79916],[77.8863,29.79695],[77.88655,29.79914],[77.89026,29.79907],[77.88971,29.79694],[77.89235,29.7966],[77.89046,29.79206],[77.88465,29.79293],[77.88314,29.79053],[77.88866,29.78597],[77.87903,29.7809],[77.87322,29.7851],[77.87391,29.78104],[77.8704,29.78164],[77.8676,29.77776],[77.86343,29.78184],[77.86072,29.77164],[77.86569,29.77157],[77.86782,29.77084],[77.86611,29.76801],[77.87111,29.76476],[77.86918,29.76133],[77.86467,29.76411],[77.85945,29.76259],[77.85881,29.74221],[77.8627,29.71335],[77.861,29.70539],[77.86647,29.70361],[77.86663,29.68809],[77.87465,29.68726],[77.87759,29.69087],[77.87301,29.68887],[77.87234,29.69391],[77.86806,29.6939],[77.86922,29.6969],[77.87473,29.69722],[77.87789,29.69124],[77.87901,29.70022],[77.88269,29.70245],[77.89111,29.69881],[77.89656,29.70219],[77.90222,29.70115],[77.91123,29.69572],[77.92005,29.69923],[77.91575,29.70225],[77.91693,29.70555],[77.91982,29.70503],[77.92408,29.71108],[77.92224,29.71062],[77.92477,29.712],[77.92642,29.71414],[77.93466,29.7111],[77.94106,29.71662],[77.94096,29.71081],[77.94553,29.71304],[77.95298,29.70727],[77.94955,29.70409],[77.95097,29.70158],[77.93992,29.69603],[77.94622,29.69399],[77.94495,29.69073],[77.95092,29.68744],[77.94744,29.68298],[77.94939,29.67976],[77.96741,29.66825],[77.96762,29.66817],[77.97025,29.66472],[77.96655,29.6501],[77.97951,29.64268],[77.98371,29.64471],[77.97982,29.63652],[77.98266,29.63667],[77.98024,29.6327],[77.97962,29.63616],[77.97735,29.63114],[77.97771,29.61342],[77.96739,29.61074],[77.95468,29.61192],[77.94825,29.61681],[77.9446,29.60983],[77.94327,29.60926],[77.94251,29.60392],[77.94219,29.604],[77.94149,29.60345],[77.94159,29.60336],[77.94149,29.60345],[77.94421,29.59813],[77.94729,29.59916],[77.94837,29.59734],[77.94986,29.599],[77.95174,29.59374],[77.94413,29.59115],[77.96498,29.58075],[77.97303,29.58054],[77.97488,29.58496],[77.98683,29.58463],[77.99521,29.59559],[78.00075,29.58621],[78.02156,29.58086],[78.01526,29.58723],[78.01701,29.59371],[78.01292,29.59294],[78.03309,29.61161],[78.04667,29.61614],[78.04895,29.61467],[78.05749,29.63072],[78.06307,29.63163],[78.06471,29.63554],[78.0673,29.63858],[78.0673,29.63867],[78.06761,29.63876],[78.06667,29.64123],[78.07003,29.64062],[78.07698,29.64303],[78.07773,29.64205],[78.07947,29.64281],[78.07906,29.64244],[78.08068,29.63995],[78.08215,29.63926],[78.08225,29.63927],[78.08296,29.63982],[78.08545,29.63925],[78.08545,29.63952],[78.08545,29.63925],[78.08587,29.63908],[78.08597,29.63935],[78.08607,29.63917],[78.08622,29.64134],[78.0863,29.64206],[78.08652,29.6418],[78.08683,29.64162],[78.08693,29.6419],[78.08746,29.64137],[78.08786,29.64156],[78.08876,29.64275],[78.08886,29.64275],[78.08917,29.64267],[78.09052,29.64261],[78.09115,29.64217],[78.09124,29.64253],[78.09115,29.64217],[78.10313,29.64189],[78.11573,29.6492],[78.12299,29.6517],[78.12582,29.65393],[78.12518,29.65464],[78.1252,29.65391],[78.12512,29.65543],[78.12639,29.65565],[78.1267,29.65566],[78.13022,29.6588],[78.12765,29.65367],[78.1308,29.65665],[78.1308,29.65647],[78.13097,29.6595],[78.13999,29.66758],[78.13654,29.66648],[78.13885,29.67133],[78.13243,29.66814],[78.13148,29.66902],[78.12906,29.67059],[78.12929,29.66988],[78.12794,29.67012],[78.12614,29.66782],[78.12625,29.66774],[78.12625,29.66765],[78.12615,29.66755],[78.12408,29.66576],[78.12685,29.65978],[78.12176,29.65461],[78.11835,29.65521],[78.1174,29.65591],[78.11466,29.66674],[78.10944,29.66886],[78.1093,29.67364],[78.11093,29.67263],[78.11233,29.67411],[78.12015,29.67748],[78.12551,29.67575],[78.1255,29.67602],[78.12589,29.67684],[78.13058,29.67805],[78.12983,29.67629],[78.13085,29.67436],[78.13321,29.67596],[78.13312,29.68051],[78.13331,29.68088],[78.13568,29.67845],[78.13969,29.68133],[78.14221,29.68017],[78.14524,29.68372],[78.14201,29.6856],[78.144,29.68634],[78.14438,29.68972],[78.14922,29.68817],[78.15025,29.69514],[78.15435,29.69465],[78.15272,29.6923],[78.15524,29.68712],[78.15513,29.691],[78.15984,29.69609],[78.16267,29.6966],[78.16026,29.69782],[78.163,29.70136],[78.16289,29.70145],[78.163,29.70136],[78.16362,29.70137],[78.16315,29.70335],[78.16061,29.70619],[78.15384,29.70242],[78.15943,29.70913],[78.16254,29.70667],[78.16265,29.70658],[78.16999,29.71133],[78.16717,29.70379],[78.17302,29.70553],[78.18661,29.7291],[78.18688,29.73046],[78.18738,29.7311],[78.18727,29.73119],[78.18738,29.7311],[78.18747,29.73155],[78.18805,29.73274],[78.18815,29.73301],[78.18934,29.73863],[78.18601,29.74298],[78.18569,29.74324],[78.18601,29.74298],[78.18615,29.74542],[78.18574,29.74514],[78.18564,29.74513],[78.18709,29.75586],[78.17972,29.7678],[78.17512,29.78865],[78.17025,29.79261],[78.16797,29.80013],[78.16753,29.80121],[78.16778,29.81499],[78.15989,29.82242],[78.1579,29.82105],[78.156,29.82733],[78.15572,29.82136],[78.15262,29.82051],[78.14883,29.82606],[78.14247,29.83554],[78.14398,29.83907],[78.1463,29.83854],[78.14582,29.84096],[78.14814,29.84105],[78.1463,29.83854],[78.14923,29.82634],[78.15248,29.82535],[78.15677,29.83047],[78.15821,29.83429],[78.1528,29.85291],[78.14858,29.85663],[78.14039,29.85356],[78.144,29.86113],[78.1442,29.8761],[78.13785,29.88863],[78.13458,29.88111],[78.13671,29.87924],[78.13237,29.87986],[78.13265,29.87541],[78.12853,29.87396],[78.13485,29.86963],[78.1315,29.87013],[78.13176,29.86479],[78.12483,29.86706],[78.12324,29.86329],[78.1259,29.85501],[78.13145,29.85646],[78.13373,29.85498],[78.13244,29.8521],[78.12444,29.85466],[78.12493,29.84975],[78.12046,29.84851],[78.12111,29.85295],[78.11825,29.85391],[78.11449,29.84582],[78.11968,29.84219],[78.11636,29.84348],[78.11519,29.84102],[78.11584,29.83662],[78.12324,29.83557],[78.12118,29.83273],[78.12378,29.83373],[78.12554,29.84005],[78.13529,29.83204],[78.13105,29.83098],[78.13312,29.8284],[78.13068,29.82688],[78.12933,29.83061],[78.12791,29.82438],[78.12427,29.82276],[78.12207,29.82913],[78.11802,29.82544],[78.11572,29.83092],[78.1108,29.82934],[78.11577,29.83485],[78.11199,29.83363],[78.11236,29.83537],[78.11482,29.83764],[78.11068,29.84352],[78.10308,29.84513],[78.10014,29.84308],[78.10375,29.85216],[78.09637,29.85359],[78.09833,29.85566],[78.11027,29.85173],[78.11457,29.85608],[78.11411,29.85976],[78.11692,29.85967],[78.11164,29.8642],[78.11434,29.86337],[78.11425,29.86568],[78.11803,29.86292],[78.11925,29.86564],[78.1163,29.86476],[78.11367,29.86832],[78.11621,29.87021],[78.11928,29.86662],[78.11938,29.87085],[78.12315,29.87032],[78.11956,29.87165],[78.12039,29.87383],[78.12494,29.8691],[78.12623,29.87102],[78.12219,29.87332],[78.12421,29.87657],[78.12063,29.88038],[78.12594,29.87971],[78.12503,29.88379],[78.12709,29.88485],[78.12728,29.88257],[78.12855,29.88629],[78.13215,29.88662],[78.13073,29.89122],[78.1257,29.88955],[78.12448,29.89414],[78.13053,29.90503],[78.12193,29.89785],[78.12166,29.90095],[78.11867,29.89912],[78.11104,29.90487],[78.11017,29.90201],[78.10712,29.90716],[78.10302,29.90762],[78.09999,29.88962],[78.09618,29.89854],[78.08882,29.88918],[78.09047,29.88551],[78.08645,29.88877],[78.08515,29.88536],[78.08833,29.88319],[78.07793,29.87672],[78.07569,29.88136],[78.07874,29.88152],[78.07974,29.88635],[78.08344,29.88852],[78.07743,29.88845],[78.07841,29.89194],[78.07565,29.89343],[78.08415,29.89676],[78.08304,29.89942],[78.08761,29.89962],[78.09245,29.89613],[78.09167,29.90117],[78.09643,29.90436],[78.08908,29.90673],[78.08873,29.90437],[78.08407,29.90702],[78.07875,29.90472],[78.08427,29.91361],[78.08127,29.91476],[78.07501,29.90838],[78.07367,29.90122],[78.07094,29.90074],[78.07196,29.8945],[78.06667,29.89412],[78.06316,29.89581],[78.06566,29.89808],[78.06412,29.90144],[78.07273,29.90468],[78.06936,29.90674],[78.07139,29.91338],[78.06876,29.91494],[78.05912,29.91527],[78.05748,29.91429],[78.05631,29.91912],[78.05131,29.91338],[78.05446,29.91214],[78.05164,29.90924],[78.05923,29.91294],[78.05883,29.90738],[78.0562,29.90958],[78.05254,29.9085],[78.05339,29.90576],[78.04667,29.90791],[78.04924,29.90963],[78.04481,29.90971],[78.04619,29.90627],[78.04318,29.90578],[78.04586,29.90215],[78.0468,29.90668],[78.04916,29.90587],[78.04869,29.9023],[78.0529,29.90142],[78.05493,29.89921],[78.057,29.89175],[78.0531,29.88919],[78.05091,29.89154],[78.05101,29.89173],[78.05155,29.89463],[78.04619,29.88787],[78.0433,29.88847],[78.04448,29.88527],[78.03937,29.8849],[78.04132,29.88172],[78.03862,29.88264],[78.03489,29.89082],[78.0385,29.88722],[78.03926,29.89029],[78.03404,29.89376],[78.03639,29.89455],[78.03166,29.9023],[78.03451,29.90714],[78.03659,29.90692],[78.03512,29.91112],[78.02854,29.91296],[78.01482,29.90917],[78.01697,29.90588],[78.01505,29.90458],[78.0098,29.90818],[78.01862,29.91156],[78.01963,29.91679],[78.02451,29.91387],[78.02497,29.91734],[78.02704,29.9154],[78.02772,29.91801],[78.03162,29.91736],[78.03121,29.9204],[78.02913,29.92384],[78.02293,29.92459],[78.02189,29.92151],[78.01691,29.9205],[78.01674,29.92342],[78.01183,29.92448],[78.00552,29.918],[78.00391,29.92509],[78.00754,29.928],[78.00224,29.93058],[78.00173,29.92963],[78.00193,29.93066],[78.00213,29.93067],[78.00088,29.931],[78.00129,29.92969],[77.99819,29.92742],[77.99514,29.9323],[77.99064,29.93076],[77.98847,29.93092],[77.9916,29.93306],[77.98416,29.92944],[77.98385,29.926],[77.97485,29.92911],[77.9754,29.93538],[77.97057,29.93707],[77.97046,29.93707],[77.97036,29.93715],[77.96457,29.93675],[77.96587,29.93485],[77.96219,29.93323],[77.96423,29.93782]],[[78.04922,29.91378],[78.04992,29.91118],[78.04883,29.91323],[78.04882,29.91332],[78.04922,29.91378]],[[77.99296,29.919],[77.99445,29.91765],[77.98939,29.91353],[77.98157,29.92426],[77.98691,29.92356],[77.98647,29.92583],[77.98887,29.92635],[77.985,29.92853],[77.98802,29.92836],[77.98884,29.92847],[77.99093,29.92772],[77.98746,29.92451],[77.99296,29.919]],[[77.97815,29.90874],[77.98212,29.90752],[77.98189,29.90364],[77.98517,29.90472],[77.98423,29.91124],[77.98078,29.91194],[77.98415,29.91741],[77.98985,29.91122],[77.99534,29.91],[77.99603,29.9175],[77.99889,29.91384],[78.00184,29.91618],[78.00782,29.89995],[78.00624,29.89378],[78.00281,29.88943],[77.99875,29.89051],[78.00083,29.89288],[77.99766,29.89377],[77.99704,29.88929],[77.99364,29.88858],[77.99394,29.89403],[77.98995,29.89578],[77.98776,29.8937],[77.98756,29.89839],[77.98206,29.89797],[77.98392,29.89442],[77.98148,29.88976],[77.97806,29.89022],[77.97411,29.88381],[77.9774,29.88354],[77.97737,29.8802],[77.9812,29.87806],[77.97603,29.87832],[77.97928,29.86967],[77.97708,29.86534],[77.98049,29.86116],[77.9774,29.85845],[77.97863,29.86036],[77.976,29.86011],[77.97617,29.85644],[77.97,29.85654],[77.97029,29.86587],[77.97621,29.87037],[77.97524,29.87681],[77.97054,29.8775],[77.97019,29.88787],[77.97795,29.89031],[77.97825,29.89708],[77.96642,29.90023],[77.96419,29.89823],[77.97023,29.90581],[77.97201,29.90378],[77.97406,29.90573],[77.97275,29.90773],[77.97579,29.90508],[77.97974,29.90578],[77.97805,29.90874],[77.97815,29.90874]],[[77.96795,29.90853],[77.9659,29.90596],[77.96509,29.91017],[77.96872,29.91259],[77.96527,29.91544],[77.96723,29.91999],[77.97144,29.91378],[77.96795,29.90853]],[[78.02956,29.90306],[78.02775,29.90236],[78.02839,29.90551],[78.02956,29.90306]],[[78.02827,29.90095],[78.03142,29.89992],[78.02982,29.89686],[78.02827,29.90095]],[[78.02654,29.89686],[78.02317,29.89525],[78.02305,29.89123],[78.02005,29.89572],[78.02026,29.89554],[78.02654,29.89686]],[[78.02625,29.89279],[78.02632,29.89036],[78.02642,29.89027],[78.02807,29.88783],[78.02535,29.89142],[78.02535,29.89151],[78.02535,29.89169],[78.02625,29.89279]],[[78.02736,29.89345],[78.02854,29.89212],[78.02737,29.89336],[78.02736,29.89345]],[[78.02153,29.88756],[78.01786,29.88336],[78.01829,29.88766],[78.02153,29.88756]],[[78.0122,29.89159],[78.01299,29.89471],[78.01754,29.89468],[78.01816,29.89268],[78.0122,29.89159]],[[78.02232,29.89947],[78.02281,29.89742],[78.02069,29.89871],[78.02232,29.89947]],[[78.04386,29.88174],[78.04426,29.8822],[78.04437,29.88202],[78.04386,29.88174]],[[78.04813,29.88242],[78.04616,29.88554],[78.04951,29.88677],[78.05087,29.88407],[78.04813,29.88242]],[[78.03224,29.87862],[78.02814,29.87313],[78.02553,29.87342],[78.02893,29.88008],[78.03331,29.88077],[78.03224,29.87862]],[[78.11177,29.87738],[78.10739,29.87967],[78.10736,29.87581],[78.1007,29.87283],[78.10264,29.87621],[78.10016,29.87972],[78.10274,29.87867],[78.10384,29.88117],[78.1002,29.88211],[78.10397,29.88618],[78.1077,29.88653],[78.11229,29.87721],[78.11177,29.87738]],[[78.1156,29.87845],[78.11915,29.8805],[78.11741,29.87748],[78.1156,29.87845]],[[78.1167,29.87154],[78.11389,29.87382],[78.11976,29.8765],[78.1167,29.87154]],[[78.11232,29.87552],[78.11233,29.86864],[78.11176,29.87212],[78.10835,29.87132],[78.10674,29.87405],[78.11232,29.87552]],[[78.01751,29.86529],[78.01768,29.85725],[78.01404,29.8655],[78.01751,29.86529]],[[78.05561,29.86384],[78.05687,29.86147],[78.05367,29.86318],[78.05561,29.86384]],[[78.05895,29.86156],[78.06448,29.85652],[78.07091,29.85719],[78.06847,29.85437],[78.07438,29.85013],[78.07449,29.85413],[78.07667,29.85317],[78.08324,29.86002],[78.08439,29.85597],[78.07754,29.84737],[78.07445,29.84854],[78.06732,29.83869],[78.07173,29.83817],[78.0738,29.84245],[78.07416,29.83872],[78.0812,29.84123],[78.08112,29.83743],[78.07464,29.83742],[78.07556,29.83207],[78.07156,29.8291],[78.07137,29.83248],[78.0634,29.83266],[78.0661,29.8379],[78.05355,29.83799],[78.04893,29.83472],[78.04846,29.83792],[78.04029,29.83765],[78.03981,29.83567],[78.03428,29.83805],[78.02544,29.83103],[78.02938,29.84096],[78.0341,29.84084],[78.0351,29.84569],[78.05399,29.847],[78.05825,29.85072],[78.05469,29.85655],[78.05895,29.86156]],[[78.09164,29.85624],[78.08701,29.8553],[78.09076,29.86137],[78.09284,29.8608],[78.09164,29.85624]],[[78.09425,29.85488],[78.09014,29.84991],[78.08842,29.85246],[78.09425,29.85488]],[[78.09223,29.84991],[78.09516,29.84949],[78.092,29.84795],[78.09223,29.84991]],[[78.09066,29.8468],[78.08312,29.84675],[78.08367,29.8484],[78.09066,29.8468]],[[78.09079,29.83276],[78.09431,29.83719],[78.11474,29.8225],[78.10102,29.80748],[78.1035,29.81559],[78.11166,29.82002],[78.10314,29.81764],[78.0994,29.81183],[78.08523,29.8175],[78.07598,29.8121],[78.05293,29.81423],[78.05858,29.8325],[78.06303,29.83287],[78.06047,29.8264],[78.07187,29.82099],[78.08087,29.8253],[78.08389,29.8319],[78.09079,29.83276]],[[78.13932,29.81837],[78.14124,29.82567],[78.14516,29.82459],[78.14604,29.81984],[78.14095,29.81879],[78.14068,29.81421],[78.1337,29.81265],[78.12989,29.80841],[78.12686,29.80921],[78.12716,29.81203],[78.13269,29.81346],[78.13001,29.81928],[78.13381,29.81572],[78.13932,29.81837]],[[78.1576,29.81939],[78.15837,29.81788],[78.15993,29.81633],[78.15638,29.81497],[78.1576,29.81939]],[[78.16035,29.81426],[78.16253,29.8086],[78.15963,29.80804],[78.15831,29.80998],[78.15664,29.80629],[78.15627,29.80861],[78.16035,29.81426]],[[78.12995,29.79534],[78.12994,29.80122],[78.13546,29.80182],[78.13763,29.80464],[78.13603,29.80897],[78.1393,29.81196],[78.14512,29.80544],[78.14017,29.80652],[78.13887,29.80341],[78.14156,29.80026],[78.1457,29.80222],[78.14859,29.79923],[78.14977,29.80366],[78.15086,29.80184],[78.15385,29.79953],[78.1465,29.79137],[78.14921,29.7848],[78.15231,29.78493],[78.14798,29.78158],[78.15167,29.76521],[78.14537,29.76583],[78.14703,29.75548],[78.14903,29.76107],[78.15162,29.75831],[78.14796,29.75443],[78.14782,29.74771],[78.14186,29.74939],[78.14125,29.75582],[78.13874,29.75601],[78.1427,29.75792],[78.13892,29.76111],[78.14393,29.76891],[78.14038,29.7705],[78.13872,29.773],[78.14226,29.77346],[78.14497,29.77018],[78.14691,29.77353],[78.14181,29.77527],[78.14565,29.77774],[78.14578,29.79127],[78.14587,29.79181],[78.14609,29.79146],[78.14787,29.79906],[78.1432,29.79758],[78.13625,29.80021],[78.12971,29.79238],[78.13039,29.78845],[78.12379,29.78691],[78.12509,29.78182],[78.12005,29.78147],[78.1241,29.79119],[78.11707,29.79376],[78.11622,29.79746],[78.12436,29.79734],[78.12844,29.79245],[78.12985,29.79534],[78.12995,29.79534]],[[78.07224,29.77784],[78.07032,29.76751],[78.06586,29.76503],[78.05423,29.77437],[78.05409,29.79674],[78.06212,29.7975],[78.06476,29.7929],[78.07016,29.79118],[78.06552,29.78148],[78.06685,29.78196],[78.06896,29.78616],[78.07394,29.78799],[78.07224,29.77784]],[[78.07454,29.77357],[78.07528,29.77852],[78.07676,29.77628],[78.08177,29.78076],[78.08422,29.77847],[78.08392,29.77819],[78.08266,29.7751],[78.0812,29.77214],[78.07762,29.77503],[78.07454,29.77357]],[[78.0833,29.79234],[78.08668,29.79163],[78.08165,29.78127],[78.083,29.79206],[78.08099,29.79212],[78.08309,29.79224],[78.0833,29.79234]],[[78.10745,29.78296],[78.11064,29.78167],[78.10811,29.77886],[78.10745,29.78296]],[[78.11091,29.77955],[78.11341,29.78199],[78.11178,29.77524],[78.10868,29.77809],[78.11091,29.77955]],[[78.11904,29.78018],[78.12107,29.77675],[78.11759,29.77765],[78.11904,29.78018]],[[78.13244,29.77867],[78.13154,29.7759],[78.12941,29.77714],[78.13244,29.77867]],[[78.09082,29.77636],[78.09343,29.77357],[78.08643,29.77133],[78.08615,29.77434],[78.09082,29.77636]],[[78.10861,29.76773],[78.11297,29.77248],[78.11407,29.76925],[78.10989,29.76162],[78.11369,29.76183],[78.11348,29.75314],[78.11648,29.75438],[78.1178,29.75085],[78.12992,29.76202],[78.13109,29.75928],[78.12567,29.7562],[78.12128,29.74889],[78.12926,29.74523],[78.12517,29.7434],[78.11982,29.74852],[78.11665,29.74732],[78.1144,29.75141],[78.10828,29.74829],[78.10665,29.75206],[78.10335,29.74909],[78.10236,29.75306],[78.098,29.75546],[78.09535,29.75189],[78.09261,29.75845],[78.10022,29.75678],[78.10377,29.75911],[78.1023,29.76439],[78.10631,29.76881],[78.10861,29.76773]],[[78.08389,29.76854],[78.08169,29.7657],[78.07989,29.76674],[78.08005,29.76891],[78.08389,29.76854]],[[78.1261,29.76869],[78.12912,29.76831],[78.12799,29.76238],[78.12436,29.7649],[78.1261,29.76869]],[[78.16248,29.74799],[78.16585,29.7532],[78.16583,29.73944],[78.16248,29.74799]],[[78.17955,29.73979],[78.18216,29.74101],[78.18318,29.73813],[78.17955,29.73979]],[[78.15355,29.73615],[78.14747,29.73698],[78.1425,29.74162],[78.14633,29.74028],[78.14984,29.74234],[78.15355,29.73615]],[[78.13199,29.73117],[78.13351,29.72993],[78.12952,29.73153],[78.12401,29.7296],[78.13839,29.74002],[78.13709,29.7349],[78.13199,29.73117]],[[78.15327,29.73135],[78.15434,29.73588],[78.15895,29.73689],[78.16162,29.7318],[78.15327,29.73135]],[[78.15309,29.72667],[78.15512,29.7251],[78.15095,29.72467],[78.15309,29.72667]],[[78.14639,29.72616],[78.14532,29.72073],[78.1419,29.72128],[78.14129,29.7242],[78.14809,29.72844],[78.14639,29.72616]],[[78.16777,29.71156],[78.17581,29.72442],[78.17934,29.72135],[78.17069,29.71432],[78.17097,29.71181],[78.17118,29.71164],[78.16809,29.71121],[78.16799,29.71121],[78.16777,29.71156]],[[78.12408,29.70949],[78.12194,29.70865],[78.13091,29.71893],[78.13517,29.71844],[78.13407,29.71357],[78.13019,29.71508],[78.12842,29.71031],[78.12408,29.70949]],[[78.10119,29.70772],[78.09779,29.70756],[78.10036,29.71255],[78.10119,29.70772]],[[78.07474,29.7062],[78.06908,29.70526],[78.07792,29.70849],[78.07474,29.7062]],[[78.08987,29.70511],[78.09379,29.70341],[78.08852,29.70142],[78.08987,29.70511]],[[78.11015,29.70261],[78.11341,29.6979],[78.10741,29.6956],[78.10351,29.69708],[78.11015,29.70261]],[[78.06673,29.69412],[78.07011,29.69317],[78.06525,29.68684],[78.06992,29.67593],[78.05976,29.68329],[78.06293,29.68762],[78.061,29.69295],[78.06387,29.69094],[78.065,29.69548],[78.06673,29.69412]],[[78.1393,29.69219],[78.14197,29.69178],[78.13888,29.68853],[78.1393,29.69219]],[[78.11449,29.68882],[78.11348,29.69158],[78.11747,29.69025],[78.11449,29.68882]],[[78.0944,29.68206],[78.10436,29.67656],[78.10027,29.67357],[78.09616,29.67415],[78.09651,29.67976],[78.09132,29.67722],[78.08583,29.67833],[78.08625,29.6807],[78.08876,29.67941],[78.08956,29.68187],[78.0944,29.68206]],[[78.12765,29.68144],[78.13182,29.68038],[78.12826,29.67883],[78.12765,29.68144]],[[78.01771,29.67129],[78.0142,29.66965],[78.0157,29.66815],[78.01188,29.66962],[78.01109,29.66682],[78.01414,29.66609],[78.00865,29.6636],[78.00912,29.66496],[78.00998,29.66795],[78.00075,29.66808],[78.00035,29.67038],[78.00946,29.67168],[78.00756,29.66859],[78.01257,29.67072],[78.01207,29.66999],[78.01523,29.67141],[78.01887,29.67299],[78.01771,29.67129]],[[78.08763,29.6726],[78.0933,29.67241],[78.08653,29.66835],[78.08763,29.6726]],[[78.0831,29.66891],[78.08791,29.65694],[78.08331,29.65824],[78.08525,29.6602],[78.07841,29.65989],[78.0837,29.66293],[78.07891,29.6698],[78.07649,29.66909],[78.07722,29.67131],[78.0831,29.66891]],[[78.10349,29.66399],[78.10496,29.66861],[78.10566,29.66361],[78.10222,29.65942],[78.10349,29.66399]],[[78.08057,29.65649],[78.07754,29.65005],[78.07228,29.65025],[78.08057,29.65649]],[[78.08728,29.65106],[78.08802,29.65639],[78.09294,29.64974],[78.08584,29.64769],[78.08728,29.65106]],[[78.09743,29.64988],[78.09819,29.64882],[78.10073,29.64495],[78.0994,29.64623],[78.09939,29.64632],[78.09819,29.64882],[78.09743,29.64988]],[[78.11182,29.64884],[78.11192,29.64885],[78.11156,29.64697],[78.11182,29.64884]],[[78.00937,29.6414],[78.00316,29.63223],[78.00131,29.638],[78.00517,29.63873],[78.00609,29.64306],[78.00119,29.64163],[78.0068,29.64679],[78.00541,29.65176],[78.00809,29.64787],[78.01151,29.64872],[78.00937,29.6414]],[[78.06296,29.63514],[78.06307,29.63515],[78.06351,29.63425],[78.06288,29.6346],[78.06296,29.63514]],[[78.01123,29.63117],[78.02215,29.62969],[78.01574,29.6262],[78.01123,29.63117]],[[78.06349,29.65969],[78.06563,29.65535],[78.06368,29.65314],[78.06349,29.65969]],[[78.01616,29.6533],[78.01425,29.65262],[78.01584,29.65684],[78.01898,29.65688],[78.01616,29.6533]],[[78.02105,29.64427],[78.0181,29.64639],[78.02272,29.6463],[78.02105,29.64427]],[[78.00043,29.66224],[77.99935,29.66073],[77.99783,29.66325],[78.00043,29.66224]],[[78.02552,29.66387],[78.02832,29.66562],[78.02976,29.6623],[78.02393,29.66041],[78.02552,29.66387]],[[78.03183,29.66615],[78.0351,29.66902],[78.03755,29.66612],[78.03199,29.66331],[78.03183,29.66615]],[[78.04804,29.66816],[78.04679,29.66997],[78.04936,29.67088],[78.04804,29.66816]],[[77.97486,29.66585],[77.96897,29.67002],[77.97064,29.67238],[77.96715,29.67192],[77.96811,29.67409],[77.97284,29.67144],[77.97335,29.66763],[77.9757,29.66817],[77.97486,29.66585]],[[77.96266,29.67509],[77.96135,29.6774],[77.96045,29.67328],[77.95855,29.67436],[77.9603,29.68153],[77.95978,29.68152],[77.96201,29.6822],[77.96308,29.68186],[77.96105,29.68318],[77.96556,29.68629],[77.96192,29.67717],[77.96553,29.67496],[77.96276,29.67509],[77.96266,29.67509]],[[77.96147,29.68596],[77.96004,29.68487],[77.96197,29.68901],[77.96147,29.68596]],[[77.97528,29.68818],[77.97763,29.68198],[77.9743,29.67685],[77.97004,29.68929],[77.976,29.69391],[77.97217,29.6961],[77.96959,29.6924],[77.96746,29.6944],[77.97028,29.69608],[77.96978,29.70189],[77.97461,29.70021],[77.97637,29.70322],[77.97534,29.69974],[77.98208,29.69578],[77.97811,29.69357],[77.98246,29.68525],[77.97528,29.68818]],[[77.98515,29.68289],[77.98891,29.68492],[77.99568,29.68114],[77.99067,29.67419],[77.98893,29.68208],[77.98515,29.68289]],[[78.00019,29.68423],[78.0002,29.6869],[78.00384,29.68686],[78.00339,29.68185],[78.00019,29.68423]],[[78.04252,29.68855],[78.04606,29.68858],[78.04587,29.68467],[78.0406,29.68579],[78.04252,29.68855]],[[78.01925,29.68377],[78.0182,29.67807],[78.0143,29.68385],[78.01925,29.68377]],[[77.98148,29.67759],[77.98284,29.67833],[77.9818,29.67742],[77.9817,29.67742],[77.98169,29.67751],[77.98148,29.67759]],[[77.95883,29.69517],[77.95753,29.69817],[77.96035,29.69674],[77.95883,29.69517]],[[77.95905,29.70013],[77.95713,29.70016],[77.95985,29.70258],[77.96172,29.70098],[77.95905,29.70013]],[[77.99362,29.69654],[77.99204,29.7022],[77.99849,29.71167],[78.00112,29.71189],[77.99775,29.70838],[77.9976,29.69745],[77.99362,29.69654]],[[77.97972,29.70718],[77.9801,29.71216],[77.98284,29.7098],[77.97972,29.70718]],[[78.00306,29.71245],[78.00147,29.71946],[78.00506,29.71995],[78.00597,29.71366],[78.00306,29.71245]],[[77.99186,29.719],[77.99,29.7169],[77.98982,29.72035],[77.99186,29.719]],[[77.94135,29.71725],[77.94809,29.73337],[77.94298,29.71801],[77.94287,29.71801],[77.94135,29.71725]],[[77.90348,29.71829],[77.9044,29.72262],[77.9068,29.7197],[77.90348,29.71829]],[[77.87478,29.72026],[77.87457,29.7184],[77.872,29.71987],[77.87478,29.72026]],[[77.8768,29.72981],[77.88342,29.732],[77.88755,29.72908],[77.88299,29.72471],[77.8768,29.72981],[77.87681,29.72963],[77.8768,29.72981]],[[77.89947,29.7279],[77.89789,29.73315],[77.9041,29.73358],[77.90328,29.72698],[77.89947,29.7279]],[[77.87217,29.73241],[77.86777,29.7339],[77.86828,29.73709],[77.87217,29.73241]],[[77.8642,29.73646],[77.86048,29.73674],[77.86308,29.73923],[77.86665,29.7402],[77.86458,29.74311],[77.87129,29.74109],[77.8642,29.73646]],[[77.88908,29.74217],[77.88992,29.74512],[77.89262,29.74449],[77.89311,29.74177],[77.88908,29.74217]],[[77.91016,29.74552],[77.91437,29.74476],[77.91706,29.74923],[77.91676,29.74517],[77.92286,29.74081],[77.92382,29.73503],[77.92042,29.73747],[77.90834,29.73735],[77.91231,29.7427],[77.91016,29.74552]],[[77.92509,29.75087],[77.92599,29.75342],[77.93123,29.7526],[77.92734,29.74895],[77.92509,29.75087]],[[77.92856,29.75852],[77.92482,29.7619],[77.93158,29.75899],[77.92856,29.75852]],[[77.95077,29.76779],[77.95016,29.7644],[77.94963,29.77412],[77.95077,29.76779]],[[77.97521,29.79027],[77.97655,29.7991],[77.97698,29.79063],[77.95917,29.77601],[77.9626,29.77128],[77.96241,29.76471],[77.95835,29.77488],[77.96134,29.78066],[77.97521,29.79027]],[[77.9517,29.79496],[77.95292,29.7933],[77.944,29.78799],[77.94195,29.79089],[77.9363,29.79027],[77.93538,29.79458],[77.93755,29.79811],[77.93075,29.7978],[77.92654,29.80317],[77.92124,29.79807],[77.90972,29.79537],[77.90444,29.79562],[77.90215,29.79904],[77.91166,29.79787],[77.91666,29.80145],[77.91656,29.80145],[77.91037,29.80018],[77.90847,29.80643],[77.91413,29.80864],[77.91818,29.80162],[77.92257,29.80477],[77.9262,29.80418],[77.9293,29.81058],[77.93255,29.80945],[77.9364,29.81362],[77.93839,29.81077],[77.94323,29.81032],[77.9438,29.81261],[77.93717,29.81563],[77.94009,29.818],[77.9389,29.8252],[77.94163,29.82324],[77.94423,29.82619],[77.95009,29.8257],[77.94579,29.81583],[77.94822,29.81253],[77.9391,29.79967],[77.94261,29.79939],[77.94187,29.80307],[77.9453,29.8065],[77.95374,29.80454],[77.95053,29.80084],[77.94739,29.80265],[77.94486,29.79895],[77.94983,29.79362],[77.9517,29.79496]],[[77.96287,29.79486],[77.96226,29.79695],[77.96653,29.79513],[77.96287,29.79486]],[[77.93779,29.78854],[77.93989,29.78635],[77.93447,29.78063],[77.93737,29.77845],[77.93574,29.77592],[77.93075,29.77653],[77.93359,29.78375],[77.93094,29.78616],[77.93424,29.79009],[77.93779,29.78854]],[[77.90424,29.77475],[77.90717,29.77332],[77.90445,29.76966],[77.8993,29.76881],[77.89949,29.77532],[77.90206,29.77696],[77.89579,29.77774],[77.89126,29.78072],[77.88957,29.78375],[77.89154,29.78177],[77.89523,29.78404],[77.90021,29.78259],[77.89986,29.77809],[77.90184,29.77778],[77.90424,29.77475]],[[77.89681,29.77123],[77.89155,29.76642],[77.89344,29.77398],[77.89681,29.77123]],[[77.92917,29.76735],[77.92955,29.76933],[77.93268,29.76773],[77.92917,29.76735]],[[77.89909,29.77453],[77.89612,29.77511],[77.89761,29.77652],[77.89909,29.77453]],[[77.87108,29.77765],[77.87169,29.7805],[77.8737,29.77916],[77.87108,29.77765]],[[77.89962,29.79744],[77.89426,29.79687],[77.89528,29.79734],[77.89962,29.79744]],[[77.90515,29.80921],[77.90794,29.80935],[77.90803,29.80689],[77.90515,29.80921]],[[77.89731,29.80862],[77.89374,29.80728],[77.89453,29.81415],[77.90252,29.81219],[77.89868,29.81181],[77.89731,29.80862]],[[77.89779,29.8144],[77.89079,29.81937],[77.89453,29.8208],[77.89603,29.81905],[77.89659,29.82155],[77.90066,29.81985],[77.89779,29.8144]],[[77.95461,29.81829],[77.95496,29.82213],[77.96231,29.83046],[77.955,29.81929],[77.96298,29.81172],[77.96419,29.81274],[77.96473,29.81203],[77.96298,29.81172],[77.95461,29.81829]],[[77.97453,29.83098],[77.96973,29.83349],[77.97426,29.83317],[77.97462,29.83771],[77.97752,29.83909],[77.98149,29.83628],[77.97453,29.83098]],[[77.9494,29.84018],[77.96061,29.84046],[77.94495,29.83879],[77.9494,29.84018]],[[77.93923,29.84102],[77.94975,29.86607],[77.94974,29.86616],[77.94433,29.87221],[77.94849,29.8751],[77.95223,29.87348],[77.95446,29.87884],[77.9542,29.87046],[77.95774,29.86686],[77.95401,29.86544],[77.95195,29.86751],[77.93923,29.84102]],[[77.92671,29.86156],[77.92845,29.86548],[77.92845,29.86557],[77.92851,29.86693],[77.92916,29.86595],[77.92671,29.86156]],[[77.96496,29.87282],[77.96675,29.87492],[77.96661,29.87313],[77.9661,29.87267],[77.9661,29.87285],[77.96496,29.87273],[77.96496,29.87282]],[[77.96843,29.8739],[77.96603,29.87158],[77.96167,29.874],[77.96573,29.87197],[77.96843,29.8739]],[[78.03884,29.85605],[78.04072,29.85648],[78.03648,29.85394],[78.03884,29.85605]],[[78.0429,29.85272],[78.04459,29.85003],[78.03504,29.84932],[78.0429,29.85272]],[[77.99564,29.85386],[77.99384,29.8498],[77.9996,29.84444],[77.98681,29.84309],[77.99007,29.84616],[77.99003,29.8527],[77.99564,29.85386]],[[77.97629,29.84508],[77.9773,29.84953],[77.97943,29.84821],[77.97629,29.84508]],[[77.9999,29.84131],[78.00402,29.83807],[78.00055,29.83486],[77.9999,29.84131]],[[77.97786,29.8273],[77.97589,29.823],[77.97495,29.82823],[77.97786,29.8273]],[[77.99197,29.82095],[77.99375,29.82189],[77.9919,29.81638],[77.98521,29.81538],[77.98431,29.81064],[77.97787,29.80674],[77.98119,29.8136],[77.99197,29.82095]],[[78.00338,29.81977],[78.00592,29.81249],[78.00094,29.81676],[78.00338,29.81977]],[[78.03287,29.81708],[78.0442,29.81516],[78.04039,29.81322],[78.0412,29.81052],[78.03719,29.81075],[78.03287,29.81708]],[[78.01245,29.80965],[78.01491,29.80702],[78.011,29.80433],[78.01519,29.79848],[78.00862,29.80535],[78.01095,29.81078],[78.01245,29.80965]],[[78.04084,29.80501],[78.03405,29.79806],[78.03718,29.80462],[78.04537,29.81012],[78.04719,29.80859],[78.04084,29.80501]],[[78.05229,29.80288],[78.05112,29.80678],[78.05425,29.80462],[78.05229,29.80288]],[[78.0631,29.80603],[78.06482,29.80417],[78.06063,29.80254],[78.0631,29.80603]],[[77.9846,29.79418],[77.99131,29.79893],[77.98999,29.79318],[77.9846,29.79418],[77.98481,29.79126],[77.98269,29.7917],[77.98242,29.79471],[77.9846,29.79418]],[[78.00895,29.79936],[78.01248,29.79705],[78.00883,29.79663],[78.00895,29.79936]],[[78.01838,29.79188],[78.02159,29.79331],[78.01983,29.78511],[78.01614,29.78723],[78.016,29.7921],[78.01838,29.79188]],[[78.04553,29.79393],[78.04258,29.78779],[78.04065,29.79313],[78.04553,29.79393]],[[77.98831,29.78417],[77.98745,29.7884],[77.99009,29.78997],[77.99144,29.78667],[77.98831,29.78417]],[[77.98035,29.78925],[77.98323,29.78337],[77.97654,29.78673],[77.98035,29.78925]],[[78.00262,29.78999],[78.0019,29.78562],[77.99839,29.78485],[78.00262,29.78999]],[[77.9964,29.80065],[77.99299,29.80251],[77.99496,29.80817],[77.9964,29.80065]],[[77.97283,29.80049],[77.97115,29.80154],[77.9743,29.80465],[77.97552,29.80047],[77.97283,29.80049]],[[77.97239,29.80824],[77.97033,29.8098],[77.9762,29.80551],[77.97239,29.80824]],[[77.97433,29.81095],[77.97245,29.81516],[77.97509,29.81917],[77.97711,29.81374],[77.97433,29.81095]],[[78.02036,29.77985],[78.02382,29.77701],[78.02,29.77703],[78.02036,29.77985]],[[78.01142,29.73365],[78.01288,29.74888],[78.01492,29.74739],[78.0172,29.74999],[78.01484,29.75493],[78.0093,29.75652],[78.01509,29.75809],[78.01075,29.76746],[78.01469,29.77339],[78.01853,29.76761],[78.01454,29.76765],[78.01381,29.76474],[78.02074,29.75519],[78.02609,29.76375],[78.02039,29.76725],[78.02776,29.76587],[78.03306,29.77512],[78.03649,29.77054],[78.03202,29.76962],[78.02978,29.76435],[78.03422,29.76314],[78.03674,29.76563],[78.04111,29.76065],[78.04208,29.76765],[78.04781,29.76523],[78.04324,29.76588],[78.0461,29.76144],[78.03994,29.7515],[78.03782,29.75539],[78.03155,29.75392],[78.0388,29.75319],[78.03732,29.75097],[78.04132,29.74845],[78.03927,29.74663],[78.0409,29.74358],[78.03412,29.74764],[78.03747,29.75001],[78.03447,29.75239],[78.02963,29.7545],[78.02952,29.75092],[78.03298,29.75042],[78.03313,29.74804],[78.03121,29.74403],[78.02579,29.74244],[78.02859,29.73933],[78.02448,29.73877],[78.01849,29.74331],[78.01969,29.73929],[78.01649,29.7389],[78.02119,29.73479],[78.01772,29.72581],[78.01142,29.73365]],[[78.00994,29.73312],[78.01062,29.73035],[78.00568,29.73175],[78.00994,29.73312]],[[78.00741,29.73018],[78.00707,29.72523],[78.00506,29.72401],[78.00627,29.72622],[78.0024,29.72976],[78.00741,29.73018]],[[78.04014,29.72532],[78.03809,29.73032],[78.04718,29.73346],[78.04753,29.72665],[78.04345,29.72638],[78.04287,29.72387],[78.04629,29.71885],[78.04948,29.71863],[78.0519,29.71269],[78.04986,29.71534],[78.04774,29.71179],[78.04014,29.72532]],[[78.03262,29.73665],[78.035,29.73198],[78.02982,29.72994],[78.03262,29.73665]],[[78.0717,29.73626],[78.07129,29.73856],[78.07257,29.73456],[78.07164,29.73454],[78.07149,29.73625],[78.07159,29.73625],[78.0717,29.73626]],[[78.06,29.74217],[78.05585,29.74639],[78.06161,29.75023],[78.06261,29.74463],[78.06,29.74217]],[[78.05309,29.74843],[78.04881,29.75059],[78.05412,29.75057],[78.05309,29.74843]],[[78.0481,29.7525],[78.04832,29.75728],[78.05059,29.75429],[78.0481,29.7525]],[[78.05098,29.75766],[78.05531,29.76054],[78.0593,29.75908],[78.05098,29.75766]],[[78.06248,29.75972],[78.06782,29.75435],[78.06187,29.75385],[78.06256,29.75684],[78.06006,29.75784],[78.06041,29.76038],[78.06248,29.75972]],[[78.08885,29.72906],[78.09862,29.73382],[78.08919,29.72649],[78.08885,29.72906]],[[78.05633,29.72762],[78.05434,29.72189],[78.0492,29.72637],[78.05858,29.73078],[78.05633,29.72762]],[[78.08136,29.72727],[78.08146,29.72736],[78.08146,29.72727],[78.08136,29.72727]],[[78.11544,29.72996],[78.12027,29.73068],[78.11291,29.72812],[78.11544,29.72996]],[[78.12835,29.72541],[78.12819,29.72288],[78.12461,29.72607],[78.12835,29.72541]],[[78.11235,29.72601],[78.11321,29.72274],[78.1094,29.72384],[78.11235,29.72601]],[[78.07828,29.73388],[78.07874,29.73009],[78.07603,29.73293],[78.07725,29.73367],[78.07828,29.73388]],[[78.09618,29.72087],[78.09548,29.71735],[78.09308,29.71739],[78.09344,29.72071],[78.09618,29.72087]],[[78.1156,29.71981],[78.11883,29.71918],[78.11732,29.71652],[78.1156,29.71981]],[[78.08792,29.71637],[78.08617,29.71418],[78.08497,29.71923],[78.08792,29.71637]],[[78.06218,29.71669],[78.06419,29.71507],[78.06114,29.71212],[78.05648,29.71439],[78.05755,29.71717],[78.06218,29.71669]],[[78.0797,29.70983],[78.07488,29.71207],[78.08039,29.71248],[78.0797,29.70983]],[[78.08039,29.70714],[78.08678,29.71258],[78.08665,29.70877],[78.0807,29.70714],[78.08039,29.70714]],[[78.04362,29.70818],[78.04445,29.70494],[78.03955,29.7043],[78.03888,29.70854],[78.04362,29.70818]],[[78.01652,29.70287],[78.01056,29.70606],[78.01664,29.70572],[78.01652,29.70287]],[[78.00367,29.70566],[78.00002,29.70572],[78.00007,29.70779],[78.00247,29.70844],[78.00367,29.70566]],[[78.0097,29.71087],[78.00738,29.71148],[78.00951,29.71408],[78.0097,29.71087]],[[78.0227,29.71568],[78.01977,29.71702],[78.02241,29.72043],[78.01963,29.72459],[78.02709,29.71937],[78.02624,29.71597],[78.0227,29.71568]],[[77.9745,29.72267],[77.96957,29.72255],[77.97412,29.72743],[77.9745,29.72267]],[[77.99272,29.73176],[77.99014,29.73196],[77.99167,29.73956],[78.00399,29.73268],[77.99559,29.73459],[77.99272,29.73176]],[[77.93578,29.73733],[77.93398,29.74031],[77.94307,29.73956],[77.93953,29.7362],[77.93597,29.73787],[77.93639,29.73761],[77.93578,29.73733]],[[77.95273,29.74069],[77.95166,29.73832],[77.95145,29.73832],[77.95096,29.73768],[77.95273,29.74069]],[[77.9707,29.74444],[77.9715,29.74693],[77.98005,29.74734],[77.97839,29.7435],[77.9707,29.74444]],[[77.96483,29.75062],[77.95847,29.75079],[77.96035,29.74664],[77.95826,29.74467],[77.95967,29.74698],[77.95581,29.74578],[77.95518,29.74841],[77.95556,29.74933],[77.95784,29.74929],[77.95775,29.75106],[77.96093,29.75186],[77.97124,29.74885],[77.9769,29.75178],[77.97668,29.75662],[77.97838,29.75537],[77.97721,29.75128],[77.97136,29.74858],[77.96483,29.75062]],[[77.99682,29.74815],[77.99958,29.74612],[77.99784,29.7439],[77.99309,29.74404],[77.99682,29.74815]],[[77.94827,29.75123],[77.94874,29.74943],[77.94655,29.7502],[77.94654,29.75029],[77.94776,29.75122],[77.94827,29.75123]],[[77.9598,29.75276],[77.96188,29.75208],[77.9565,29.75101],[77.9598,29.75276]],[[77.97886,29.75631],[77.97409,29.75975],[77.97986,29.76348],[77.97886,29.75631]],[[77.99374,29.75716],[77.9956,29.75837],[77.996,29.75441],[77.99297,29.75513],[77.99374,29.75716]],[[78.00137,29.75543],[78.00428,29.75509],[78.00056,29.75322],[78.00137,29.75543]],[[78.00784,29.76947],[78.00494,29.76782],[78.00805,29.77122],[78.00784,29.76947]],[[77.99513,29.77079],[77.99247,29.76854],[77.99275,29.77139],[77.99513,29.77079]],[[77.9843,29.77205],[77.98229,29.77857],[77.98659,29.7779],[77.9843,29.77205]],[[77.99537,29.77864],[77.99801,29.77693],[77.99561,29.77339],[77.99339,29.77546],[77.99537,29.77864]],[[77.95482,29.77393],[77.95472,29.77384],[77.95472,29.77393],[77.95482,29.77393]],[[77.88325,29.74154],[77.88672,29.74115],[77.88428,29.73847],[77.88325,29.74154]],[[78.01683,29.70116],[78.02097,29.70076],[78.01887,29.6976],[78.01513,29.69759],[78.01683,29.70116]],[[78.02525,29.69933],[78.0251,29.69732],[78.021,29.69836],[78.02525,29.69933]],[[78.05531,29.69992],[78.06239,29.69925],[78.05729,29.69784],[78.05531,29.69992]],[[78.00412,29.69845],[78.00223,29.70011],[78.0072,29.70007],[78.00412,29.69845]],[[78.05011,29.69533],[78.05371,29.69566],[78.05058,29.69151],[78.05011,29.69533]],[[77.98616,29.67072],[77.99001,29.67034],[77.98957,29.66818],[77.98616,29.67072]],[[78.15003,29.80904],[78.15416,29.81309],[78.15563,29.81222],[78.15563,29.81213],[78.15564,29.81186],[78.15446,29.80855],[78.15003,29.80904]],[[78.15833,29.79204],[78.16223,29.79268],[78.1622,29.78838],[78.15833,29.79204]],[[78.16259,29.78701],[78.1711,29.78567],[78.16894,29.77558],[78.16259,29.78701]],[[78.16135,29.78199],[78.16266,29.78034],[78.15649,29.78092],[78.16135,29.78199]],[[78.16715,29.77058],[78.16825,29.77204],[78.1672,29.76864],[78.16715,29.77058]],[[78.17022,29.76896],[78.17374,29.76775],[78.17281,29.76529],[78.16927,29.76678],[78.17022,29.76896]],[[78.16289,29.76395],[78.16,29.76288],[78.16254,29.76789],[78.16645,29.76777],[78.16645,29.76413],[78.1633,29.76405],[78.16289,29.76395]],[[78.15115,29.75522],[78.15306,29.75499],[78.15119,29.7536],[78.15119,29.75369],[78.15119,29.7536],[78.15126,29.75477],[78.15115,29.75522]],[[78.13788,29.78331],[78.13491,29.78719],[78.13819,29.78675],[78.13788,29.78331]],[[77.99402,29.86506],[77.99039,29.86602],[77.99202,29.86839],[77.99402,29.86506]],[[78.01453,29.87076],[78.01101,29.87117],[78.01681,29.87204],[78.01453,29.87076]],[[77.95711,29.89627],[77.95888,29.89438],[77.96313,29.89722],[77.96623,29.89789],[77.9693,29.8976],[77.9703,29.89655],[77.96948,29.8918],[77.95995,29.88195],[77.96908,29.89203],[77.96943,29.897],[77.96311,29.8964],[77.96102,29.88802],[77.9573,29.89024],[77.95674,29.88161],[77.95266,29.88434],[77.95515,29.88418],[77.95616,29.8907],[77.95246,29.89083],[77.95349,29.88668],[77.9481,29.88777],[77.94763,29.88401],[77.94067,29.88445],[77.93994,29.88905],[77.94531,29.8895],[77.94896,29.88925],[77.94986,29.8929],[77.95247,29.89042],[77.95191,29.89235],[77.95513,29.8949],[77.9541,29.89648],[77.9565,29.89571],[77.95534,29.89959],[77.95711,29.89627]],[[77.91442,29.88781],[77.91347,29.89015],[77.91708,29.89026],[77.91442,29.88781]],[[77.94175,29.89118],[77.94052,29.89498],[77.93675,29.89468],[77.93398,29.89815],[77.94366,29.90133],[77.94259,29.90545],[77.9504,29.90854],[77.94812,29.90158],[77.95032,29.89924],[77.94722,29.90176],[77.94418,29.90043],[77.94175,29.89118]],[[77.91011,29.71508],[77.91021,29.71509],[77.91022,29.715],[77.91055,29.7141],[77.91001,29.71499],[77.91011,29.71508]],[[77.90968,29.71228],[77.91108,29.71383],[77.91279,29.71199],[77.91122,29.70754],[77.90598,29.71024],[77.90958,29.71219],[77.90958,29.71228],[77.90968,29.71228]],[[77.8981,29.70737],[77.8916,29.70751],[77.89597,29.70961],[77.8981,29.70737]],[[77.88706,29.70519],[77.87872,29.70267],[77.8827,29.70772],[77.88706,29.70519]],[[78.01365,29.625],[78.01575,29.62227],[78.01291,29.62293],[78.01365,29.625]],[[78.00176,29.62254],[78.00422,29.61377],[78.00041,29.61421],[77.99994,29.62425],[78.00176,29.62254]],[[78.01621,29.61961],[78.01752,29.61724],[78.0155,29.61702],[78.01621,29.61961]],[[77.99884,29.61279],[77.99948,29.60898],[77.99316,29.60637],[77.99296,29.61022],[77.99884,29.61279]],[[78.01166,29.60879],[78.01491,29.6116],[78.01503,29.60772],[78.01109,29.60539],[78.01166,29.60879]],[[78.01375,29.60587],[78.01702,29.60547],[78.01324,29.60115],[78.01375,29.60587]],[[77.99359,29.60391],[77.99454,29.59993],[77.98913,29.59965],[77.99268,29.60583],[77.99359,29.60391]],[[77.97201,29.60444],[77.96941,29.60147],[77.96756,29.60404],[77.97201,29.60444]],[[77.98517,29.59719],[77.98034,29.58813],[77.9771,29.58841],[77.97856,29.59462],[77.98517,29.59719]],[[77.96525,29.58793],[77.96074,29.58648],[77.9644,29.59021],[77.96525,29.58793]],[[78.08527,29.64195],[78.08538,29.64195],[78.08548,29.64195],[78.08538,29.64195],[78.08527,29.64195],[78.08498,29.6414],[78.08477,29.64158],[78.08467,29.64121],[78.08477,29.64158],[78.08527,29.64195]],[[78.08429,29.64003],[78.08419,29.64003],[78.08409,29.64012],[78.08377,29.6402],[78.08344,29.6411],[78.08418,29.6403],[78.08409,29.64012],[78.08419,29.64003],[78.08429,29.64003]],[[78.12351,29.84125],[78.12133,29.84187],[78.12284,29.84529],[78.12351,29.84125]],[[78.14555,29.84303],[78.14365,29.85089],[78.1496,29.84411],[78.14555,29.84303]],[[78.1183,29.84628],[78.11629,29.84814],[78.11949,29.84772],[78.1183,29.84628]],[[78.13963,29.87861],[78.13774,29.8813],[78.14135,29.87971],[78.13963,29.87861]],[[78.12062,29.88845],[78.11746,29.89025],[78.11943,29.89399],[78.12062,29.88845]],[[78.11519,29.88925],[78.10803,29.88976],[78.11424,29.89681],[78.11519,29.88925]],[[78.12139,29.89412],[78.12374,29.89414],[78.12448,29.88866],[78.12056,29.891],[78.12139,29.89412]],[[78.05859,29.88953],[78.06464,29.8947],[78.0643,29.89208],[78.05859,29.88953]],[[78.05193,29.90284],[78.05001,29.90233],[78.05069,29.90503],[78.05574,29.90189],[78.05264,29.90322],[78.05275,29.90304],[78.05264,29.90322],[78.05193,29.90284]],[[78.02931,29.90801],[78.02785,29.90946],[78.03169,29.90973],[78.02931,29.90801]]],[[[79.20964,29.96073],[79.20228,29.95892],[79.20682,29.95627],[79.20672,29.95627],[79.20775,29.9562],[79.21107,29.95531],[79.21239,29.9577],[79.21175,29.95896],[79.21164,29.95895],[79.20964,29.96073]]],[[[78.02786,29.93941],[78.0265,29.93767],[78.02222,29.93968],[78.0226,29.93253],[78.01763,29.9344],[78.01196,29.93107],[78.01832,29.92959],[78.02097,29.93137],[78.02667,29.92725],[78.02786,29.93941]]],[[[77.97116,29.93807],[77.98234,29.93635],[77.96924,29.93894],[77.97116,29.93807]]],[[[79.61698,29.94525],[79.61694,29.95021],[79.62175,29.95224],[79.62007,29.95808],[79.62288,29.96047],[79.61975,29.96066],[79.61771,29.96718],[79.61657,29.96334],[79.61316,29.96605],[79.61048,29.96503],[79.61017,29.96521],[79.61008,29.96421],[79.60748,29.96527],[79.60614,29.95722],[79.6086,29.95788],[79.61247,29.95283],[79.61191,29.94089],[79.61698,29.94516],[79.61698,29.94525]]],[[[78.08486,29.93775],[78.08565,29.94255],[78.08145,29.94119],[78.07948,29.9333],[78.08486,29.93775]]],[[[77.98632,29.94004],[77.98619,29.94094],[77.98225,29.93949],[77.98494,29.93719],[77.98632,29.94004]]],[[[79.61006,29.96584],[79.60964,29.96809],[79.61017,29.96521],[79.61006,29.96584]]],[[[79.62209,29.96479],[79.6194,29.96806],[79.62107,29.96397],[79.62286,29.96218],[79.62209,29.96479]]],[[[77.99141,29.94138],[77.98902,29.94019],[77.99375,29.93912],[77.99141,29.94138]]],[[[79.23675,29.96308],[79.23853,29.96183],[79.23949,29.9647],[79.23683,29.96399],[79.23644,29.96299],[79.23675,29.96308]]],[[[78.42669,29.95223],[78.431,29.94492],[78.43244,29.94959],[78.42669,29.95223]]],[[[78.89707,29.95981],[78.8975,29.96306],[78.89519,29.96077],[78.89707,29.95981]]],[[[78.08417,29.9473],[78.08426,29.94775],[78.08263,29.9469],[78.08206,29.94509],[78.08417,29.9473]]],[[[79.57556,29.97224],[79.5719,29.97155],[79.5765,29.97022],[79.57556,29.97224]]],[[[79.23849,29.97023],[79.23714,29.9704],[79.23683,29.96985],[79.23716,29.96922],[79.23726,29.96922],[79.23674,29.96555],[79.23908,29.96564],[79.24133,29.96775],[79.23799,29.96741],[79.23859,29.97014],[79.23849,29.97023]]],[[[78.91243,29.95861],[78.91475,29.96271],[78.90911,29.96263],[78.90991,29.96845],[78.90734,29.969],[78.90703,29.96899],[78.90693,29.9689],[78.90703,29.96899],[78.90549,29.96541],[78.9012,29.96732],[78.90103,29.96326],[78.90471,29.96102],[78.90471,29.96093],[78.90512,29.95651],[78.90723,29.95465],[78.91021,29.95971],[78.91243,29.95861]]],[[[79.41759,29.97458],[79.41239,29.97709],[79.41012,29.97504],[79.41314,29.97426],[79.415,29.97076],[79.41095,29.97236],[79.41115,29.96891],[79.41074,29.96855],[79.41703,29.96554],[79.41834,29.97279],[79.41759,29.97458]],[[79.41279,29.97001],[79.41549,29.96978],[79.41539,29.96914],[79.41508,29.96914],[79.41436,29.96886],[79.41279,29.97001]]],[[[78.01212,29.95335],[78.0114,29.95315],[78.01202,29.95326],[78.01212,29.95335]]],[[[79.13737,29.97489],[79.13736,29.97498],[79.13726,29.97489],[79.13737,29.97489]]],[[[77.98963,29.95031],[77.99095,29.95281],[77.98807,29.95491],[77.986,29.95077],[77.9868,29.94826],[77.99041,29.94852],[77.98963,29.95031]]],[[[79.1444,29.97553],[79.14336,29.9756],[79.14326,29.97569],[79.14144,29.97332],[79.14625,29.97637],[79.1444,29.97553]]],[[[78.42032,29.96414],[78.42128,29.96308],[78.42095,29.96398],[78.42084,29.96406],[78.42032,29.96414]]],[[[79.59428,29.98236],[79.59386,29.98254],[79.59356,29.98235],[79.59196,29.97765],[79.59748,29.9782],[79.59573,29.97516],[79.59917,29.97393],[79.59994,29.97782],[79.59973,29.978],[79.59963,29.97809],[79.59752,29.98032],[79.59762,29.98095],[79.59906,29.98245],[79.59428,29.98236]]],[[[78.01521,29.95721],[78.01521,29.9573],[78.01511,29.9572],[78.01521,29.95721]]],[[[77.99,29.9588],[77.98591,29.95699],[77.98797,29.95731],[77.99373,29.95194],[77.99387,29.95419],[77.99366,29.95428],[77.99387,29.95419],[77.99404,29.95714],[77.99152,29.95658],[77.99,29.9588]]],[[[79.52191,29.98437],[79.52148,29.98526],[79.52138,29.98508],[79.52191,29.98437]]],[[[79.15985,29.98071],[79.15985,29.9808],[79.15975,29.9807],[79.15985,29.98071]]],[[[79.15995,29.9808],[79.15985,29.98089],[79.15985,29.9808],[79.15995,29.9808]]],[[[79.14177,29.97775],[79.14341,29.98089],[79.14033,29.97691],[79.14156,29.97774],[79.14177,29.97775]]],[[[79.16852,29.98172],[79.16663,29.9815],[79.1688,29.97944],[79.16852,29.98172]]],[[[79.1313,29.98314],[79.12828,29.98149],[79.12968,29.97968],[79.13564,29.98026],[79.1313,29.98314]]],[[[78.09973,29.95711],[78.08321,29.96482],[78.07938,29.96392],[78.0846,29.9497],[78.09343,29.95291],[78.09343,29.953],[78.09343,29.95291],[78.09919,29.95439],[78.09983,29.95702],[78.09973,29.95711]]],[[[80.18812,29.99296],[80.18466,29.99471],[80.1844,29.99221],[80.18668,29.99214],[80.18718,29.9902],[80.18812,29.99296]]],[[[77.99032,29.96178],[77.98747,29.9637],[77.98712,29.96171],[77.98701,29.9617],[77.98744,29.96117],[77.98746,29.96063],[77.99162,29.96019],[77.99294,29.96085],[77.99032,29.96178],[77.99033,29.96169],[77.99053,29.96169],[77.99033,29.96169],[77.99032,29.96178]]],[[[79.16547,29.97925],[79.16583,29.985],[79.16327,29.97985],[79.16016,29.98535],[79.15634,29.98288],[79.15842,29.97969],[79.16009,29.97909],[79.15834,29.97599],[79.16299,29.97561],[79.15803,29.97265],[79.15515,29.97144],[79.15776,29.97693],[79.15487,29.97619],[79.15468,29.97155],[79.15144,29.97306],[79.15012,29.96995],[79.15451,29.96932],[79.15563,29.96505],[79.16505,29.96824],[79.16053,29.96982],[79.16224,29.97094],[79.16741,29.9689],[79.1649,29.97126],[79.16835,29.97277],[79.16574,29.97601],[79.16584,29.97628],[79.16707,29.97684],[79.16661,29.97927],[79.16547,29.97925]],[[79.16467,29.9833],[79.16467,29.98339],[79.16477,29.98339],[79.16467,29.9833]],[[79.15975,29.9807],[79.15911,29.98102],[79.1607,29.98137],[79.15995,29.9808],[79.15985,29.98071],[79.15975,29.9807]]],[[[78.41906,29.97278],[78.42095,29.96776],[78.42078,29.97444],[78.41896,29.97287],[78.41906,29.97278]]],[[[79.61505,29.99413],[79.61495,29.99422],[79.61474,29.99422],[79.61505,29.99413]]],[[[79.61516,29.99413],[79.61505,29.99422],[79.61505,29.99413],[79.61516,29.99413]]],[[[79.31909,29.99592],[79.31868,29.99582],[79.31965,29.99125],[79.31909,29.99592]]],[[[77.90539,29.97154],[77.90141,29.97061],[77.90701,29.97004],[77.90539,29.97154]]],[[[77.90633,29.97174],[77.90621,29.97245],[77.906,29.97236],[77.90633,29.97174]]],[[[79.03253,29.98906],[79.03437,29.99318],[79.03202,29.99392],[79.0277,29.99233],[79.02415,29.99128],[79.02907,29.99081],[79.02983,29.9892],[79.03253,29.98906]]],[[[77.97459,29.97522],[77.97242,29.97499],[77.97589,29.97412],[77.97708,29.97552],[77.97459,29.97531],[77.97459,29.97522]]],[[[77.97302,29.97581],[77.97312,29.9759],[77.97301,29.9759],[77.97302,29.97581]]],[[[77.9036,29.97293],[77.90544,29.97379],[77.90315,29.97428],[77.90122,29.97297],[77.9036,29.97293]]],[[[79.31583,29.99831],[79.3188,29.99839],[79.31615,30.00101],[79.31583,29.99831]]],[[[77.90291,29.97517],[77.90292,29.97481],[77.90292,29.97508],[77.90291,29.97517]]],[[[80.12796,30.00836],[80.12658,30.01224],[80.12411,30.00987],[80.12734,30.00836],[80.12796,30.00836]]],[[[80.12957,30.01415],[80.12667,30.01413],[80.12863,30.0123],[80.12957,30.01415]]],[[[78.0423,29.98695],[78.04109,29.98584],[78.04295,29.98579],[78.0423,29.98695]]],[[[78.76736,30.00161],[78.76346,30.00229],[78.76359,29.99866],[78.7695,29.99891],[78.76736,30.00161]]],[[[78.01345,29.98846],[78.01334,29.98855],[78.01335,29.98846],[78.01345,29.98846]]],[[[78.00157,29.99089],[78.0029,29.99147],[78.00238,29.99136],[78.00157,29.99089]]],[[[78.0029,29.99147],[78.003,29.99156],[78.00289,29.99156],[78.0029,29.99147]]],[[[78.00466,29.99151],[78.00445,29.99141],[78.00456,29.99141],[78.00466,29.99151]]],[[[79.09108,30.01194],[79.08728,30.01156],[79.08864,30.00812],[79.09108,30.01194]]],[[[77.77721,29.98054],[77.78003,29.98663],[77.77603,29.98477],[77.77721,29.98054]]],[[[79.0918,30.01646],[79.0917,30.01655],[79.09119,30.01618],[79.0918,30.01646]]],[[[77.77081,29.98931],[77.76395,29.98863],[77.76239,29.99175],[77.76009,29.99085],[77.7602,29.99058],[77.76146,29.99016],[77.76292,29.986],[77.76075,29.98654],[77.76414,29.9841],[77.76037,29.97913],[77.75572,29.9797],[77.75634,29.9821],[77.75445,29.98408],[77.75762,29.98594],[77.75411,29.98556],[77.75352,29.98906],[77.7522,29.9884],[77.75301,29.98045],[77.74944,29.98033],[77.7488,29.98286],[77.74433,29.97874],[77.75284,29.97649],[77.74769,29.97724],[77.74868,29.9733],[77.74456,29.97446],[77.74449,29.97076],[77.74049,29.9726],[77.73931,29.96761],[77.74354,29.96508],[77.74111,29.96503],[77.74086,29.96131],[77.73707,29.9625],[77.73332,29.95598],[77.73997,29.95356],[77.74079,29.95403],[77.73997,29.95356],[77.74836,29.95157],[77.74487,29.94774],[77.74713,29.94654],[77.73049,29.93181],[77.74292,29.92493],[77.74308,29.91775],[77.74782,29.91135],[77.74473,29.90932],[77.7484,29.90938],[77.74853,29.90468],[77.74442,29.90913],[77.73712,29.90701],[77.73866,29.90325],[77.72823,29.89867],[77.73262,29.89446],[77.73073,29.89134],[77.72511,29.8903],[77.72271,29.88442],[77.71848,29.88735],[77.71588,29.88569],[77.71674,29.87884],[77.72082,29.8761],[77.71408,29.87037],[77.72347,29.85504],[77.74214,29.85151],[77.74401,29.83958],[77.7402,29.83465],[77.75578,29.82522],[77.7543,29.82145],[77.75968,29.81669],[77.7516,29.81069],[77.76312,29.80277],[77.76546,29.79591],[77.76904,29.79422],[77.76709,29.79543],[77.76986,29.79816],[77.76977,29.79379],[77.77467,29.79096],[77.77233,29.7803],[77.77786,29.77494],[77.77321,29.76867],[77.78036,29.76499],[77.76928,29.75058],[77.76954,29.74531],[77.7827,29.7362],[77.77002,29.71841],[77.77515,29.71984],[77.77304,29.71767],[77.77305,29.71758],[77.76985,29.71751],[77.77192,29.71367],[77.77887,29.7106],[77.79196,29.70994],[77.80258,29.7034],[77.81046,29.70232],[77.79905,29.68613],[77.83119,29.66894],[77.83864,29.67047],[77.84876,29.67829],[77.84915,29.69703],[77.84484,29.70189],[77.84886,29.70346],[77.85032,29.71515],[77.85091,29.70169],[77.85958,29.70735],[77.86168,29.7133],[77.85852,29.73281],[77.85743,29.74126],[77.85185,29.74323],[77.85429,29.73397],[77.84415,29.7416],[77.85031,29.7425],[77.85256,29.75534],[77.85577,29.7504],[77.85278,29.7511],[77.85232,29.74783],[77.8575,29.74577],[77.85842,29.7659],[77.85549,29.76543],[77.85379,29.76052],[77.8524,29.76824],[77.85505,29.76874],[77.85735,29.77852],[77.85464,29.78672],[77.85771,29.79468],[77.86515,29.79528],[77.87114,29.81887],[77.86365,29.82221],[77.86433,29.82416],[77.8676,29.82061],[77.8719,29.82087],[77.86633,29.82554],[77.87004,29.82681],[77.87249,29.82418],[77.87413,29.82922],[77.87045,29.82967],[77.87393,29.83181],[77.87771,29.84355],[77.8778,29.84743],[77.8777,29.84743],[77.87432,29.84797],[77.87536,29.84372],[77.87171,29.8444],[77.86647,29.83779],[77.86498,29.84139],[77.86833,29.8456],[77.86134,29.84621],[77.87054,29.85287],[77.8668,29.85324],[77.86257,29.85849],[77.85957,29.85647],[77.8625,29.85539],[77.85778,29.85301],[77.85249,29.85695],[77.85955,29.85878],[77.85645,29.86556],[77.85766,29.87017],[77.86066,29.86817],[77.85949,29.87211],[77.85628,29.87041],[77.85369,29.87315],[77.85725,29.8778],[77.85511,29.87949],[77.85166,29.87782],[77.85063,29.88018],[77.85577,29.88136],[77.85439,29.88792],[77.86221,29.88701],[77.86398,29.89363],[77.85626,29.89529],[77.85216,29.88546],[77.85541,29.89732],[77.8519,29.8988],[77.85045,29.89483],[77.84767,29.89546],[77.85167,29.90041],[77.84572,29.90182],[77.84674,29.90403],[77.84123,29.90927],[77.84047,29.9044],[77.84474,29.90411],[77.843,29.90271],[77.83064,29.90551],[77.83148,29.90815],[77.83571,29.90609],[77.83475,29.90872],[77.83854,29.9129],[77.83195,29.91799],[77.82793,29.91579],[77.82977,29.91842],[77.82616,29.91965],[77.82575,29.92436],[77.82202,29.92398],[77.81848,29.93024],[77.81246,29.92747],[77.81292,29.92519],[77.80605,29.9261],[77.81415,29.93403],[77.81294,29.937],[77.80632,29.93305],[77.80441,29.93789],[77.80181,29.93732],[77.80124,29.93506],[77.79485,29.93426],[77.79068,29.92866],[77.79069,29.92857],[77.79068,29.92866],[77.7862,29.92681],[77.78557,29.93444],[77.79299,29.93395],[77.80208,29.9412],[77.80208,29.94129],[77.80208,29.9412],[77.80271,29.94112],[77.8031,29.94168],[77.80313,29.94086],[77.80271,29.94112],[77.8017,29.94029],[77.80267,29.93896],[77.80465,29.94213],[77.78789,29.94455],[77.78535,29.94638],[77.7829,29.94849],[77.78914,29.94774],[77.79035,29.95006],[77.7863,29.95028],[77.78839,29.95577],[77.78467,29.95638],[77.78607,29.96254],[77.78198,29.96514],[77.78063,29.97061],[77.77463,29.96268],[77.77627,29.95976],[77.77089,29.9582],[77.77157,29.95231],[77.77343,29.95452],[77.77887,29.9531],[77.77708,29.94884],[77.77082,29.95063],[77.76679,29.94818],[77.76656,29.95095],[77.75829,29.95216],[77.76366,29.9542],[77.77029,29.96207],[77.76482,29.96445],[77.76549,29.96996],[77.7702,29.97297],[77.7664,29.9732],[77.76716,29.97585],[77.77154,29.97504],[77.77347,29.97858],[77.77715,29.97749],[77.77081,29.98931]],[[77.75146,29.97372],[77.75443,29.96722],[77.74787,29.97074],[77.75146,29.97372]],[[77.75685,29.97106],[77.75739,29.96887],[77.75482,29.96989],[77.75685,29.97106]],[[77.74711,29.96663],[77.7467,29.96982],[77.74817,29.96567],[77.74764,29.96611],[77.74711,29.96663]],[[77.75269,29.96547],[77.75481,29.96173],[77.74973,29.96366],[77.75269,29.96547]],[[77.74948,29.96214],[77.75192,29.96041],[77.74307,29.96112],[77.74948,29.96214]],[[77.74904,29.95505],[77.75623,29.95469],[77.75346,29.95281],[77.74781,29.952],[77.74893,29.95505],[77.74904,29.95505]],[[77.75263,29.94335],[77.75106,29.94796],[77.75429,29.94554],[77.75263,29.94335]],[[77.7801,29.94799],[77.78349,29.95411],[77.78298,29.94892],[77.7801,29.94799]],[[77.75879,29.94249],[77.76218,29.93283],[77.75179,29.93491],[77.75412,29.941],[77.75879,29.94249]],[[77.77881,29.94266],[77.78126,29.94104],[77.77476,29.93756],[77.77881,29.94266]],[[77.80155,29.94173],[77.80165,29.94182],[77.80155,29.94155],[77.80155,29.94173]],[[77.77513,29.93292],[77.78244,29.92086],[77.77165,29.9289],[77.77513,29.93292]],[[77.80781,29.92078],[77.8055,29.91609],[77.80208,29.9164],[77.80328,29.92267],[77.80589,29.92365],[77.80781,29.92078]],[[77.76658,29.91403],[77.77188,29.90827],[77.76845,29.90481],[77.76121,29.90671],[77.76658,29.91403]],[[77.77445,29.90563],[77.77248,29.90357],[77.77505,29.90848],[77.77455,29.90572],[77.77445,29.90563]],[[77.79056,29.90487],[77.79288,29.9042],[77.79221,29.89817],[77.78579,29.90241],[77.79056,29.90487]],[[77.8212,29.88702],[77.82032,29.87884],[77.81178,29.87942],[77.8134,29.88313],[77.8066,29.88394],[77.81134,29.89281],[77.81935,29.8867],[77.81706,29.89733],[77.82484,29.89501],[77.82275,29.89819],[77.82738,29.89691],[77.82695,29.89978],[77.8317,29.89981],[77.82824,29.89654],[77.83036,29.89522],[77.82339,29.89149],[77.8238,29.88884],[77.82084,29.89012],[77.8212,29.88702]],[[77.84404,29.8867],[77.84001,29.88952],[77.84343,29.89188],[77.8486,29.88509],[77.84404,29.8867]],[[77.82564,29.88582],[77.82884,29.88107],[77.82454,29.88325],[77.82564,29.88582]],[[77.80423,29.87871],[77.80297,29.87599],[77.81023,29.87221],[77.80927,29.87027],[77.79925,29.87427],[77.78742,29.86127],[77.78286,29.86369],[77.78272,29.86669],[77.79149,29.86951],[77.78904,29.87336],[77.79694,29.87552],[77.80502,29.88243],[77.80423,29.87871]],[[77.84895,29.87744],[77.85054,29.87356],[77.84764,29.87232],[77.84895,29.87744]],[[77.82957,29.87247],[77.82827,29.87467],[77.83252,29.87579],[77.82957,29.87247]],[[77.83796,29.87561],[77.84057,29.87717],[77.84359,29.87481],[77.83796,29.87561]],[[77.83297,29.87138],[77.83619,29.86764],[77.83287,29.86502],[77.82985,29.86728],[77.83297,29.87138]],[[77.85428,29.86903],[77.85607,29.86599],[77.85099,29.86397],[77.85081,29.86013],[77.85001,29.86425],[77.85428,29.86903]],[[77.83227,29.86095],[77.83218,29.85895],[77.82853,29.85899],[77.83065,29.86227],[77.83227,29.86095]],[[77.8502,29.85876],[77.85382,29.85486],[77.85108,29.85117],[77.83948,29.84857],[77.84385,29.85522],[77.85057,29.8546],[77.8502,29.85876]],[[77.85263,29.84836],[77.85575,29.85037],[77.85828,29.84795],[77.85263,29.84836]],[[77.83754,29.84335],[77.83548,29.84634],[77.83785,29.84859],[77.83754,29.84335]],[[77.8351,29.84275],[77.83967,29.83633],[77.83143,29.83655],[77.83021,29.84283],[77.8351,29.84275]],[[77.81801,29.83297],[77.80953,29.82808],[77.80954,29.83106],[77.81801,29.83297]],[[77.77726,29.82594],[77.77598,29.82397],[77.77243,29.82547],[77.77463,29.82741],[77.77726,29.82594]],[[77.80176,29.82652],[77.80462,29.82274],[77.80024,29.82291],[77.80176,29.82652]],[[77.86148,29.82675],[77.85896,29.81981],[77.85375,29.82058],[77.85277,29.82402],[77.85655,29.82774],[77.86148,29.82675]],[[77.79174,29.8148],[77.79044,29.8162],[77.79791,29.82094],[77.79379,29.81566],[77.79174,29.8148]],[[77.77426,29.81834],[77.77961,29.81396],[77.77675,29.81356],[77.77915,29.81079],[77.77937,29.81053],[77.77979,29.81018],[77.78013,29.80699],[77.79107,29.80359],[77.78617,29.80384],[77.78544,29.80079],[77.7825,29.80459],[77.77827,29.80473],[77.77862,29.80142],[77.77285,29.80437],[77.76921,29.80162],[77.76881,29.80143],[77.76921,29.80162],[77.76854,29.80739],[77.77153,29.80816],[77.76775,29.81114],[77.76568,29.80996],[77.7617,29.8152],[77.76619,29.81416],[77.77195,29.81603],[77.76918,29.81542],[77.76919,29.81533],[77.76918,29.81542],[77.76867,29.823],[77.77429,29.82215],[77.77195,29.81927],[77.77426,29.81834]],[[77.85179,29.81438],[77.85183,29.80718],[77.84562,29.80998],[77.85179,29.81438]],[[77.80001,29.81184],[77.8022,29.80934],[77.79928,29.81012],[77.79128,29.80501],[77.80001,29.81184]],[[77.8142,29.81268],[77.8164,29.81056],[77.81105,29.8063],[77.8142,29.81268]],[[77.80253,29.80251],[77.81282,29.80048],[77.81359,29.79166],[77.80958,29.79],[77.80613,29.79489],[77.79903,29.79386],[77.80195,29.79886],[77.7987,29.79974],[77.8001,29.80196],[77.80353,29.80033],[77.80062,29.80231],[77.80253,29.80251]],[[77.8394,29.79833],[77.83829,29.79473],[77.8313,29.796],[77.83374,29.79988],[77.8394,29.79833]],[[77.84772,29.79389],[77.84841,29.79178],[77.84466,29.79163],[77.84772,29.79389]],[[77.78793,29.78887],[77.79089,29.78492],[77.78388,29.78142],[77.78493,29.79203],[77.78793,29.78887]],[[77.841,29.78837],[77.83912,29.78956],[77.84199,29.7903],[77.841,29.78837]],[[77.84629,29.78992],[77.85033,29.78825],[77.84938,29.78399],[77.84327,29.78642],[77.84629,29.78992]],[[77.84465,29.78298],[77.83972,29.78123],[77.84198,29.78405],[77.84465,29.78298]],[[77.83425,29.78221],[77.83667,29.77869],[77.83452,29.7771],[77.83425,29.78221]],[[77.80794,29.77635],[77.80415,29.77615],[77.80577,29.77936],[77.81011,29.77853],[77.80794,29.77635]],[[77.79545,29.77493],[77.79566,29.77265],[77.79937,29.77341],[77.79799,29.76902],[77.79417,29.76855],[77.792,29.77581],[77.79545,29.77493]],[[77.85178,29.77472],[77.85437,29.77465],[77.85014,29.77363],[77.85178,29.77472]],[[77.83456,29.76876],[77.8313,29.77087],[77.83675,29.77248],[77.83747,29.76956],[77.83456,29.76876]],[[77.8118,29.7705],[77.80752,29.7673],[77.80603,29.77188],[77.81319,29.77168],[77.8118,29.7705]],[[77.84381,29.76876],[77.84387,29.77092],[77.84841,29.7705],[77.84616,29.76656],[77.84381,29.76876]],[[77.84161,29.76623],[77.83777,29.76309],[77.83897,29.76636],[77.84161,29.76623]],[[77.84682,29.76354],[77.84731,29.76019],[77.84201,29.76065],[77.84682,29.76354]],[[77.8345,29.75915],[77.83262,29.75407],[77.82816,29.75393],[77.83114,29.75959],[77.8345,29.75915]],[[77.8006,29.75117],[77.79801,29.75212],[77.80298,29.75245],[77.8006,29.75117]],[[77.80702,29.75051],[77.81005,29.7495],[77.80863,29.74609],[77.80448,29.74942],[77.80702,29.75051]],[[77.81664,29.75041],[77.82552,29.74991],[77.81987,29.74483],[77.81664,29.75041]],[[77.84241,29.74918],[77.84754,29.7486],[77.84575,29.74528],[77.84315,29.74476],[77.84241,29.74918]],[[77.82956,29.74327],[77.83188,29.74046],[77.82785,29.73889],[77.82956,29.74327]],[[77.7856,29.74589],[77.77926,29.74984],[77.77993,29.75337],[77.78394,29.75184],[77.78549,29.75399],[77.78814,29.75103],[77.7856,29.74589]],[[77.78314,29.77347],[77.78023,29.77299],[77.78214,29.77547],[77.78314,29.77347]],[[77.79872,29.77615],[77.79737,29.77855],[77.80121,29.77703],[77.79872,29.77615]],[[77.78389,29.7975],[77.78429,29.79568],[77.77974,29.80125],[77.78423,29.79973],[77.78389,29.7975]],[[77.84646,29.82336],[77.84853,29.82711],[77.85063,29.82345],[77.84646,29.82336]],[[77.81941,29.82778],[77.81942,29.83048],[77.82317,29.82955],[77.81941,29.82778]],[[77.78358,29.82907],[77.78144,29.83296],[77.78486,29.83181],[77.78358,29.82907]],[[77.76218,29.84347],[77.76095,29.83655],[77.75725,29.83878],[77.75438,29.83711],[77.75455,29.84265],[77.75683,29.84516],[77.76218,29.84347]],[[77.77193,29.84093],[77.77001,29.846],[77.77306,29.84864],[77.77569,29.84597],[77.77193,29.84093]],[[77.75962,29.84742],[77.75654,29.84861],[77.76323,29.85076],[77.75962,29.84742]],[[77.76504,29.85541],[77.76667,29.85877],[77.76732,29.85541],[77.76504,29.85541]],[[77.732,29.85712],[77.7293,29.85739],[77.72899,29.86362],[77.73429,29.86426],[77.732,29.85712]],[[77.76537,29.86635],[77.7686,29.86425],[77.76697,29.86168],[77.76353,29.86409],[77.76537,29.86635]],[[77.81701,29.86097],[77.81912,29.86438],[77.8196,29.86107],[77.81701,29.86097]],[[77.80379,29.86373],[77.80047,29.8639],[77.80308,29.86554],[77.80379,29.86373]],[[77.82285,29.86665],[77.82139,29.87092],[77.82593,29.86677],[77.82285,29.86665]],[[77.84805,29.86742],[77.84924,29.8658],[77.84381,29.86387],[77.84378,29.86621],[77.84805,29.86742]],[[77.78466,29.85966],[77.78227,29.85456],[77.77922,29.85603],[77.78466,29.85966]],[[77.80565,29.85923],[77.80679,29.85713],[77.80407,29.85648],[77.80565,29.85923]],[[77.78867,29.85531],[77.79186,29.85495],[77.78937,29.85311],[77.78867,29.85531]],[[77.82448,29.85208],[77.82816,29.84826],[77.81994,29.84927],[77.82448,29.85208]],[[77.81487,29.84739],[77.81247,29.84905],[77.81636,29.85042],[77.81487,29.84739]],[[77.80136,29.84889],[77.79741,29.84905],[77.80111,29.85078],[77.80136,29.84889]],[[77.78858,29.84461],[77.79279,29.84353],[77.78989,29.83949],[77.78671,29.84119],[77.78858,29.84461]],[[77.82063,29.84215],[77.82159,29.83878],[77.81644,29.83935],[77.82063,29.84215]],[[77.79969,29.84114],[77.80027,29.83913],[77.79739,29.84076],[77.79969,29.84114]],[[77.84657,29.84565],[77.84581,29.84743],[77.84902,29.84644],[77.84657,29.84565]],[[77.74541,29.87877],[77.74772,29.88249],[77.7499,29.874],[77.75249,29.87391],[77.75129,29.87112],[77.744,29.87256],[77.74541,29.87877]],[[77.72362,29.87911],[77.72114,29.87568],[77.72089,29.87885],[77.72362,29.87911]],[[77.72674,29.88117],[77.72559,29.88387],[77.72844,29.88583],[77.72674,29.88117]],[[77.73866,29.88618],[77.74023,29.89021],[77.745,29.88689],[77.73866,29.88618]],[[77.73694,29.88802],[77.73482,29.88715],[77.73419,29.88985],[77.73694,29.88802]],[[77.75043,29.89147],[77.75036,29.89728],[77.75349,29.89364],[77.75043,29.89147]],[[77.74507,29.89896],[77.74875,29.90189],[77.74227,29.89136],[77.73338,29.89391],[77.73849,29.89883],[77.74507,29.89896]],[[77.78072,29.9031],[77.78292,29.90084],[77.78028,29.89802],[77.78072,29.9031]],[[77.75411,29.90396],[77.75469,29.90715],[77.75988,29.90634],[77.75725,29.90264],[77.75411,29.90396]],[[77.77655,29.89138],[77.77841,29.88449],[77.77191,29.88705],[77.77205,29.8901],[77.77655,29.89138]],[[77.78867,29.88657],[77.79181,29.88879],[77.79326,29.88519],[77.78804,29.8839],[77.78867,29.88657]],[[77.79545,29.88473],[77.79953,29.88015],[77.7965,29.87707],[77.79796,29.88077],[77.7948,29.8815],[77.79545,29.88473]],[[77.76683,29.87866],[77.76237,29.8807],[77.76649,29.88347],[77.76864,29.88178],[77.76683,29.87866]],[[77.83168,29.90021],[77.8315,29.90281],[77.83352,29.90149],[77.83168,29.90021]],[[77.79116,29.92028],[77.79146,29.91723],[77.78811,29.92066],[77.79116,29.92028]],[[77.77706,29.91787],[77.77454,29.91871],[77.77777,29.91941],[77.77706,29.91787]],[[77.75203,29.92299],[77.74991,29.92504],[77.7516,29.92725],[77.75203,29.92299]],[[77.80062,29.73313],[77.80129,29.73699],[77.80335,29.72951],[77.79638,29.72691],[77.79586,29.73112],[77.80045,29.73083],[77.80062,29.73313]],[[77.84991,29.73652],[77.85475,29.72944],[77.85066,29.72635],[77.84717,29.73029],[77.85005,29.73078],[77.84991,29.73652]],[[77.83011,29.72821],[77.82706,29.72841],[77.82699,29.73183],[77.83249,29.7317],[77.83011,29.72821]],[[77.8056,29.72453],[77.81087,29.71856],[77.80398,29.71626],[77.80132,29.72069],[77.8056,29.72453]],[[77.84879,29.72189],[77.85137,29.72195],[77.85409,29.71584],[77.84943,29.71916],[77.84816,29.7163],[77.84332,29.718],[77.84879,29.72189]],[[77.83914,29.71828],[77.83831,29.71625],[77.83611,29.71793],[77.83914,29.71828]],[[77.78273,29.71529],[77.77932,29.71735],[77.78283,29.7185],[77.78273,29.71529]],[[77.77854,29.72011],[77.77529,29.72025],[77.77742,29.72286],[77.78285,29.72252],[77.77854,29.72011]],[[77.83207,29.70332],[77.83525,29.70432],[77.83407,29.70117],[77.82897,29.70045],[77.8269,29.70667],[77.83479,29.70788],[77.83574,29.7058],[77.83207,29.70332]],[[77.83945,29.70354],[77.83691,29.70475],[77.83877,29.70623],[77.83945,29.70354]],[[77.84286,29.69794],[77.84607,29.6964],[77.84562,29.69282],[77.8423,29.69501],[77.84286,29.69794]],[[77.80831,29.69142],[77.81269,29.69091],[77.81224,29.68688],[77.816,29.68381],[77.81118,29.68042],[77.80417,29.68896],[77.80831,29.69142]],[[77.83209,29.68461],[77.83387,29.68393],[77.83106,29.68018],[77.83209,29.68461]],[[77.83939,29.68366],[77.84309,29.68173],[77.83667,29.68252],[77.83939,29.68366]]],[[[77.75441,29.97954],[77.75377,29.97749],[77.75527,29.98165],[77.75441,29.97954]]],[[[79.30633,30.02075],[79.30007,30.0203],[79.30644,30.02066],[79.30633,30.02075]]],[[[77.96149,29.9971],[77.96077,29.99881],[77.95985,29.9967],[77.96149,29.9971]]],[[[77.90321,29.99231],[77.90843,29.98931],[77.90429,29.99757],[77.9039,29.99675],[77.90321,29.99231]]],[[[77.98966,30.00049],[77.98464,29.99742],[77.9908,29.99907],[77.98966,30.00049]]],[[[78.01584,30.00222],[78.01409,29.99854],[78.01686,29.99927],[78.01584,30.00222]]],[[[79.27299,30.02419],[79.27113,30.02408],[79.27165,30.0239],[79.27299,30.02419]]],[[[77.76297,29.99647],[77.75997,29.99691],[77.76021,29.99416],[77.76513,29.98988],[77.76882,29.98977],[77.7653,29.99087],[77.76297,29.99647]]],[[[80.29179,30.0366],[80.29158,30.03669],[80.29158,30.03633],[80.29179,30.03642],[80.29179,30.0366]]],[[[79.29787,30.0247],[79.29304,30.02806],[79.29614,30.0226],[79.29614,30.02287],[79.29624,30.0226],[79.29635,30.02251],[79.29624,30.0226],[79.29614,30.0226],[79.29636,30.0217],[79.29885,30.02166],[79.29913,30.02372],[79.29787,30.0247]]],[[[80.29282,30.03769],[80.29179,30.03714],[80.29179,30.0366],[80.29179,30.03642],[80.29158,30.03633],[80.2918,30.0357],[80.29282,30.0376],[80.29282,30.03769]]],[[[78.03031,30.00688],[78.0303,30.00724],[78.02979,30.00696],[78.0216,30.00315],[78.01946,29.99961],[78.0214,29.99964],[78.01997,29.99898],[78.0169,29.99765],[78.0164,29.99718],[78.0163,29.99718],[78.0114,29.99454],[78.00466,29.99151],[78.00456,29.99141],[78.00446,29.99132],[78.00445,29.99141],[78.00028,29.98897],[77.99385,29.98242],[77.99897,29.98304],[78.00029,29.97982],[78.00267,29.98191],[78.00435,29.97938],[78.00203,29.97539],[78.00516,29.96967],[78.00967,29.97209],[78.01039,29.96763],[77.9973,29.9641],[77.9969,29.96355],[77.99403,29.96927],[77.99165,29.96461],[77.99572,29.96298],[77.99317,29.96356],[77.9949,29.96107],[77.9979,29.96201],[78.0017,29.95794],[77.99806,29.95934],[77.99573,29.95439],[78.00004,29.95482],[78.00725,29.9637],[78.01387,29.96534],[78.01284,29.96189],[78.02022,29.95966],[78.02401,29.95806],[78.01591,29.95812],[78.01521,29.9573],[78.01521,29.95721],[78.01511,29.95711],[78.0206,29.95382],[78.01621,29.95303],[78.01452,29.9562],[78.0147,29.9571],[78.01498,29.95819],[78.01487,29.95837],[78.01477,29.95828],[78.01487,29.95837],[78.01385,29.95772],[78.01248,29.95859],[78.01128,29.95703],[78.01284,29.95697],[78.01294,29.95697],[78.01284,29.95697],[78.01212,29.95335],[78.01202,29.95326],[78.01111,29.95233],[78.01531,29.95236],[78.01355,29.94893],[78.01073,29.95142],[78.00736,29.9463],[78.00434,29.94343],[78.00216,29.94635],[77.99787,29.94491],[77.99373,29.93683],[77.99115,29.93636],[77.99487,29.93465],[77.99487,29.93456],[77.98803,29.93476],[77.98949,29.93435],[77.9896,29.93444],[77.98949,29.93435],[78.00738,29.93169],[78.00324,29.93282],[78.00331,29.93566],[78.00948,29.93778],[78.00948,29.93769],[78.01014,29.94163],[78.01386,29.93955],[78.01741,29.94386],[78.02377,29.94468],[78.02531,29.94764],[78.02299,29.95039],[78.02802,29.94975],[78.02716,29.9467],[78.03091,29.94845],[78.03192,29.94455],[78.02944,29.9463],[78.02816,29.94339],[78.02462,29.94398],[78.03056,29.93999],[78.03964,29.93997],[78.04453,29.94375],[78.04227,29.94834],[78.04722,29.94869],[78.05285,29.95598],[78.0514,29.95815],[78.04477,29.95561],[78.04541,29.96276],[78.04131,29.96092],[78.03815,29.96723],[78.03584,29.96223],[78.03206,29.96714],[78.03498,29.96781],[78.03401,29.96944],[78.03801,29.97406],[78.03722,29.9778],[78.03071,29.98005],[78.03572,29.98517],[78.04038,29.98528],[78.04109,29.98584],[78.04065,29.98646],[78.04175,29.98967],[78.04726,29.98945],[78.04218,29.99179],[78.04341,29.99482],[78.03,29.99746],[78.0338,30.00236],[78.0301,30.0053],[78.02746,30.00332],[78.03031,30.00688]],[[78.01924,29.99041],[78.01792,29.98837],[78.01928,29.99231],[78.01924,29.99041]],[[78.01236,29.98826],[78.00887,29.98444],[78.01083,29.98022],[78.00479,29.98387],[77.99966,29.98342],[78.01044,29.99116],[78.01236,29.98826]],[[78.01409,29.98275],[78.01188,29.98182],[78.0149,29.98488],[78.01409,29.98275]],[[78.01334,29.98855],[78.01345,29.98846],[78.01335,29.98846],[78.01334,29.98855]],[[78.01455,29.97862],[78.01655,29.97698],[78.01851,29.97873],[78.03014,29.96988],[78.01956,29.96925],[78.01455,29.97862]],[[78.0293,29.96342],[78.03219,29.96267],[78.02774,29.95906],[78.0252,29.96295],[78.02933,29.96062],[78.0293,29.96342]]],[[[79.29395,30.02934],[79.29159,30.02948],[79.29417,30.0288],[79.29669,30.02676],[79.29395,30.02934]]],[[[77.76362,30.00329],[77.76299,30.00354],[77.7554,29.99897],[77.76507,29.99832],[77.76362,30.00329]]],[[[78.21038,30.00775],[78.20992,30.01381],[78.20817,30.0124],[78.20947,30.01062],[78.20937,30.01053],[78.20739,30.01067],[78.21038,30.00775]]],[[[79.93852,30.03937],[79.93759,30.039],[79.93759,30.03882],[79.93852,30.03937]]],[[[80.29146,30.03894],[80.29139,30.04179],[80.28928,30.04002],[80.28917,30.03992],[80.29052,30.03957],[80.29063,30.03948],[80.29136,30.03894],[80.29146,30.03894]]],[[[78.21359,30.01504],[78.21359,30.01513],[78.21349,30.01503],[78.21359,30.01504]]],[[[80.29537,30.04375],[80.29475,30.04384],[80.29527,30.04285],[80.29537,30.04375]]],[[[77.9705,30.01092],[77.97058,30.01174],[77.96876,30.00692],[77.97052,30.01029],[77.9705,30.01092]]],[[[79.54669,30.0384],[79.54384,30.03649],[79.54778,30.0361],[79.54669,30.0384]]],[[[77.97779,30.01326],[77.97768,30.01343],[77.97758,30.01334],[77.97779,30.01326]]],[[[79.62457,30.04043],[79.62512,30.03814],[79.62696,30.04027],[79.62457,30.04043]]],[[[77.97369,30.01506],[77.97369,30.01515],[77.97359,30.01505],[77.97369,30.01506]]],[[[79.27116,30.04023],[79.27105,30.04041],[79.27095,30.04023],[79.27116,30.04023]]],[[[78.25719,30.02001],[78.25913,30.02483],[78.25682,30.0255],[78.25451,30.01757],[78.25719,30.02001]]],[[[77.78272,30.01521],[77.78292,30.01531],[77.78271,30.0153],[77.78272,30.01521]]],[[[78.27,30.02366],[78.26549,30.02584],[78.27209,30.02095],[78.27,30.02366]]],[[[77.97812,30.01922],[77.97739,30.01965],[77.97369,30.01515],[77.97369,30.01506],[77.97359,30.01496],[77.97299,30.01423],[77.97289,30.01414],[77.97058,30.01174],[77.97503,30.01518],[77.97523,30.01545],[77.97533,30.01563],[77.97663,30.01738],[77.97812,30.01922]]],[[[79.85564,30.04968],[79.85566,30.04806],[79.85576,30.04806],[79.85751,30.04916],[79.85564,30.04968]]],[[[79.54192,30.04766],[79.54255,30.04676],[79.54213,30.04748],[79.54192,30.04766]]],[[[78.21661,30.01095],[78.22369,30.02267],[78.22182,30.02696],[78.2182,30.0246],[78.21823,30.02343],[78.21469,30.01195],[78.21359,30.01504],[78.21349,30.01503],[78.2134,30.0144],[78.2133,30.01431],[78.21407,30.01085],[78.21661,30.01095]],[[78.21733,30.02206],[78.21722,30.02233],[78.21733,30.02215],[78.21733,30.02206]]],[[[79.27093,30.04113],[79.27307,30.03922],[79.27653,30.04371],[79.26566,30.04534],[79.26111,30.04204],[79.26123,30.03838],[79.26154,30.03848],[79.26392,30.03905],[79.26627,30.04159],[79.26519,30.03735],[79.27105,30.04041],[79.27093,30.04113]]],[[[79.26677,30.04188],[79.27023,30.04174],[79.26688,30.04189],[79.26677,30.04188]]],[[[79.58205,30.04792],[79.58437,30.04529],[79.58619,30.0465],[79.5837,30.04866],[79.5835,30.04847],[79.58205,30.04792]]],[[[78.24281,30.02657],[78.23922,30.0286],[78.24045,30.0257],[78.24095,30.02644],[78.24281,30.02657]]],[[[79.04146,30.04336],[79.03694,30.0418],[79.04181,30.04074],[79.04146,30.04336]]],[[[77.97132,30.02158],[77.97024,30.02312],[77.9686,30.01873],[77.97082,30.01615],[77.97053,30.01878],[77.97367,30.01892],[77.97132,30.02158]]],[[[78.27401,30.0301],[78.2681,30.0288],[78.27213,30.02659],[78.27401,30.0301]]],[[[79.58369,30.04938],[79.58315,30.051],[79.58359,30.04938],[79.58369,30.04938]]],[[[79.57703,30.05066],[79.57518,30.04974],[79.57575,30.04623],[79.57645,30.04786],[79.57725,30.05003],[79.57703,30.05066]]],[[[79.58902,30.05395],[79.58891,30.05404],[79.58892,30.05395],[79.58902,30.05395]]],[[[78.23712,30.02239],[78.23809,30.02846],[78.23094,30.02204],[78.22842,30.03109],[78.22529,30.02976],[78.22257,30.03277],[78.22636,30.02463],[78.22994,30.02422],[78.22987,30.01863],[78.23561,30.02082],[78.23712,30.02239]]],[[[78.24459,30.03337],[78.2408,30.03278],[78.24359,30.02839],[78.24459,30.03337]]],[[[77.83781,30.02583],[77.83791,30.02593],[77.83781,30.02592],[77.83781,30.02583]]],[[[79.58641,30.055],[79.5854,30.05301],[79.58551,30.05301],[79.59101,30.0489],[79.58892,30.05395],[79.58891,30.05404],[79.58641,30.055],[79.58631,30.05509],[79.5862,30.05518],[79.5863,30.05518],[79.58631,30.05509],[79.58641,30.055]]],[[[79.58299,30.0547],[79.58245,30.05649],[79.58224,30.05622],[79.58299,30.0547]]],[[[77.91052,30.0272],[77.9108,30.02802],[77.90817,30.02772],[77.91052,30.0272]]],[[[79.49699,30.05591],[79.49709,30.056],[79.49699,30.056],[79.49699,30.05591]]],[[[77.83791,30.02593],[77.83519,30.02843],[77.83593,30.02633],[77.83781,30.02583],[77.83781,30.02592],[77.83791,30.02593]]],[[[78.24696,30.03775],[78.24695,30.03784],[78.24675,30.03783],[78.24696,30.03775]]],[[[78.24186,30.03845],[78.23872,30.03929],[78.24099,30.03591],[78.24299,30.03487],[78.24186,30.03845]]],[[[77.9108,30.02802],[77.91167,30.02849],[77.90973,30.03272],[77.90865,30.03068],[77.9108,30.02802]]],[[[78.21889,30.03879],[78.21599,30.04043],[78.22033,30.03516],[78.21889,30.03879]]],[[[79.51318,30.06241],[79.5128,30.0596],[79.51578,30.06026],[79.51318,30.06241]]],[[[79.25973,30.05948],[79.25932,30.05911],[79.25932,30.05902],[79.25973,30.05948]]],[[[79.48942,30.06241],[79.48922,30.06222],[79.48942,30.06232],[79.48942,30.06241]]],[[[79.2599,30.0611],[79.25969,30.06128],[79.25959,30.06119],[79.2599,30.0611]]],[[[78.24982,30.03925],[78.24778,30.04365],[78.24215,30.04458],[78.24569,30.03853],[78.2459,30.03836],[78.24653,30.03801],[78.24675,30.03783],[78.24695,30.03784],[78.24696,30.03775],[78.24931,30.03879],[78.24982,30.03925]]],[[[79.49909,30.06125],[79.50158,30.0611],[79.50202,30.06485],[79.49946,30.06423],[79.49909,30.06125]]],[[[79.24535,30.06307],[79.24308,30.05773],[79.24652,30.05533],[79.2508,30.05665],[79.24876,30.0578],[79.24995,30.06028],[79.24535,30.06307]]],[[[79.4979,30.06422],[79.49548,30.06645],[79.49517,30.06662],[79.49506,30.06662],[79.49394,30.06553],[79.49302,30.0647],[79.49302,30.06461],[79.49302,30.0647],[79.49253,30.06244],[79.49264,30.06244],[79.49264,30.06217],[79.49244,30.06163],[79.49195,30.05973],[79.49222,30.05576],[79.49658,30.05721],[79.49483,30.05291],[79.49932,30.0525],[79.49699,30.05591],[79.49689,30.0559],[79.49678,30.05581],[79.49668,30.05572],[79.49678,30.05581],[79.49689,30.0559],[79.49699,30.056],[79.50225,30.05777],[79.50152,30.05132],[79.50576,30.0566],[79.50376,30.06122],[79.49755,30.05877],[79.49649,30.06185],[79.49617,30.06185],[79.49607,30.06158],[79.49556,30.06148],[79.49596,30.06257],[79.49647,30.06303],[79.49647,30.06258],[79.4978,30.06395],[79.4979,30.06422]]],[[[79.25626,30.06178],[79.25281,30.06042],[79.25397,30.06307],[79.25177,30.06343],[79.25188,30.06352],[79.25177,30.06343],[79.25388,30.05561],[79.25602,30.0578],[79.25602,30.05771],[79.25602,30.0578],[79.25578,30.05987],[79.25747,30.05818],[79.25743,30.06091],[79.2595,30.06028],[79.25959,30.06119],[79.25969,30.06128],[79.25905,30.06244],[79.25646,30.06241],[79.25626,30.06178],[79.25637,30.06178],[79.25626,30.06178]]],[[[78.25377,30.04628],[78.25475,30.04837],[78.2514,30.04965],[78.25257,30.04833],[78.25129,30.04956],[78.24585,30.04553],[78.25377,30.04628]]],[[[79.49149,30.07001],[79.48894,30.06691],[79.4908,30.06747],[79.49309,30.06678],[79.49494,30.06779],[79.49149,30.07001]]],[[[79.29155,30.06639],[79.29009,30.067],[79.28946,30.06735],[79.29117,30.06449],[79.29239,30.06568],[79.29155,30.06639]]],[[[79.97247,30.07546],[79.97247,30.07555],[79.97237,30.07555],[79.97237,30.07546],[79.97247,30.07546]]],[[[77.95988,30.04509],[77.95596,30.04251],[77.96103,30.04158],[77.95988,30.04509]]],[[[79.49312,30.07165],[79.49179,30.07082],[79.49149,30.07001],[79.49252,30.0702],[79.49396,30.06889],[79.49323,30.07129],[79.49312,30.07165]]],[[[79.61218,30.07395],[79.61218,30.07404],[79.61208,30.07404],[79.61218,30.07395]]],[[[79.49312,30.07165],[79.49341,30.07292],[79.49311,30.07237],[79.49312,30.07165]]],[[[79.9796,30.07885],[79.97846,30.07858],[79.98018,30.07422],[79.9796,30.07876],[79.9796,30.07885]]],[[[79.97856,30.0793],[79.97897,30.07984],[79.97886,30.07984],[79.97856,30.0793]]],[[[79.97369,30.07854],[79.97147,30.07907],[79.97041,30.07512],[79.97237,30.07555],[79.97247,30.07555],[79.97247,30.07546],[79.97247,30.07537],[79.97237,30.07537],[79.97138,30.07085],[79.97571,30.0735],[79.9762,30.07594],[79.97369,30.07854]]],[[[79.49338,30.07517],[79.49317,30.07544],[79.49317,30.07535],[79.49338,30.07517]]],[[[79.44366,30.07017],[79.44555,30.07534],[79.44349,30.07468],[79.44046,30.0729],[79.44224,30.06804],[79.44345,30.07017],[79.44356,30.07017],[79.44366,30.07017]]],[[[77.97253,30.04984],[77.97253,30.04993],[77.97232,30.04983],[77.97253,30.04984]]],[[[78.25981,30.05641],[78.25892,30.05495],[78.26206,30.05547],[78.25981,30.05641]]],[[[78.73389,30.06508],[78.73162,30.06616],[78.73706,30.0625],[78.73389,30.06508]]],[[[79.61485,30.07588],[79.60921,30.07889],[79.61208,30.07404],[79.61218,30.07404],[79.61218,30.07395],[79.61485,30.07588]]],[[[79.47271,30.07683],[79.47281,30.07728],[79.4727,30.07719],[79.47281,30.07728],[79.4721,30.07601],[79.47271,30.07683]]],[[[77.97208,30.05109],[77.96923,30.05279],[77.96174,30.04424],[77.96494,30.0441],[77.96511,30.04146],[77.97192,30.04955],[77.97191,30.04973],[77.97208,30.05109]]],[[[78.24602,30.0598],[78.24522,30.05697],[78.24898,30.05834],[78.24602,30.0598]]],[[[77.94629,30.05242],[77.94382,30.05322],[77.94323,30.05059],[77.94629,30.05242]]],[[[79.05803,30.07406],[79.0581,30.07533],[79.058,30.07532],[79.05803,30.07406]]],[[[79.48395,30.08147],[79.48166,30.08153],[79.48156,30.08153],[79.47929,30.08069],[79.48024,30.07971],[79.48036,30.07836],[79.48026,30.07827],[79.48036,30.07836],[79.47681,30.07976],[79.47611,30.0784],[79.47601,30.07831],[79.47611,30.0784],[79.47712,30.07327],[79.48264,30.07162],[79.483,30.06883],[79.48789,30.07239],[79.4865,30.07076],[79.49049,30.07056],[79.4902,30.07279],[79.49338,30.07517],[79.49317,30.07535],[79.49317,30.07544],[79.48956,30.07396],[79.48868,30.08022],[79.48395,30.08147]],[[79.48649,30.07825],[79.48882,30.07821],[79.48687,30.07581],[79.48649,30.07825]]],[[[77.82691,30.05303],[77.82297,30.05177],[77.82649,30.04937],[77.82691,30.05303]]],[[[79.47861,30.08421],[79.48057,30.08247],[79.47892,30.08421],[79.47861,30.08421]]],[[[80.24504,30.09246],[80.24269,30.09114],[80.24755,30.09141],[80.24504,30.09246]]],[[[79.37487,30.08414],[79.37698,30.08482],[79.37103,30.08382],[79.37435,30.08413],[79.37487,30.08414],[79.37486,30.08423],[79.37497,30.08423],[79.37487,30.08414]]],[[[77.82127,30.05709],[77.82116,30.05717],[77.82117,30.05708],[77.82127,30.05709]]],[[[78.25009,30.065],[78.24886,30.0675],[78.2441,30.06409],[78.24859,30.06123],[78.25009,30.065]]],[[[79.52373,30.08508],[79.5204,30.08823],[79.51912,30.08124],[79.52357,30.08192],[79.52365,30.08346],[79.52373,30.08508]]],[[[77.9003,30.05925],[77.90068,30.06034],[77.90019,30.05924],[77.9003,30.05925]]],[[[79.24973,30.08542],[79.2463,30.08314],[79.24879,30.08101],[79.25206,30.08247],[79.25122,30.08291],[79.25122,30.083],[79.25206,30.08247],[79.25248,30.08248],[79.24983,30.08533],[79.24973,30.08542]]],[[[79.43577,30.08415],[79.44131,30.08819],[79.43821,30.08707],[79.43577,30.08415]]],[[[78.77784,30.07825],[78.77472,30.07597],[78.77632,30.07366],[78.77999,30.0757],[78.77784,30.07825]]],[[[77.90678,30.06066],[77.90777,30.06231],[77.90668,30.06066],[77.90678,30.06066]]],[[[79.46115,30.08653],[79.46304,30.08673],[79.4585,30.09001],[79.45904,30.08831],[79.45802,30.08504],[79.46108,30.08445],[79.46129,30.08409],[79.46712,30.08525],[79.46115,30.08653],[79.46104,30.08653],[79.46115,30.08653]]],[[[79.25221,30.08599],[79.25188,30.08671],[79.2517,30.08526],[79.25221,30.08599]]],[[[78.76902,30.08021],[78.76902,30.0803],[78.76891,30.0803],[78.76902,30.08021]]],[[[79.43456,30.08847],[79.43536,30.09037],[79.43404,30.08855],[79.43456,30.08847]]],[[[79.45165,30.09039],[79.45081,30.09047],[79.45092,30.09047],[79.45081,30.09047],[79.45071,30.09047],[79.45052,30.08947],[79.45042,30.08929],[79.44904,30.08467],[79.44915,30.0844],[79.44915,30.08431],[79.44771,30.08286],[79.44577,30.08591],[79.44596,30.0822],[79.4447,30.07668],[79.44511,30.07741],[79.4451,30.0775],[79.4475,30.07613],[79.44753,30.07937],[79.44954,30.0789],[79.44808,30.07979],[79.45074,30.08181],[79.45053,30.08225],[79.45079,30.08428],[79.45381,30.08275],[79.45298,30.08472],[79.45287,30.08517],[79.45358,30.08617],[79.45368,30.08617],[79.45732,30.08651],[79.45582,30.08917],[79.45321,30.08959],[79.45269,30.08977],[79.45269,30.08968],[79.45165,30.09039],[79.45165,30.0903],[79.45165,30.09021],[79.45165,30.0903],[79.45165,30.09039]]],[[[79.24947,30.08794],[79.25071,30.08627],[79.24969,30.08767],[79.24947,30.08794]]],[[[79.59573,30.09255],[79.59081,30.09241],[79.59361,30.08837],[79.59074,30.08609],[79.59074,30.08591],[79.59096,30.08528],[79.59074,30.08591],[79.59064,30.08618],[79.59001,30.0868],[79.58688,30.08704],[79.58744,30.08479],[79.58705,30.08334],[79.58459,30.07896],[79.58983,30.07724],[79.58682,30.07979],[79.59179,30.07815],[79.59196,30.07365],[79.59593,30.07572],[79.59459,30.07783],[79.59103,30.08032],[79.59603,30.0792],[79.59511,30.0822],[79.59751,30.07696],[79.59658,30.07409],[79.59869,30.07444],[79.60725,30.06908],[79.61203,30.06962],[79.61203,30.06971],[79.60897,30.07392],[79.60777,30.07806],[79.60971,30.08033],[79.602,30.08418],[79.59604,30.08312],[79.59374,30.08756],[79.59694,30.08796],[79.59548,30.08857],[79.59599,30.08894],[79.59346,30.09003],[79.59573,30.09255]],[[79.60384,30.07711],[79.59966,30.07705],[79.59953,30.08122],[79.60187,30.07816],[79.60534,30.07891],[79.60384,30.07711]]],[[[77.81157,30.06217],[77.81146,30.06226],[77.81147,30.06217],[77.81157,30.06217]]],[[[78.26642,30.07242],[78.26642,30.07252],[78.26632,30.07233],[78.26642,30.07242]]],[[[78.76942,30.08085],[78.7697,30.08202],[78.76891,30.0803],[78.76902,30.0803],[78.76912,30.08021],[78.76874,30.07416],[78.76864,30.07407],[78.77043,30.07292],[78.77222,30.0716],[78.77758,30.06705],[78.77931,30.06974],[78.7798,30.07264],[78.775,30.07278],[78.77124,30.07621],[78.77335,30.07676],[78.77263,30.08117],[78.76942,30.08085]]],[[[78.26689,30.07045],[78.26706,30.0645],[78.2711,30.06531],[78.26903,30.07215],[78.26642,30.07252],[78.26642,30.07242],[78.26632,30.07233],[78.26453,30.06968],[78.26689,30.07045]]],[[[79.59322,30.09405],[79.59241,30.09305],[79.59323,30.09378],[79.59322,30.09405]]],[[[79.59333,30.09406],[79.59333,30.09415],[79.59322,30.09405],[79.59333,30.09406]]],[[[79.44373,30.09255],[79.44009,30.09287],[79.43999,30.09278],[79.43989,30.09223],[79.43989,30.09214],[79.43885,30.09276],[79.43755,30.08941],[79.43992,30.09052],[79.44096,30.09035],[79.44137,30.09072],[79.44137,30.09081],[79.4421,30.09073],[79.44253,30.08974],[79.44283,30.08992],[79.44375,30.0912],[79.44383,30.09246],[79.44373,30.09255]]],[[[77.91346,30.06614],[77.91375,30.0666],[77.91245,30.06521],[77.91346,30.06614]]],[[[78.22837,30.07491],[78.22425,30.07356],[78.22951,30.07237],[78.22837,30.07491]]],[[[79.09783,30.0917],[79.09773,30.09178],[79.09773,30.09169],[79.09783,30.0917]]],[[[80.24689,30.10367],[80.24689,30.10385],[80.24668,30.10385],[80.24689,30.10367]]],[[[79.10239,30.09176],[79.10525,30.09161],[79.10181,30.09338],[79.10239,30.09176]]],[[[78.77548,30.08835],[78.77547,30.08844],[78.77537,30.08843],[78.77548,30.08835]]],[[[79.06815,30.09234],[79.06489,30.09091],[79.06888,30.0919],[79.06815,30.09234]]],[[[79.07456,30.08775],[79.06941,30.09327],[79.069,30.09118],[79.06817,30.0909],[79.07169,30.08869],[79.07046,30.0863],[79.07379,30.0869],[79.07299,30.08321],[79.07493,30.08478],[79.07456,30.08775]]],[[[80.24689,30.10385],[80.24501,30.10641],[80.24627,30.10403],[80.24668,30.10385],[80.24689,30.10385]]],[[[79.03502,30.09393],[79.0364,30.09238],[79.03512,30.09393],[79.03502,30.09393]]],[[[80.09039,30.10331],[80.08767,30.10582],[80.08757,30.10582],[80.0862,30.10179],[80.0905,30.10295],[80.09039,30.10322],[80.09039,30.10331]]],[[[80.08767,30.10582],[80.08757,30.10591],[80.08757,30.10582],[80.08767,30.10582]]],[[[79.09773,30.09169],[79.09444,30.09535],[79.09434,30.09534],[79.09347,30.09172],[79.09882,30.089],[79.09881,30.08909],[79.09882,30.089],[79.10129,30.09124],[79.09783,30.0917],[79.09773,30.09169]]],[[[78.17339,30.07835],[78.1718,30.0799],[78.17167,30.07732],[78.17339,30.07835]]],[[[78.17803,30.08318],[78.17459,30.08249],[78.17568,30.08049],[78.17803,30.08318]]],[[[78.28219,30.08348],[78.2846,30.08281],[78.28577,30.08563],[78.28219,30.08348]]],[[[78.77491,30.09604],[78.77295,30.09629],[78.77562,30.09381],[78.77491,30.09604]]],[[[78.77642,30.09269],[78.76812,30.09724],[78.76732,30.09588],[78.76875,30.0922],[78.77345,30.09256],[78.77537,30.08843],[78.77547,30.08844],[78.77558,30.08835],[78.77605,30.0907],[78.77664,30.09197],[78.77643,30.09206],[78.77642,30.09269]]],[[[79.04276,30.10144],[79.04065,30.10531],[79.0388,30.1021],[79.03911,30.10202],[79.03918,30.09964],[79.03201,30.09921],[79.03364,30.09544],[79.0391,30.09751],[79.03442,30.0946],[79.03921,30.09536],[79.04276,30.10144]]],[[[79.32403,30.10849],[79.32658,30.1071],[79.32291,30.10447],[79.32536,30.10373],[79.33274,30.10932],[79.32641,30.10933],[79.32527,30.10905],[79.32403,30.10849]]],[[[79.25309,30.10666],[79.25151,30.10971],[79.24381,30.10934],[79.2551,30.10416],[79.25309,30.10666]]],[[[79.23805,30.10628],[79.23852,30.10642],[79.2378,30.10844],[79.23566,30.10848],[79.23574,30.11007],[79.23521,30.10823],[79.23544,30.1072],[79.23747,30.10759],[79.23805,30.10637],[79.23805,30.10628]]],[[[79.39992,30.11314],[79.39847,30.11193],[79.40054,30.11323],[79.39992,30.11314]]],[[[79.10108,30.09544],[79.10544,30.10377],[79.10171,30.10917],[79.09476,30.10448],[79.09552,30.10384],[79.09562,30.10411],[79.09586,30.10065],[79.09018,30.10383],[79.0781,30.10068],[79.08349,30.09294],[79.09,30.09226],[79.09194,30.09576],[79.10137,30.1008],[79.09831,30.09892],[79.09441,30.09611],[79.09632,30.09483],[79.10108,30.09544]],[[79.08853,30.10067],[79.08785,30.09624],[79.0861,30.09962],[79.08853,30.10067]]],[[[79.42785,30.10571],[79.42839,30.11113],[79.42501,30.11402],[79.41561,30.10575],[79.4155,30.10575],[79.41387,30.10588],[79.41241,30.10472],[79.40954,30.10225],[79.41301,30.10207],[79.41424,30.10535],[79.41575,30.10295],[79.41607,30.10287],[79.41751,30.10342],[79.41779,30.10562],[79.41896,30.10389],[79.41906,30.10371],[79.41906,30.10362],[79.41906,30.10371],[79.41847,30.10154],[79.42345,30.10169],[79.43087,30.10485],[79.43097,30.1053],[79.42929,30.10663],[79.42785,30.10571]],[[79.41708,30.11109],[79.41749,30.11118],[79.41749,30.11109],[79.41708,30.11109]],[[79.42358,30.10571],[79.42199,30.10811],[79.42422,30.10809],[79.42358,30.10571]]],[[[77.79577,30.07973],[77.80047,30.08568],[77.79678,30.08525],[77.79849,30.08358],[77.79577,30.07973]]],[[[79.04255,30.11217],[79.04263,30.1129],[79.04212,30.11253],[79.04303,30.11131],[79.04378,30.11282],[79.04357,30.11282],[79.04347,30.11282],[79.04255,30.11217]]],[[[79.39509,30.12327],[79.39155,30.12377],[79.39127,30.12146],[79.38836,30.12184],[79.38952,30.12095],[79.38868,30.1213],[79.38788,30.11957],[79.38799,30.11949],[79.38944,30.11932],[79.38976,30.11915],[79.38641,30.11459],[79.39046,30.11419],[79.3914,30.11402],[79.39268,30.11178],[79.39326,30.1145],[79.39336,30.1145],[79.3963,30.11264],[79.39854,30.11519],[79.40142,30.11649],[79.40266,30.11705],[79.40276,30.11723],[79.40079,30.11694],[79.401,30.11694],[79.40079,30.11694],[79.40048,30.11684],[79.39757,30.11717],[79.39747,30.11726],[79.39736,30.11734],[79.39747,30.11726],[79.39757,30.11717],[79.39927,30.12125],[79.39509,30.12327]]],[[[77.80568,30.08986],[77.80944,30.09314],[77.80119,30.09544],[77.80074,30.08579],[77.80568,30.08986]]],[[[77.92614,30.09854],[77.92614,30.09863],[77.92604,30.09845],[77.92614,30.09854]]],[[[79.0123,30.11984],[79.01199,30.11965],[79.00848,30.11897],[79.01229,30.11789],[79.0123,30.11984]]],[[[78.15016,30.10329],[78.14726,30.1057],[78.151,30.09802],[78.15516,30.09784],[78.15016,30.10329]]],[[[79.27513,30.12229],[79.27041,30.12494],[79.27041,30.12467],[79.27052,30.12431],[79.27074,30.12413],[79.27116,30.12386],[79.27307,30.12091],[79.27513,30.12229]],[[79.27041,30.12467],[79.27116,30.12386],[79.27074,30.12413],[79.27052,30.12431],[79.27041,30.12467]]],[[[79.40456,30.1279],[79.40446,30.12799],[79.40446,30.1279],[79.40456,30.1279]]],[[[79.50439,30.12907],[79.50408,30.12907],[79.50419,30.12898],[79.50439,30.12907]]],[[[79.36986,30.11764],[79.37402,30.11935],[79.37163,30.12119],[79.37449,30.12242],[79.37204,30.12778],[79.36608,30.12496],[79.36647,30.12175],[79.36772,30.1244],[79.37125,30.12377],[79.37022,30.12086],[79.36628,30.12075],[79.3694,30.12034],[79.36971,30.12007],[79.36986,30.11764]]],[[[79.5071,30.12865],[79.50552,30.12999],[79.50532,30.12945],[79.50501,30.12926],[79.50439,30.12907],[79.50431,30.12763],[79.5071,30.12865]]],[[[79.70281,30.13281],[79.7027,30.13299],[79.70261,30.13245],[79.70281,30.13281]]],[[[79.39675,30.12961],[79.39675,30.1297],[79.39664,30.1297],[79.39675,30.12961]]],[[[79.40516,30.12962],[79.40236,30.12895],[79.40478,30.1237],[79.40193,30.12381],[79.39598,30.12581],[79.40343,30.12067],[79.4075,30.12577],[79.40467,30.12781],[79.40415,30.12762],[79.40415,30.12744],[79.40415,30.12762],[79.40435,30.12808],[79.40516,30.12962]]],[[[79.05358,30.12091],[79.04376,30.12419],[79.04447,30.12492],[79.04376,30.12419],[79.03663,30.12465],[79.03584,30.12055],[79.03364,30.12178],[79.03254,30.11951],[79.03237,30.11789],[79.03384,30.11701],[79.03995,30.11773],[79.04036,30.11755],[79.03939,30.11572],[79.04239,30.11479],[79.04229,30.11479],[79.04218,30.11478],[79.04198,30.11442],[79.0449,30.11374],[79.04683,30.11835],[79.04766,30.11613],[79.04932,30.1157],[79.05358,30.12091]]],[[[78.72657,30.11764],[78.7276,30.12161],[78.72441,30.12148],[78.72678,30.11961],[78.72264,30.11675],[78.72646,30.11782],[78.72657,30.11764]]],[[[79.01759,30.12524],[79.01555,30.1274],[79.01522,30.12273],[79.01759,30.12524]]],[[[79.01741,30.12876],[79.01731,30.12885],[79.01731,30.12876],[79.01741,30.12876]]],[[[79.06902,30.12745],[79.07866,30.12795],[79.07356,30.13051],[79.06902,30.12745]]],[[[77.88188,30.10759],[77.88209,30.10769],[77.88198,30.10769],[77.88188,30.10759]]],[[[78.7334,30.1263],[78.72992,30.12183],[78.73446,30.12433],[78.7334,30.1263]]],[[[77.8637,30.10851],[77.8637,30.1086],[77.8636,30.10851],[77.8637,30.10851]]],[[[79.31466,30.13481],[79.31177,30.13517],[79.31419,30.13236],[79.31406,30.13362],[79.31406,30.13371],[79.31466,30.13481]]],[[[79.31791,30.13616],[79.31513,30.13507],[79.31841,30.13395],[79.31791,30.13616]]],[[[78.79397,30.12916],[78.79355,30.12915],[78.79366,30.12889],[78.79397,30.12916]]],[[[79.25423,30.13636],[79.25412,30.13645],[79.25412,30.13636],[79.25423,30.13636]]],[[[79.5193,30.13881],[79.51861,30.14232],[79.51762,30.14014],[79.5167,30.13896],[79.5167,30.13887],[79.51621,30.13688],[79.51405,30.13613],[79.51499,30.13569],[79.51686,30.13508],[79.51655,30.13535],[79.51686,30.13508],[79.51894,30.13528],[79.52102,30.13513],[79.5193,30.13872],[79.5193,30.13881]]],[[[79.52642,30.14195],[79.52504,30.14374],[79.52247,30.14173],[79.52328,30.1383],[79.52642,30.14195]]],[[[78.11436,30.11688],[78.11478,30.12032],[78.11201,30.11935],[78.10966,30.12001],[78.10977,30.11786],[78.11338,30.11746],[78.11415,30.11472],[78.11436,30.11688]]],[[[78.78801,30.13556],[78.78799,30.13133],[78.79183,30.13021],[78.78927,30.12821],[78.79226,30.12652],[78.79164,30.13221],[78.78801,30.13556]]],[[[78.15919,30.12372],[78.15917,30.12435],[78.15857,30.12362],[78.15635,30.1215],[78.15919,30.12372]]],[[[79.00684,30.1387],[79.00422,30.13949],[79.00406,30.13758],[79.00684,30.1387]]],[[[77.88361,30.11846],[77.88392,30.11855],[77.88361,30.11855],[77.88361,30.11846]]],[[[78.15748,30.12531],[78.15748,30.12558],[78.15727,30.12557],[78.15748,30.12531]]],[[[78.15768,30.12567],[78.15727,30.12557],[78.15748,30.12558],[78.15768,30.12567]]],[[[79.34571,30.14666],[79.3442,30.14802],[79.34219,30.1458],[79.34199,30.14553],[79.34544,30.1444],[79.34565,30.14422],[79.34575,30.14422],[79.34708,30.14514],[79.34571,30.14666]]],[[[77.88654,30.12114],[77.88734,30.12197],[77.88714,30.12197],[77.88673,30.1216],[77.88654,30.12114]]],[[[79.0033,30.14415],[79.00289,30.14396],[79.00299,30.14397],[79.0033,30.14415]]],[[[77.89112,30.12396],[77.89132,30.12405],[77.89112,30.12405],[77.89112,30.12396]]],[[[78.75805,30.13884],[78.76054,30.14069],[78.75153,30.14547],[78.75242,30.13819],[78.74972,30.13775],[78.75018,30.14046],[78.74578,30.13804],[78.74432,30.13995],[78.74366,30.13706],[78.74356,30.13705],[78.74435,30.13418],[78.74529,30.13207],[78.74168,30.13314],[78.74234,30.1304],[78.73616,30.12748],[78.7392,30.12525],[78.73713,30.12314],[78.74248,30.12513],[78.74292,30.12856],[78.749,30.13047],[78.75233,30.13026],[78.75052,30.1323],[78.75077,30.13413],[78.75609,30.134],[78.75805,30.13884]],[[78.74914,30.13345],[78.74999,30.13139],[78.74496,30.1304],[78.74914,30.13345]]],[[[78.15582,30.13143],[78.15695,30.13479],[78.15426,30.13718],[78.15307,30.13281],[78.15582,30.13143]]],[[[78.98533,30.14992],[78.98105,30.15377],[78.98272,30.15087],[78.98533,30.14992]]],[[[77.87332,30.13246],[77.87375,30.13518],[77.87322,30.13246],[77.87332,30.13246]]],[[[77.89352,30.12681],[77.88279,30.13612],[77.88074,30.13408],[77.87995,30.13271],[77.87975,30.13234],[77.87916,30.13134],[77.87042,30.12351],[77.86874,30.12716],[77.86573,30.11869],[77.85333,30.10705],[77.84169,30.10262],[77.83656,30.10327],[77.83583,30.09793],[77.83917,30.09641],[77.83427,30.09632],[77.83424,30.09049],[77.83027,30.08679],[77.82162,30.08573],[77.81081,30.09245],[77.81113,30.08784],[77.80626,30.08839],[77.79328,30.07642],[77.79538,30.07251],[77.79844,30.07212],[77.7921,30.06792],[77.78906,30.06911],[77.78445,30.06646],[77.78162,30.0618],[77.78763,30.06011],[77.78726,30.05827],[77.78285,30.05651],[77.78124,30.0608],[77.77483,30.0552],[77.77363,30.04952],[77.77005,30.04247],[77.77264,30.04147],[77.77895,30.04688],[77.77919,30.0395],[77.7734,30.04041],[77.78135,30.03348],[77.7812,30.02996],[77.7813,30.03023],[77.7812,30.02996],[77.78548,30.02787],[77.78287,30.02342],[77.77824,30.01587],[77.77509,30.0171],[77.77424,30.01424],[77.76593,30.012],[77.76805,30.01079],[77.76502,30.00532],[77.76862,30.00713],[77.76694,30.0051],[77.76931,30.0037],[77.77154,30.00285],[77.76928,30.00154],[77.77219,29.99819],[77.76984,29.99519],[77.77415,29.99301],[77.77315,29.98995],[77.77805,29.99107],[77.78001,29.98816],[77.78493,29.99073],[77.78643,29.98827],[77.78543,29.98324],[77.78087,29.98221],[77.7815,29.9797],[77.77779,29.9802],[77.78354,29.97502],[77.78186,29.97154],[77.78862,29.9649],[77.7913,29.96519],[77.79176,29.96056],[77.79823,29.96493],[77.79703,29.96326],[77.80181,29.96174],[77.8053,29.95557],[77.80436,29.95014],[77.82656,29.9381],[77.81826,29.93384],[77.82519,29.93523],[77.82323,29.93167],[77.83562,29.92078],[77.83551,29.92285],[77.84006,29.92362],[77.83981,29.91835],[77.83704,29.91814],[77.83896,29.9132],[77.84936,29.91613],[77.84744,29.91323],[77.84968,29.91385],[77.85009,29.91113],[77.84574,29.91127],[77.8458,29.90714],[77.85471,29.90548],[77.86312,29.89627],[77.8706,29.89698],[77.87145,29.89278],[77.8746,29.89522],[77.87366,29.88915],[77.87705,29.88853],[77.88015,29.89171],[77.88141,29.88859],[77.89042,29.88544],[77.89375,29.88148],[77.90418,29.89098],[77.90588,29.89273],[77.91933,29.9063],[77.91586,29.90437],[77.90925,29.90671],[77.9046,29.91247],[77.9051,29.91636],[77.90859,29.91561],[77.91097,29.91548],[77.91098,29.91539],[77.91216,29.91526],[77.90949,29.91653],[77.89986,29.92352],[77.89592,29.91878],[77.8949,29.92322],[77.88638,29.9358],[77.89068,29.9403],[77.88941,29.93517],[77.89423,29.93601],[77.89442,29.94019],[77.89153,29.93951],[77.89247,29.94286],[77.88889,29.9423],[77.88735,29.95101],[77.88334,29.9499],[77.8833,29.95506],[77.88916,29.95841],[77.89139,29.95392],[77.88835,29.95215],[77.89646,29.94763],[77.89504,29.94383],[77.89318,29.945],[77.89866,29.94108],[77.89911,29.9386],[77.89551,29.93694],[77.90023,29.93377],[77.90831,29.94473],[77.90598,29.94797],[77.91234,29.94877],[77.9134,29.95241],[77.90894,29.95439],[77.90883,29.95466],[77.90893,29.95466],[77.90806,29.95622],[77.91227,29.95539],[77.91136,29.95844],[77.91368,29.95928],[77.9164,29.95601],[77.91379,29.94977],[77.91767,29.95098],[77.91585,29.954],[77.91832,29.95469],[77.91925,29.95136],[77.91472,29.94831],[77.91913,29.94539],[77.91376,29.94148],[77.90831,29.94473],[77.91042,29.93974],[77.90538,29.93832],[77.89784,29.92992],[77.90103,29.93256],[77.90494,29.93123],[77.89866,29.92872],[77.90209,29.9283],[77.90444,29.92351],[77.91213,29.92574],[77.91457,29.9228],[77.92498,29.92965],[77.92474,29.93696],[77.92766,29.93504],[77.92952,29.93662],[77.92148,29.93986],[77.92976,29.93917],[77.92741,29.94319],[77.92935,29.94463],[77.93037,29.93952],[77.93625,29.93862],[77.93819,29.94302],[77.94123,29.94236],[77.93938,29.94131],[77.94729,29.93959],[77.94961,29.93757],[77.94738,29.93689],[77.93625,29.93862],[77.93193,29.93788],[77.93178,29.93496],[77.93552,29.93338],[77.93579,29.92949],[77.94286,29.92912],[77.94667,29.93309],[77.95099,29.93629],[77.94963,29.93998],[77.9506,29.93985],[77.95083,29.93932],[77.95114,29.93923],[77.95072,29.94042],[77.9482,29.94183],[77.95031,29.94142],[77.95127,29.94697],[77.95943,29.94471],[77.95931,29.95207],[77.96531,29.95052],[77.96874,29.95297],[77.96901,29.95966],[77.97674,29.95543],[77.97843,29.95689],[77.97565,29.95737],[77.97467,29.96155],[77.98033,29.96002],[77.97871,29.95899],[77.97844,29.95344],[77.96493,29.94875],[77.96526,29.94804],[77.96436,29.94525],[77.95652,29.94279],[77.96818,29.9408],[77.97263,29.93931],[77.97496,29.94137],[77.97612,29.9434],[77.97311,29.94432],[77.97595,29.94747],[77.97132,29.94755],[77.98119,29.95441],[77.98497,29.95072],[77.98371,29.95459],[77.982,29.95618],[77.98028,29.96182],[77.98307,29.96383],[77.97753,29.96777],[77.97097,29.96467],[77.96627,29.96466],[77.9693,29.96508],[77.97217,29.96632],[77.97443,29.96692],[77.98079,29.97109],[77.97917,29.96757],[77.98265,29.96892],[77.98108,29.97302],[77.9874,29.97597],[77.9908,29.9837],[77.98909,29.98213],[77.98847,29.98212],[77.99136,29.98718],[77.97174,29.98733],[77.97154,29.98678],[77.96744,29.98742],[77.97018,29.98386],[77.96819,29.98481],[77.96741,29.98299],[77.96731,29.98289],[77.96454,29.98536],[77.96454,29.98545],[77.96443,29.98562],[77.96347,29.98659],[77.9615,29.98763],[77.96425,29.98832],[77.96418,29.98648],[77.96698,29.98719],[77.96465,29.98869],[77.96577,29.99147],[77.96336,29.99007],[77.96076,29.99199],[77.96284,29.99352],[77.96532,29.99457],[77.9707,29.99073],[77.9715,29.99156],[77.96873,29.99411],[77.96823,29.99347],[77.96726,29.99674],[77.96876,29.99655],[77.96866,29.99654],[77.9717,29.99448],[77.97195,29.99744],[77.97374,29.99648],[77.97333,29.99426],[77.97668,29.99371],[77.97746,29.99588],[77.97972,29.9936],[77.98232,29.99695],[77.98447,30.00133],[77.98658,29.99993],[77.98668,30.00002],[77.99066,30.00228],[77.99076,30.00237],[77.99075,30.00246],[77.99076,30.00237],[77.99066,30.00228],[77.99492,30.00081],[77.99167,30.0029],[77.9935,30.00423],[77.99648,30.0012],[78.00002,30.00267],[77.99653,30.00784],[77.99452,30.00449],[77.99161,30.00641],[77.99392,30.01195],[77.99662,30.01212],[77.99665,30.00851],[77.99922,30.01032],[77.99703,30.01571],[77.99192,30.01705],[77.98706,30.0122],[77.98206,30.01494],[77.97779,30.01326],[77.97525,30.00583],[77.9788,30.00715],[77.97989,30.00409],[77.97584,29.99959],[77.97262,30.00259],[77.96846,29.99969],[77.96812,30.0005],[77.96949,30.00471],[77.96712,30.00616],[77.96342,29.99905],[77.966,29.9954],[77.9598,29.99472],[77.95811,29.99576],[77.94629,29.99867],[77.94558,30.00335],[77.94917,30.00376],[77.94959,30.00341],[77.9553,30.00994],[77.95626,30.01454],[77.96135,30.01476],[77.96372,30.02152],[77.97043,30.02683],[77.96858,30.02827],[77.97169,30.02873],[77.96821,30.03305],[77.97043,30.03796],[77.95988,30.0399],[77.95764,30.02404],[77.94806,30.01153],[77.94292,30.01022],[77.93562,30.01975],[77.94549,30.02892],[77.94813,30.03038],[77.94589,30.03633],[77.94731,30.03921],[77.94127,30.03564],[77.93636,30.03821],[77.94136,30.04699],[77.94147,30.04533],[77.94258,30.04626],[77.94106,30.0483],[77.93421,30.05283],[77.93689,30.05596],[77.93815,30.05526],[77.93951,30.0567],[77.94217,30.05364],[77.94523,30.05534],[77.94217,30.05587],[77.94361,30.0592],[77.94657,30.05807],[77.93881,30.06439],[77.93672,30.05954],[77.93386,30.06248],[77.93095,30.06173],[77.93259,30.06082],[77.93268,30.05793],[77.92534,30.05998],[77.92628,30.06373],[77.92167,30.05836],[77.91899,30.06377],[77.91652,30.06354],[77.91658,30.04778],[77.91061,30.05444],[77.90836,30.04838],[77.90961,30.04982],[77.90883,30.04159],[77.90743,30.03976],[77.91527,30.02924],[77.91441,30.02425],[77.91928,30.02302],[77.91448,30.01866],[77.91249,30.02364],[77.91241,30.02292],[77.91236,30.01088],[77.90727,30.01011],[77.90704,30.00111],[77.90363,30.00068],[77.90354,29.99787],[77.91503,30.00522],[77.91418,30.00823],[77.91682,30.00963],[77.91649,30.00516],[77.9146,30.00251],[77.91805,30.00261],[77.9179,29.99792],[77.91318,29.99805],[77.91483,29.99491],[77.91107,29.99458],[77.91459,29.99276],[77.91089,29.99131],[77.91077,29.98696],[77.91653,29.98532],[77.91366,29.98462],[77.9144,29.98031],[77.90897,29.97703],[77.90905,29.97423],[77.91297,29.97097],[77.90852,29.96791],[77.90807,29.96266],[77.9061,29.96699],[77.90326,29.96312],[77.90121,29.96999],[77.8976,29.97185],[77.90122,29.97297],[77.90319,29.98118],[77.89935,29.98109],[77.90048,29.98493],[77.89792,29.98561],[77.89288,29.99951],[77.89627,30.02429],[77.88545,30.03606],[77.88564,30.03343],[77.88213,30.03214],[77.88368,30.03054],[77.88696,30.03227],[77.88969,30.02585],[77.88677,30.02603],[77.88558,30.02278],[77.87888,30.02344],[77.88441,30.02204],[77.88108,30.01838],[77.88394,30.01722],[77.88376,30.01195],[77.88798,30.01063],[77.88401,30.00883],[77.87728,30.01615],[77.87864,30.00768],[77.8815,30.00713],[77.87904,29.99986],[77.89115,29.9848],[77.88759,29.98603],[77.87814,29.97758],[77.87965,29.97029],[77.88358,29.97197],[77.88514,29.96741],[77.88191,29.9696],[77.87793,29.9648],[77.87469,29.96652],[77.87166,29.96433],[77.87123,29.96162],[77.87377,29.96125],[77.87114,29.95857],[77.8689,29.96337],[77.87138,29.96519],[77.8655,29.9627],[77.86379,29.96463],[77.86274,29.96119],[77.8606,29.96705],[77.85637,29.96218],[77.85525,29.9677],[77.86195,29.97189],[77.85999,29.97325],[77.86233,29.976],[77.85808,29.97722],[77.85321,29.97179],[77.85217,29.97834],[77.85625,29.97695],[77.85624,29.97704],[77.85624,29.97713],[77.85513,29.98288],[77.85359,29.98248],[77.84875,29.97821],[77.84614,29.98067],[77.84795,29.98712],[77.84784,29.98721],[77.84795,29.98721],[77.84795,29.98712],[77.84307,29.98506],[77.84481,29.98632],[77.84135,29.98943],[77.84573,29.99185],[77.84407,30.00334],[77.84867,30.00593],[77.8475,30.01128],[77.85032,30.01387],[77.85076,30.01654],[77.85137,30.01413],[77.854,30.01568],[77.84943,30.0209],[77.85398,30.02101],[77.85933,30.03374],[77.85258,30.03079],[77.85216,30.03105],[77.84634,30.0282],[77.84734,30.02597],[77.84587,30.01538],[77.84864,30.01736],[77.84956,30.01469],[77.84409,30.01102],[77.8437,30.01366],[77.84066,30.00844],[77.83761,30.00964],[77.83958,30.00614],[77.8372,30.00467],[77.8351,30.01006],[77.83702,30.01236],[77.83026,30.0077],[77.83296,30.00396],[77.83104,30.00336],[77.82908,30.00893],[77.82632,30.00762],[77.83071,30.01083],[77.82546,30.00923],[77.82124,30.01579],[77.81867,30.0165],[77.82008,30.01991],[77.81648,30.01901],[77.81499,30.01705],[77.81601,30.01923],[77.81082,30.02268],[77.80671,30.03338],[77.80537,30.03072],[77.80318,30.03152],[77.80337,30.03442],[77.80637,30.03465],[77.80249,30.03508],[77.80959,30.04301],[77.80122,30.04972],[77.80599,30.05431],[77.81108,30.05435],[77.81487,30.04951],[77.81751,30.05117],[77.81692,30.04622],[77.82114,30.04807],[77.82144,30.05177],[77.82127,30.05709],[77.82117,30.05708],[77.82116,30.05717],[77.81949,30.05813],[77.81834,30.05195],[77.81393,30.05224],[77.81086,30.05521],[77.8139,30.05581],[77.81401,30.05869],[77.8104,30.05824],[77.81157,30.06208],[77.81147,30.06217],[77.81136,30.06217],[77.81126,30.06207],[77.81136,30.06217],[77.81146,30.06226],[77.81157,30.06217],[77.81157,30.06208],[77.81415,30.06791],[77.81799,30.06882],[77.81996,30.06887],[77.82099,30.06907],[77.8275,30.06968],[77.82528,30.06782],[77.8274,30.06582],[77.83107,30.06841],[77.83371,30.06564],[77.83257,30.05913],[77.82639,30.0591],[77.82822,30.05514],[77.82559,30.05804],[77.82341,30.05488],[77.82818,30.05405],[77.82807,30.04984],[77.82403,30.04645],[77.8256,30.04433],[77.82276,30.04561],[77.82092,30.04061],[77.82563,30.03982],[77.82349,30.03731],[77.82625,30.02933],[77.82215,30.02491],[77.82617,30.01874],[77.82594,30.0228],[77.82887,30.02084],[77.83486,30.03294],[77.84071,30.03613],[77.84209,30.04724],[77.84836,30.05287],[77.85419,30.05998],[77.85157,30.0629],[77.85326,30.06619],[77.84987,30.07123],[77.84688,30.06713],[77.84302,30.06914],[77.84435,30.07135],[77.84293,30.0735],[77.84683,30.07159],[77.84577,30.07396],[77.85037,30.07776],[77.85699,30.07937],[77.86427,30.07751],[77.87583,30.08052],[77.87857,30.08985],[77.88369,30.08978],[77.88679,30.08679],[77.87976,30.08408],[77.88186,30.08194],[77.8907,30.08576],[77.89653,30.0815],[77.89972,30.06437],[77.89994,30.06034],[77.90139,30.06499],[77.90398,30.06078],[77.90538,30.0643],[77.90643,30.06242],[77.91016,30.06534],[77.91824,30.0823],[77.91798,30.08853],[77.9201,30.08929],[77.91896,30.08593],[77.92274,30.08106],[77.92498,30.08413],[77.92794,30.08181],[77.92906,30.08454],[77.92992,30.08795],[77.92359,30.0937],[77.92237,30.09304],[77.92063,30.09124],[77.92938,30.10096],[77.92749,30.10019],[77.92695,30.10308],[77.90147,30.12317],[77.89716,30.11995],[77.89706,30.11968],[77.89314,30.11571],[77.89314,30.11562],[77.89523,30.11671],[77.8936,30.11428],[77.8931,30.11363],[77.89321,30.11363],[77.8931,30.11354],[77.89234,30.11136],[77.89256,30.11109],[77.89267,30.11101],[77.89277,30.11083],[77.89267,30.11101],[77.89256,30.111],[77.89111,30.11088],[77.88995,30.11157],[77.88942,30.11183],[77.88963,30.11184],[77.88991,30.11293],[77.88971,30.11274],[77.88914,30.11662],[77.89222,30.11848],[77.89355,30.11932],[77.89365,30.11933],[77.89439,30.12205],[77.88808,30.11838],[77.88813,30.11992],[77.88541,30.11751],[77.88541,30.11742],[77.88266,30.11266],[77.88097,30.1101],[77.88057,30.10982],[77.87913,30.10781],[77.88147,30.10759],[77.88188,30.10759],[77.88198,30.10769],[77.88209,30.10769],[77.88537,30.10867],[77.88409,30.10657],[77.884,30.1062],[77.88409,30.10657],[77.88306,30.10645],[77.88296,30.10645],[77.88166,30.10479],[77.88156,30.10461],[77.88094,30.1046],[77.879,30.10365],[77.87974,30.10331],[77.87562,30.09888],[77.87562,30.09897],[77.87738,30.10155],[77.87297,30.10089],[77.87305,30.10143],[77.86569,30.10459],[77.86599,30.10496],[77.87684,30.11009],[77.87839,30.1131],[77.87396,30.11333],[77.87382,30.11998],[77.87669,30.11753],[77.88301,30.1179],[77.88311,30.11799],[77.88301,30.1179],[77.88302,30.11772],[77.88361,30.11846],[77.88361,30.11855],[77.88502,30.11984],[77.88513,30.11976],[77.88593,30.12059],[77.88673,30.1216],[77.88714,30.12197],[77.88784,30.12253],[77.88734,30.12197],[77.89112,30.12396],[77.89112,30.12405],[77.89111,30.12414],[77.89131,30.12432],[77.89352,30.12681]],[[77.85486,30.10623],[77.862,30.11088],[77.86014,30.10678],[77.85486,30.10623],[77.85475,30.10614],[77.85465,30.10613],[77.85475,30.10614],[77.85486,30.10623]],[[77.8636,30.10851],[77.8637,30.1086],[77.8637,30.10851],[77.8636,30.10851]],[[77.861,30.10299],[77.85936,30.09974],[77.856,30.09985],[77.861,30.10299]],[[77.90928,30.07704],[77.9074,30.07557],[77.90553,30.07971],[77.89843,30.08117],[77.89618,30.08649],[77.8999,30.08666],[77.90076,30.08985],[77.89721,30.09154],[77.8949,30.08947],[77.89542,30.0929],[77.89187,30.09172],[77.89289,30.09833],[77.89884,30.10028],[77.8987,30.09262],[77.90126,30.09307],[77.90175,30.0908],[77.90093,30.08675],[77.90609,30.0872],[77.90928,30.07704]],[[77.84399,30.08953],[77.84335,30.0955],[77.85106,30.09646],[77.84778,30.09073],[77.84399,30.08953]],[[77.85274,30.09081],[77.8506,30.09323],[77.85392,30.09234],[77.85274,30.09081]],[[77.92604,30.09845],[77.92365,30.09728],[77.92614,30.09863],[77.92614,30.09854],[77.92604,30.09845]],[[77.91988,30.09289],[77.92133,30.09454],[77.91786,30.08911],[77.91988,30.09289]],[[77.91112,30.0902],[77.91497,30.08563],[77.91369,30.07981],[77.90946,30.08395],[77.91119,30.08787],[77.90834,30.09238],[77.91112,30.0902]],[[77.83604,30.08671],[77.83976,30.08346],[77.8318,30.08377],[77.83604,30.08671]],[[77.85715,30.08703],[77.85887,30.08608],[77.85591,30.0845],[77.85715,30.08703]],[[77.82792,30.08185],[77.82652,30.07802],[77.82364,30.08361],[77.8279,30.0843],[77.82792,30.08185]],[[77.83853,30.08034],[77.84118,30.0816],[77.84038,30.07934],[77.83853,30.08034]],[[77.84642,30.07789],[77.84655,30.07717],[77.84676,30.07718],[77.84521,30.07678],[77.84642,30.07789]],[[77.80126,30.06868],[77.80264,30.06716],[77.79958,30.06572],[77.79836,30.06895],[77.80126,30.06868]],[[77.7929,30.06565],[77.78909,30.0636],[77.78904,30.06671],[77.79413,30.06752],[77.7929,30.06565]],[[77.7911,30.06153],[77.79126,30.0587],[77.78886,30.06088],[77.7911,30.06153]],[[77.78993,30.04857],[77.79331,30.05082],[77.79031,30.04747],[77.78792,30.04824],[77.78993,30.04857]],[[77.80283,30.02682],[77.80405,30.0119],[77.79907,30.01394],[77.8011,30.01657],[77.79845,30.019],[77.80283,30.02682]],[[77.78926,30.01117],[77.78651,30.00977],[77.7861,30.01498],[77.79037,30.01625],[77.78926,30.01117]],[[77.806,30.00931],[77.81407,30.0016],[77.81221,29.99912],[77.8084,29.99877],[77.80496,30.00196],[77.806,30.00931]],[[77.83067,30.00294],[77.83077,30.00294],[77.83109,30.001],[77.83067,30.00294]],[[77.77862,30.01376],[77.77464,30.0147],[77.77872,30.01394],[77.77862,30.01376]],[[77.78271,30.0153],[77.78413,30.01642],[77.78466,30.01531],[77.78272,30.01521],[77.78271,30.0153]],[[77.79048,29.99304],[77.79445,29.99418],[77.7962,29.99209],[77.79048,29.99304]],[[77.80033,29.98931],[77.80179,29.98925],[77.80155,29.98732],[77.80033,29.98931]],[[77.80867,29.98963],[77.81308,29.98719],[77.81094,29.98529],[77.80708,29.98569],[77.80867,29.98963]],[[77.7888,29.98268],[77.78382,29.97547],[77.7873,29.98435],[77.7888,29.98268]],[[77.80054,29.96677],[77.79259,29.96998],[77.79498,29.97361],[77.79233,29.97879],[77.7975,29.97879],[77.79637,29.97245],[77.79904,29.9716],[77.80227,29.97078],[77.80388,29.96771],[77.80062,29.96961],[77.80074,29.96696],[77.80084,29.96696],[77.80074,29.96696],[77.80054,29.96677]],[[77.82097,29.96768],[77.81695,29.97148],[77.8187,29.97551],[77.82411,29.97289],[77.82214,29.96907],[77.82529,29.96824],[77.82097,29.96768]],[[77.83439,29.9747],[77.8288,29.97983],[77.84026,29.97641],[77.8382,29.97303],[77.83498,29.97225],[77.83439,29.9747]],[[77.83039,29.96771],[77.82985,29.96456],[77.82629,29.96388],[77.83039,29.96771]],[[77.83847,29.96422],[77.83936,29.96086],[77.83669,29.95871],[77.83874,29.95498],[77.83283,29.95733],[77.83219,29.96228],[77.83847,29.96422]],[[77.89707,29.95899],[77.89654,29.96073],[77.90237,29.96063],[77.89804,29.95847],[77.89625,29.95177],[77.89325,29.95561],[77.89707,29.95899]],[[77.91652,29.96182],[77.91237,29.96201],[77.91091,29.96578],[77.91761,29.96641],[77.91965,29.95987],[77.91652,29.96182]],[[77.88563,29.96475],[77.88589,29.96137],[77.88248,29.96376],[77.88349,29.96705],[77.88563,29.96475]],[[77.89858,29.96452],[77.89987,29.96273],[77.89762,29.9622],[77.89858,29.96452]],[[77.96943,29.96779],[77.96763,29.97235],[77.96763,29.97244],[77.97038,29.97386],[77.9724,29.97571],[77.97261,29.97571],[77.97302,29.97581],[77.97301,29.9759],[77.97312,29.9759],[77.98019,29.97869],[77.97869,29.97315],[77.97548,29.96974],[77.96943,29.96779]],[[77.94227,29.97458],[77.93964,29.97748],[77.94466,29.97948],[77.94997,29.9775],[77.94957,29.98513],[77.95245,29.98583],[77.95306,29.9718],[77.94985,29.97159],[77.94739,29.97512],[77.94227,29.97458]],[[77.9149,29.97554],[77.91321,29.97388],[77.91028,29.97579],[77.91339,29.9773],[77.9149,29.97554]],[[77.97219,29.98241],[77.97219,29.97931],[77.96939,29.98079],[77.97219,29.98241]],[[77.98345,29.97677],[77.981,29.97618],[77.98637,29.97767],[77.98345,29.97677]],[[77.97333,29.96445],[77.97223,29.96064],[77.96941,29.96323],[77.97333,29.96445]],[[77.95524,29.95755],[77.95373,29.96376],[77.95928,29.96372],[77.9615,29.96055],[77.95372,29.95547],[77.95461,29.9578],[77.95524,29.95755]],[[77.93296,29.95981],[77.93472,29.96226],[77.93533,29.95986],[77.93296,29.95981]],[[77.85282,29.95559],[77.86115,29.95088],[77.8521,29.94912],[77.85447,29.95129],[77.85112,29.95346],[77.85282,29.95559]],[[77.88087,29.95629],[77.88034,29.95191],[77.87817,29.95336],[77.88087,29.95629]],[[77.87919,29.95198],[77.88,29.94871],[77.87794,29.94915],[77.87909,29.95198],[77.87919,29.95198]],[[77.86706,29.94848],[77.86754,29.94404],[77.86352,29.94523],[77.86706,29.94848]],[[77.87856,29.94592],[77.87902,29.94773],[77.87932,29.94783],[77.87856,29.94592]],[[77.88033,29.94551],[77.882,29.9473],[77.88387,29.94496],[77.88033,29.94551]],[[77.88839,29.94273],[77.88629,29.94164],[77.88648,29.94495],[77.88839,29.94273]],[[77.85448,29.94111],[77.85367,29.93646],[77.8652,29.93739],[77.86115,29.93159],[77.86231,29.92884],[77.8575,29.93032],[77.85837,29.93506],[77.85069,29.93458],[77.85246,29.94133],[77.85448,29.94111]],[[77.87385,29.93891],[77.86973,29.93537],[77.87179,29.94039],[77.87385,29.93891]],[[77.83987,29.94099],[77.83872,29.93925],[77.83438,29.94321],[77.83614,29.94728],[77.83987,29.94099]],[[77.84055,29.9525],[77.83854,29.95181],[77.83903,29.95485],[77.84065,29.95259],[77.84055,29.9525]],[[77.81141,29.95218],[77.80864,29.95664],[77.81041,29.9576],[77.81141,29.95218]],[[77.82066,29.95693],[77.8238,29.95692],[77.82249,29.95405],[77.82066,29.95693]],[[77.8098,29.95897],[77.80725,29.9608],[77.80725,29.96414],[77.8098,29.95897]],[[77.82011,29.96039],[77.81957,29.96478],[77.82334,29.9638],[77.82011,29.96039]],[[77.89886,29.91731],[77.90373,29.91661],[77.9003,29.9169],[77.90012,29.9118],[77.89598,29.91667],[77.89886,29.91731]],[[77.86175,29.90088],[77.86164,29.90097],[77.86184,29.90125],[77.86174,29.90097],[77.86175,29.90088]],[[77.8711,29.90309],[77.87099,29.90309],[77.87078,29.90317],[77.8711,29.90309]],[[77.91735,29.93922],[77.92033,29.93825],[77.91957,29.9362],[77.91735,29.93922]],[[77.91179,29.93606],[77.91324,29.93272],[77.90957,29.93598],[77.91179,29.93606]],[[77.90811,29.9326],[77.90919,29.9284],[77.90539,29.93071],[77.90694,29.93608],[77.90811,29.9326]],[[77.94167,29.99299],[77.93782,30.00187],[77.94148,30.00394],[77.93957,30.00145],[77.94366,29.99916],[77.94398,29.99508],[77.94167,29.99299]],[[77.93925,29.99613],[77.93954,29.99659],[77.93965,29.99659],[77.93945,29.99623],[77.93925,29.99613]],[[77.94801,29.99742],[77.94812,29.99733],[77.95015,29.99645],[77.94712,29.9958],[77.94802,29.99733],[77.94801,29.99742]],[[77.9861,30.00551],[77.98446,30.00209],[77.98337,30.0068],[77.9792,30.00837],[77.98388,30.00717],[77.98407,30.01006],[77.98751,30.01039],[77.9861,30.00551]],[[77.96678,30.02427],[77.95744,30.01866],[77.96037,30.02389],[77.96706,30.02518],[77.96678,30.02427]],[[77.92903,30.01927],[77.9354,30.02826],[77.93544,30.02404],[77.92903,30.01927]],[[77.93307,30.02788],[77.93044,30.02754],[77.92956,30.03211],[77.93307,30.02788]],[[77.93151,30.03256],[77.93439,30.03574],[77.93308,30.03152],[77.93151,30.03256]],[[77.93451,30.04139],[77.93421,30.04331],[77.93722,30.04328],[77.93451,30.04139]],[[77.93983,30.04466],[77.93983,30.04457],[77.93973,30.04457],[77.93983,30.04466]],[[77.92645,30.05007],[77.92607,30.05285],[77.9298,30.05367],[77.92645,30.05007]],[[77.93825,30.05725],[77.93882,30.06185],[77.94135,30.05752],[77.93825,30.05725]],[[77.89313,29.97016],[77.88727,29.9705],[77.89088,29.97619],[77.89313,29.97016]],[[77.88963,30.02229],[77.88974,30.01613],[77.88777,30.0229],[77.88963,30.02229]],[[77.83617,30.06879],[77.83713,30.06694],[77.83473,30.06749],[77.83617,30.06879]],[[77.84601,30.0639],[77.84979,30.06108],[77.84611,30.06089],[77.84601,30.0639]],[[77.83663,30.05435],[77.83797,30.05059],[77.83253,30.05127],[77.83177,30.05341],[77.83663,30.05435]],[[77.83247,30.05375],[77.83236,30.05375],[77.83226,30.05393],[77.83266,30.05412],[77.83247,30.05375]],[[77.8327,30.03996],[77.83333,30.04347],[77.83563,30.04148],[77.8327,30.03996],[77.83486,30.03633],[77.83263,30.03493],[77.83042,30.03721],[77.8327,30.03996]],[[77.83071,30.0308],[77.83292,30.03407],[77.83246,30.03001],[77.83071,30.0308]],[[77.89177,30.10653],[77.88955,30.10662],[77.8909,30.10857],[77.89177,30.10653]],[[77.90739,30.11108],[77.90749,30.11109],[77.9073,30.11081],[77.90739,30.11108]]],[[[77.93599,29.97063],[77.93701,29.97212],[77.93589,29.97062],[77.93599,29.97063]]],[[[78.16255,30.13948],[78.16145,30.14311],[78.16132,30.13897],[78.1578,30.13801],[78.1589,30.13531],[78.16255,30.13948]]],[[[78.09502,30.14148],[78.09211,30.14172],[78.09678,30.13633],[78.09502,30.14148]]],[[[79.21971,30.16242],[79.21981,30.16251],[79.21971,30.16251],[79.21971,30.16242]]],[[[77.87441,30.13402],[77.87504,30.13643],[77.87565,30.13229],[77.87795,30.13281],[77.87767,30.13738],[77.87485,30.1366],[77.87441,30.13402]]],[[[78.12626,30.13601],[78.12805,30.13772],[78.12446,30.14328],[78.12626,30.13601]]],[[[79.22085,30.1628],[79.22064,30.16298],[79.22012,30.16279],[79.21991,30.1627],[79.21981,30.16251],[79.22023,30.16234],[79.22034,30.16234],[79.22085,30.1628]]],[[[78.16569,30.10664],[78.16101,30.11914],[78.15497,30.11656],[78.1555,30.12018],[78.15232,30.122],[78.15362,30.12718],[78.14531,30.12781],[78.14644,30.13032],[78.15023,30.12799],[78.15282,30.13043],[78.14528,30.14168],[78.1481,30.1412],[78.15012,30.14492],[78.1449,30.14907],[78.14404,30.14629],[78.14659,30.14502],[78.14286,30.14411],[78.14427,30.13917],[78.14192,30.13624],[78.14547,30.13686],[78.14184,30.13256],[78.14566,30.13159],[78.1418,30.12966],[78.14183,30.12479],[78.14693,30.11705],[78.14581,30.11261],[78.15004,30.10563],[78.15048,30.11797],[78.1467,30.11934],[78.14992,30.11923],[78.15145,30.12326],[78.15266,30.10325],[78.15673,30.10441],[78.15958,30.09902],[78.15923,30.11177],[78.16238,30.10463],[78.16569,30.10664]]],[[[78.15801,30.14632],[78.15396,30.14968],[78.15566,30.14719],[78.1531,30.14771],[78.15307,30.1456],[78.15691,30.14603],[78.15784,30.14164],[78.15801,30.14632]]],[[[78.73128,30.16138],[78.7333,30.15948],[78.73554,30.16109],[78.73128,30.16138]]],[[[78.08894,30.14722],[78.08454,30.14861],[78.08706,30.14577],[78.08894,30.14722]]],[[[78.12729,30.14674],[78.12714,30.15206],[78.12062,30.15018],[78.11979,30.13481],[78.12324,30.14413],[78.12729,30.14674]]],[[[78.13832,30.15151],[78.13475,30.14897],[78.13696,30.14543],[78.1333,30.14434],[78.13747,30.14137],[78.13832,30.15151]]],[[[78.69598,30.16498],[78.69515,30.16144],[78.69662,30.1646],[78.69819,30.16356],[78.69823,30.16472],[78.69598,30.16498]]],[[[78.16369,30.1526],[78.16338,30.1566],[78.16177,30.1525],[78.15948,30.15487],[78.16065,30.14608],[78.16369,30.1526]]],[[[78.18652,30.1569],[78.18848,30.15337],[78.18635,30.15151],[78.19062,30.15085],[78.18794,30.14878],[78.19147,30.14738],[78.1906,30.15427],[78.18652,30.1569]]],[[[78.1523,30.15496],[78.15099,30.15684],[78.14872,30.15376],[78.1521,30.15455],[78.15653,30.15117],[78.1523,30.15496]]],[[[78.1836,30.15545],[78.18474,30.15731],[78.18244,30.15773],[78.1836,30.15545]]],[[[78.14205,30.15672],[78.13942,30.15647],[78.14328,30.15481],[78.14205,30.15672]]],[[[78.75365,30.1679],[78.75434,30.1698],[78.75044,30.16979],[78.75365,30.1679]]],[[[78.0847,30.15009],[78.08119,30.15731],[78.07981,30.15237],[78.0847,30.15009]]],[[[78.12603,30.15641],[78.12242,30.15838],[78.11302,30.15415],[78.11452,30.14526],[78.11706,30.14369],[78.11428,30.14295],[78.11509,30.13985],[78.11887,30.14397],[78.11888,30.14721],[78.11519,30.14737],[78.11673,30.15166],[78.1235,30.15158],[78.12017,30.1543],[78.12347,30.15288],[78.12603,30.15641]]],[[[78.14811,30.15738],[78.15044,30.15921],[78.14807,30.16059],[78.14811,30.15738]]],[[[78.22624,30.1633],[78.22468,30.16345],[78.22501,30.16274],[78.22542,30.16302],[78.22531,30.1631],[78.22542,30.16302],[78.22624,30.1633]]],[[[78.07848,30.16065],[78.07338,30.15917],[78.0789,30.1567],[78.07848,30.16065]]],[[[78.17704,30.16343],[78.17574,30.15914],[78.17903,30.15535],[78.18179,30.15916],[78.17704,30.16343]]],[[[79.19142,30.18206],[79.19142,30.18215],[79.19122,30.18206],[79.19142,30.18206]]],[[[79.66802,30.18822],[79.66635,30.18848],[79.66824,30.18714],[79.66802,30.18822]]],[[[78.12905,30.1613],[78.12834,30.16412],[78.12752,30.15842],[78.12905,30.1613]]],[[[78.75212,30.1759],[78.74883,30.17605],[78.75181,30.17589],[78.75212,30.1759]]],[[[78.17934,30.16654],[78.17711,30.16487],[78.18056,30.16368],[78.17934,30.16654]]],[[[78.2289,30.16859],[78.22334,30.16617],[78.22932,30.16454],[78.2289,30.16859]]],[[[79.20424,30.18549],[79.20413,30.18585],[79.20372,30.18566],[79.20424,30.18549]]],[[[78.1252,30.16638],[78.12413,30.16865],[78.12066,30.1636],[78.11922,30.16648],[78.1145,30.16702],[78.11348,30.16372],[78.10975,30.16365],[78.11016,30.16106],[78.1163,30.15846],[78.12052,30.15978],[78.12104,30.16324],[78.12521,30.16077],[78.1252,30.16638]]],[[[79.23255,30.18768],[79.23218,30.18506],[79.23229,30.18488],[79.2324,30.1847],[79.2325,30.18443],[79.23272,30.1838],[79.23334,30.18426],[79.23405,30.18517],[79.23255,30.18768]]],[[[79.20106,30.18905],[79.20053,30.18932],[79.20064,30.18923],[79.20075,30.18914],[79.20085,30.18905],[79.20106,30.18905]]],[[[79.17439,30.18778],[79.17763,30.18656],[79.17958,30.18785],[79.17964,30.18864],[79.17439,30.18778]]],[[[79.19012,30.1908],[79.19022,30.19089],[79.19012,30.19089],[79.19012,30.1908]]],[[[78.19821,30.17083],[78.20414,30.163],[78.21289,30.16208],[78.21224,30.1648],[78.21547,30.16432],[78.21199,30.16755],[78.20592,30.16599],[78.20675,30.16993],[78.19886,30.17355],[78.19821,30.17083]]],[[[79.62647,30.19555],[79.62684,30.19767],[79.62606,30.19519],[79.62647,30.19555]]],[[[78.19097,30.17365],[78.19451,30.17318],[78.19243,30.17518],[78.19097,30.17365]]],[[[79.19567,30.19403],[79.19567,30.19421],[79.19557,30.19403],[79.19567,30.19403]]],[[[78.14287,30.17337],[78.13722,30.17663],[78.14097,30.17363],[78.14134,30.16828],[78.14287,30.17337]]],[[[79.16667,30.19516],[79.16637,30.1948],[79.16668,30.19498],[79.16667,30.19516]]],[[[79.62463,30.20149],[79.6223,30.20122],[79.62405,30.19467],[79.62662,30.19996],[79.62463,30.20149]]],[[[78.9977,30.19504],[78.99657,30.19466],[78.9974,30.19476],[78.9974,30.19485],[78.9974,30.19476],[78.9977,30.19504]]],[[[79.6192,30.20288],[79.61847,30.20368],[79.61806,30.20295],[79.62069,30.20054],[79.6215,30.20236],[79.6214,30.20218],[79.6193,30.20351],[79.6192,30.20288]]],[[[79.17866,30.19867],[79.17866,30.19876],[79.17855,30.19867],[79.17866,30.19867]]],[[[79.165,30.19933],[79.16199,30.19805],[79.1631,30.19478],[79.165,30.19933]]],[[[78.14314,30.17464],[78.14164,30.182],[78.13985,30.17734],[78.14314,30.17464]]],[[[79.16961,30.20495],[79.16961,30.20504],[79.1695,30.20504],[79.16961,30.20495]]],[[[78.08457,30.1793],[78.08699,30.18157],[78.08402,30.18596],[78.08113,30.18151],[78.08457,30.1793]]],[[[79.46671,30.20966],[79.4665,30.20993],[79.46662,30.20894],[79.46682,30.2093],[79.46671,30.20966]]],[[[79.46608,30.21029],[79.46608,30.21038],[79.46577,30.21037],[79.46608,30.21029]]],[[[79.47792,30.21078],[79.47781,30.21087],[79.47781,30.21078],[79.47792,30.21078]]],[[[78.99606,30.2043],[78.99606,30.20448],[78.99596,30.20448],[78.99606,30.2043]]],[[[78.99102,30.20224],[78.99055,30.20449],[78.98935,30.20267],[78.99102,30.20224]]],[[[78.98531,30.20197],[78.98535,30.20343],[78.98417,30.20462],[78.98131,30.20435],[78.97977,30.20387],[78.97977,30.20378],[78.98034,30.20108],[78.97798,30.19997],[78.97892,30.19935],[78.97953,30.20008],[78.98087,30.20064],[78.98066,30.20082],[78.98189,30.20165],[78.98344,30.20203],[78.9851,30.20206],[78.98531,30.20215],[78.98531,30.20197]]],[[[79.46577,30.21037],[79.46605,30.21236],[79.46442,30.21027],[79.46577,30.21037]]],[[[79.47781,30.21078],[79.47731,30.20942],[79.48202,30.21224],[79.47792,30.21078],[79.47781,30.21078]]],[[[78.13933,30.18633],[78.1432,30.19001],[78.14047,30.19118],[78.13933,30.18633]]],[[[79.18332,30.21082],[79.18253,30.20846],[79.17995,30.20762],[79.17345,30.20509],[79.17866,30.19876],[79.17866,30.19867],[79.17855,30.19867],[79.17141,30.20242],[79.17262,30.20499],[79.17199,30.20516],[79.17148,30.2047],[79.1695,30.20513],[79.16961,30.20504],[79.16961,30.20495],[79.16381,30.20242],[79.16677,30.19589],[79.1674,30.19508],[79.16699,30.1949],[79.16795,30.19383],[79.16805,30.19374],[79.1705,30.19603],[79.17395,30.19463],[79.1751,30.1942],[79.17634,30.19494],[79.17644,30.19494],[79.17716,30.19513],[79.17642,30.19629],[79.17621,30.19629],[79.17651,30.19683],[79.1763,30.19701],[79.18376,30.20064],[79.19256,30.19669],[79.18935,30.19616],[79.19015,30.19348],[79.18841,30.19357],[79.19051,30.19294],[79.19137,30.19588],[79.19221,30.19246],[79.1865,30.1903],[79.18987,30.19032],[79.18949,30.1848],[79.18447,30.18598],[79.18351,30.18881],[79.18088,30.18477],[79.17959,30.18554],[79.18185,30.18633],[79.18137,30.18689],[79.18137,30.1868],[79.18012,30.18705],[79.18125,30.1877],[79.1799,30.1875],[79.17818,30.18485],[79.17653,30.18447],[79.17674,30.18421],[79.17187,30.18769],[79.17018,30.18547],[79.17028,30.18547],[79.17018,30.18547],[79.16743,30.18796],[79.16723,30.18786],[79.16723,30.18777],[79.17294,30.18208],[79.17322,30.18005],[79.17668,30.18186],[79.1771,30.17719],[79.18672,30.17812],[79.18724,30.17813],[79.18744,30.1784],[79.18868,30.1786],[79.18938,30.18172],[79.19235,30.17883],[79.19354,30.18264],[79.19858,30.18261],[79.19867,30.18592],[79.2008,30.18402],[79.20128,30.18644],[79.20372,30.18566],[79.20413,30.18585],[79.20424,30.18549],[79.2058,30.18533],[79.20628,30.1875],[79.20149,30.18843],[79.20085,30.18905],[79.20075,30.18914],[79.20064,30.18923],[79.20053,30.18932],[79.19761,30.19],[79.1975,30.19036],[79.19978,30.19075],[79.20449,30.18892],[79.20331,30.1908],[79.20371,30.19171],[79.20312,30.19585],[79.20432,30.19839],[79.20204,30.19773],[79.20225,30.19764],[79.20204,30.19773],[79.20017,30.19788],[79.19652,30.19882],[79.19569,30.19881],[79.19569,30.1989],[79.19299,30.19901],[79.19354,30.20293],[79.1933,30.20473],[79.19237,30.20445],[79.18805,30.20177],[79.18882,30.20494],[79.18649,30.20789],[79.18332,30.21082]],[[79.19557,30.19403],[79.1933,30.19599],[79.19591,30.19475],[79.19567,30.19403],[79.19557,30.19403]],[[79.19545,30.18898],[79.19248,30.19221],[79.19594,30.19052],[79.19555,30.18907],[79.19545,30.18898]],[[79.19022,30.19089],[79.19012,30.1908],[79.19012,30.19089],[79.19022,30.19089]],[[79.1908,30.18215],[79.19142,30.18215],[79.19142,30.18206],[79.19122,30.18206],[79.1908,30.18215]]],[[[79.4698,30.21159],[79.47396,30.21218],[79.47499,30.21427],[79.47301,30.2152],[79.47359,30.21297],[79.46919,30.21263],[79.46842,30.21356],[79.46871,30.21474],[79.46796,30.21369],[79.46864,30.21302],[79.46793,30.21139],[79.4698,30.21159]]],[[[79.00491,30.20877],[79.00275,30.20568],[79.00283,30.20883],[79.00036,30.20744],[78.99849,30.20732],[78.99338,30.2085],[78.99596,30.20448],[78.99602,30.2047],[78.99616,30.20449],[78.99606,30.2043],[78.99951,30.20375],[78.99708,30.19845],[79.00381,30.19848],[79.00144,30.195],[79.00373,30.19504],[79.00638,30.19742],[79.01209,30.19824],[79.01348,30.19569],[79.0156,30.19883],[79.01453,30.19998],[79.01386,30.20259],[79.00893,30.19941],[79.0111,30.20534],[79.00491,30.20877]],[[79.01238,30.19878],[79.01226,30.19959],[79.01237,30.19905],[79.01238,30.19878]]],[[[78.1302,30.19325],[78.12606,30.19469],[78.12813,30.18931],[78.1302,30.19325]]],[[[78.1709,30.1963],[78.16931,30.19776],[78.1691,30.19413],[78.17379,30.19308],[78.1709,30.1963]]],[[[78.05796,30.19634],[78.05795,30.19643],[78.05785,30.19643],[78.05796,30.19634]]],[[[78.14147,30.19785],[78.13916,30.19458],[78.14406,30.19148],[78.1452,30.19692],[78.14147,30.19785]]],[[[78.1273,30.19662],[78.12961,30.19568],[78.13013,30.19973],[78.1273,30.19671],[78.1273,30.19662]]],[[[79.45748,30.22236],[79.45656,30.22154],[79.45769,30.22228],[79.45748,30.22236]]],[[[78.1774,30.19825],[78.18166,30.19794],[78.18392,30.20065],[78.17171,30.19936],[78.17847,30.19591],[78.1774,30.19825]]],[[[78.95042,30.21686],[78.95052,30.21695],[78.95041,30.21695],[78.95042,30.21686]]],[[[78.16607,30.20259],[78.16396,30.20178],[78.16821,30.20003],[78.16607,30.20259]]],[[[79.30656,30.22014],[79.30642,30.22253],[79.30553,30.21986],[79.30646,30.22005],[79.30656,30.22014]]],[[[78.95041,30.21704],[78.94886,30.21674],[78.95042,30.21686],[78.95041,30.21695],[78.95041,30.21704]]],[[[79.3087,30.22251],[79.30735,30.22268],[79.30697,30.22051],[79.30656,30.22014],[79.30646,30.22005],[79.30885,30.21981],[79.3087,30.22242],[79.3087,30.22251]]],[[[78.94976,30.21847],[78.94986,30.21856],[78.94976,30.21856],[78.94976,30.21847]]],[[[78.18096,30.20437],[78.18096,30.20446],[78.18086,30.20445],[78.18096,30.20437]]],[[[78.18116,30.20455],[78.18096,30.20446],[78.18096,30.20437],[78.18116,30.20455]]],[[[78.17969,30.20515],[78.16797,30.20287],[78.1732,30.20109],[78.17969,30.20515]]],[[[79.35313,30.22506],[79.35407,30.22251],[79.35478,30.22572],[79.35313,30.22506]]],[[[78.15122,30.20598],[78.15275,30.20186],[78.15527,30.20189],[78.15122,30.20598]]],[[[78.1452,30.20407],[78.14459,30.20714],[78.14254,30.20373],[78.14565,30.20076],[78.1452,30.20407]]],[[[78.07359,30.20441],[78.06779,30.20361],[78.07428,30.19794],[78.07757,30.201],[78.07359,30.20441]]],[[[78.95121,30.22355],[78.94801,30.2206],[78.95077,30.21984],[78.9461,30.21959],[78.94976,30.21847],[78.94976,30.21856],[78.94986,30.21856],[78.95007,30.21866],[78.95017,30.21866],[78.95327,30.21961],[78.9526,30.21653],[78.95955,30.21709],[78.95955,30.21718],[78.95952,30.22063],[78.95407,30.22116],[78.95375,30.22124],[78.95121,30.22355]]],[[[78.13616,30.20619],[78.1389,30.20995],[78.13732,30.20901],[78.13624,30.207],[78.13616,30.20619]]],[[[79.29402,30.23053],[79.29308,30.23061],[79.29298,30.23052],[79.29402,30.23044],[79.29402,30.23053]]],[[[78.07563,30.19556],[78.06908,30.19583],[78.07103,30.19833],[78.06694,30.20037],[78.06178,30.19942],[78.06166,30.20317],[78.06518,30.20236],[78.06617,30.20442],[78.05706,30.21028],[78.05417,30.20843],[78.05901,30.20183],[78.05462,30.20478],[78.05656,30.19793],[78.05698,30.19776],[78.05698,30.19767],[78.05741,30.19723],[78.05795,30.19643],[78.05796,30.19634],[78.05817,30.19608],[78.07658,30.1753],[78.07034,30.17055],[78.07359,30.16905],[78.07474,30.17156],[78.07876,30.17153],[78.08051,30.1649],[78.08291,30.16453],[78.07916,30.16258],[78.07697,30.16732],[78.07415,30.16726],[78.07081,30.16494],[78.07166,30.1613],[78.08185,30.16181],[78.08451,30.16013],[78.08317,30.15753],[78.09106,30.15619],[78.08668,30.15286],[78.09066,30.15194],[78.08961,30.14902],[78.09778,30.14282],[78.10219,30.13412],[78.10009,30.13307],[78.1093,30.12317],[78.1075,30.12967],[78.11094,30.12402],[78.11133,30.13135],[78.11715,30.13164],[78.11676,30.13574],[78.11206,30.13617],[78.11089,30.13258],[78.10866,30.14024],[78.11156,30.13796],[78.11438,30.13949],[78.10955,30.14155],[78.11343,30.14406],[78.11301,30.14698],[78.1119,30.14882],[78.1058,30.14734],[78.11192,30.15133],[78.11337,30.15608],[78.10685,30.1622],[78.10216,30.15932],[78.10033,30.16209],[78.11148,30.167],[78.11235,30.17186],[78.10473,30.17189],[78.10573,30.16742],[78.10113,30.17026],[78.10343,30.17156],[78.09574,30.172],[78.09501,30.16788],[78.0993,30.1679],[78.09563,30.16627],[78.10239,30.15556],[78.10033,30.15492],[78.09121,30.15947],[78.09223,30.16255],[78.09566,30.1603],[78.09373,30.16739],[78.08939,30.17073],[78.09354,30.16968],[78.09259,30.1744],[78.08921,30.17134],[78.08911,30.17133],[78.08484,30.17196],[78.08452,30.17213],[78.08314,30.17319],[78.08292,30.17372],[78.08319,30.17869],[78.07932,30.17856],[78.07876,30.18223],[78.08282,30.18911],[78.07563,30.19556]],[[78.06692,30.19627],[78.06967,30.1925],[78.06545,30.19479],[78.06692,30.19627]],[[78.07197,30.18592],[78.07199,30.18798],[78.07816,30.18882],[78.07197,30.18592]]],[[[78.14609,30.21092],[78.14374,30.21478],[78.14176,30.21353],[78.13809,30.20574],[78.14024,30.20102],[78.14218,30.20784],[78.13982,30.20916],[78.14555,30.20906],[78.14599,30.21091],[78.14609,30.21092]]],[[[79.44748,30.23731],[79.44707,30.23969],[79.44645,30.23649],[79.44656,30.23649],[79.44748,30.23731],[79.44748,30.2374],[79.44748,30.23731]]],[[[78.71749,30.23258],[78.71497,30.23216],[78.71882,30.22781],[78.72386,30.22746],[78.72003,30.22827],[78.71749,30.23258]]],[[[78.15046,30.21778],[78.15276,30.21951],[78.1505,30.22171],[78.15046,30.21778]]],[[[78.8044,30.23452],[78.80171,30.23402],[78.80348,30.23369],[78.80171,30.23402],[78.80436,30.23231],[78.8044,30.23452],[78.8044,30.23443],[78.8044,30.23452]]],[[[78.05396,30.20852],[78.05444,30.2134],[78.04084,30.22098],[78.0368,30.21994],[78.04076,30.21579],[78.04076,30.21588],[78.04076,30.21597],[78.04076,30.21588],[78.04076,30.21579],[78.04572,30.21329],[78.04854,30.21254],[78.05014,30.21141],[78.05024,30.21132],[78.05035,30.21114],[78.05024,30.21132],[78.05014,30.21141],[78.05057,30.2106],[78.05068,30.21061],[78.05089,30.21052],[78.05207,30.20938],[78.05396,30.20852]]],[[[78.72159,30.23149],[78.72313,30.23416],[78.71991,30.23569],[78.72159,30.23149]]],[[[79.59613,30.24792],[79.59612,30.2481],[79.59592,30.24801],[79.59602,30.24792],[79.59613,30.24792]]],[[[79.59633,30.2482],[79.59633,30.24838],[79.59623,30.2482],[79.59633,30.2482]]],[[[78.19151,30.22704],[78.1944,30.22855],[78.193,30.23015],[78.18989,30.22828],[78.19151,30.22704]]],[[[79.59436,30.2553],[79.59302,30.25421],[79.59313,30.25421],[79.59436,30.2553]]],[[[79.4496,30.25412],[79.44847,30.25321],[79.44776,30.24571],[79.44729,30.24255],[79.44671,30.24001],[79.44681,30.24019],[79.44957,30.23644],[79.44823,30.23588],[79.4469,30.23442],[79.4463,30.23297],[79.44777,30.22523],[79.45266,30.22492],[79.4552,30.22216],[79.45674,30.22308],[79.45829,30.22391],[79.46424,30.22689],[79.46344,30.23287],[79.45776,30.23103],[79.45786,30.23103],[79.45776,30.23103],[79.45767,30.23004],[79.45747,30.22976],[79.45694,30.23048],[79.45454,30.22996],[79.45397,30.23405],[79.45407,30.23414],[79.45072,30.23614],[79.45785,30.23861],[79.46034,30.23873],[79.46178,30.23983],[79.46331,30.24156],[79.46428,30.24307],[79.46279,30.24183],[79.46279,30.24174],[79.46,30.24026],[79.45762,30.23969],[79.45544,30.23984],[79.45543,30.2403],[79.45564,30.2403],[79.45544,30.23984],[79.45708,30.24122],[79.45853,30.24178],[79.46235,30.2429],[79.45855,30.24932],[79.45691,30.24546],[79.45658,30.24931],[79.45592,30.24905],[79.45642,30.24838],[79.45605,30.24734],[79.45508,30.24656],[79.45333,30.2483],[79.45218,30.24919],[79.45001,30.24922],[79.453,30.24947],[79.45393,30.25011],[79.44983,30.25322],[79.4496,30.25412]],[[79.45853,30.22842],[79.45978,30.22817],[79.45874,30.22815],[79.45853,30.22842]]],[[[79.59194,30.25726],[79.59132,30.25717],[79.59144,30.25599],[79.59205,30.25726],[79.59194,30.25726]]],[[[79.40386,30.25492],[79.40292,30.25536],[79.40121,30.25201],[79.40296,30.25293],[79.40285,30.25311],[79.40386,30.25492]]],[[[79.5915,30.25888],[79.58753,30.25967],[79.58914,30.25723],[79.58677,30.25531],[79.59144,30.25599],[79.59194,30.25726],[79.59205,30.25726],[79.5915,30.25888]]],[[[79.45235,30.27103],[79.45225,30.27111],[79.45235,30.27094],[79.45235,30.27103]]],[[[78.16751,30.25702],[78.16222,30.25571],[78.16251,30.25384],[78.16251,30.25375],[78.16374,30.25239],[78.16751,30.25702]]],[[[79.17491,30.27223],[79.17066,30.27714],[79.17059,30.27308],[79.17317,30.27346],[79.17097,30.27177],[79.17609,30.26999],[79.17491,30.27223]]],[[[78.16087,30.25652],[78.1627,30.25981],[78.15846,30.25742],[78.16087,30.25652]]],[[[79.43965,30.27918],[79.43844,30.28443],[79.43439,30.27641],[79.43584,30.27687],[79.43791,30.27726],[79.43965,30.27918]]],[[[79.45495,30.28459],[79.45278,30.28375],[79.45083,30.2821],[79.45094,30.28184],[79.45011,30.28156],[79.44938,30.28173],[79.4472,30.28143],[79.44704,30.2794],[79.45112,30.27958],[79.45017,30.27786],[79.44584,30.27519],[79.45225,30.27111],[79.45235,30.27103],[79.45235,30.27094],[79.45556,30.27188],[79.45726,30.26287],[79.45737,30.26287],[79.45747,30.2627],[79.4591,30.26506],[79.46061,30.26314],[79.46471,30.26959],[79.46675,30.26786],[79.46909,30.27412],[79.46503,30.27231],[79.46256,30.27629],[79.45948,30.27523],[79.46167,30.27339],[79.45714,30.27339],[79.46029,30.2793],[79.46561,30.28066],[79.45458,30.28102],[79.45777,30.28372],[79.45538,30.28333],[79.45495,30.28459]]],[[[79.46406,30.28704],[79.46406,30.28713],[79.46395,30.28704],[79.46406,30.28704]]],[[[80.52297,30.29591],[80.52183,30.29599],[80.52044,30.29478],[80.52297,30.29591]]],[[[79.44056,30.28054],[79.44633,30.28254],[79.4438,30.28847],[79.44056,30.28054]]],[[[79.46413,30.28912],[79.46195,30.2894],[79.46066,30.28841],[79.46406,30.28713],[79.46406,30.28704],[79.46406,30.28695],[79.46395,30.28704],[79.46134,30.28557],[79.46641,30.28683],[79.4618,30.28874],[79.46413,30.28912]]],[[[79.52789,30.29253],[79.52577,30.29084],[79.52878,30.2904],[79.52789,30.29253]]],[[[79.27803,30.2896],[79.27679,30.28904],[79.27813,30.28951],[79.27803,30.2896]]],[[[78.46371,30.27734],[78.45595,30.27698],[78.4533,30.27284],[78.45725,30.26594],[78.4595,30.26716],[78.4596,30.26734],[78.4597,30.26734],[78.46052,30.26781],[78.46052,30.2679],[78.46052,30.26781],[78.46403,30.26668],[78.46562,30.27047],[78.46152,30.27058],[78.46484,30.27376],[78.46273,30.2748],[78.46371,30.27734]]],[[[79.27878,30.29403],[79.27902,30.29214],[79.28476,30.29263],[79.27878,30.29403]]],[[[79.52923,30.29501],[79.52961,30.29745],[79.52599,30.29569],[79.52526,30.29632],[79.52632,30.29438],[79.5281,30.2963],[79.52923,30.29501]]],[[[79.51567,30.29792],[79.51577,30.29802],[79.51566,30.29801],[79.51567,30.29792]]],[[[79.10825,30.29601],[79.11172,30.29377],[79.11331,30.29743],[79.10834,30.29628],[79.10825,30.29601]]],[[[79.47374,30.29961],[79.47026,30.30263],[79.46934,30.30145],[79.46973,30.29685],[79.47148,30.29742],[79.47148,30.29751],[79.47148,30.2976],[79.47148,30.29751],[79.47148,30.29742],[79.47259,30.29977],[79.4728,30.29969],[79.47374,30.29961]]],[[[79.51993,30.30465],[79.51993,30.30474],[79.51983,30.30474],[79.51993,30.30465]]],[[[79.04459,30.29742],[79.04602,30.29897],[79.04365,30.29785],[79.04428,30.29741],[79.04459,30.29742]]],[[[79.11737,30.29713],[79.11504,30.30256],[79.10985,30.30115],[79.11644,30.29694],[79.11655,30.29685],[79.11665,30.29685],[79.11737,30.29713]]],[[[79.5172,30.30678],[79.51541,30.3083],[79.5145,30.30657],[79.5145,30.30648],[79.51377,30.30665],[79.51377,30.3062],[79.50893,30.3051],[79.50704,30.30139],[79.51272,30.29883],[79.50985,30.29759],[79.51081,30.29483],[79.51318,30.29735],[79.51567,30.29792],[79.51566,30.29801],[79.51577,30.29802],[79.51649,30.29829],[79.51681,30.29812],[79.52018,30.29925],[79.51758,30.30183],[79.51472,30.30174],[79.51452,30.30482],[79.51983,30.30474],[79.51993,30.30483],[79.5197,30.306],[79.5172,30.30678]]],[[[79.04989,30.30273],[79.04927,30.3029],[79.04906,30.3028],[79.04989,30.30273]]],[[[79.03958,30.3021],[79.03666,30.30226],[79.03615,30.29855],[79.03958,30.3021]]],[[[79.04576,30.30131],[79.04836,30.30113],[79.04675,30.30433],[79.04576,30.30131]]],[[[79.04523,30.30735],[79.04523,30.30744],[79.04512,30.30744],[79.04523,30.30735]]],[[[79.04408,30.30751],[79.04026,30.30628],[79.04544,30.30551],[79.04408,30.30751]]],[[[79.04533,30.30735],[79.04631,30.30765],[79.04512,30.30744],[79.04523,30.30744],[79.04533,30.30735]]],[[[79.05187,30.30799],[79.04967,30.30541],[79.05454,30.30451],[79.05272,30.3071],[79.05187,30.30799],[79.05177,30.3079],[79.05187,30.30799]]],[[[77.94517,30.29178],[77.9447,30.28997],[77.94641,30.29324],[77.94517,30.29178]]],[[[77.95187,30.29437],[77.94943,30.29361],[77.95613,30.29023],[77.95187,30.29437]]],[[[77.9215,30.29087],[77.92171,30.29439],[77.91548,30.29346],[77.9157,30.29035],[77.9215,30.29087]]],[[[79.50418,30.32179],[79.5013,30.32194],[79.49979,30.31606],[79.50193,30.31068],[79.5104,30.31352],[79.5118,30.31486],[79.51171,30.32065],[79.50523,30.3209],[79.5058,30.31775],[79.51076,30.31865],[79.51101,30.31682],[79.50633,30.3148],[79.50431,30.31582],[79.50418,30.32179]]],[[[79.30484,30.32026],[79.304,30.32052],[79.30298,30.31979],[79.30361,30.31439],[79.30674,30.31357],[79.30484,30.32026]]],[[[78.55972,30.30713],[78.56043,30.30879],[78.55828,30.30647],[78.55987,30.30207],[78.56242,30.30321],[78.56282,30.30642],[78.56081,30.30507],[78.55972,30.30704],[78.55972,30.30713]]],[[[77.89977,30.29468],[77.89997,30.29505],[77.89976,30.29486],[77.89977,30.29468]]],[[[77.89997,30.29505],[77.89996,30.29514],[77.89976,30.29504],[77.89997,30.29505]]],[[[79.43287,30.31978],[79.42855,30.32007],[79.43218,30.32136],[79.42729,30.32481],[79.42421,30.32167],[79.42431,30.32167],[79.42421,30.32167],[79.42418,30.31688],[79.42446,30.31391],[79.42868,30.31504],[79.42982,30.31542],[79.43033,30.31578],[79.4274,30.31674],[79.42801,30.31956],[79.43197,30.31703],[79.43287,30.31978]]],[[[78.03126,30.29692],[78.02698,30.30101],[78.028,30.29738],[78.03126,30.29692]]],[[[77.9773,30.30087],[77.97102,30.29678],[77.97439,30.29611],[77.9773,30.30087]]],[[[79.3885,30.32394],[79.39088,30.32594],[79.38614,30.32797],[79.38639,30.32581],[79.38411,30.32233],[79.38265,30.32513],[79.38213,30.32557],[79.3815,30.32538],[79.37984,30.32536],[79.3768,30.32054],[79.3882,30.31846],[79.39226,30.32241],[79.38818,30.32393],[79.3885,30.32394]]],[[[77.95843,30.30125],[77.95846,30.30349],[77.95643,30.30286],[77.95843,30.30125]]],[[[78.03233,30.30114],[78.03311,30.30612],[78.03028,30.30244],[78.03233,30.30114]]],[[[77.97365,30.30397],[77.9708,30.30299],[77.97145,30.30057],[77.97365,30.30397]]],[[[78.99559,30.32491],[78.99548,30.325],[78.99548,30.32491],[78.99559,30.32491]]],[[[78.99364,30.32371],[78.99431,30.3216],[78.99666,30.3255],[78.99515,30.32581],[78.99559,30.32491],[78.99548,30.32491],[78.99362,30.3247],[78.99364,30.32371]]],[[[78.02688,30.30764],[78.02689,30.30389],[78.02909,30.30513],[78.02688,30.30764]]],[[[79.05344,30.32822],[79.05344,30.32831],[79.05334,30.32822],[79.05344,30.32822]]],[[[79.05355,30.32831],[79.05344,30.3284],[79.05344,30.32831],[79.05355,30.32831]]],[[[79.05592,30.32916],[79.0556,30.32952],[79.05582,30.32916],[79.05592,30.32916]]],[[[77.98195,30.30711],[77.98041,30.30915],[77.97527,30.3047],[77.97923,30.30258],[77.98195,30.30711]]],[[[79.12339,30.33042],[79.12328,30.33077],[79.12329,30.33005],[79.12339,30.33042]]],[[[79.31312,30.33481],[79.31108,30.3327],[79.31554,30.33598],[79.31312,30.33481]]],[[[77.9661,30.31137],[77.96024,30.30309],[77.9644,30.30001],[77.96884,30.3068],[77.9661,30.31137]]],[[[77.92384,30.31217],[77.91783,30.31052],[77.92183,30.30847],[77.91987,30.30601],[77.92638,30.30401],[77.92665,30.29968],[77.92844,30.30361],[77.93617,30.30271],[77.93206,30.30582],[77.93793,30.30654],[77.93676,30.30908],[77.92384,30.31217]]],[[[77.97316,30.31065],[77.97194,30.30562],[77.97757,30.31101],[77.97301,30.30837],[77.97466,30.31094],[77.971,30.31348],[77.97316,30.31074],[77.97316,30.31065]]],[[[79.22366,30.33579],[79.22313,30.33632],[79.22345,30.33587],[79.22366,30.33579]]],[[[79.10215,30.33715],[79.09944,30.33738],[79.10226,30.33706],[79.10215,30.33715]]],[[[79.34907,30.34311],[79.34907,30.3432],[79.34897,30.3432],[79.34907,30.34311]]],[[[79.34907,30.34311],[79.35107,30.34206],[79.34907,30.34329],[79.34907,30.3432],[79.34907,30.34311]]],[[[79.34907,30.34329],[79.34844,30.34329],[79.34897,30.3432],[79.34907,30.34329]]],[[[79.11521,30.33968],[79.11362,30.3411],[79.11417,30.33921],[79.1142,30.33804],[79.11272,30.33683],[79.11238,30.34054],[79.11175,30.34089],[79.11038,30.33627],[79.1161,30.33626],[79.11137,30.33112],[79.11769,30.32961],[79.12062,30.32839],[79.12062,30.3283],[79.12335,30.32699],[79.12377,30.32708],[79.12323,30.32789],[79.12339,30.33042],[79.12329,30.33005],[79.1198,30.32994],[79.11887,30.33315],[79.12012,30.33298],[79.12096,30.33255],[79.12219,30.33319],[79.12046,30.33687],[79.11817,30.33711],[79.11807,30.33692],[79.11796,30.33692],[79.11807,30.33692],[79.11817,30.33711],[79.11773,30.338],[79.11543,30.33869],[79.11583,30.33951],[79.11562,30.3396],[79.11521,30.33968]]],[[[79.09956,30.34225],[79.09882,30.34287],[79.09882,30.34278],[79.09956,30.34225]]],[[[78.99671,30.34108],[78.99647,30.3427],[78.99637,30.34269],[78.99671,30.34108]]],[[[77.88641,30.32136],[77.8858,30.31756],[77.88844,30.31982],[77.88641,30.32136]]],[[[79.2011,30.34657],[79.20089,30.34666],[79.2011,30.34639],[79.2011,30.34657]]],[[[79.19547,30.34722],[79.19589,30.34668],[79.19589,30.34695],[79.19578,30.34704],[79.19547,30.34722]]],[[[79.09876,30.34576],[79.09792,30.3462],[79.09781,30.34619],[79.09846,30.34512],[79.09876,30.34576]]],[[[79.19566,30.34785],[79.19566,30.34794],[79.19545,30.34794],[79.19566,30.34785]]],[[[79.19712,30.34769],[79.19566,30.34794],[79.19566,30.34785],[79.19712,30.34769]]],[[[77.92903,30.32621],[77.92391,30.32271],[77.92187,30.32572],[77.91341,30.32359],[77.91374,30.32088],[77.91031,30.3194],[77.91118,30.31515],[77.91431,30.32043],[77.9208,30.31989],[77.92217,30.32275],[77.92336,30.31938],[77.91895,30.3166],[77.92533,30.31467],[77.92464,30.31673],[77.92454,30.31673],[77.92509,30.31897],[77.9272,30.31814],[77.9272,30.31823],[77.92903,30.32612],[77.92903,30.32621]],[[77.92533,30.31801],[77.92512,30.318],[77.92523,30.31801],[77.92533,30.31801]]],[[[77.88378,30.32045],[77.8843,30.32705],[77.88294,30.32688],[77.88241,30.32114],[77.88332,30.32571],[77.88378,30.32045]]],[[[78.97307,30.34793],[78.97263,30.34891],[78.9725,30.34521],[78.97298,30.3472],[78.97288,30.34702],[78.97298,30.3472],[78.97286,30.34783],[78.97307,30.34793],[78.97296,30.34802],[78.97307,30.34793]]],[[[77.91737,30.32919],[77.9158,30.32721],[77.91895,30.32782],[77.91737,30.32919]]],[[[78.99539,30.34999],[78.99331,30.34986],[78.99524,30.34728],[78.99414,30.34979],[78.99539,30.34999]]],[[[79.0216,30.34975],[79.02111,30.35143],[79.0215,30.34975],[79.0216,30.34975]]],[[[78.99842,30.34904],[78.9993,30.35176],[78.99601,30.35009],[78.9973,30.34785],[78.99811,30.34913],[78.99842,30.34904]]],[[[77.87028,30.32356],[77.87831,30.32212],[77.87722,30.3257],[77.87311,30.32701],[77.87511,30.33019],[77.87028,30.32356]]],[[[79.0539,30.35258],[79.05326,30.35321],[79.05326,30.35312],[79.05337,30.35303],[79.05348,30.35294],[79.05358,30.35276],[79.05379,30.35267],[79.0539,30.35258]]],[[[77.85462,30.32886],[77.85125,30.33013],[77.854,30.32885],[77.85462,30.32886]]],[[[79.00043,30.35268],[78.99814,30.35282],[79.00095,30.3526],[79.00043,30.35268]]],[[[79.02225,30.35364],[79.02215,30.35373],[79.02184,30.35346],[79.02225,30.35364]]],[[[79.04804,30.35403],[79.04804,30.35412],[79.04784,30.35403],[79.04804,30.35403]]],[[[79.04815,30.35412],[79.04814,30.35421],[79.04804,30.35412],[79.04815,30.35412]]],[[[79.04825,30.35421],[79.04825,30.3543],[79.04814,30.35421],[79.04825,30.35421]]],[[[79.04835,30.35431],[79.04835,30.3544],[79.04825,30.3543],[79.04835,30.35431]]],[[[79.05251,30.35437],[79.05167,30.35463],[79.05189,30.35436],[79.05236,30.35166],[79.0539,30.35258],[79.05379,30.35267],[79.05358,30.35276],[79.05348,30.35294],[79.05337,30.35303],[79.05326,30.35312],[79.05326,30.35321],[79.05295,30.35338],[79.05251,30.35437]]],[[[79.04804,30.35403],[79.05146,30.35508],[79.04835,30.3544],[79.04835,30.35431],[79.04825,30.35421],[79.04815,30.35412],[79.04804,30.35403]]],[[[79.02358,30.3552],[79.02357,30.35538],[79.02347,30.35538],[79.02358,30.3552]]],[[[79.02225,30.35364],[79.02333,30.35365],[79.02406,30.35517],[79.02357,30.35538],[79.02358,30.3552],[79.02338,30.35465],[79.02225,30.35373],[79.02225,30.35364]]],[[[77.90498,30.32059],[77.90997,30.3302],[77.91489,30.33097],[77.90047,30.33392],[77.90836,30.32779],[77.90301,30.32412],[77.89996,30.32832],[77.89993,30.32904],[77.89834,30.33192],[77.8935,30.32713],[77.88865,30.32866],[77.90317,30.31376],[77.911,30.31356],[77.913,30.30961],[77.91592,30.31055],[77.91108,30.31506],[77.90498,30.32059]]],[[[77.85695,30.33063],[77.85902,30.33086],[77.86034,30.32472],[77.8616,30.33155],[77.85306,30.33373],[77.85618,30.33214],[77.85562,30.32681],[77.85695,30.33063]]],[[[77.85186,30.33227],[77.85262,30.33442],[77.84934,30.3348],[77.85186,30.33227]]],[[[79.01883,30.35846],[79.01988,30.35812],[79.01956,30.35856],[79.01883,30.35846]]],[[[79.04824,30.35999],[79.04741,30.35998],[79.04772,30.35998],[79.04824,30.35999]]],[[[79.05085,30.3594],[79.04755,30.35967],[79.04741,30.35637],[79.05112,30.35615],[79.05148,30.35913],[79.05127,30.35922],[79.05085,30.3594]]],[[[79.20152,30.36309],[79.20362,30.3624],[79.20183,30.36354],[79.20152,30.36309]]],[[[78.9762,30.36259],[78.97609,30.36268],[78.9762,30.3625],[78.9762,30.36259]]],[[[78.9755,30.36114],[78.97587,30.35885],[78.97865,30.36175],[78.97682,30.36269],[78.97685,30.36134],[78.9755,30.36114]]],[[[78.97681,30.36314],[78.97609,30.36268],[78.9762,30.36259],[78.9763,30.36259],[78.97682,30.36269],[78.97681,30.36305],[78.97681,30.36314]]],[[[77.85609,30.34125],[77.85055,30.34113],[77.85343,30.33648],[77.85574,30.33573],[77.85875,30.33941],[77.85745,30.3344],[77.86156,30.33728],[77.86461,30.33487],[77.86652,30.33819],[77.86021,30.33936],[77.85609,30.34125]]],[[[79.01612,30.36374],[79.01642,30.36438],[79.01591,30.36374],[79.01612,30.36374]]],[[[79.01642,30.36438],[79.01652,30.36456],[79.01642,30.36456],[79.01642,30.36438]]],[[[79.51257,30.37187],[79.51379,30.36912],[79.51519,30.37073],[79.51257,30.37187]]],[[[79.01642,30.36456],[79.01357,30.36136],[79.01368,30.36118],[79.01433,30.35479],[79.01598,30.34994],[79.01781,30.35222],[79.01729,30.35411],[79.01802,30.35232],[79.02073,30.35191],[79.01733,30.35546],[79.01722,30.35555],[79.01733,30.35546],[79.01711,30.356],[79.018,30.35845],[79.01872,30.35855],[79.01931,30.35891],[79.02039,30.3578],[79.02196,30.35788],[79.02336,30.35546],[79.02336,30.35555],[79.02405,30.35737],[79.02379,30.36016],[79.01591,30.36374],[79.01642,30.36456]]],[[[77.86855,30.33857],[77.87129,30.33904],[77.8703,30.34269],[77.86144,30.34318],[77.86665,30.33952],[77.86855,30.33857]]],[[[79.51588,30.37326],[79.51588,30.37335],[79.51578,30.37326],[79.51588,30.37326]]],[[[79.51578,30.37326],[79.51867,30.37128],[79.51588,30.37335],[79.51588,30.37326],[79.51578,30.37326]]],[[[79.16784,30.36722],[79.16909,30.36897],[79.16645,30.36928],[79.16625,30.36909],[79.16605,30.36855],[79.16784,30.36722]]],[[[78.61187,30.36014],[78.60987,30.361],[78.6067,30.35887],[78.61187,30.36014]]],[[[79.3074,30.37109],[79.30412,30.37406],[79.30396,30.36545],[79.3094,30.36345],[79.3074,30.37109]]],[[[79.11899,30.37232],[79.11669,30.37055],[79.12023,30.37067],[79.11899,30.37232]]],[[[77.84198,30.3502],[77.84026,30.35109],[77.84318,30.34839],[77.84198,30.3502]]],[[[77.84658,30.34932],[77.8436,30.35168],[77.8465,30.34868],[77.84658,30.34932]]],[[[79.20905,30.37835],[79.2078,30.37824],[79.20895,30.37808],[79.20925,30.37835],[79.20905,30.37835]]],[[[79.08147,30.37897],[79.08157,30.37907],[79.08147,30.37906],[79.08147,30.37897]]],[[[77.86496,30.35152],[77.8662,30.3552],[77.86381,30.35608],[77.86496,30.35152]]],[[[79.08167,30.37907],[79.08162,30.37976],[79.08136,30.37897],[79.08147,30.37906],[79.08157,30.37907],[79.08167,30.37907]]],[[[78.98577,30.37789],[78.98494,30.3777],[78.98504,30.3777],[78.98577,30.37789]]],[[[79.0592,30.37892],[79.06234,30.37833],[79.06303,30.38027],[79.06149,30.37886],[79.0592,30.37892]]],[[[77.8483,30.35545],[77.84651,30.35639],[77.84621,30.35277],[77.84952,30.35173],[77.85114,30.35342],[77.8483,30.35545]]],[[[78.97025,30.37838],[78.96887,30.37998],[78.96547,30.37821],[78.96662,30.37485],[78.97025,30.37838]]],[[[78.76625,30.376],[78.76449,30.37682],[78.76561,30.37359],[78.76625,30.376]]],[[[79.06195,30.38202],[79.06195,30.38211],[79.06185,30.38211],[79.06195,30.38202]]],[[[79.06344,30.38042],[79.06405,30.38133],[79.06216,30.38212],[79.06205,30.38211],[79.06195,30.38202],[79.06179,30.37994],[79.06344,30.38042],[79.06333,30.38051],[79.06344,30.38051],[79.06344,30.38042]]],[[[79.06205,30.38211],[79.06195,30.3822],[79.06195,30.38211],[79.06205,30.38211]]],[[[78.00038,30.36257],[77.99754,30.36155],[78.00127,30.36044],[78.00038,30.36257]]],[[[79.29589,30.3805],[79.29781,30.38405],[79.29195,30.38605],[79.29522,30.38311],[79.29492,30.38248],[79.28845,30.38365],[79.28539,30.38222],[79.28674,30.38029],[79.28851,30.38041],[79.2882,30.38013],[79.2881,30.38013],[79.28749,30.37886],[79.28641,30.3756],[79.2893,30.37829],[79.29754,30.37867],[79.296,30.38032],[79.29589,30.3805]]],[[[77.87606,30.35677],[77.87533,30.36087],[77.87378,30.35515],[77.86902,30.3536],[77.87062,30.34813],[77.87787,30.3553],[77.8782,30.35674],[77.87497,30.35608],[77.87294,30.35254],[77.87443,30.35586],[77.87606,30.35677]]],[[[78.98975,30.38174],[78.99024,30.3824],[78.98899,30.383],[78.9887,30.382],[78.98974,30.38183],[78.98975,30.38174]]],[[[77.80732,30.35783],[77.80707,30.35448],[77.80942,30.35543],[77.815,30.34923],[77.81684,30.35459],[77.81349,30.35723],[77.81216,30.35547],[77.80929,30.35956],[77.80732,30.35783]]],[[[77.8981,30.35749],[77.90234,30.36204],[77.89347,30.35761],[77.89279,30.34871],[77.8969,30.34953],[77.89749,30.35694],[77.8976,30.35703],[77.8981,30.35749]]],[[[78.97195,30.38174],[78.97047,30.3828],[78.9708,30.38235],[78.97059,30.38217],[78.97096,30.37976],[78.97195,30.38174]]],[[[79.20849,30.3861],[79.20732,30.38771],[79.20798,30.38573],[79.20849,30.3861]]],[[[79.06666,30.38597],[79.06634,30.38642],[79.06634,30.38624],[79.06666,30.38597]]],[[[79.0652,30.38631],[79.05714,30.38349],[79.0591,30.37909],[79.0598,30.38055],[79.05978,30.38118],[79.06185,30.38211],[79.06195,30.3822],[79.06216,30.38212],[79.06594,30.3856],[79.0652,30.38631],[79.0653,30.38613],[79.0652,30.38631]]],[[[79.2037,30.38603],[79.20022,30.38878],[79.19996,30.38551],[79.20379,30.38443],[79.20519,30.38108],[79.20109,30.38095],[79.19989,30.38427],[79.19796,30.38162],[79.19764,30.3763],[79.20073,30.37805],[79.20317,30.37351],[79.20611,30.37407],[79.2062,30.37461],[79.20616,30.37669],[79.20528,30.37836],[79.20881,30.37979],[79.20886,30.38531],[79.20447,30.38415],[79.2037,30.38603]],[[79.20459,30.37739],[79.20391,30.37939],[79.20552,30.37758],[79.20459,30.37739]]],[[[77.88392,30.3638],[77.87725,30.36116],[77.88065,30.36014],[77.88392,30.3638]]],[[[78.75551,30.38289],[78.75415,30.38133],[78.75938,30.37754],[78.7628,30.37936],[78.76751,30.37756],[78.75551,30.38289]]],[[[79.19179,30.38867],[79.18761,30.38978],[79.18911,30.38746],[79.1887,30.38718],[79.1827,30.38751],[79.18534,30.38316],[79.18689,30.38364],[79.18903,30.38628],[79.19057,30.38748],[79.19179,30.38867]],[[79.18346,30.389],[79.18408,30.38955],[79.18327,30.3881],[79.18346,30.389]]],[[[78.97778,30.3867],[78.97826,30.38391],[78.9781,30.38653],[78.97789,30.3867],[78.97778,30.3867]]],[[[78.97159,30.38435],[78.97454,30.3855],[78.97141,30.38805],[78.97159,30.38435]]],[[[77.87616,30.36558],[77.87636,30.36754],[77.87166,30.36449],[77.87308,30.36294],[77.87616,30.36558]]],[[[79.02693,30.39025],[79.02682,30.39052],[79.02487,30.38923],[79.02703,30.39025],[79.02693,30.39025]]],[[[77.86838,30.3679],[77.86585,30.36772],[77.86827,30.36557],[77.86838,30.3679]]],[[[79.00838,30.39141],[79.00827,30.39159],[79.00817,30.3915],[79.00838,30.39141]]],[[[77.78753,30.36874],[77.7896,30.3656],[77.79085,30.36772],[77.78753,30.36874]]],[[[77.83115,30.3732],[77.83044,30.37282],[77.83169,30.37276],[77.83115,30.3732]]],[[[79.00864,30.39421],[79.0027,30.39625],[79.00817,30.3915],[79.00827,30.39159],[79.00878,30.39214],[79.00907,30.39341],[79.00666,30.394],[79.00864,30.39421]]],[[[79.0108,30.39533],[79.00869,30.39701],[79.0085,30.39574],[79.0107,30.39533],[79.0108,30.39533]]],[[[78.93789,30.39356],[78.93975,30.39432],[78.93622,30.39631],[78.93415,30.39333],[78.93789,30.39356]]],[[[79.02678,30.39764],[79.02667,30.39773],[79.02657,30.39773],[79.02678,30.39746],[79.02678,30.39764]]],[[[77.86427,30.37183],[77.86223,30.37128],[77.86484,30.37015],[77.86752,30.37546],[77.86427,30.37183]]],[[[79.02542,30.39817],[79.02243,30.39677],[79.02513,30.39672],[79.02522,30.39753],[79.02501,30.39789],[79.02511,30.39789],[79.02542,30.39817]]],[[[77.98238,30.37873],[77.97998,30.37637],[77.98366,30.3751],[77.98238,30.37873]]],[[[78.86955,30.39725],[78.86582,30.39647],[78.86194,30.38936],[78.8655,30.38708],[78.86843,30.38675],[78.86795,30.39501],[78.87024,30.39383],[78.86955,30.39725]]],[[[78.94598,30.39956],[78.94598,30.39965],[78.94588,30.39964],[78.94598,30.39956]]],[[[77.83805,30.37759],[77.83405,30.37277],[77.83643,30.37089],[77.8407,30.37331],[77.83805,30.37759]]],[[[78.94588,30.39964],[78.94588,30.39973],[78.94577,30.39973],[78.94588,30.39964]]],[[[78.90117,30.39785],[78.89393,30.39856],[78.89539,30.39505],[78.89973,30.39364],[78.90059,30.39577],[78.89845,30.39589],[78.90117,30.39785]]],[[[79.14473,30.40118],[79.14343,30.40396],[79.14474,30.40028],[79.14484,30.401],[79.14463,30.401],[79.14473,30.40118]]],[[[78.86764,30.39857],[78.86864,30.40048],[78.86605,30.40008],[78.86801,30.39987],[78.86385,30.39932],[78.86605,30.40008],[78.86279,30.39954],[78.86474,30.39798],[78.86764,30.39857]]],[[[78.94609,30.39956],[78.94752,30.40075],[78.94416,30.40205],[78.94577,30.39982],[78.94588,30.39973],[78.94598,30.39965],[78.94609,30.39956]]],[[[79.14858,30.40389],[79.15164,30.40552],[79.14766,30.40555],[79.14858,30.40389]]],[[[78.89733,30.40221],[78.89492,30.40284],[78.89401,30.40024],[78.89863,30.39997],[78.89733,30.40221]]],[[[77.8981,30.38216],[77.89613,30.3842],[77.89525,30.38183],[77.89289,30.38262],[77.8953,30.38042],[77.8981,30.38216]]],[[[79.41194,30.41138],[79.41162,30.41155],[79.41152,30.41155],[79.41098,30.41052],[79.40972,30.41095],[79.40915,30.41017],[79.40949,30.40864],[79.40938,30.40864],[79.4097,30.4081],[79.41021,30.40892],[79.40971,30.41058],[79.41094,30.40893],[79.41104,30.40902],[79.41249,30.4094],[79.41194,30.41138]]],[[[79.1414,30.40672],[79.13838,30.40677],[79.13933,30.40579],[79.13885,30.4038],[79.1414,30.40672]]],[[[79.41162,30.41155],[79.41006,30.4119],[79.41152,30.41155],[79.41162,30.41155]]],[[[77.87499,30.38444],[77.87313,30.38413],[77.87303,30.38404],[77.87499,30.38444]]],[[[78.9629,30.40208],[78.9642,30.40398],[78.95936,30.40657],[78.95503,30.40484],[78.95438,30.4014],[78.95735,30.40334],[78.95969,30.39944],[78.96341,30.39895],[78.9629,30.40208]]],[[[77.77078,30.38304],[77.76983,30.37678],[77.77485,30.36655],[77.77844,30.37427],[77.77078,30.38304]]],[[[79.44002,30.41264],[79.43831,30.41373],[79.43584,30.40971],[79.44002,30.41264]]],[[[77.86736,30.38579],[77.86746,30.38589],[77.86735,30.38588],[77.86736,30.38579]]],[[[77.86746,30.38589],[77.86756,30.38598],[77.86745,30.38598],[77.86746,30.38589]]],[[[77.87313,30.38413],[77.87337,30.3863],[77.8685,30.38258],[77.87303,30.38404],[77.87313,30.38413]]],[[[77.86756,30.38598],[77.86797,30.38626],[77.86756,30.38607],[77.86756,30.38598]]],[[[79.05021,30.4072],[79.05016,30.4099],[79.04909,30.40601],[79.05021,30.4072]]],[[[79.22716,30.41306],[79.22303,30.41039],[79.23009,30.41184],[79.22716,30.41306]]],[[[79.43851,30.41621],[79.43718,30.41466],[79.43861,30.41621],[79.43851,30.41621]]],[[[77.93093,30.38839],[77.92889,30.39],[77.92672,30.3868],[77.93093,30.38839]]],[[[77.82112,30.38747],[77.82102,30.38756],[77.82102,30.38747],[77.82112,30.38747]]],[[[77.81634,30.38736],[77.82016,30.38155],[77.82327,30.38356],[77.82113,30.38738],[77.82102,30.38747],[77.82102,30.38756],[77.81634,30.38736]]],[[[79.41964,30.41779],[79.41913,30.41724],[79.42006,30.41761],[79.41964,30.41779]]],[[[77.88347,30.3911],[77.87963,30.38915],[77.88459,30.38666],[77.88347,30.3911]]],[[[79.22929,30.4157],[79.22706,30.4164],[79.22818,30.4137],[79.22828,30.41362],[79.22818,30.4137],[79.22901,30.41399],[79.22929,30.4157]]],[[[79.44188,30.4204],[79.44198,30.42049],[79.44188,30.42049],[79.44188,30.4204]]],[[[77.88821,30.39396],[77.8878,30.39377],[77.88832,30.39369],[77.88821,30.39396]]],[[[79.04482,30.41668],[79.04413,30.41487],[79.04755,30.41546],[79.04482,30.41668]]],[[[78.97087,30.41411],[78.97341,30.41423],[78.97145,30.41619],[78.96856,30.41488],[78.96867,30.4148],[78.96986,30.41265],[78.97087,30.41411]]],[[[79.34205,30.42025],[79.33811,30.42151],[79.33845,30.4175],[79.34205,30.42025]]],[[[79.42796,30.42226],[79.42513,30.41948],[79.4296,30.41998],[79.42796,30.42226]]],[[[79.35823,30.42352],[79.35772,30.42334],[79.35823,30.42343],[79.35823,30.42352]]],[[[78.98535,30.41866],[78.98524,30.41884],[78.98503,30.41884],[78.98535,30.41866]]],[[[79.36174,30.42307],[79.36174,30.42528],[79.35975,30.42344],[79.36174,30.42307]]],[[[79.05679,30.422],[79.05679,30.42209],[79.05668,30.42209],[79.05679,30.422]]],[[[79.05679,30.42209],[79.05689,30.42218],[79.05679,30.42218],[79.05679,30.42209]]],[[[78.98524,30.41884],[78.98687,30.41843],[78.98152,30.41725],[78.98594,30.41466],[78.98835,30.41952],[78.98217,30.42123],[78.9758,30.42022],[78.97714,30.41722],[78.98058,30.42016],[78.98223,30.41843],[78.98264,30.41871],[78.98503,30.41884],[78.98524,30.41884]]],[[[79.36837,30.42762],[79.36482,30.42821],[79.36423,30.42586],[79.36797,30.42617],[79.36847,30.42762],[79.36837,30.42762]]],[[[77.98866,30.40515],[77.98856,30.40524],[77.98856,30.40515],[77.98866,30.40515]]],[[[77.98845,30.40524],[77.98793,30.40532],[77.98867,30.40506],[77.98856,30.40515],[77.98845,30.40524]]],[[[77.80316,30.39971],[77.80398,30.40135],[77.8004,30.40085],[77.80316,30.39971]]],[[[79.06002,30.42178],[79.0569,30.42705],[79.05603,30.42352],[79.05562,30.42343],[79.05668,30.42209],[79.05679,30.42218],[79.05689,30.42218],[79.06002,30.42178]]],[[[79.38786,30.43246],[79.38775,30.43255],[79.38776,30.43246],[79.38786,30.43246]]],[[[79.02067,30.42687],[79.01983,30.42767],[79.01962,30.42767],[79.02067,30.42687]]],[[[79.14074,30.42467],[79.14285,30.42912],[79.14025,30.42872],[79.13922,30.42798],[79.13612,30.42514],[79.13622,30.4219],[79.13726,30.42191],[79.14028,30.4243],[79.13722,30.42423],[79.13738,30.42579],[79.14074,30.42467]]],[[[77.81054,30.40181],[77.80954,30.40373],[77.80506,30.4016],[77.80977,30.39904],[77.80739,30.39647],[77.8198,30.39753],[77.81779,30.39571],[77.81984,30.39371],[77.81667,30.39366],[77.81843,30.39273],[77.81414,30.38968],[77.83764,30.39761],[77.8244,30.39608],[77.82128,30.39724],[77.8225,30.39985],[77.81703,30.39912],[77.81884,30.40176],[77.8102,30.39967],[77.81054,30.40181]]],[[[79.38775,30.43255],[79.3864,30.43263],[79.3801,30.42939],[79.38185,30.42746],[79.37819,30.42805],[79.3784,30.42502],[79.38796,30.42624],[79.38817,30.42633],[79.3908,30.4307],[79.38786,30.43246],[79.38786,30.43237],[79.38776,30.43246],[79.38775,30.43255]]],[[[79.15075,30.42977],[79.14877,30.42965],[79.15054,30.42941],[79.15054,30.4295],[79.15075,30.42977]]],[[[79.06241,30.42714],[79.0645,30.42672],[79.06373,30.42897],[79.06241,30.42714]]],[[[79.346,30.43284],[79.3441,30.42929],[79.34773,30.43092],[79.346,30.43284]]],[[[79.20139,30.43255],[79.19871,30.43107],[79.19872,30.43098],[79.19873,30.43008],[79.19873,30.42999],[79.20174,30.42826],[79.19805,30.42746],[79.19809,30.43097],[79.1953,30.42987],[79.19541,30.42601],[79.19859,30.42436],[79.20349,30.42618],[79.20337,30.42708],[79.20337,30.42717],[79.20281,30.42887],[79.20139,30.43255]]],[[[79.04006,30.42031],[79.03674,30.4254],[79.03249,30.42394],[79.03121,30.42844],[79.02372,30.43053],[79.0248,30.42856],[79.02491,30.42856],[79.02565,30.42776],[79.02545,30.4273],[79.02431,30.42711],[79.02191,30.42743],[79.02492,30.426],[79.02243,30.42547],[79.02186,30.41483],[79.0193,30.41511],[79.02128,30.42172],[79.01797,30.421],[79.01515,30.41507],[79.01805,30.41267],[79.02243,30.41295],[79.02051,30.40918],[79.02509,30.40645],[79.0214,30.40631],[79.02109,30.40622],[79.01887,30.40294],[79.02149,30.40217],[79.02146,30.40334],[79.02118,30.40535],[79.02262,30.40347],[79.02512,30.40481],[79.02238,30.39929],[79.02493,30.39918],[79.02432,30.40216],[79.02629,30.40116],[79.02692,30.4008],[79.02724,30.40081],[79.02723,30.4009],[79.02724,30.40081],[79.02724,30.40072],[79.02549,30.39952],[79.0283,30.39965],[79.02913,30.39975],[79.02696,30.40238],[79.0308,30.40492],[79.0309,30.40492],[79.031,30.4052],[79.0315,30.40602],[79.03171,30.40629],[79.0321,30.40756],[79.02951,30.40956],[79.03263,30.41217],[79.03336,30.41218],[79.03107,30.41581],[79.03419,30.41228],[79.03635,30.41333],[79.03496,30.4099],[79.03922,30.4055],[79.03971,30.40659],[79.0394,30.40659],[79.03951,30.41137],[79.03786,30.41098],[79.03734,30.4107],[79.03734,30.41061],[79.03735,30.41052],[79.03734,30.41061],[79.03734,30.4107],[79.037,30.41205],[79.04293,30.41755],[79.04006,30.42031]],[[79.03493,30.42212],[79.03542,30.42078],[79.03438,30.41866],[79.03247,30.41709],[79.03015,30.4192],[79.0296,30.41722],[79.02913,30.42081],[79.03419,30.42274],[79.03408,30.42292],[79.03387,30.42301],[79.03408,30.42301],[79.03481,30.42297],[79.03514,30.42186],[79.03493,30.42212]],[[79.02657,30.42078],[79.02456,30.41733],[79.02406,30.42118],[79.02657,30.42078]],[[79.03106,30.40745],[79.03117,30.40709],[79.03106,30.40718],[79.03106,30.40745]]],[[[77.90206,30.4033],[77.90913,30.40451],[77.90794,30.4069],[77.91206,30.40658],[77.91384,30.40935],[77.90398,30.40831],[77.90679,30.40656],[77.90515,30.40487],[77.90154,30.40757],[77.89162,30.40468],[77.88429,30.40194],[77.8786,30.40348],[77.88669,30.40729],[77.88245,30.40825],[77.87522,30.4033],[77.87545,30.39933],[77.88261,30.4015],[77.86952,30.39111],[77.85353,30.38718],[77.86012,30.39085],[77.86001,30.39384],[77.8654,30.3917],[77.8647,30.39338],[77.87545,30.39933],[77.87357,30.40281],[77.86256,30.3992],[77.86292,30.39601],[77.85446,30.39814],[77.85415,30.39536],[77.85085,30.3974],[77.8489,30.39374],[77.85319,30.3863],[77.84755,30.39062],[77.84334,30.38868],[77.83991,30.39102],[77.84353,30.3913],[77.84304,30.39477],[77.83808,30.39125],[77.83446,30.39323],[77.83408,30.38765],[77.83066,30.38883],[77.82964,30.38617],[77.82699,30.38801],[77.82366,30.38473],[77.82667,30.38528],[77.82459,30.38154],[77.82764,30.378],[77.82812,30.38345],[77.83177,30.3798],[77.83239,30.38225],[77.83977,30.3823],[77.84176,30.38648],[77.84052,30.38262],[77.84577,30.37902],[77.84098,30.3801],[77.84554,30.3783],[77.84462,30.37322],[77.84743,30.37376],[77.83809,30.36965],[77.84221,30.36878],[77.84255,30.37081],[77.84315,30.36754],[77.85647,30.37469],[77.86045,30.38067],[77.85985,30.37993],[77.85807,30.37862],[77.8588,30.38077],[77.86725,30.38579],[77.86735,30.38588],[77.86745,30.38598],[77.86756,30.38607],[77.86929,30.38719],[77.86959,30.38738],[77.8697,30.38738],[77.88056,30.39409],[77.8812,30.39778],[77.8828,30.39638],[77.89514,30.40179],[77.89524,30.40179],[77.90206,30.4033]]],[[[79.04962,30.43164],[79.04932,30.43136],[79.0487,30.43108],[79.0488,30.43108],[79.0488,30.43099],[79.04958,30.43124],[79.04962,30.43164]]],[[[79.05581,30.42947],[79.05001,30.43127],[79.05207,30.4262],[79.05407,30.42773],[79.05741,30.42742],[79.05654,30.42939],[79.05678,30.42795],[79.05581,30.42947]]],[[[77.89289,30.41029],[77.88902,30.40925],[77.89566,30.40998],[77.89289,30.41029]]],[[[79.08737,30.43373],[79.08809,30.43437],[79.08788,30.43428],[79.08788,30.43419],[79.08778,30.4341],[79.08737,30.43373]]],[[[79.08788,30.43428],[79.08778,30.4341],[79.08788,30.43419],[79.08788,30.43428]]],[[[77.92358,30.4104],[77.92344,30.41224],[77.91759,30.41026],[77.91576,30.4076],[77.9235,30.40958],[77.92358,30.4104],[77.92348,30.41039],[77.92358,30.4104]]],[[[77.80706,30.40715],[77.80995,30.40897],[77.80578,30.41031],[77.80103,30.40709],[77.80706,30.40715]]],[[[77.90263,30.41373],[77.90105,30.41273],[77.90428,30.41219],[77.90263,30.41373]]],[[[79.20233,30.43825],[79.1988,30.43757],[79.20008,30.43305],[79.19682,30.43204],[79.20087,30.43282],[79.20233,30.43825]]],[[[79.08323,30.43688],[79.07813,30.43582],[79.0772,30.43232],[79.08323,30.43688]]],[[[77.79207,30.4126],[77.78717,30.41152],[77.78576,30.40811],[77.79209,30.40675],[77.78955,30.40954],[77.7934,30.40849],[77.79207,30.4126]]],[[[79.37045,30.4401],[79.37221,30.43791],[79.37081,30.44524],[79.36547,30.44545],[79.3657,30.44043],[79.36882,30.44112],[79.37045,30.4401]]],[[[79.05702,30.4368],[79.05353,30.43689],[79.06158,30.43408],[79.06957,30.43903],[79.07071,30.44173],[79.06846,30.44238],[79.06763,30.44035],[79.05841,30.44182],[79.05767,30.44051],[79.05768,30.44033],[79.0597,30.43801],[79.05702,30.4368]],[[79.06424,30.44024],[79.06268,30.43995],[79.06371,30.4406],[79.06402,30.4406],[79.06424,30.44024]]],[[[77.72709,30.4145],[77.72302,30.41524],[77.7229,30.41098],[77.72728,30.41162],[77.72934,30.41388],[77.72709,30.4145]]],[[[77.80931,30.41496],[77.81275,30.41229],[77.82047,30.41748],[77.80718,30.41782],[77.80931,30.41496]]],[[[77.57967,30.41022],[77.58203,30.4124],[77.58021,30.41417],[77.57967,30.41022]]],[[[79.41955,30.44945],[79.41967,30.44864],[79.41977,30.44864],[79.4205,30.44865],[79.42007,30.44919],[79.41955,30.44945]]],[[[77.71738,30.41786],[77.71259,30.4127],[77.71428,30.41408],[77.71915,30.41025],[77.72081,30.41542],[77.71738,30.41786]]],[[[77.93906,30.42456],[77.93905,30.42474],[77.93884,30.42473],[77.93906,30.42456]]],[[[77.83927,30.42209],[77.83162,30.42113],[77.82524,30.41748],[77.83211,30.42004],[77.83442,30.41683],[77.83927,30.42209]]],[[[78.57641,30.43965],[78.57778,30.43389],[78.58017,30.43579],[78.57641,30.43965]]],[[[77.70859,30.41946],[77.70916,30.42125],[77.70755,30.41833],[77.70904,30.41742],[77.71079,30.41938],[77.70859,30.41946]]],[[[77.93928,30.42411],[77.94001,30.4287],[77.93398,30.42732],[77.9337,30.4229],[77.93589,30.42359],[77.93505,30.42754],[77.93884,30.42473],[77.93905,30.42474],[77.93906,30.42456],[77.93928,30.42411]]],[[[77.82959,30.42659],[77.82522,30.42493],[77.82807,30.42192],[77.82658,30.41998],[77.83146,30.42357],[77.84011,30.42427],[77.82959,30.42659]]],[[[77.69208,30.42335],[77.68854,30.4218],[77.69092,30.42098],[77.69208,30.42335]]],[[[77.89767,30.42869],[77.89483,30.42372],[77.89937,30.42578],[77.89767,30.42869]]],[[[77.82178,30.42806],[77.82282,30.42818],[77.82178,30.42815],[77.82178,30.42806]]],[[[77.79564,30.4258],[77.7937,30.42751],[77.7938,30.42476],[77.79564,30.42553],[77.79564,30.42571],[77.79564,30.4258]]],[[[79.07825,30.45308],[79.07825,30.45317],[79.07804,30.45317],[79.07825,30.45308]]],[[[79.27525,30.45367],[79.27396,30.45591],[79.27537,30.45094],[79.27872,30.45173],[79.27775,30.45352],[79.27525,30.45367]]],[[[79.07866,30.45336],[79.07825,30.45317],[79.07856,30.45309],[79.07866,30.45336]]],[[[77.68116,30.42165],[77.68151,30.42538],[77.67853,30.42634],[77.67885,30.42159],[77.68116,30.42165]]],[[[77.86957,30.43048],[77.86831,30.43081],[77.86821,30.43081],[77.86812,30.43027],[77.86885,30.43028],[77.86957,30.43048]]],[[[79.08282,30.45369],[79.08416,30.4544],[79.08341,30.45532],[79.08331,30.45532],[79.08253,30.45377],[79.08292,30.45311],[79.08363,30.4535],[79.08292,30.4536],[79.08282,30.45369]]],[[[77.86535,30.42912],[77.87864,30.42757],[77.8638,30.42529],[77.87536,30.42203],[77.8822,30.42256],[77.88028,30.42753],[77.89606,30.43093],[77.88761,30.43249],[77.86885,30.43028],[77.8669,30.42925],[77.86691,30.42898],[77.8668,30.42924],[77.86576,30.42931],[77.86535,30.42912]]],[[[77.76798,30.4253],[77.76669,30.4296],[77.76495,30.42723],[77.76777,30.42529],[77.76798,30.4253]]],[[[79.27161,30.45931],[79.27436,30.45788],[79.27266,30.46114],[79.27161,30.45931]]],[[[77.7247,30.42503],[77.71528,30.42993],[77.70443,30.4279],[77.70613,30.4312],[77.7009,30.427],[77.68638,30.42605],[77.69851,30.42467],[77.7002,30.42658],[77.69957,30.42674],[77.69936,30.42683],[77.69946,30.42683],[77.7003,30.42658],[77.71785,30.4194],[77.72178,30.42119],[77.73492,30.41194],[77.73501,30.41222],[77.73492,30.41194],[77.74091,30.41115],[77.74202,30.40781],[77.73536,30.4074],[77.73721,30.40995],[77.73304,30.41208],[77.73272,30.41225],[77.72725,30.41112],[77.73356,30.41056],[77.73215,30.40764],[77.73937,30.4047],[77.75256,30.40696],[77.7554,30.40496],[77.75216,30.40259],[77.75647,30.40298],[77.76023,30.39999],[77.75729,30.39768],[77.75899,30.39568],[77.76612,30.39467],[77.76376,30.39237],[77.77105,30.39045],[77.76986,30.38711],[77.77365,30.38709],[77.77404,30.38202],[77.77768,30.3817],[77.7769,30.37814],[77.78278,30.38029],[77.78513,30.37853],[77.78489,30.38119],[77.78807,30.37454],[77.78875,30.37816],[77.79199,30.3779],[77.78997,30.37968],[77.79673,30.37429],[77.7975,30.36869],[77.79621,30.36599],[77.7929,30.36651],[77.79268,30.3636],[77.79699,30.36268],[77.7965,30.36588],[77.79928,30.3653],[77.8033,30.37076],[77.80043,30.36318],[77.79603,30.36111],[77.80422,30.35658],[77.80731,30.35792],[77.80361,30.35788],[77.80139,30.36272],[77.80481,30.36151],[77.80657,30.36597],[77.80932,30.36457],[77.80933,30.35985],[77.81106,30.36157],[77.81449,30.35868],[77.8131,30.36365],[77.81527,30.3584],[77.81913,30.35728],[77.81647,30.34813],[77.83448,30.34224],[77.83584,30.33742],[77.83894,30.3347],[77.84191,30.33939],[77.83761,30.33954],[77.83781,30.34511],[77.8334,30.34327],[77.82343,30.35006],[77.82077,30.34876],[77.8221,30.35093],[77.81978,30.34871],[77.81831,30.35343],[77.8209,30.35424],[77.82489,30.34997],[77.82803,30.35101],[77.82951,30.34706],[77.8342,30.34956],[77.8375,30.34729],[77.83973,30.3511],[77.83835,30.34984],[77.83891,30.35184],[77.82458,30.35771],[77.82447,30.3578],[77.82015,30.36215],[77.81915,30.36525],[77.81167,30.36808],[77.81967,30.36535],[77.82135,30.36202],[77.82315,30.36178],[77.82572,30.35801],[77.82728,30.35778],[77.82915,30.35782],[77.82948,30.35738],[77.83298,30.36073],[77.82752,30.36457],[77.8323,30.36309],[77.83476,30.36611],[77.8292,30.36672],[77.82837,30.37359],[77.82463,30.37154],[77.82595,30.36741],[77.82025,30.36933],[77.81651,30.37181],[77.82251,30.37362],[77.82256,30.37639],[77.81508,30.37636],[77.81591,30.38009],[77.81313,30.37902],[77.81192,30.38112],[77.81509,30.38261],[77.8129,30.38443],[77.80606,30.38196],[77.80684,30.38532],[77.80573,30.38746],[77.80398,30.38322],[77.80224,30.38513],[77.80468,30.38761],[77.80051,30.38846],[77.80665,30.39134],[77.79667,30.39254],[77.79986,30.3973],[77.79106,30.39517],[77.79731,30.39939],[77.79216,30.40508],[77.7863,30.40741],[77.77936,30.40505],[77.77892,30.4012],[77.7766,30.40351],[77.7476,30.41226],[77.74676,30.4126],[77.73353,30.41745],[77.73335,30.42227],[77.7296,30.42182],[77.7247,30.42503],[77.72471,30.42467],[77.7247,30.42503]],[[77.78114,30.39821],[77.78601,30.39572],[77.78873,30.39151],[77.78222,30.39698],[77.78114,30.39821]],[[77.80107,30.38058],[77.8042,30.37629],[77.7947,30.3827],[77.80085,30.38084],[77.80107,30.38058],[77.80117,30.38067],[77.80107,30.38058]]],[[[79.05981,30.45849],[79.05971,30.45858],[79.05971,30.45849],[79.05981,30.45849]]],[[[79.05994,30.45741],[79.0568,30.45818],[79.0567,30.45817],[79.05722,30.45782],[79.05744,30.45755],[79.05943,30.45668],[79.05933,30.45677],[79.05922,30.45686],[79.05911,30.45704],[79.05922,30.45686],[79.05933,30.45677],[79.05943,30.45668],[79.05994,30.45741]]],[[[79.0797,30.45888],[79.07927,30.45932],[79.07907,30.45869],[79.0797,30.45888]]],[[[79.06714,30.45662],[79.06181,30.45762],[79.06212,30.45753],[79.06165,30.45536],[79.0608,30.45616],[79.06017,30.45633],[79.0616,30.45108],[79.06013,30.45299],[79.05981,30.45335],[79.06032,30.45399],[79.05935,30.45551],[79.0583,30.4563],[79.05779,30.45548],[79.05461,30.45573],[79.05918,30.45128],[79.055,30.45239],[79.05523,30.44651],[79.05299,30.44567],[79.05299,30.44576],[79.05299,30.44567],[79.04782,30.44875],[79.04765,30.44444],[79.04548,30.44836],[79.04317,30.44736],[79.04587,30.44475],[79.04363,30.44508],[79.04513,30.44312],[79.04116,30.44015],[79.0447,30.4386],[79.0484,30.43804],[79.04707,30.42898],[79.04756,30.43061],[79.04746,30.4307],[79.04756,30.43061],[79.04839,30.43081],[79.0487,30.43099],[79.0487,30.43108],[79.04849,30.43108],[79.04949,30.43317],[79.05131,30.43572],[79.05671,30.44158],[79.05332,30.44235],[79.05578,30.44624],[79.06395,30.44542],[79.05936,30.44748],[79.06326,30.44939],[79.06537,30.44631],[79.06945,30.44779],[79.06714,30.45662]],[[79.05707,30.44961],[79.05916,30.44937],[79.05866,30.44864],[79.05856,30.44846],[79.05784,30.44773],[79.05681,30.44735],[79.05707,30.44961]],[[79.04807,30.44163],[79.04625,30.44298],[79.04866,30.44344],[79.04793,30.44325],[79.0494,30.44282],[79.04807,30.44163]]],[[[77.65396,30.43108],[77.65406,30.43117],[77.65395,30.43117],[77.65396,30.43108]]],[[[77.67675,30.43076],[77.66732,30.43148],[77.6834,30.42721],[77.67947,30.43047],[77.67873,30.43081],[77.67675,30.43076]]],[[[77.76595,30.43458],[77.76145,30.43247],[77.76425,30.43121],[77.76595,30.43458]]],[[[77.88205,30.43394],[77.88639,30.43662],[77.88314,30.43726],[77.88205,30.43394]]],[[[77.78072,30.43643],[77.77885,30.43428],[77.7834,30.43247],[77.78098,30.43042],[77.78889,30.42533],[77.79105,30.42781],[77.78699,30.42894],[77.78803,30.43652],[77.78072,30.43643]]],[[[77.7956,30.43722],[77.79239,30.43396],[77.79423,30.43268],[77.7994,30.43166],[77.80387,30.43468],[77.7956,30.43722]]],[[[77.72159,30.43415],[77.72269,30.43575],[77.71916,30.43372],[77.72159,30.43415]]],[[[79.08285,30.46262],[79.0785,30.45967],[79.08015,30.45936],[79.08068,30.45768],[79.08348,30.45731],[79.08499,30.45959],[79.08499,30.45968],[79.08519,30.46022],[79.08288,30.46118],[79.08285,30.46262]]],[[[77.66465,30.4318],[77.66249,30.43472],[77.65699,30.43359],[77.65523,30.43337],[77.65523,30.43346],[77.65399,30.43315],[77.64709,30.43117],[77.64813,30.42786],[77.65244,30.42902],[77.6519,30.4311],[77.66465,30.4318]]],[[[78.91308,30.45902],[78.91231,30.46127],[78.90922,30.45941],[78.91556,30.45509],[78.91771,30.45675],[78.91556,30.46005],[78.91613,30.4579],[78.91613,30.45781],[78.91438,30.45688],[78.9131,30.4583],[78.91308,30.45893],[78.91308,30.45902]]],[[[79.0466,30.46308],[79.04853,30.46407],[79.0449,30.4652],[79.0465,30.46316],[79.0466,30.46308]]],[[[79.04167,30.46517],[79.04148,30.4639],[79.04148,30.46381],[79.04152,30.46183],[79.04184,30.46165],[79.04144,30.46065],[79.04591,30.46135],[79.04167,30.46517]]],[[[77.83021,30.44192],[77.8262,30.44104],[77.82974,30.43944],[77.83545,30.44131],[77.83021,30.44192]]],[[[77.83223,30.4331],[77.8361,30.43732],[77.84038,30.43651],[77.84744,30.44041],[77.84623,30.44286],[77.82779,30.43526],[77.82386,30.43529],[77.82508,30.43687],[77.82129,30.43933],[77.82023,30.43728],[77.81795,30.44032],[77.80049,30.43831],[77.8024,30.43593],[77.80545,30.4388],[77.80782,30.43651],[77.81693,30.43788],[77.81563,30.43076],[77.8139,30.43576],[77.81234,30.43302],[77.8109,30.4357],[77.80592,30.43255],[77.79666,30.42899],[77.79656,30.42627],[77.79914,30.42679],[77.79883,30.42669],[77.79884,30.4266],[77.79729,30.42602],[77.79564,30.42571],[77.79564,30.42553],[77.79237,30.42401],[77.79267,30.42429],[77.79008,30.42365],[77.78829,30.42138],[77.78743,30.42533],[77.78575,30.42389],[77.77813,30.42767],[77.77582,30.42414],[77.77945,30.41953],[77.77338,30.41918],[77.77523,30.41612],[77.77964,30.41837],[77.77687,30.4126],[77.76539,30.41234],[77.76277,30.41379],[77.76502,30.41414],[77.76815,30.41358],[77.76386,30.41438],[77.76243,30.41893],[77.76781,30.42412],[77.76484,30.4227],[77.76591,30.42457],[77.76222,30.42462],[77.75333,30.42101],[77.75233,30.42523],[77.75606,30.42415],[77.7631,30.42644],[77.7654,30.42903],[77.7619,30.42682],[77.76015,30.42939],[77.75343,30.43098],[77.74882,30.4339],[77.74337,30.43063],[77.74201,30.43335],[77.7336,30.42711],[77.72519,30.42919],[77.72379,30.42753],[77.72846,30.42458],[77.72846,30.42467],[77.72834,30.42503],[77.72771,30.42538],[77.72834,30.42503],[77.73495,30.42185],[77.7375,30.41781],[77.7357,30.41696],[77.74194,30.41663],[77.76233,30.41211],[77.77224,30.4051],[77.77729,30.40461],[77.77355,30.40776],[77.77353,30.41047],[77.7759,30.40908],[77.77837,30.41243],[77.78544,30.40975],[77.78431,30.415],[77.78679,30.41373],[77.79022,30.41596],[77.7914,30.42173],[77.79017,30.42296],[77.79185,30.42381],[77.7957,30.42217],[77.7925,30.42031],[77.79743,30.4175],[77.7946,30.41486],[77.79606,30.41274],[77.80026,30.40967],[77.80306,30.41062],[77.80251,30.41504],[77.80431,30.41233],[77.8089,30.41304],[77.80389,30.41784],[77.79997,30.41505],[77.80023,30.41963],[77.79745,30.41967],[77.79907,30.42086],[77.79614,30.42339],[77.8131,30.41843],[77.81848,30.42231],[77.82218,30.4182],[77.82532,30.41997],[77.82307,30.42674],[77.81985,30.42695],[77.82179,30.42797],[77.82178,30.42806],[77.82178,30.42815],[77.82157,30.42824],[77.83223,30.4331]],[[77.81765,30.42715],[77.81841,30.42627],[77.81219,30.42476],[77.80924,30.42556],[77.81198,30.42539],[77.81765,30.42715]],[[77.77963,30.41883],[77.77974,30.41883],[77.77943,30.41882],[77.77953,30.41882],[77.77963,30.41883]],[[77.75025,30.42639],[77.74874,30.42313],[77.74455,30.42428],[77.74858,30.42896],[77.75025,30.42639]]],[[[77.87678,30.44404],[77.87047,30.44151],[77.89002,30.44179],[77.87678,30.44404]]],[[[79.50596,30.47131],[79.5014,30.47276],[79.50391,30.46711],[79.50596,30.47131]]],[[[78.92503,30.46535],[78.92513,30.46544],[78.92503,30.46544],[78.92503,30.46535]]],[[[77.75343,30.43098],[77.76139,30.438],[77.76092,30.44186],[77.75774,30.43766],[77.75077,30.43805],[77.75343,30.43098]]],[[[77.78322,30.43965],[77.78237,30.44274],[77.77618,30.43705],[77.78322,30.43965]]],[[[78.92503,30.46544],[78.92471,30.46534],[78.92482,30.46534],[78.92503,30.46544]]],[[[79.04379,30.46827],[79.04194,30.46707],[79.04593,30.4655],[79.04379,30.46827]]],[[[77.85006,30.44174],[77.85176,30.44452],[77.84827,30.44498],[77.84801,30.44078],[77.85006,30.44174]]],[[[77.6928,30.44086],[77.69035,30.43945],[77.6951,30.44045],[77.6928,30.44086]]],[[[77.71795,30.43099],[77.72045,30.43225],[77.71662,30.43503],[77.71864,30.43707],[77.72113,30.43849],[77.72558,30.43614],[77.72641,30.43887],[77.70529,30.44144],[77.69841,30.43667],[77.69731,30.43917],[77.69022,30.4377],[77.68931,30.43374],[77.68653,30.43507],[77.68669,30.43299],[77.68386,30.43302],[77.69989,30.42955],[77.70138,30.43596],[77.70814,30.4311],[77.71795,30.43099]]],[[[77.7925,30.44401],[77.79301,30.43905],[77.79927,30.44185],[77.7925,30.44401]]],[[[77.88136,30.44681],[77.88747,30.44394],[77.89237,30.44636],[77.88136,30.44681]]],[[[77.78558,30.44557],[77.78463,30.4427],[77.78818,30.44225],[77.78964,30.44518],[77.78558,30.44557]]],[[[79.0116,30.46886],[79.0107,30.47033],[79.01072,30.46728],[79.01277,30.46762],[79.0116,30.46886]]],[[[77.77933,30.44222],[77.78167,30.44374],[77.77737,30.44657],[77.77933,30.44222]]],[[[77.77775,30.44132],[77.77662,30.44365],[77.77108,30.44295],[77.76921,30.44641],[77.7721,30.44857],[77.76164,30.44381],[77.77384,30.43956],[77.77775,30.44132]]],[[[79.09227,30.47611],[79.09217,30.4762],[79.09217,30.47611],[79.09227,30.47611]]],[[[77.72315,30.44663],[77.72673,30.44212],[77.72944,30.44602],[77.73199,30.44531],[77.72772,30.44981],[77.72315,30.44663]]],[[[79.08958,30.47544],[79.08865,30.477],[79.08776,30.47574],[79.08939,30.47426],[79.08898,30.4739],[79.09233,30.47332],[79.09355,30.47547],[79.09227,30.47611],[79.09239,30.47548],[79.09229,30.47539],[79.09115,30.4751],[79.09104,30.47537],[79.08968,30.47535],[79.08958,30.47544]],[[79.08843,30.4756],[79.08906,30.47516],[79.08917,30.47516],[79.08927,30.47525],[79.08917,30.47516],[79.08906,30.47516],[79.08823,30.47533],[79.08843,30.4756]]],[[[79.10597,30.47893],[79.10565,30.47901],[79.10597,30.47884],[79.10597,30.47893]]],[[[77.9013,30.4536],[77.9026,30.45198],[77.90577,30.45413],[77.89718,30.45576],[77.90098,30.45387],[77.9013,30.4536]]],[[[78.2308,30.46273],[78.22908,30.46107],[78.23186,30.45861],[78.2308,30.46273]]],[[[79.10597,30.47884],[79.10705,30.47921],[79.10575,30.48041],[79.1048,30.4799],[79.10491,30.4799],[79.10597,30.47893],[79.10597,30.47884]]],[[[77.71202,30.45257],[77.70964,30.45215],[77.7078,30.45111],[77.7079,30.4513],[77.70646,30.45072],[77.70657,30.45063],[77.70646,30.45072],[77.70211,30.44709],[77.69242,30.44423],[77.6908,30.44311],[77.70234,30.44619],[77.70545,30.44357],[77.70909,30.44685],[77.70861,30.4487],[77.70604,30.44739],[77.7061,30.45008],[77.71202,30.45257]]],[[[79.60365,30.48638],[79.60115,30.48671],[79.60127,30.48572],[79.59942,30.4839],[79.59777,30.48257],[79.60218,30.48005],[79.60366,30.47898],[79.60711,30.48123],[79.60365,30.48638]]],[[[77.79065,30.45442],[77.78845,30.45642],[77.78326,30.45261],[77.78308,30.45489],[77.77649,30.44964],[77.78002,30.44701],[77.79156,30.44876],[77.79359,30.45501],[77.79065,30.45442]]],[[[77.89083,30.45894],[77.88898,30.45809],[77.89247,30.45801],[77.89165,30.45923],[77.89155,30.45914],[77.89093,30.45895],[77.89083,30.45894]]],[[[79.06423,30.47759],[79.06252,30.48196],[79.05189,30.48073],[79.05473,30.47871],[79.05442,30.47835],[79.05473,30.47835],[79.05749,30.47614],[79.06011,30.47812],[79.06061,30.47609],[79.06423,30.47759]]],[[[77.89165,30.45932],[77.89155,30.45914],[77.89165,30.45923],[77.89165,30.45932]]],[[[78.97041,30.48158],[78.97051,30.48167],[78.9704,30.48167],[78.97041,30.48158]]],[[[77.91547,30.45655],[77.91361,30.46098],[77.91009,30.45486],[77.91547,30.45655]]],[[[77.69829,30.45538],[77.69524,30.45323],[77.69647,30.45389],[77.69829,30.45538]]],[[[78.97124,30.48177],[78.97037,30.48207],[78.9704,30.48167],[78.97051,30.48176],[78.97051,30.48167],[78.97093,30.48168],[78.97092,30.48177],[78.97093,30.48168],[78.97114,30.48159],[78.97124,30.48177]]],[[[78.97997,30.48245],[78.97997,30.48254],[78.97986,30.48254],[78.97997,30.48245]]],[[[78.96805,30.47992],[78.97019,30.48184],[78.96753,30.48297],[78.96537,30.48095],[78.96794,30.47992],[78.96805,30.47992]]],[[[77.86836,30.4456],[77.8856,30.45435],[77.88755,30.45787],[77.88035,30.4523],[77.87825,30.45359],[77.89094,30.46192],[77.88234,30.46082],[77.87736,30.45516],[77.87831,30.4517],[77.87041,30.44902],[77.86836,30.4456]]],[[[77.79324,30.45933],[77.78916,30.45892],[77.79045,30.4558],[77.79522,30.45552],[77.79612,30.45881],[77.79324,30.45933]]],[[[79.09245,30.48306],[79.09075,30.48484],[79.09257,30.47675],[79.09319,30.4773],[79.09424,30.47677],[79.09434,30.47668],[79.0964,30.47606],[79.09472,30.47867],[79.09462,30.47867],[79.09592,30.48289],[79.09245,30.48306]]],[[[77.90799,30.46278],[77.90806,30.46053],[77.91123,30.46047],[77.90831,30.46252],[77.90799,30.46278]]],[[[79.13164,30.48733],[79.13174,30.48751],[79.13163,30.48751],[79.13164,30.48733]]],[[[79.13445,30.4871],[79.13382,30.48745],[79.13383,30.48709],[79.13382,30.48745],[79.13409,30.4842],[79.1343,30.48412],[79.13703,30.48307],[79.13445,30.4871]]],[[[79.13174,30.48751],[79.13194,30.48769],[79.13173,30.48769],[79.13174,30.48751]]],[[[78.62683,30.47659],[78.62391,30.47948],[78.62527,30.47481],[78.62835,30.47427],[78.62683,30.47659]]],[[[78.98247,30.48258],[78.98397,30.48567],[78.98046,30.48547],[78.97986,30.48254],[78.97997,30.48254],[78.97997,30.48245],[78.98247,30.48258]]],[[[79.08019,30.48685],[79.07987,30.48693],[79.08019,30.48676],[79.08019,30.48685]]],[[[79.13183,30.48823],[79.13151,30.48841],[79.13141,30.48832],[79.12798,30.48309],[79.13449,30.47988],[79.13379,30.48384],[79.13004,30.48457],[79.13164,30.48733],[79.13163,30.48751],[79.13173,30.48769],[79.13183,30.48823]]],[[[79.13338,30.48852],[79.13338,30.4887],[79.13287,30.48843],[79.13276,30.48842],[79.13235,30.48824],[79.13298,30.48807],[79.13338,30.48852]]],[[[79.06846,30.4846],[79.06893,30.48817],[79.06743,30.48395],[79.06846,30.4846]]],[[[77.79382,30.46412],[77.78946,30.46395],[77.78879,30.46157],[77.79531,30.46105],[77.79382,30.46412]]],[[[77.73037,30.45159],[77.73445,30.44934],[77.7339,30.44618],[77.74014,30.44793],[77.74751,30.45474],[77.74563,30.46084],[77.75185,30.46368],[77.74304,30.46002],[77.73894,30.45497],[77.73943,30.45759],[77.73713,30.45433],[77.73549,30.45573],[77.72231,30.45108],[77.72749,30.45044],[77.73213,30.45309],[77.73037,30.45159]]],[[[78.97374,30.4865],[78.96954,30.48797],[78.96965,30.48779],[78.96954,30.48797],[78.96751,30.48577],[78.97124,30.48177],[78.97114,30.48159],[78.97139,30.47943],[78.97139,30.47934],[78.97292,30.48099],[78.97292,30.48108],[78.97322,30.48153],[78.97312,30.48153],[78.97455,30.48341],[78.97804,30.48253],[78.97374,30.48641],[78.97364,30.48632],[78.97374,30.48641],[78.97374,30.4865]]],[[[79.07503,30.48984],[79.07301,30.4918],[79.06567,30.47843],[79.07046,30.47747],[79.07031,30.48322],[79.0727,30.48087],[79.0762,30.483],[79.07599,30.48318],[79.07589,30.48309],[79.07579,30.483],[79.07589,30.48309],[79.07599,30.48318],[79.0729,30.48415],[79.07822,30.48628],[79.07897,30.48849],[79.07545,30.4894],[79.07503,30.48984]]],[[[77.79049,30.46576],[77.78432,30.46483],[77.78765,30.46302],[77.79049,30.46576]]],[[[77.70762,30.45958],[77.71173,30.4612],[77.71376,30.46578],[77.70762,30.45958]]],[[[77.7284,30.46705],[77.72839,30.46723],[77.72819,30.46705],[77.7284,30.46705]]],[[[78.50188,30.48435],[78.50064,30.48424],[78.50043,30.48397],[78.50044,30.48388],[78.5014,30.47875],[78.5093,30.47917],[78.50758,30.4825],[78.50228,30.48119],[78.50272,30.48419],[78.50199,30.48418],[78.50188,30.48435]]],[[[78.61901,30.48564],[78.61845,30.48744],[78.61798,30.48423],[78.61901,30.48564]]],[[[78.62592,30.48433],[78.625,30.48813],[78.62099,30.48828],[78.6215,30.48623],[78.62829,30.47679],[78.62814,30.47842],[78.62592,30.48433]]],[[[79.61008,30.50332],[79.60987,30.50341],[79.60791,30.50185],[79.61008,30.50332]]],[[[78.97503,30.49473],[78.97315,30.49782],[78.97306,30.49443],[78.97263,30.49478],[78.97454,30.49319],[78.97503,30.49464],[78.97503,30.49473]]],[[[79.06977,30.49734],[79.06986,30.49937],[79.06874,30.49687],[79.06977,30.49734]]],[[[79.07487,30.49778],[79.07861,30.49828],[79.07539,30.49796],[79.07477,30.49778],[79.07487,30.49778]]],[[[79.07045,30.50006],[79.07034,30.50015],[79.07034,30.50006],[79.07045,30.50006]]],[[[77.72539,30.47275],[77.72724,30.47369],[77.72381,30.47334],[77.72306,30.47097],[77.72316,30.47107],[77.72529,30.47274],[77.72539,30.47284],[77.72549,30.47302],[77.72539,30.47284],[77.72539,30.47275]]],[[[79.07034,30.50015],[79.07035,30.4996],[79.06999,30.49698],[79.07,30.49662],[79.06846,30.49525],[79.07213,30.49436],[79.07385,30.49668],[79.07045,30.49997],[79.07034,30.50006],[79.07034,30.50015]]],[[[79.14711,30.50108],[79.14697,30.50261],[79.14687,30.50261],[79.14711,30.50108]]],[[[79.14697,30.50261],[79.14686,30.50279],[79.14687,30.50261],[79.14697,30.50261]]],[[[77.79481,30.47572],[77.79035,30.47458],[77.78993,30.47185],[77.79224,30.47233],[77.7909,30.47423],[77.79594,30.47357],[77.79481,30.47572]]],[[[77.88206,30.4792],[77.88065,30.47773],[77.88514,30.47738],[77.88206,30.4792]]],[[[77.74374,30.47501],[77.74712,30.47672],[77.74364,30.4751],[77.74374,30.47501]]],[[[79.09464,30.50411],[79.09275,30.50284],[79.09475,30.50402],[79.09464,30.50411]]],[[[77.81353,30.47957],[77.79831,30.47344],[77.79986,30.47032],[77.79169,30.46889],[77.79166,30.46643],[77.79961,30.46315],[77.80164,30.47288],[77.8043,30.4741],[77.80578,30.47074],[77.81353,30.47957]]],[[[77.76295,30.47666],[77.75858,30.4801],[77.75557,30.47639],[77.75153,30.47616],[77.75071,30.47843],[77.74804,30.47728],[77.75278,30.47376],[77.75159,30.47093],[77.74858,30.47369],[77.74492,30.47004],[77.74277,30.47291],[77.74067,30.46993],[77.73798,30.47161],[77.74052,30.47277],[77.73897,30.47444],[77.73689,30.47306],[77.73836,30.46869],[77.73667,30.46751],[77.73351,30.47181],[77.73664,30.46615],[77.73962,30.46769],[77.74174,30.46788],[77.7398,30.46351],[77.73384,30.46504],[77.73325,30.46816],[77.72999,30.46626],[77.73083,30.4691],[77.72839,30.46723],[77.7284,30.46705],[77.72851,30.46687],[77.72789,30.46659],[77.72091,30.4638],[77.72101,30.4638],[77.72091,30.4638],[77.71509,30.45725],[77.71668,30.45526],[77.71336,30.45297],[77.71608,30.45249],[77.71598,30.45249],[77.71608,30.45249],[77.71649,30.45269],[77.72686,30.45523],[77.72841,30.46123],[77.73012,30.45796],[77.72807,30.45637],[77.73819,30.45738],[77.73768,30.46101],[77.74093,30.46127],[77.74033,30.45887],[77.74386,30.4639],[77.74633,30.46299],[77.75969,30.47024],[77.76147,30.47419],[77.76295,30.47666]]],[[[77.78019,30.4809],[77.77916,30.47834],[77.78165,30.47904],[77.78019,30.4809]]],[[[79.1168,30.50588],[79.11604,30.50731],[79.11563,30.50694],[79.11221,30.50635],[79.12051,30.50241],[79.1168,30.50588]]],[[[79.06719,30.50686],[79.06678,30.50659],[79.06785,30.50498],[79.06761,30.50642],[79.06719,30.50686]]],[[[79.05333,30.50693],[79.05201,30.50529],[79.05458,30.50519],[79.05333,30.50693]]],[[[77.8154,30.48337],[77.81361,30.48252],[77.81619,30.48158],[77.8154,30.48337]]],[[[79.47303,30.51216],[79.4709,30.51406],[79.46792,30.51273],[79.46233,30.507],[79.46427,30.50647],[79.46798,30.50555],[79.4714,30.51007],[79.47127,30.51187],[79.4721,30.51215],[79.47303,30.51216]]],[[[77.80411,30.48173],[77.80394,30.47928],[77.80807,30.48016],[77.81034,30.48388],[77.80411,30.48173]]],[[[79.064,30.50997],[79.0601,30.50703],[79.06,30.50703],[79.05853,30.50737],[79.05843,30.50746],[79.05865,30.50683],[79.05863,30.50425],[79.06287,30.50382],[79.05985,30.50576],[79.0631,30.50816],[79.06578,30.50796],[79.064,30.50997]]],[[[78.23107,30.49367],[78.2292,30.49543],[78.22952,30.49319],[78.23107,30.49367]]],[[[78.15177,30.49196],[78.15015,30.49382],[78.15156,30.49187],[78.15177,30.49196]]],[[[79.04222,30.51046],[79.0419,30.51055],[79.0413,30.50927],[79.03858,30.50472],[79.03932,30.50437],[79.0451,30.50184],[79.04541,30.50176],[79.04719,30.5016],[79.05166,30.50194],[79.05065,30.50761],[79.04758,30.5082],[79.04757,30.50847],[79.04747,30.50846],[79.04654,30.50782],[79.04634,30.50746],[79.04703,30.50517],[79.04021,30.50436],[79.04008,30.50641],[79.04558,30.5077],[79.04222,30.51046]]],[[[79.04722,30.51036],[79.04461,30.5105],[79.04827,30.5101],[79.04722,30.51045],[79.04722,30.51036]]],[[[77.76684,30.48181],[77.76339,30.48082],[77.76312,30.48349],[77.76526,30.48299],[77.76753,30.48433],[77.76494,30.48564],[77.76538,30.48352],[77.76393,30.48462],[77.75791,30.48104],[77.75791,30.48095],[77.75917,30.4808],[77.76649,30.47914],[77.76684,30.48181]]],[[[77.80451,30.4821],[77.81115,30.4895],[77.80891,30.48713],[77.80525,30.48853],[77.80469,30.48513],[77.79811,30.48235],[77.79907,30.4804],[77.80411,30.48173],[77.80431,30.48192],[77.80451,30.4821]]],[[[77.79235,30.48848],[77.79371,30.49024],[77.79073,30.48821],[77.79008,30.49018],[77.78898,30.48673],[77.79235,30.48848]]],[[[78.53406,30.50634],[78.53206,30.50594],[78.53597,30.50358],[78.53406,30.50634]]],[[[77.84048,30.49029],[77.83961,30.49144],[77.8394,30.49143],[77.84048,30.49029]]],[[[78.16273,30.49464],[78.15909,30.49615],[78.16011,30.49864],[78.14989,30.49932],[78.14647,30.49879],[78.16075,30.49468],[78.16106,30.49487],[78.16148,30.4947],[78.16273,30.49464]]],[[[78.38088,30.50344],[78.37783,30.50474],[78.37821,30.50097],[78.38088,30.50344]]],[[[78.53517,30.50847],[78.53538,30.50569],[78.53729,30.50735],[78.53517,30.50847]]],[[[77.80169,30.49029],[77.79916,30.49219],[77.79645,30.48881],[77.79371,30.49216],[77.79661,30.48667],[77.80355,30.48891],[77.80369,30.49246],[77.80169,30.49029]]],[[[78.3757,30.50632],[78.37539,30.50631],[78.3756,30.50622],[78.3757,30.50632]]],[[[78.53015,30.50717],[78.52931,30.50946],[78.52542,30.50772],[78.5274,30.50451],[78.52986,30.50626],[78.52971,30.50401],[78.53074,30.50448],[78.53113,30.50575],[78.53015,30.50717]]],[[[78.37519,30.50604],[78.37705,30.50661],[78.3757,30.50632],[78.3756,30.50622],[78.37519,30.50604]]],[[[77.81505,30.49224],[77.81643,30.49673],[77.81141,30.49202],[77.81505,30.49224]]],[[[79.59025,30.52711],[79.58962,30.52764],[79.58962,30.52755],[79.59049,30.52549],[79.59194,30.52613],[79.59295,30.52777],[79.59025,30.52711]]],[[[79.07866,30.52228],[79.07866,30.52237],[79.07855,30.52228],[79.07866,30.52228]]],[[[77.7822,30.48958],[77.78378,30.49539],[77.78252,30.49739],[77.77843,30.49634],[77.77833,30.49634],[77.7768,30.49014],[77.77411,30.49163],[77.77412,30.49154],[77.77371,30.49117],[77.77361,30.49117],[77.77439,30.48948],[77.77236,30.48789],[77.77557,30.48458],[77.77817,30.48858],[77.779,30.48878],[77.77994,30.48862],[77.7822,30.48958]]],[[[78.40794,30.51201],[78.40795,30.51165],[78.40795,30.51174],[78.40795,30.51183],[78.40795,30.51192],[78.40794,30.51201]]],[[[79.07855,30.52228],[79.07694,30.52017],[79.08034,30.52389],[79.07886,30.52273],[79.07876,30.52237],[79.07866,30.52228],[79.07855,30.52228]]],[[[78.48321,30.51394],[78.48057,30.51542],[78.4797,30.5127],[78.47772,30.51275],[78.47068,30.51108],[78.46952,30.51151],[78.46599,30.50914],[78.46727,30.50379],[78.46981,30.50768],[78.47546,30.50247],[78.47665,30.50957],[78.47935,30.5099],[78.47945,30.51026],[78.48321,30.51394]]],[[[79.44517,30.52753],[79.44605,30.53142],[79.44475,30.5278],[79.44517,30.52753]]],[[[77.81376,30.50172],[77.81052,30.49596],[77.81537,30.49786],[77.81418,30.50191],[77.81407,30.5019],[77.81376,30.50172]]],[[[79.57119,30.53349],[79.57077,30.53384],[79.57004,30.53383],[79.57119,30.53349]]],[[[78.52613,30.5181],[78.51995,30.51338],[78.52308,30.51092],[78.52013,30.51203],[78.5252,30.50933],[78.52487,30.51014],[78.52496,30.51059],[78.52207,30.51237],[78.5248,30.51275],[78.52613,30.5181]]],[[[78.53003,30.51831],[78.52661,30.51531],[78.5288,30.51021],[78.53303,30.5115],[78.52844,30.51582],[78.53003,30.51831]]],[[[77.84053,30.50524],[77.84006,30.50326],[77.8434,30.50436],[77.84053,30.50524]]],[[[77.81969,30.50529],[77.81661,30.50377],[77.82028,30.49999],[77.82204,30.50185],[77.81969,30.50529]]],[[[79.06662,30.53058],[79.06673,30.53004],[79.06726,30.52942],[79.06704,30.53014],[79.06693,30.53023],[79.06683,30.53031],[79.06662,30.53058]]],[[[77.85782,30.50793],[77.85658,30.50658],[77.85954,30.50587],[77.85782,30.50793]]],[[[77.83259,30.50876],[77.83075,30.50763],[77.83392,30.50636],[77.83259,30.50876]]],[[[79.07658,30.53262],[79.07489,30.53074],[79.08076,30.53408],[79.07658,30.53271],[79.07658,30.53262]]],[[[79.08655,30.53457],[79.08633,30.53493],[79.08633,30.53484],[79.08655,30.53457]]],[[[79.08577,30.53691],[79.08577,30.537],[79.08567,30.53691],[79.08577,30.53691]]],[[[79.07162,30.53048],[79.06618,30.53689],[79.06597,30.53156],[79.06672,30.53067],[79.06683,30.53031],[79.06693,30.53023],[79.06704,30.53014],[79.07118,30.52861],[79.0688,30.52614],[79.06718,30.52833],[79.06732,30.52485],[79.07155,30.52484],[79.06904,30.5207],[79.07355,30.52257],[79.07501,30.52773],[79.07162,30.53048]]],[[[77.86013,30.51384],[77.85887,30.51229],[77.86302,30.51148],[77.86013,30.51384]]],[[[78.65736,30.5281],[78.66176,30.52893],[78.66511,30.52653],[78.66299,30.5305],[78.65718,30.53135],[78.65718,30.53126],[78.65467,30.52521],[78.65869,30.52465],[78.65866,30.5219],[78.66134,30.52498],[78.66447,30.52301],[78.66264,30.52089],[78.66298,30.51963],[78.66667,30.51992],[78.66612,30.52339],[78.65759,30.52748],[78.65736,30.5281]]],[[[78.10968,30.52061],[78.10968,30.52071],[78.10958,30.52061],[78.10968,30.52061]]],[[[78.7598,30.53189],[78.75698,30.53412],[78.75239,30.53248],[78.75835,30.53168],[78.75732,30.53113],[78.76269,30.52878],[78.76212,30.53281],[78.7598,30.53189]]],[[[77.86703,30.51469],[77.86444,30.51593],[77.8646,30.51267],[77.87048,30.51347],[77.86703,30.51469]]],[[[78.78695,30.53425],[78.77707,30.53336],[78.776,30.53026],[78.77969,30.52867],[78.78198,30.53196],[78.78833,30.5285],[78.79138,30.53389],[78.78866,30.53433],[78.78907,30.53127],[78.78614,30.53361],[78.7882,30.53436],[78.78695,30.53425]]],[[[79.08985,30.53616],[79.08428,30.53833],[79.08471,30.53807],[79.08481,30.53789],[79.08471,30.53789],[79.08482,30.53753],[79.08577,30.537],[79.08577,30.53691],[79.08567,30.53691],[79.08569,30.53582],[79.08985,30.53616]]],[[[79.07986,30.54079],[79.07986,30.54088],[79.07975,30.54088],[79.07986,30.54079]]],[[[77.82785,30.51676],[77.82429,30.51661],[77.82519,30.51378],[77.82783,30.51519],[77.83001,30.51306],[77.83387,30.51592],[77.82785,30.51676]]],[[[78.37356,30.52386],[78.36395,30.52903],[78.36358,30.52718],[78.3716,30.52159],[78.37358,30.52332],[78.37356,30.52386]]],[[[79.08214,30.54137],[79.07953,30.54142],[79.07975,30.54097],[79.07986,30.54088],[79.07996,30.54079],[79.08266,30.54128],[79.08214,30.54137]]],[[[79.08214,30.54137],[79.08325,30.54121],[79.08183,30.53834],[79.08429,30.54051],[79.08352,30.5418],[79.08214,30.54137]]],[[[77.84946,30.51539],[77.8508,30.51894],[77.84722,30.51611],[77.83896,30.51747],[77.83416,30.51357],[77.842,30.51222],[77.84946,30.51539]]],[[[79.07981,30.53772],[79.07111,30.54338],[79.0686,30.54108],[79.07207,30.53628],[79.06876,30.53801],[79.06976,30.53505],[79.07405,30.53723],[79.07112,30.5348],[79.07275,30.53351],[79.07848,30.53576],[79.08333,30.53363],[79.08193,30.53586],[79.08201,30.53721],[79.08264,30.53731],[79.08201,30.53721],[79.07603,30.53627],[79.07981,30.53772]]],[[[78.80204,30.53965],[78.79986,30.53907],[78.79987,30.53898],[78.79838,30.53561],[78.80315,30.5352],[78.80079,30.53033],[78.80128,30.5316],[78.79567,30.53566],[78.79506,30.53493],[78.79404,30.53383],[78.79373,30.53364],[78.79218,30.53325],[78.79331,30.52882],[78.79914,30.52949],[78.79914,30.5294],[78.8006,30.52684],[78.79569,30.52556],[78.80143,30.52493],[78.80499,30.52436],[78.80509,30.52436],[78.80506,30.5258],[78.80597,30.5274],[78.80176,30.52891],[78.80197,30.52891],[78.80592,30.52925],[78.80356,30.53011],[78.80849,30.53293],[78.80204,30.53965]]],[[[78.49919,30.53653],[78.49848,30.53579],[78.49911,30.53562],[78.49919,30.53653]]],[[[79.57809,30.55368],[79.57819,30.55377],[79.57809,30.55377],[79.57809,30.55368]]],[[[79.04774,30.54681],[79.04763,30.54699],[79.04753,30.54672],[79.04774,30.54681]]],[[[79.57809,30.55377],[79.57809,30.55386],[79.57798,30.55386],[79.57809,30.55377]]],[[[79.09696,30.54573],[79.09405,30.54759],[79.09574,30.54427],[79.09696,30.54573]]],[[[79.0803,30.54459],[79.07818,30.54779],[79.07351,30.54665],[79.07565,30.54262],[79.0803,30.54459]]],[[[78.56825,30.53747],[78.57082,30.53739],[78.56996,30.54021],[78.56268,30.53962],[78.56588,30.53614],[78.56614,30.53837],[78.56825,30.53747]]],[[[79.04718,30.54897],[79.04677,30.54824],[79.04646,30.54832],[79.04763,30.54699],[79.04774,30.54681],[79.05056,30.54667],[79.04979,30.54855],[79.04718,30.54897]]],[[[79.05946,30.54951],[79.05936,30.5496],[79.05936,30.54951],[79.05946,30.54951]]],[[[78.66857,30.54272],[78.66639,30.54279],[78.66956,30.54064],[78.67099,30.54224],[78.66857,30.54272]]],[[[78.10731,30.52345],[78.10929,30.52572],[78.11098,30.52162],[78.11294,30.52515],[78.1105,30.53339],[78.10927,30.53089],[78.10845,30.5306],[78.10845,30.53069],[78.10347,30.52995],[78.10738,30.52946],[78.10502,30.52489],[78.10731,30.52345]]],[[[77.84453,30.5275],[77.83417,30.5193],[77.83269,30.52115],[77.82818,30.51947],[77.83205,30.51744],[77.84429,30.51938],[77.84453,30.5275]]],[[[78.60789,30.54434],[78.60528,30.54406],[78.60613,30.53971],[78.60789,30.54434]]],[[[79.06201,30.5528],[79.05961,30.55249],[79.0577,30.54921],[79.0576,30.54903],[79.0576,30.54894],[79.0593,30.54716],[79.05922,30.54814],[79.0628,30.54929],[79.0628,30.54938],[79.0628,30.54929],[79.06325,30.54803],[79.06306,30.55007],[79.06226,30.55054],[79.06184,30.55054],[79.05946,30.54951],[79.05936,30.54951],[79.05936,30.5496],[79.06072,30.55246],[79.06319,30.5511],[79.06265,30.55172],[79.0615,30.55216],[79.06201,30.5528]]],[[[79.06419,30.55292],[79.06201,30.5528],[79.06317,30.552],[79.06419,30.55292]]],[[[78.60236,30.54451],[78.60395,30.54559],[78.5983,30.54434],[78.60066,30.54186],[78.59839,30.53619],[78.59625,30.53871],[78.59883,30.53137],[78.60261,30.53026],[78.60276,30.53252],[78.60242,30.53784],[78.60105,30.53862],[78.60062,30.53907],[78.60105,30.53862],[78.60215,30.54045],[78.60002,30.5446],[78.60236,30.54451]],[[78.5983,30.54434],[78.5981,30.54416],[78.5982,30.54434],[78.5983,30.54434]]],[[[79.05491,30.55332],[79.0549,30.55359],[79.0547,30.55332],[79.05491,30.55332]]],[[[78.6655,30.54512],[78.66766,30.54549],[78.66555,30.54719],[78.6655,30.54512]]],[[[78.66816,30.54815],[78.66902,30.54505],[78.67212,30.54695],[78.66816,30.54815]]],[[[79.05832,30.55454],[79.05491,30.55332],[79.05567,30.55162],[79.05701,30.55236],[79.05823,30.55409],[79.05832,30.55454]]],[[[78.48736,30.54676],[78.48712,30.54829],[78.4861,30.54737],[78.48662,30.5472],[78.48662,30.54711],[78.48602,30.54628],[78.48747,30.54676],[78.48736,30.54676]]],[[[78.51347,30.54465],[78.51141,30.54491],[78.51241,30.54207],[78.51738,30.54028],[78.52373,30.54833],[78.5199,30.54693],[78.51584,30.55124],[78.51729,30.54666],[78.51261,30.5458],[78.51347,30.54465]]],[[[78.18867,30.54498],[78.18846,30.54507],[78.18846,30.54498],[78.18867,30.54498]]],[[[78.20182,30.5477],[78.20182,30.54779],[78.20172,30.5477],[78.20182,30.5477]]],[[[79.12576,30.56573],[79.12575,30.56627],[79.12564,30.56618],[79.12576,30.56573]]],[[[78.20172,30.5477],[78.19694,30.54809],[78.20027,30.54876],[78.19874,30.55051],[78.19211,30.54839],[78.20032,30.54617],[78.19853,30.54334],[78.20226,30.5469],[78.20182,30.54779],[78.20182,30.5477],[78.20172,30.5477]]],[[[78.19228,30.54966],[78.19023,30.55011],[78.18814,30.54515],[78.18969,30.54581],[78.18979,30.54591],[78.18979,30.54582],[78.18969,30.54554],[78.18867,30.54498],[78.19165,30.54622],[78.19228,30.54966]]],[[[78.50006,30.5516],[78.50039,30.55506],[78.49512,30.55797],[78.48894,30.55419],[78.48575,30.55413],[78.48491,30.54897],[78.49056,30.54808],[78.49518,30.55141],[78.49653,30.54676],[78.49357,30.54863],[78.49064,30.54493],[78.49743,30.54196],[78.50006,30.5516]],[[78.49115,30.55333],[78.49173,30.55509],[78.49271,30.55233],[78.49115,30.55333]]],[[[78.66218,30.56174],[78.66009,30.56198],[78.6584,30.5555],[78.65539,30.5556],[78.65616,30.55225],[78.6575,30.55282],[78.65753,30.55138],[78.66347,30.55148],[78.66559,30.56091],[78.66218,30.56174]]],[[[78.41047,30.55806],[78.41026,30.55815],[78.41026,30.55806],[78.41047,30.55806]]],[[[78.48743,30.56029],[78.48743,30.56038],[78.48732,30.56038],[78.48743,30.56029]]],[[[78.41026,30.55815],[78.40791,30.56035],[78.40756,30.55773],[78.41026,30.55815]]],[[[78.48743,30.56047],[78.4885,30.56287],[78.48257,30.56098],[78.48624,30.55801],[78.48766,30.55939],[78.48743,30.56029],[78.48732,30.56038],[78.48743,30.56047]]],[[[78.34482,30.55791],[78.34278,30.56003],[78.34471,30.558],[78.34482,30.55791]]],[[[79.05137,30.57384],[79.05085,30.57392],[79.05085,30.57383],[79.05137,30.57384]]],[[[79.05063,30.57419],[79.05021,30.57454],[79.05033,30.57391],[79.05043,30.57382],[79.05085,30.57383],[79.05074,30.57392],[79.05085,30.57392],[79.05063,30.57419]]],[[[78.17526,30.551],[78.17769,30.55349],[78.17399,30.55873],[78.17117,30.552],[78.17526,30.551]]],[[[78.66411,30.56827],[78.66287,30.56996],[78.6597,30.56814],[78.66065,30.5652],[78.65829,30.56695],[78.66016,30.56368],[78.65711,30.56181],[78.65997,30.56288],[78.66452,30.56255],[78.66411,30.56827]]],[[[79.04568,30.57664],[79.04526,30.5769],[79.04473,30.57238],[79.04574,30.57393],[79.05181,30.57285],[79.05282,30.57413],[79.05282,30.57422],[79.0523,30.57448],[79.05209,30.57439],[79.05132,30.57334],[79.05043,30.57382],[79.05033,30.57391],[79.05021,30.57454],[79.04915,30.57534],[79.04568,30.57664]]],[[[79.05184,30.57664],[79.05258,30.57816],[79.04984,30.57742],[79.04912,30.57678],[79.04923,30.57678],[79.05184,30.57664]]],[[[79.03114,30.57921],[79.03044,30.57785],[79.03237,30.5749],[79.03114,30.57921]]],[[[79.03346,30.58304],[79.03396,30.57881],[79.03665,30.58203],[79.03346,30.58304]]],[[[78.49059,30.57911],[78.48986,30.57937],[78.48958,30.57783],[78.4906,30.57902],[78.49059,30.57911]]],[[[78.47257,30.5867],[78.47257,30.58679],[78.47236,30.5867],[78.47257,30.5867]]],[[[78.47076,30.5882],[78.46925,30.58954],[78.47156,30.58542],[78.47355,30.58681],[78.47257,30.58679],[78.47257,30.5867],[78.47236,30.5867],[78.47076,30.5882]]],[[[78.46873,30.59023],[78.46707,30.58993],[78.46718,30.58966],[78.46728,30.58966],[78.46791,30.58968],[78.46873,30.59023]]],[[[78.32489,30.58907],[78.32184,30.59387],[78.32222,30.58984],[78.32489,30.58907]]],[[[78.32736,30.59047],[78.32666,30.59316],[78.32687,30.59317],[78.32623,30.59342],[78.32736,30.59047]]],[[[78.06601,30.59088],[78.066,30.59274],[78.06398,30.59434],[78.06098,30.59328],[78.06233,30.5917],[78.06243,30.59206],[78.06243,30.59215],[78.06346,30.59226],[78.06588,30.59151],[78.06599,30.59133],[78.06601,30.59088]]],[[[78.09097,30.5927],[78.09002,30.59084],[78.08736,30.59506],[78.08479,30.59356],[78.08237,30.58954],[78.08587,30.58898],[78.08724,30.58838],[78.0923,30.58611],[78.09552,30.59044],[78.08977,30.59466],[78.09097,30.5927]]],[[[78.06826,30.5921],[78.06783,30.59495],[78.06961,30.59324],[78.07112,30.5957],[78.06731,30.59596],[78.06826,30.5921]]],[[[78.32055,30.60305],[78.31759,30.60046],[78.3176,30.60037],[78.31771,30.60019],[78.32088,30.59845],[78.32055,30.60305]]],[[[78.07991,30.6104],[78.0798,30.61049],[78.07981,30.6104],[78.07991,30.6104]]],[[[78.07813,30.61054],[78.07977,30.61004],[78.08158,30.61053],[78.0799,30.61085],[78.07991,30.6104],[78.07981,30.6104],[78.0798,30.61049],[78.07979,30.61085],[78.07927,30.61084],[78.07813,30.61054]]],[[[78.10536,30.62405],[78.10481,30.62628],[78.10141,30.62581],[78.10119,30.62053],[78.10873,30.62304],[78.10898,30.62503],[78.10536,30.62405],[78.10536,30.62396],[78.10536,30.62405]]],[[[77.89533,30.6219],[77.89543,30.62199],[77.89532,30.62199],[77.89533,30.6219]]],[[[77.89532,30.62199],[77.89532,30.62208],[77.89522,30.62199],[77.89532,30.62199]]],[[[78.14096,30.6261],[78.13664,30.62771],[78.13577,30.62274],[78.12879,30.6215],[78.12321,30.62159],[78.12903,30.62051],[78.13284,30.6187],[78.13525,30.61812],[78.13824,30.61927],[78.1431,30.62073],[78.14096,30.6261]]],[[[78.13664,30.62771],[78.13756,30.62837],[78.13745,30.62836],[78.13664,30.62771]]],[[[77.89869,30.62424],[77.89853,30.62595],[77.89642,30.62346],[77.89778,30.62349],[77.89869,30.62424]]],[[[78.56169,30.6372],[78.56599,30.63809],[78.56504,30.64087],[78.56463,30.6405],[78.56484,30.6405],[78.56169,30.6372]]],[[[77.85308,30.62566],[77.85071,30.62498],[77.8542,30.62344],[77.85337,30.6263],[77.85308,30.62566]]],[[[78.29114,30.6331],[78.2861,30.63489],[78.29022,30.63846],[78.2882,30.63951],[78.2809,30.6337],[78.28453,30.63225],[78.28269,30.62968],[78.29053,30.63273],[78.29114,30.6331]]],[[[78.33121,30.64376],[78.33131,30.64385],[78.33121,30.64385],[78.33121,30.64376]]],[[[78.33151,30.6444],[78.33047,30.6442],[78.33057,30.64263],[78.33121,30.64376],[78.33111,30.64376],[78.33121,30.64385],[78.33131,30.64385],[78.33151,30.6444]]],[[[78.39194,30.6468],[78.39209,30.64888],[78.39159,30.64805],[78.39194,30.6468]]],[[[78.31292,30.64131],[78.3115,30.64307],[78.31532,30.64671],[78.31037,30.64667],[78.30756,30.64061],[78.30994,30.63886],[78.31293,30.64113],[78.31292,30.64131]]],[[[78.31435,30.65369],[78.31389,30.65376],[78.31436,30.65324],[78.31437,30.65315],[78.31456,30.65352],[78.31435,30.6536],[78.31435,30.65369]]],[[[78.22428,30.6518],[78.22438,30.65189],[78.22428,30.65189],[78.22428,30.6518]]],[[[78.22242,30.65122],[78.22096,30.6511],[78.21763,30.64715],[78.22242,30.65122]]],[[[77.8344,30.64234],[77.83394,30.6446],[77.83742,30.64561],[77.83296,30.64492],[77.8344,30.64234]]],[[[78.39005,30.65118],[78.3835,30.65933],[78.3783,30.65374],[78.37851,30.65365],[78.38224,30.65454],[78.39187,30.64932],[78.39176,30.64968],[78.39005,30.65118]]],[[[78.3783,30.65744],[78.38157,30.66118],[78.37714,30.65976],[78.3783,30.65744]]],[[[78.28664,30.65997],[78.28663,30.66015],[78.28653,30.66015],[78.28664,30.65997]]],[[[78.28653,30.66015],[78.28652,30.66024],[78.28642,30.66024],[78.28653,30.66015]]],[[[77.87947,30.65443],[77.87895,30.65442],[77.87927,30.65434],[77.87947,30.65443]]],[[[78.23723,30.66569],[78.23723,30.66579],[78.23713,30.66569],[78.23723,30.66569]]],[[[78.37582,30.66812],[78.37507,30.66873],[78.37583,30.66794],[78.37582,30.66803],[78.37582,30.66812]]],[[[78.2438,30.66601],[78.24369,30.66619],[78.24369,30.6661],[78.2438,30.66601]]],[[[77.89162,30.6595],[77.89015,30.65974],[77.88377,30.65855],[77.88348,30.65327],[77.8852,30.65138],[77.88849,30.65312],[77.88849,30.65303],[77.88991,30.65441],[77.89036,30.65641],[77.89084,30.65786],[77.89123,30.65859],[77.89112,30.65895],[77.89162,30.6595]]],[[[78.20111,30.66654],[78.2078,30.66506],[78.20502,30.66843],[78.20065,30.66832],[78.20111,30.66654]]],[[[78.23696,30.67164],[78.23644,30.67145],[78.23713,30.6693],[78.23902,30.66139],[78.2425,30.66022],[78.2414,30.66236],[78.24139,30.66281],[78.2435,30.66168],[78.24313,30.66366],[78.24334,30.66393],[78.24364,30.66421],[78.24404,30.66476],[78.24287,30.66563],[78.24276,30.66572],[78.24266,30.66581],[78.24233,30.66616],[78.24223,30.66625],[78.24149,30.66651],[78.24169,30.66669],[78.2418,30.66669],[78.24149,30.66651],[78.24223,30.66625],[78.24233,30.66616],[78.24266,30.66581],[78.24276,30.66572],[78.24287,30.66563],[78.2438,30.66601],[78.24369,30.6661],[78.24369,30.66619],[78.24439,30.66711],[78.24691,30.6668],[78.24691,30.67097],[78.24448,30.67135],[78.24482,30.67046],[78.24362,30.66655],[78.24187,30.66778],[78.23854,30.67122],[78.23696,30.67164],[78.23696,30.67155],[78.23696,30.67164]]],[[[78.20502,30.66852],[78.2037,30.67232],[78.20277,30.67073],[78.20502,30.66852]]],[[[78.357,30.6773],[78.35679,30.67747],[78.35668,30.67738],[78.357,30.6773]]],[[[78.22851,30.67516],[78.22807,30.67596],[78.22474,30.67367],[78.22831,30.67488],[78.22851,30.67516]]],[[[78.35708,30.6782],[78.35696,30.67874],[78.35697,30.67847],[78.35708,30.6782]]],[[[78.20966,30.67043],[78.20891,30.67511],[78.20533,30.67583],[78.20566,30.6753],[78.20315,30.67396],[78.2066,30.67334],[78.20685,30.6701],[78.20956,30.67042],[78.20966,30.67043]]],[[[78.35913,30.67959],[78.35878,30.67792],[78.35986,30.6797],[78.35975,30.6797],[78.35913,30.67959]]],[[[78.22129,30.67969],[78.22118,30.67987],[78.21851,30.67846],[78.22129,30.67969]]],[[[78.22128,30.67987],[78.22128,30.67996],[78.22118,30.67987],[78.22128,30.67987]]],[[[78.3607,30.68305],[78.36019,30.68268],[78.36081,30.68306],[78.3607,30.68305]]],[[[78.35999,30.68259],[78.35529,30.68646],[78.35389,30.68427],[78.35186,30.67992],[78.35571,30.68031],[78.35399,30.6771],[78.35627,30.67719],[78.35668,30.67738],[78.35679,30.67747],[78.35679,30.67916],[78.35696,30.67874],[78.35705,30.67928],[78.35669,30.6809],[78.35679,30.68108],[78.3568,30.6809],[78.35814,30.68156],[78.35824,30.68156],[78.35999,30.68259]]],[[[78.35196,30.68973],[78.34983,30.68938],[78.35074,30.68581],[78.35218,30.68964],[78.35196,30.68973]]],[[[78.29739,30.68951],[78.2992,30.68837],[78.29922,30.6905],[78.2975,30.6896],[78.29739,30.68951]]],[[[78.35275,30.69173],[78.35274,30.69182],[78.35264,30.69173],[78.35275,30.69173]]],[[[78.29223,30.6876],[78.2962,30.68937],[78.29416,30.69305],[78.28738,30.68921],[78.29223,30.6876],[78.29234,30.68742],[78.29223,30.6876]],[[78.29503,30.6918],[78.29523,30.69226],[78.29523,30.69217],[78.29503,30.6918]]],[[[78.3529,30.69363],[78.34982,30.69751],[78.35083,30.692],[78.35288,30.69074],[78.35274,30.69182],[78.35275,30.69173],[78.35264,30.69173],[78.3529,30.69363]]],[[[77.76391,30.67956],[77.75735,30.68493],[77.75076,30.68447],[77.75003,30.68681],[77.74814,30.68085],[77.76111,30.67615],[77.76391,30.67956]]],[[[78.29203,30.70581],[78.29095,30.70362],[78.28929,30.70314],[78.29199,30.70364],[78.29209,30.70374],[78.2922,30.70374],[78.29203,30.70581]]],[[[78.47363,30.71055],[78.47136,30.71071],[78.47313,30.70955],[78.47342,30.71037],[78.47363,30.71055]]],[[[78.35237,30.70543],[78.35143,30.70947],[78.35154,30.70523],[78.35238,30.70516],[78.35237,30.70543],[78.35226,30.70552],[78.35237,30.70543]]],[[[78.43545,30.7172],[78.43737,30.72017],[78.43409,30.71545],[78.43545,30.7172],[78.43535,30.71711],[78.43545,30.7172]]],[[[78.26938,30.73329],[78.26722,30.73063],[78.27313,30.72832],[78.27347,30.73282],[78.26938,30.73329]]],[[[78.2665,30.73422],[78.26649,30.73431],[78.26639,30.73431],[78.26639,30.73422],[78.2665,30.73422]]],[[[78.26765,30.73398],[78.26649,30.73431],[78.2665,30.73422],[78.26639,30.73422],[78.26682,30.73387],[78.26765,30.73398]]],[[[78.25687,30.73492],[78.25615,30.73464],[78.25542,30.73444],[78.25751,30.73439],[78.25698,30.73492],[78.25687,30.73492]]],[[[78.26348,30.73732],[78.26082,30.73564],[78.26059,30.73266],[78.26691,30.73071],[78.2634,30.73299],[78.26397,30.73498],[78.26618,30.7344],[78.26348,30.73732]]],[[[78.17058,30.73677],[78.16729,30.73754],[78.16834,30.73674],[78.16875,30.73443],[78.17058,30.73677]]],[[[78.16568,30.73768],[78.16319,30.73735],[78.16429,30.73487],[78.16505,30.73602],[78.16792,30.73651],[78.16568,30.73768]]],[[[78.44614,30.74366],[78.44613,30.74375],[78.44603,30.74375],[78.44614,30.74366]]],[[[78.45112,30.74394],[78.44825,30.74022],[78.45286,30.7419],[78.45112,30.74394]]],[[[78.36646,30.74239],[78.36459,30.7418],[78.36928,30.74074],[78.36646,30.74239]]],[[[78.49026,30.74739],[78.48717,30.74965],[78.4853,30.74571],[78.49026,30.74739]]],[[[78.43802,30.75026],[78.43738,30.75205],[78.43718,30.7484],[78.44567,30.74924],[78.44527,30.74481],[78.44274,30.74198],[78.44246,30.74568],[78.43911,30.74478],[78.44367,30.73811],[78.44448,30.73902],[78.44508,30.74021],[78.44518,30.74021],[78.44601,30.74059],[78.44601,30.74068],[78.44573,30.74329],[78.44603,30.74375],[78.44613,30.74375],[78.44645,30.74375],[78.4462,30.7451],[78.44955,30.7449],[78.44882,30.75035],[78.44669,30.75166],[78.44418,30.75065],[78.43802,30.75026]]],[[[78.36118,30.74601],[78.36186,30.74262],[78.36239,30.7508],[78.36128,30.74602],[78.36118,30.74601]]],[[[78.13298,30.74433],[78.13315,30.74728],[78.12945,30.74414],[78.12732,30.74871],[78.11979,30.74926],[78.11388,30.74075],[78.11946,30.74022],[78.12278,30.73619],[78.1308,30.74058],[78.12973,30.7431],[78.13298,30.74433]],[[78.12638,30.74566],[78.12764,30.74343],[78.12297,30.74545],[78.12638,30.74566]]],[[[78.17525,30.7522],[78.17535,30.75229],[78.17525,30.75229],[78.17525,30.7522]]],[[[78.41035,30.75828],[78.4078,30.75475],[78.41009,30.75241],[78.41111,30.75703],[78.41035,30.75828]]],[[[78.17933,30.75184],[78.17781,30.75379],[78.17761,30.75369],[78.17602,30.75217],[78.1783,30.75127],[78.17714,30.75179],[78.18191,30.75106],[78.17933,30.75184]]],[[[78.40589,30.7609],[78.40526,30.75996],[78.4062,30.76099],[78.4061,30.7609],[78.40599,30.7609],[78.40589,30.7609]]],[[[78.4062,30.76099],[78.40589,30.76099],[78.40599,30.7609],[78.4061,30.7609],[78.4062,30.76099]]],[[[78.17953,30.75572],[78.17004,30.75536],[78.16879,30.75161],[78.1666,30.74892],[78.16362,30.75005],[78.16683,30.74723],[78.16694,30.74715],[78.16936,30.74648],[78.16851,30.74691],[78.16925,30.74675],[78.16946,30.74657],[78.16944,30.74729],[78.17437,30.74852],[78.17525,30.7522],[78.17525,30.75229],[78.17535,30.75238],[78.17535,30.75229],[78.17708,30.75395],[78.17761,30.75369],[78.17953,30.75572]]],[[[78.46108,30.7711],[78.45983,30.77098],[78.46353,30.76537],[78.46284,30.7678],[78.46283,30.76789],[78.46289,30.76978],[78.46299,30.77005],[78.46108,30.7711]]],[[[78.36332,30.77086],[78.36353,30.77095],[78.36332,30.77095],[78.36332,30.77086]]],[[[78.36353,30.77095],[78.36641,30.77449],[78.36177,30.77407],[78.36107,30.77298],[78.36216,30.77129],[78.3609,30.77171],[78.35977,30.77079],[78.35752,30.773],[78.35488,30.77006],[78.35458,30.7696],[78.35874,30.76622],[78.35917,30.76149],[78.36259,30.76213],[78.36121,30.76733],[78.36306,30.76526],[78.36436,30.76718],[78.36332,30.77086],[78.36332,30.77095],[78.36353,30.77095]]],[[[78.12984,30.77284],[78.13026,30.77285],[78.13015,30.77285],[78.13005,30.77285],[78.12984,30.77284]]],[[[78.12773,30.77361],[78.12992,30.77717],[78.12683,30.77593],[78.12715,30.77558],[78.12773,30.77361]]],[[[78.13934,30.78018],[78.1384,30.78016],[78.1384,30.78007],[78.13937,30.77919],[78.13934,30.78009],[78.13934,30.78018]]],[[[78.60673,30.79019],[78.60354,30.79369],[78.59804,30.79386],[78.59698,30.79173],[78.59698,30.79182],[78.59587,30.7905],[78.59995,30.78767],[78.60677,30.7881],[78.60684,30.7902],[78.60673,30.79019]]],[[[78.14614,30.78321],[78.14498,30.78355],[78.14382,30.78028],[78.14393,30.78037],[78.14382,30.78028],[78.14189,30.7787],[78.13827,30.77727],[78.13927,30.77522],[78.14242,30.77492],[78.14447,30.77614],[78.14751,30.77937],[78.14793,30.7791],[78.14614,30.78321]]],[[[78.6107,30.79451],[78.60743,30.79562],[78.60712,30.79561],[78.60713,30.79516],[78.60714,30.79498],[78.60693,30.79047],[78.60704,30.79047],[78.60714,30.79047],[78.60809,30.79013],[78.60802,30.7886],[78.61506,30.78824],[78.6107,30.79451]]],[[[78.14583,30.78654],[78.15048,30.78837],[78.14429,30.7893],[78.14466,30.78742],[78.14477,30.78733],[78.14466,30.78742],[78.14307,30.78588],[78.14583,30.78654]]],[[[78.16661,30.79025],[78.16515,30.79039],[78.16517,30.78976],[78.16661,30.79025]]],[[[78.38918,30.79555],[78.38797,30.794],[78.39186,30.79315],[78.38918,30.79555]]],[[[78.15364,30.79113],[78.15018,30.79151],[78.15175,30.79118],[78.15364,30.79113]]],[[[78.1644,30.79443],[78.16277,30.79314],[78.16801,30.79262],[78.16371,30.79306],[78.1644,30.79443]],[[78.16673,30.79349],[78.16642,30.7934],[78.16652,30.79349],[78.16673,30.79349]]],[[[78.15685,30.79211],[78.16143,30.7959],[78.15786,30.79673],[78.15664,30.79347],[78.15393,30.79538],[78.1512,30.79577],[78.15375,30.79429],[78.15536,30.79279],[78.15558,30.79262],[78.15685,30.79211]]],[[[78.38448,30.80349],[78.38225,30.80092],[78.38246,30.80074],[78.38358,30.79806],[78.38457,30.79988],[78.38262,30.80076],[78.38448,30.80349]]],[[[78.15611,30.79921],[78.15321,30.79852],[78.15234,30.79597],[78.15611,30.79921]]],[[[78.2367,30.80159],[78.23607,30.80158],[78.2365,30.80113],[78.23671,30.80123],[78.2367,30.80159]]],[[[78.23922,30.80101],[78.23736,30.80221],[78.2375,30.79917],[78.23922,30.80101]]],[[[78.38311,30.80761],[78.38166,30.80722],[78.38207,30.80731],[78.38209,30.80677],[78.38481,30.80515],[78.38311,30.80761]]],[[[78.37541,30.80637],[78.37777,30.80386],[78.38332,30.80391],[78.3801,30.80931],[78.37505,30.80816],[78.37541,30.80637]]],[[[78.21971,30.81466],[78.21743,30.81407],[78.22193,30.81474],[78.21981,30.81457],[78.21971,30.81466]]],[[[78.6098,30.81821],[78.60801,30.82297],[78.6074,30.82046],[78.60287,30.82059],[78.60698,30.81807],[78.60557,30.81597],[78.60931,30.81411],[78.6098,30.81821]]],[[[78.21049,30.81897],[78.20999,30.82275],[78.20758,30.82198],[78.20847,30.8201],[78.21049,30.81897]]],[[[78.21385,30.82581],[78.21246,30.82677],[78.21265,30.82019],[78.21405,30.81878],[78.21705,30.82335],[78.21517,30.8234],[78.21517,30.82349],[78.21385,30.82581],[78.21374,30.82581],[78.21385,30.82581]]],[[[78.1387,30.82615],[78.13758,30.82541],[78.13894,30.82544],[78.13883,30.82562],[78.1387,30.82615]]],[[[78.11137,30.83168],[78.11106,30.83149],[78.11137,30.83159],[78.11137,30.83168]]],[[[78.14171,30.83064],[78.14366,30.82947],[78.14359,30.83176],[78.13897,30.833],[78.13784,30.83015],[78.13193,30.82925],[78.13525,30.82635],[78.1347,30.82818],[78.13602,30.82685],[78.14171,30.83064]]],[[[78.11654,30.8336],[78.11419,30.83566],[78.1139,30.83101],[78.11597,30.83178],[78.11586,30.83187],[78.11593,30.83286],[78.11654,30.8336]]],[[[78.30571,30.84047],[78.3051,30.83983],[78.3051,30.83974],[78.30571,30.84047]]],[[[78.09451,30.83626],[78.09532,30.83736],[78.09312,30.83731],[78.09355,30.83705],[78.09313,30.83722],[78.09419,30.83644],[78.09451,30.83626]]],[[[78.10922,30.83731],[78.10425,30.83919],[78.10462,30.83387],[78.10689,30.83164],[78.11077,30.83279],[78.11188,30.8367],[78.10922,30.83731]]],[[[78.21066,30.84558],[78.21076,30.84567],[78.21066,30.84567],[78.21066,30.84558]]],[[[78.21076,30.84567],[78.21178,30.84537],[78.21157,30.84659],[78.21158,30.84632],[78.21076,30.84594],[78.21076,30.84567]]],[[[78.21281,30.85446],[78.21291,30.85456],[78.21281,30.85455],[78.21281,30.85446]]],[[[78.09051,30.8478],[78.08322,30.85197],[78.08305,30.84908],[78.08409,30.84586],[78.08812,30.84369],[78.08948,30.84214],[78.08452,30.83964],[78.08461,30.8368],[78.09204,30.83374],[78.09051,30.8478]]],[[[78.08852,30.8547],[78.0797,30.86376],[78.07958,30.86099],[78.07433,30.86227],[78.07459,30.85908],[78.07775,30.85943],[78.0825,30.85375],[78.08816,30.85289],[78.08821,30.8547],[78.0881,30.85478],[78.08821,30.8547],[78.08852,30.8547]]],[[[78.27781,30.86631],[78.276,30.86938],[78.27225,30.86691],[78.27096,30.87116],[78.26895,30.86892],[78.26257,30.86554],[78.26654,30.86084],[78.26608,30.85578],[78.26555,30.85604],[78.2668,30.85273],[78.2698,30.85542],[78.26807,30.85866],[78.272,30.85911],[78.27389,30.86415],[78.27781,30.86631]]],[[[78.07283,30.86553],[78.07438,30.86744],[78.07735,30.8646],[78.07688,30.8682],[78.07299,30.86803],[78.07283,30.86553]]],[[[78.24457,30.86966],[78.24211,30.87002],[78.24586,30.87028],[78.24547,30.87244],[78.24139,30.87244],[78.24163,30.87005],[78.24136,30.8686],[78.24117,30.86788],[78.24128,30.86779],[78.24277,30.86304],[78.24743,30.86308],[78.24931,30.8678],[78.24709,30.86918],[78.24457,30.86966]],[[78.24358,30.87136],[78.24284,30.87152],[78.24389,30.87154],[78.24389,30.87145],[78.24358,30.87136]]],[[[77.93035,30.86565],[77.93185,30.86767],[77.92816,30.86524],[77.93024,30.86565],[77.93035,30.86565]]],[[[78.07897,30.87333],[78.08071,30.87522],[78.08096,30.87236],[78.08184,30.87594],[78.07893,30.8746],[78.07897,30.87333]]],[[[78.22151,30.87909],[78.22178,30.88036],[78.22085,30.87719],[78.22151,30.87909]]],[[[78.19186,30.88107],[78.18612,30.87715],[78.18679,30.87212],[78.18625,30.87256],[78.1863,30.87093],[78.18707,30.86969],[78.19115,30.86256],[78.19404,30.86269],[78.19366,30.85874],[78.19345,30.85865],[78.19199,30.85879],[78.19188,30.85888],[78.19199,30.85879],[78.19345,30.85865],[78.19366,30.85874],[78.1911,30.86067],[78.18875,30.85863],[78.18886,30.85864],[78.18875,30.85863],[78.18654,30.85931],[78.19071,30.85597],[78.19071,30.85588],[78.1928,30.85259],[78.19331,30.85269],[78.19353,30.8526],[78.19139,30.85057],[78.19413,30.84991],[78.19529,30.8494],[78.19728,30.84926],[78.19738,30.84944],[78.19728,30.84926],[78.19891,30.84731],[78.19901,30.84731],[78.20013,30.84481],[78.20013,30.84472],[78.20888,30.84924],[78.20915,30.84567],[78.21066,30.84558],[78.21066,30.84567],[78.21045,30.84585],[78.21076,30.84594],[78.21149,30.84733],[78.21337,30.84762],[78.21433,30.8453],[78.21238,30.84408],[78.21388,30.84285],[78.21576,30.84271],[78.21574,30.84713],[78.21963,30.8464],[78.21944,30.84559],[78.2241,30.84636],[78.22236,30.84223],[78.22408,30.84046],[78.22696,30.84232],[78.22695,30.84241],[78.22673,30.84304],[78.22834,30.84506],[78.22965,30.84561],[78.22955,30.8431],[78.22914,30.84264],[78.22946,30.84265],[78.23052,30.83852],[78.23158,30.838],[78.23479,30.83906],[78.23698,30.83893],[78.23629,30.84117],[78.23509,30.84498],[78.23085,30.84511],[78.23123,30.84638],[78.23133,30.84648],[78.22992,30.84834],[78.22707,30.84945],[78.21904,30.85728],[78.21729,30.86863],[78.20494,30.86681],[78.20225,30.86951],[78.20606,30.87312],[78.20408,30.87896],[78.19472,30.87721],[78.19186,30.88098],[78.19186,30.88107]],[[78.2003,30.86763],[78.20246,30.8643],[78.19718,30.86729],[78.19927,30.86918],[78.2003,30.86763]],[[78.19646,30.86304],[78.19936,30.8638],[78.20124,30.86094],[78.1972,30.86269],[78.19646,30.86304]],[[78.20149,30.859],[78.204,30.85914],[78.20413,30.85807],[78.20409,30.8555],[78.20149,30.859]],[[78.19679,30.85873],[78.19719,30.85589],[78.19403,30.85694],[78.19679,30.85873]],[[78.21213,30.85977],[78.21427,30.85819],[78.21427,30.8581],[78.21313,30.85781],[78.21313,30.8579],[78.21213,30.85977]],[[78.20711,30.85651],[78.20711,30.85642],[78.20766,30.85544],[78.20711,30.85624],[78.20711,30.85633],[78.20711,30.85642],[78.20711,30.85651]],[[78.21321,30.85501],[78.21456,30.85549],[78.21488,30.85144],[78.21423,30.85251],[78.21281,30.85446],[78.21281,30.85455],[78.21291,30.85465],[78.21321,30.85501]],[[78.20176,30.85332],[78.20093,30.85331],[78.20176,30.85332],[78.20197,30.85333],[78.20092,30.85367],[78.19961,30.85405],[78.20114,30.85462],[78.2025,30.85316],[78.20219,30.85297],[78.20176,30.85332]]],[[[78.05473,30.8763],[78.05539,30.87857],[78.05321,30.87789],[78.05473,30.8763]]],[[[77.93244,30.87211],[77.93758,30.87648],[77.93603,30.87827],[77.93244,30.87211]]],[[[78.17943,30.88263],[78.17548,30.88104],[78.17985,30.88062],[78.17943,30.88263]]],[[[78.18613,30.88372],[78.18733,30.88575],[78.18428,30.88279],[78.18613,30.88372]]],[[[78.1964,30.88685],[78.19597,30.88702],[78.19547,30.88619],[78.1964,30.88685]]],[[[78.07632,30.87427],[78.06242,30.88468],[78.06374,30.87672],[78.06658,30.87876],[78.06936,30.87721],[78.06729,30.8756],[78.07559,30.87434],[78.07581,30.87417],[78.07591,30.87408],[78.07632,30.87427]]],[[[78.19278,30.88884],[78.19193,30.88949],[78.19104,30.88824],[78.19234,30.88604],[78.19416,30.88824],[78.19153,30.88863],[78.19278,30.88884]]],[[[78.07764,30.8862],[78.0818,30.88632],[78.07975,30.88895],[78.07663,30.88825],[78.07691,30.88267],[78.07894,30.88127],[78.07764,30.8862]]],[[[78.09938,30.88994],[78.09937,30.89003],[78.09927,30.89002],[78.09938,30.88994]]],[[[78.21867,30.90861],[78.22021,30.91116],[78.2181,30.91022],[78.21867,30.90861]]],[[[77.87382,30.90993],[77.87381,30.9102],[77.87362,30.90983],[77.87372,30.90983],[77.87382,30.90993]]],[[[77.8753,30.9096],[77.87382,30.90993],[77.87372,30.90983],[77.87624,30.90869],[77.8753,30.90951],[77.87519,30.90951],[77.8753,30.9096]]],[[[77.87158,30.91131],[77.87147,30.9114],[77.87171,30.91069],[77.87158,30.91131]]],[[[77.87158,30.91131],[77.87168,30.9115],[77.87147,30.9114],[77.87158,30.91131]]],[[[77.87168,30.9115],[77.87073,30.91174],[77.87084,30.91166],[77.87073,30.91174],[77.87001,30.91146],[77.86939,30.91108],[77.87168,30.9115]]],[[[77.86843,30.9116],[77.86933,30.91306],[77.86823,30.91159],[77.86843,30.9116]]],[[[78.22421,30.91946],[78.22906,30.9183],[78.23068,30.92089],[78.22665,30.92724],[78.21893,30.9193],[78.2197,30.91612],[78.22259,30.91392],[78.22154,30.91778],[78.22547,30.91808],[78.22421,30.91946]]],[[[77.77695,30.92035],[77.77445,30.9202],[77.77434,30.92019],[77.77444,30.92029],[77.77228,30.91942],[77.77695,30.92035]]],[[[77.77716,30.92044],[77.77905,30.92296],[77.77599,30.92274],[77.77716,30.92044]]],[[[77.77998,30.92376],[77.7784,30.92399],[77.77905,30.9232],[77.77998,30.92376]]],[[[77.87065,30.93014],[77.87065,30.93023],[77.87055,30.93022],[77.87055,30.93013],[77.87065,30.93014]]],[[[77.87108,30.92997],[77.87065,30.93023],[77.87065,30.93014],[77.87055,30.93013],[77.86856,30.93018],[77.86957,30.92813],[77.87113,30.92834],[77.87017,30.92904],[77.87108,30.92988],[77.87108,30.92997]]],[[[78.10925,30.93705],[78.10925,30.93714],[78.10914,30.93714],[78.10915,30.93705],[78.10925,30.93705]]],[[[78.1045,30.94181],[78.10404,30.94324],[78.10197,30.93896],[78.09972,30.93386],[78.10236,30.93311],[78.10349,30.93385],[78.10319,30.93331],[78.1033,30.93331],[78.10362,30.93304],[78.10242,30.93112],[78.10211,30.93103],[78.10212,30.93067],[78.10618,30.92697],[78.10269,30.92229],[78.10351,30.91943],[78.10482,30.92332],[78.10925,30.92458],[78.10593,30.91867],[78.10594,30.91858],[78.10528,30.91573],[78.10285,30.91673],[78.10642,30.91309],[78.10394,30.91193],[78.10565,30.9087],[78.10077,30.90963],[78.10088,30.90936],[78.1044,30.90675],[78.10011,30.90718],[78.09909,30.91662],[78.09899,30.91671],[78.09909,30.91662],[78.09929,30.91708],[78.10043,30.92098],[78.09894,30.9173],[78.09622,30.91836],[78.09558,30.91594],[78.08736,30.91365],[78.08981,30.89838],[78.09043,30.89866],[78.09288,30.8994],[78.09327,30.89133],[78.09285,30.89141],[78.09372,30.89008],[78.09508,30.89358],[78.09407,30.88656],[78.09947,30.88678],[78.09947,30.88687],[78.09857,30.88884],[78.09927,30.89002],[78.09937,30.89003],[78.10061,30.89393],[78.10236,30.895],[78.09939,30.89643],[78.09928,30.89652],[78.09828,30.89839],[78.10322,30.90204],[78.10737,30.89877],[78.11186,30.89896],[78.11176,30.89887],[78.11186,30.89896],[78.12,30.89676],[78.1196,30.89877],[78.11815,30.90061],[78.12144,30.90035],[78.1213,30.90512],[78.12598,30.90586],[78.1232,30.91211],[78.12616,30.91398],[78.12262,30.913],[78.12106,30.91022],[78.11908,30.91351],[78.11483,30.90978],[78.11553,30.90338],[78.11069,30.90069],[78.11389,30.90261],[78.10996,30.91178],[78.11667,30.91638],[78.12696,30.91828],[78.12267,30.9185],[78.12119,30.92124],[78.12979,30.92551],[78.12781,30.92863],[78.12619,30.92621],[78.11989,30.92598],[78.12536,30.92677],[78.12225,30.92859],[78.12641,30.93239],[78.12135,30.93277],[78.1234,30.93601],[78.12053,30.93766],[78.11723,30.93623],[78.11176,30.93199],[78.11089,30.93433],[78.10797,30.93166],[78.10807,30.9345],[78.10848,30.93496],[78.10981,30.93598],[78.11022,30.93626],[78.11032,30.93626],[78.10712,30.93781],[78.10861,30.94109],[78.10602,30.93995],[78.10352,30.93881],[78.1045,30.94181]],[[78.10546,30.90444],[78.10412,30.90249],[78.10321,30.90449],[78.10546,30.90444]],[[78.0925,30.90277],[78.09021,30.90118],[78.09128,30.90584],[78.0925,30.90277]],[[78.09492,30.91273],[78.09566,30.9145],[78.09747,30.91295],[78.09492,30.91273]],[[78.11924,30.90762],[78.11688,30.90786],[78.12086,30.90894],[78.11924,30.90762]]],[[[77.86092,30.94947],[77.86233,30.95121],[77.85986,30.9498],[77.86092,30.94947]]],[[[78.09811,30.96629],[78.09792,30.96592],[78.09802,30.96592],[78.09811,30.96629]]],[[[78.0954,30.96604],[78.09733,30.96438],[78.09539,30.96641],[78.0954,30.96604]]],[[[78.09276,30.9668],[78.09035,30.96692],[78.09461,30.96608],[78.09276,30.9668]]],[[[78.08424,30.96814],[78.08393,30.96822],[78.08383,30.96813],[78.08415,30.96796],[78.08424,30.96814]]],[[[78.0834,30.96848],[78.08383,30.96813],[78.08382,30.96822],[78.0834,30.96848]]],[[[78.07825,30.97612],[78.07428,30.97585],[78.07766,30.97584],[78.07928,30.97124],[78.0754,30.97278],[78.07432,30.97107],[78.0781,30.96832],[78.07986,30.9704],[78.08264,30.96918],[78.08275,30.96919],[78.0834,30.96848],[78.07998,30.97426],[78.07869,30.97532],[78.07825,30.97612],[78.07804,30.97602],[78.07825,30.97612]]],[[[78.08552,30.98142],[78.08388,30.97723],[78.08691,30.97451],[78.09134,30.97903],[78.09002,30.98125],[78.08247,30.982],[78.07944,30.97992],[78.08361,30.97858],[78.08552,30.98142]]],[[[77.86575,30.99377],[77.86674,30.99589],[77.8647,30.99392],[77.86575,30.99377],[77.86585,30.99386],[77.86575,30.99377]]],[[[77.86757,30.99886],[77.86454,30.99656],[77.86676,30.99794],[77.86757,30.99886]]],[[[77.82839,31.00503],[77.82692,31.00298],[77.82999,30.99911],[77.8319,31.00295],[77.83087,31.00447],[77.82839,31.00503]],[[77.83013,31.00435],[77.83142,31.00324],[77.8304,31.00237],[77.83013,31.00435]]],[[[78.06618,31.01796],[78.06232,31.01417],[78.06738,31.01487],[78.06618,31.01796]]],[[[78.12263,31.05602],[78.12475,31.0585],[78.12112,31.05926],[78.12155,31.05549],[78.11631,31.05362],[78.11998,31.05334],[78.11905,31.05296],[78.11916,31.05288],[78.11905,31.05296],[78.12097,31.05293],[78.12027,31.05416],[78.12245,31.05484],[78.12245,31.05502],[78.12245,31.05484],[78.12263,31.05602]]],[[[78.09978,31.06344],[78.10025,31.06174],[78.10048,31.06454],[78.09978,31.06344]]],[[[78.10803,31.06751],[78.10385,31.0602],[78.10333,31.06037],[78.10402,31.06295],[78.09943,31.06091],[78.10109,31.05806],[78.10413,31.05493],[78.11069,31.05593],[78.11058,31.05602],[78.11069,31.05593],[78.11208,31.05497],[78.11251,31.05462],[78.11061,31.05837],[78.1105,31.05854],[78.11014,31.06034],[78.11003,31.06043],[78.1072,31.05712],[78.10731,31.05667],[78.10816,31.05633],[78.10816,31.05642],[78.10816,31.05633],[78.10588,31.05546],[78.10472,31.05598],[78.10492,31.05598],[78.10095,31.05932],[78.10509,31.05743],[78.1097,31.06421],[78.10803,31.06751]]],[[[77.85467,31.06346],[77.85444,31.064],[77.85373,31.06317],[77.85467,31.06346]]],[[[78.17508,31.07116],[78.17976,31.07225],[78.17391,31.07158],[78.17508,31.07116]]],[[[78.18758,31.0735],[78.1855,31.07283],[78.18731,31.07197],[78.18845,31.07235],[78.18864,31.07317],[78.18769,31.07324],[78.18758,31.0735]]],[[[77.86312,31.06764],[77.86302,31.06745],[77.86312,31.06755],[77.86312,31.06764]]],[[[77.86085,31.06668],[77.8601,31.06702],[77.85868,31.06564],[77.8589,31.06546],[77.86172,31.06562],[77.86085,31.06668]]],[[[78.17489,31.07377],[78.17821,31.07343],[78.17926,31.07504],[78.17709,31.07396],[78.17757,31.07545],[78.17474,31.07483],[78.17374,31.07679],[78.17489,31.07377]]],[[[77.86282,31.07024],[77.86261,31.07033],[77.86261,31.07024],[77.86282,31.07024]]],[[[77.863,31.07133],[77.86244,31.07233],[77.85926,31.0714],[77.86187,31.07049],[77.86229,31.07059],[77.86282,31.07024],[77.8623,31.07014],[77.86219,31.0705],[77.86187,31.07049],[77.86308,31.0689],[77.86338,31.06936],[77.8644,31.07019],[77.8631,31.07124],[77.86247,31.07141],[77.863,31.07133]]],[[[77.85689,31.07235],[77.85567,31.07106],[77.85765,31.07044],[77.857,31.07227],[77.857,31.07209],[77.85689,31.07235]]],[[[77.90772,31.07476],[77.90915,31.07596],[77.90791,31.07521],[77.90761,31.07484],[77.90772,31.07476]]],[[[77.90632,31.08879],[77.90642,31.08897],[77.90621,31.08897],[77.90622,31.08879],[77.90632,31.08879]]],[[[77.90621,31.08897],[77.90621,31.08906],[77.906,31.08905],[77.906,31.08887],[77.90621,31.08897]]],[[[77.90597,31.09004],[77.90426,31.09108],[77.90333,31.08745],[77.90632,31.08879],[77.90622,31.08879],[77.90601,31.08878],[77.906,31.08887],[77.906,31.08905],[77.90641,31.08942],[77.90621,31.08906],[77.90642,31.08897],[77.90819,31.09104],[77.90607,31.09005],[77.90597,31.09004]]],[[[77.90916,31.09174],[77.90885,31.09173],[77.90895,31.09165],[77.90916,31.09174]]],[[[78.08755,31.09671],[78.08684,31.09615],[78.08695,31.09598],[78.08735,31.09644],[78.08755,31.09671]]],[[[78.08985,31.10046],[78.08969,31.10232],[78.08729,31.10175],[78.08717,31.10229],[78.08604,31.10155],[78.08725,31.09968],[78.08734,31.10013],[78.08897,31.10189],[78.08934,31.1],[78.08985,31.10046]]],[[[78.2237,31.10684],[78.22138,31.10706],[78.22165,31.10526],[78.22236,31.106],[78.2237,31.10684]]],[[[78.09568,31.10519],[78.09557,31.10528],[78.09557,31.10519],[78.09568,31.10519]]],[[[78.09746,31.10514],[78.09685,31.10468],[78.09649,31.10283],[78.09801,31.10434],[78.09746,31.10514]]],[[[78.09503,31.10563],[78.0905,31.10589],[78.0917,31.10149],[78.09402,31.10101],[78.09568,31.10519],[78.09557,31.10519],[78.09557,31.10528],[78.09503,31.10563]]],[[[78.23217,31.1072],[78.23569,31.11126],[78.2298,31.10968],[78.23217,31.1072]]],[[[78.09581,31.13161],[78.09581,31.1317],[78.09571,31.1317],[78.09581,31.13161]]],[[[78.09592,31.13171],[78.0957,31.13179],[78.09581,31.1317],[78.09592,31.13171]]],[[[78.09464,31.13249],[78.09274,31.1329],[78.09009,31.1304],[78.09158,31.12565],[78.09661,31.12828],[78.09852,31.12545],[78.09992,31.12756],[78.09882,31.12916],[78.0986,31.1296],[78.09592,31.13171],[78.09581,31.13161],[78.09561,31.13152],[78.09571,31.1317],[78.0957,31.13179],[78.09464,31.13249]]],[[[78.10182,31.14771],[78.1014,31.14797],[78.10151,31.14779],[78.10182,31.14771]]],[[[78.0994,31.14829],[78.09782,31.14852],[78.0971,31.14806],[78.09742,31.14761],[78.10151,31.14779],[78.10119,31.14797],[78.10087,31.14805],[78.10087,31.14814],[78.0994,31.14829]]],[[[78.10222,31.15196],[78.10362,31.14984],[78.10358,31.15344],[78.09823,31.15205],[78.10222,31.15196]]]]},"properties":{"area":3383.67895815}}
]}