{"type":"FeatureCollection", "features": [
{"type":"Feature","geometry":{"type":"LineString","coordinates":[[79.10208,31.4375],[79.09792,31.39375]]},"properties":{"MAIN_RIV":41067217,"LENGTH_KM":5.3,"ORD_STRA":1}},
{"type":"Feature","geometry":{"type":"LineString","coordinates":[[79.10417,31.39375],[79.09792,31.39375]]},"properties":{"MAIN_RIV":41067217,"LENGTH_KM":0.59,"ORD_STRA":1}},
{"type":"Feature","geometry":{"type":"LineString","coordinates":[[79.08542,31.40417],[79.09375,31.38542]]},"properties":{"MAIN_RIV":41067217,"LENGTH_KM":2.38,"ORD_STRA":1}},
{"type":"Feature","geometry":{"type":"LineString","coordinates":[[79.09792,31.39375],[79.09375,31.38542]]},"properties":{"MAIN_RIV":41067217,"LENGTH_KM":1.07,"ORD_STRA":2}},
{"type":"Feature","geometry":{"type":"LineString","coordinates":[[79.13125,31.38333],[79.13125,31.36458]]},"properties":{"MAIN_RIV":41067217,"LENGTH_KM":2.08,"ORD_STRA":1}},
{"type":"Feature","geometry":{"type":"LineString","coordinates":[[79.15,31.37292],[79.13125,31.36458]]},"properties":{"MAIN_RIV":41067217,"LENGTH_KM":2.21,"ORD_STRA":1}},
{"type":"Feature","geometry":{"type":"LineString","coordinates":[[79.0375,31.40833],[79.08125,31.35625]]},"properties":{"MAIN_RIV":41067217,"LENGTH_KM":7.57,"ORD_STRA":1}},
{"type":"Feature","geometry":{"type":"LineString","coordinates":[[79.09375,31.38542],[79.08125,31.35625]]},"properties":{"MAIN_RIV":41067217,"LENGTH_KM":3.68,"ORD_STRA":2}},
{"type":"Feature","geometry":{"type":"LineString","coordinates":[[79.03333,31.34167],[79.04792,31.35208],[79.07708,31.34375]]},"properties":{"MAIN_RIV":41067217,"LENGTH_KM":5.12,"ORD_STRA":1}},
{"type":"Feature","geometry":{"type":"LineString","coordinates":[[79.08125,31.35625],[79.07708,31.34375]]},"properties":{"MAIN_RIV":41067217,"LENGTH_KM":1.54,"ORD_STRA":2}},
{"type":"Feature","geometry":{"type":"LineString","coordinates":[[79.05833,31.33125],[79.07708,31.33125]]},"properties":{"MAIN_RIV":41067217,"LENGTH_KM":1.78,"ORD_STRA":1}},
{"type":"Feature","geometry":{"type":"LineString","coordinates":[[79.07708,31.34375],[79.07708,31.33125]]},"properties":{"MAIN_RIV":41067217,"LENGTH_KM":1.39,"ORD_STRA":2}},
{"type":"Feature","geometry":{"type":"LineString","coordinates":[[78.97083,31.325],[78.96236,31.33347]]},"properties":{"MAIN_RIV":41067217,"LENGTH_KM":1.92,"ORD_STRA":1}},
{"type":"Feature","geometry":{"type":"LineString","coordinates":[[79.13125,31.36458],[79.13542,31.32292]]},"properties":{"MAIN_RIV":41067217,"LENGTH_KM":5.07,"ORD_STRA":2}},
{"type":"Feature","geometry":{"type":"LineString","coordinates":[[79.20833,31.33542],[79.17708,31.33958],[79.13542,31.32292]]},"properties":{"MAIN_RIV":41067217,"LENGTH_KM":8.42,"ORD_STRA":1}},
{"type":"Feature","geometry":{"type":"LineString","coordinates":[[79.07708,31.33125],[79.08125,31.31458]]},"properties":{"MAIN_RIV":41067217,"LENGTH_KM":2,"ORD_STRA":2}},
{"type":"Feature","geometry":{"type":"LineString","coordinates":[[79.05833,31.30625],[79.08125,31.31458]]},"properties":{"MAIN_RIV":41067217,"LENGTH_KM":2.6,"ORD_STRA":1}},
{"type":"Feature","geometry":{"type":"LineString","coordinates":[[79.13542,31.32292],[79.13125,31.30625]]},"properties":{"MAIN_RIV":41067217,"LENGTH_KM":2,"ORD_STRA":2}},
{"type":"Feature","geometry":{"type":"LineString","coordinates":[[78.95625,31.32836],[78.96042,31.31042],[78.97292,31.30208]]},"properties":{"MAIN_RIV":41067217,"LENGTH_KM":4.54,"ORD_STRA":2}},
{"type":"Feature","geometry":{"type":"LineString","coordinates":[[79.08125,31.31458],[79.09792,31.30208]]},"properties":{"MAIN_RIV":41067217,"LENGTH_KM":2.22,"ORD_STRA":2}},
{"type":"Feature","geometry":{"type":"LineString","coordinates":[[79.10625,31.3375],[79.09792,31.30208]]},"properties":{"MAIN_RIV":41067217,"LENGTH_KM":4.23,"ORD_STRA":1}},
{"type":"Feature","geometry":{"type":"LineString","coordinates":[[78.97292,31.30208],[78.97292,31.29792]]},"properties":{"MAIN_RIV":41067217,"LENGTH_KM":0.46,"ORD_STRA":2}},
{"type":"Feature","geometry":{"type":"LineString","coordinates":[[79,31.30417],[78.98958,31.31042],[78.97292,31.29792]]},"properties":{"MAIN_RIV":41067217,"LENGTH_KM":3.53,"ORD_STRA":1}},
{"type":"Feature","geometry":{"type":"LineString","coordinates":[[79.09167,31.29792],[79.10208,31.29792]]},"properties":{"MAIN_RIV":41067217,"LENGTH_KM":0.99,"ORD_STRA":1}},
{"type":"Feature","geometry":{"type":"LineString","coordinates":[[79.09792,31.30208],[79.10208,31.29792]]},"properties":{"MAIN_RIV":41067217,"LENGTH_KM":0.61,"ORD_STRA":2}},
{"type":"Feature","geometry":{"type":"LineString","coordinates":[[78.94336,31.29792],[78.97292,31.30208]]},"properties":{"MAIN_RIV":41067217,"LENGTH_KM":4.9,"ORD_STRA":1}},
{"type":"Feature","geometry":{"type":"LineString","coordinates":[[79.22917,31.28958],[79.15208,31.31042],[79.13125,31.30625]]},"properties":{"MAIN_RIV":41067217,"LENGTH_KM":10.58,"ORD_STRA":1}},
{"type":"Feature","geometry":{"type":"LineString","coordinates":[[78.97292,31.29792],[78.98125,31.28542]]},"properties":{"MAIN_RIV":41067217,"LENGTH_KM":1.68,"ORD_STRA":2}},
{"type":"Feature","geometry":{"type":"LineString","coordinates":[[78.96042,31.28125],[78.98125,31.28542]]},"properties":{"MAIN_RIV":41067217,"LENGTH_KM":2.19,"ORD_STRA":2}},
{"type":"Feature","geometry":{"type":"LineString","coordinates":[[79.10208,31.29792],[79.10625,31.27708]]},"properties":{"MAIN_RIV":41067217,"LENGTH_KM":2.46,"ORD_STRA":2}},
{"type":"Feature","geometry":{"type":"LineString","coordinates":[[79.13125,31.30625],[79.10625,31.27708]]},"properties":{"MAIN_RIV":41067217,"LENGTH_KM":4.12,"ORD_STRA":2}},
{"type":"Feature","geometry":{"type":"LineString","coordinates":[[78.96042,31.27083],[78.96042,31.28125]]},"properties":{"MAIN_RIV":41067217,"LENGTH_KM":1.16,"ORD_STRA":1}},
{"type":"Feature","geometry":{"type":"LineString","coordinates":[[79.1875,31.26458],[79.10625,31.27708]]},"properties":{"MAIN_RIV":41067217,"LENGTH_KM":8.36,"ORD_STRA":1}},
{"type":"Feature","geometry":{"type":"LineString","coordinates":[[79.10625,31.27708],[79.09792,31.25625]]},"properties":{"MAIN_RIV":41067217,"LENGTH_KM":2.61,"ORD_STRA":3}},
{"type":"Feature","geometry":{"type":"MultiLineString","coordinates":[[[78.93125,31.24583],[78.93017,31.25316]],[[78.93994,31.2691],[78.96042,31.28125]]]},"properties":{"MAIN_RIV":41067217,"LENGTH_KM":6,"ORD_STRA":1}},
{"type":"Feature","geometry":{"type":"LineString","coordinates":[[78.98125,31.28542],[79.02292,31.24792]]},"properties":{"MAIN_RIV":41067217,"LENGTH_KM":6.13,"ORD_STRA":3}},
{"type":"Feature","geometry":{"type":"LineString","coordinates":[[79.07292,31.26667],[79.08958,31.24792]]},"properties":{"MAIN_RIV":41067217,"LENGTH_KM":3.17,"ORD_STRA":1}},
{"type":"Feature","geometry":{"type":"LineString","coordinates":[[79.09792,31.25625],[79.08958,31.24792]]},"properties":{"MAIN_RIV":41067217,"LENGTH_KM":1.22,"ORD_STRA":3}},
{"type":"Feature","geometry":{"type":"LineString","coordinates":[[79.15,31.24792],[79.11875,31.25625],[79.10625,31.24792],[79.09792,31.25625]]},"properties":{"MAIN_RIV":41067217,"LENGTH_KM":6.23,"ORD_STRA":1}},
{"type":"Feature","geometry":{"type":"LineString","coordinates":[[78.35208,31.25417],[78.34792,31.24375]]},"properties":{"MAIN_RIV":41067217,"LENGTH_KM":1.3,"ORD_STRA":1}},
{"type":"Feature","geometry":{"type":"LineString","coordinates":[[78.375,31.24375],[78.34792,31.24375]]},"properties":{"MAIN_RIV":41067217,"LENGTH_KM":2.58,"ORD_STRA":1}},
{"type":"Feature","geometry":{"type":"LineString","coordinates":[[78.34792,31.24375],[78.31458,31.24792],[78.28542,31.23542]]},"properties":{"MAIN_RIV":41067217,"LENGTH_KM":6.79,"ORD_STRA":2}},
{"type":"Feature","geometry":{"type":"LineString","coordinates":[[78.325,31.22292],[78.29792,31.22292],[78.28542,31.23542]]},"properties":{"MAIN_RIV":41067217,"LENGTH_KM":4.4,"ORD_STRA":1}},
{"type":"Feature","geometry":{"type":"LineString","coordinates":[[78.98333,31.2125],[79.02292,31.24792]]},"properties":{"MAIN_RIV":41067217,"LENGTH_KM":5.83,"ORD_STRA":1}},
{"type":"Feature","geometry":{"type":"LineString","coordinates":[[79.19167,31.22083],[79.19792,31.21458]]},"properties":{"MAIN_RIV":41067217,"LENGTH_KM":0.91,"ORD_STRA":1}},
{"type":"Feature","geometry":{"type":"LineString","coordinates":[[79.19792,31.22083],[79.19792,31.21458]]},"properties":{"MAIN_RIV":41067217,"LENGTH_KM":0.69,"ORD_STRA":1}},
{"type":"Feature","geometry":{"type":"LineString","coordinates":[[79.08958,31.24792],[79.09792,31.21042]]},"properties":{"MAIN_RIV":41067217,"LENGTH_KM":4.75,"ORD_STRA":3}},
{"type":"Feature","geometry":{"type":"LineString","coordinates":[[79.23542,31.2375],[79.24375,31.21042]]},"properties":{"MAIN_RIV":41067217,"LENGTH_KM":3.3,"ORD_STRA":1}},
{"type":"Feature","geometry":{"type":"LineString","coordinates":[[79.26458,31.21667],[79.26458,31.21042]]},"properties":{"MAIN_RIV":41067217,"LENGTH_KM":0.69,"ORD_STRA":1}},
{"type":"Feature","geometry":{"type":"LineString","coordinates":[[79.27083,31.21042],[79.26458,31.21042]]},"properties":{"MAIN_RIV":41067217,"LENGTH_KM":0.59,"ORD_STRA":1}},
{"type":"Feature","geometry":{"type":"LineString","coordinates":[[79.12917,31.21042],[79.09792,31.21042]]},"properties":{"MAIN_RIV":41067217,"LENGTH_KM":3.4,"ORD_STRA":1}},
{"type":"Feature","geometry":{"type":"LineString","coordinates":[[79.25625,31.20625],[79.24375,31.21042]]},"properties":{"MAIN_RIV":41067217,"LENGTH_KM":1.4,"ORD_STRA":3}},
{"type":"Feature","geometry":{"type":"LineString","coordinates":[[79.26458,31.21042],[79.25625,31.20625]]},"properties":{"MAIN_RIV":41067217,"LENGTH_KM":1.01,"ORD_STRA":2}},
{"type":"Feature","geometry":{"type":"LineString","coordinates":[[79.02292,31.24792],[79.05208,31.21875],[79.04792,31.20208]]},"properties":{"MAIN_RIV":41067217,"LENGTH_KM":6.52,"ORD_STRA":3}},
{"type":"Feature","geometry":{"type":"LineString","coordinates":[[79.19792,31.21458],[79.20625,31.20208]]},"properties":{"MAIN_RIV":41067217,"LENGTH_KM":1.68,"ORD_STRA":2}},
{"type":"Feature","geometry":{"type":"LineString","coordinates":[[79.21667,31.22083],[79.20625,31.20208]]},"properties":{"MAIN_RIV":41067217,"LENGTH_KM":2.45,"ORD_STRA":1}},
{"type":"Feature","geometry":{"type":"LineString","coordinates":[[79.24375,31.21042],[79.20625,31.20208]]},"properties":{"MAIN_RIV":41067217,"LENGTH_KM":3.99,"ORD_STRA":3}},
{"type":"Feature","geometry":{"type":"LineString","coordinates":[[79,31.19375],[79.02292,31.21458],[79.03958,31.21458],[79.04792,31.20208]]},"properties":{"MAIN_RIV":41067217,"LENGTH_KM":6.76,"ORD_STRA":1}},
{"type":"Feature","geometry":{"type":"LineString","coordinates":[[79.09792,31.21042],[79.09792,31.19375]]},"properties":{"MAIN_RIV":41067217,"LENGTH_KM":2.15,"ORD_STRA":3}},
{"type":"Feature","geometry":{"type":"LineString","coordinates":[[79.26458,31.19375],[79.25625,31.20625]]},"properties":{"MAIN_RIV":41067217,"LENGTH_KM":1.68,"ORD_STRA":2}},
{"type":"Feature","geometry":{"type":"LineString","coordinates":[[79.28333,31.19792],[79.26458,31.19375]]},"properties":{"MAIN_RIV":41067217,"LENGTH_KM":2,"ORD_STRA":1}},
{"type":"Feature","geometry":{"type":"LineString","coordinates":[[79.09792,31.19375],[79.09375,31.18958]]},"properties":{"MAIN_RIV":41067217,"LENGTH_KM":0.61,"ORD_STRA":3}},
{"type":"Feature","geometry":{"type":"LineString","coordinates":[[79.13333,31.19167],[79.12708,31.19792],[79.10625,31.18958],[79.09792,31.19375]]},"properties":{"MAIN_RIV":41067217,"LENGTH_KM":4.33,"ORD_STRA":1}},
{"type":"Feature","geometry":{"type":"LineString","coordinates":[[78.06875,31.18689],[78.06875,31.18542]]},"properties":{"MAIN_RIV":41067217,"LENGTH_KM":1.39,"ORD_STRA":3}},
{"type":"Feature","geometry":{"type":"LineString","coordinates":[[79.04792,31.20208],[79.04375,31.18542]]},"properties":{"MAIN_RIV":41067217,"LENGTH_KM":2,"ORD_STRA":3}},
{"type":"Feature","geometry":{"type":"LineString","coordinates":[[79.17917,31.2],[79.19792,31.18542]]},"properties":{"MAIN_RIV":41067217,"LENGTH_KM":2.53,"ORD_STRA":1}},
{"type":"Feature","geometry":{"type":"LineString","coordinates":[[79.20625,31.20208],[79.19792,31.18542]]},"properties":{"MAIN_RIV":41067217,"LENGTH_KM":2.15,"ORD_STRA":3}},
{"type":"Feature","geometry":{"type":"LineString","coordinates":[[79.125,31.18125],[79.09375,31.18958]]},"properties":{"MAIN_RIV":41067217,"LENGTH_KM":3.4,"ORD_STRA":1}},
{"type":"Feature","geometry":{"type":"MultiLineString","coordinates":[[[78.04261,31.17822],[78.04618,31.17952]],[[78.05322,31.18125],[78.05823,31.18323]],[[78.06147,31.18542],[78.06875,31.18542]]]},"properties":{"MAIN_RIV":41067217,"LENGTH_KM":6.81,"ORD_STRA":1}},
{"type":"Feature","geometry":{"type":"LineString","coordinates":[[78.2125,31.18542],[78.22292,31.17708]]},"properties":{"MAIN_RIV":41067217,"LENGTH_KM":1.67,"ORD_STRA":1}},
{"type":"Feature","geometry":{"type":"LineString","coordinates":[[78.28542,31.23542],[78.22292,31.17708]]},"properties":{"MAIN_RIV":41067217,"LENGTH_KM":9.18,"ORD_STRA":2}},
{"type":"Feature","geometry":{"type":"LineString","coordinates":[[78.17083,31.20417],[78.15208,31.18542],[78.15208,31.17292]]},"properties":{"MAIN_RIV":41067217,"LENGTH_KM":4.13,"ORD_STRA":1}},
{"type":"Feature","geometry":{"type":"LineString","coordinates":[[79.01667,31.17292],[79.04375,31.18542]]},"properties":{"MAIN_RIV":41067217,"LENGTH_KM":3.22,"ORD_STRA":1}},
{"type":"Feature","geometry":{"type":"LineString","coordinates":[[78.15208,31.17292],[78.11875,31.16875]]},"properties":{"MAIN_RIV":41067217,"LENGTH_KM":3.81,"ORD_STRA":2}},
{"type":"Feature","geometry":{"type":"LineString","coordinates":[[78.16667,31.16667],[78.15208,31.17292]]},"properties":{"MAIN_RIV":41067217,"LENGTH_KM":1.71,"ORD_STRA":1}},
{"type":"Feature","geometry":{"type":"LineString","coordinates":[[79.19792,31.18542],[79.19375,31.16875]]},"properties":{"MAIN_RIV":41067217,"LENGTH_KM":2,"ORD_STRA":3}},
{"type":"Feature","geometry":{"type":"LineString","coordinates":[[79.17083,31.16458],[79.19375,31.16875]]},"properties":{"MAIN_RIV":41067217,"LENGTH_KM":2.39,"ORD_STRA":1}},
{"type":"Feature","geometry":{"type":"LineString","coordinates":[[79.19375,31.16875],[79.19792,31.16042]]},"properties":{"MAIN_RIV":41067217,"LENGTH_KM":1.07,"ORD_STRA":3}},
{"type":"Feature","geometry":{"type":"LineString","coordinates":[[79.22083,31.17292],[79.19792,31.16042]]},"properties":{"MAIN_RIV":41067217,"LENGTH_KM":2.82,"ORD_STRA":1}},
{"type":"Feature","geometry":{"type":"LineString","coordinates":[[79.29583,31.15833],[79.26458,31.19375]]},"properties":{"MAIN_RIV":41067217,"LENGTH_KM":5.29,"ORD_STRA":1}},
{"type":"Feature","geometry":{"type":"LineString","coordinates":[[78.06875,31.18542],[78.09792,31.16458],[78.09792,31.15625]]},"properties":{"MAIN_RIV":41067217,"LENGTH_KM":4.77,"ORD_STRA":3}},
{"type":"Feature","geometry":{"type":"LineString","coordinates":[[78.11875,31.16875],[78.09792,31.15625]]},"properties":{"MAIN_RIV":41067217,"LENGTH_KM":2.62,"ORD_STRA":2}},
{"type":"Feature","geometry":{"type":"LineString","coordinates":[[78.13333,31.15417],[78.11875,31.16875]]},"properties":{"MAIN_RIV":41067217,"LENGTH_KM":2.13,"ORD_STRA":1}},
{"type":"Feature","geometry":{"type":"LineString","coordinates":[[78.44583,31.2125],[78.42708,31.17292],[78.43125,31.15208]]},"properties":{"MAIN_RIV":41067217,"LENGTH_KM":7.52,"ORD_STRA":1}},
{"type":"Feature","geometry":{"type":"LineString","coordinates":[[78.49167,31.16875],[78.44792,31.16875],[78.43125,31.15208]]},"properties":{"MAIN_RIV":41067217,"LENGTH_KM":6.6,"ORD_STRA":1}},
{"type":"Feature","geometry":{"type":"LineString","coordinates":[[78.43125,31.15208],[78.43125,31.14792]]},"properties":{"MAIN_RIV":41067217,"LENGTH_KM":0.46,"ORD_STRA":2}},
{"type":"Feature","geometry":{"type":"LineString","coordinates":[[78.6875,31.175],[78.68958,31.14792]]},"properties":{"MAIN_RIV":41067217,"LENGTH_KM":3.38,"ORD_STRA":1}},
{"type":"Feature","geometry":{"type":"LineString","coordinates":[[79.04375,31.18542],[79.07708,31.14792]]},"properties":{"MAIN_RIV":41067217,"LENGTH_KM":5.59,"ORD_STRA":3}},
{"type":"Feature","geometry":{"type":"LineString","coordinates":[[79.09375,31.18958],[79.07708,31.14792]]},"properties":{"MAIN_RIV":41067217,"LENGTH_KM":5.22,"ORD_STRA":3}},
{"type":"Feature","geometry":{"type":"LineString","coordinates":[[79.19792,31.16042],[79.18958,31.14792]]},"properties":{"MAIN_RIV":41067217,"LENGTH_KM":1.68,"ORD_STRA":3}},
{"type":"Feature","geometry":{"type":"LineString","coordinates":[[78.4125,31.1625],[78.41875,31.14375]]},"properties":{"MAIN_RIV":41067217,"LENGTH_KM":2.31,"ORD_STRA":1}},
{"type":"Feature","geometry":{"type":"LineString","coordinates":[[78.43125,31.14792],[78.41875,31.14375]]},"properties":{"MAIN_RIV":41067217,"LENGTH_KM":1.4,"ORD_STRA":3}},
{"type":"Feature","geometry":{"type":"LineString","coordinates":[[78.63125,31.18333],[78.63125,31.16458],[78.64375,31.15208],[78.67292,31.14375],[78.68958,31.14792]]},"properties":{"MAIN_RIV":41067217,"LENGTH_KM":8.92,"ORD_STRA":1}},
{"type":"Feature","geometry":{"type":"LineString","coordinates":[[78.68958,31.14792],[78.70208,31.14375]]},"properties":{"MAIN_RIV":41067217,"LENGTH_KM":1.4,"ORD_STRA":2}},
{"type":"Feature","geometry":{"type":"LineString","coordinates":[[78.7375,31.16458],[78.71042,31.15625],[78.70208,31.14375]]},"properties":{"MAIN_RIV":41067217,"LENGTH_KM":4.69,"ORD_STRA":1}},
{"type":"Feature","geometry":{"type":"LineString","coordinates":[[79.22292,31.14375],[79.18958,31.14792]]},"properties":{"MAIN_RIV":41067217,"LENGTH_KM":3.81,"ORD_STRA":2}},
{"type":"Feature","geometry":{"type":"LineString","coordinates":[[79.25833,31.15625],[79.22292,31.14375]]},"properties":{"MAIN_RIV":41067217,"LENGTH_KM":4.01,"ORD_STRA":1}},
{"type":"Feature","geometry":{"type":"LineString","coordinates":[[78.22292,31.17708],[78.22292,31.16042],[78.25208,31.13958]]},"properties":{"MAIN_RIV":41067217,"LENGTH_KM":5.95,"ORD_STRA":2}},
{"type":"Feature","geometry":{"type":"LineString","coordinates":[[78.41875,31.22083],[78.41875,31.21458],[78.38958,31.21042],[78.36042,31.18958],[78.31458,31.18125],[78.27708,31.14792],[78.25208,31.13958]]},"properties":{"MAIN_RIV":41067217,"LENGTH_KM":20.39,"ORD_STRA":1}},
{"type":"Feature","geometry":{"type":"LineString","coordinates":[[78.59583,31.2],[78.56458,31.17708],[78.53958,31.17708],[78.53542,31.16042],[78.50625,31.13542]]},"properties":{"MAIN_RIV":41067217,"LENGTH_KM":12.58,"ORD_STRA":1}},
{"type":"Feature","geometry":{"type":"LineString","coordinates":[[79.2375,31.13542],[79.22292,31.14375]]},"properties":{"MAIN_RIV":41067217,"LENGTH_KM":2.06,"ORD_STRA":1}},
{"type":"Feature","geometry":{"type":"LineString","coordinates":[[78.01667,31.1375],[78.02292,31.13125],[78.07708,31.13125]]},"properties":{"MAIN_RIV":41067217,"LENGTH_KM":6.07,"ORD_STRA":1}},
{"type":"Feature","geometry":{"type":"LineString","coordinates":[[78.09792,31.15625],[78.07708,31.13125]]},"properties":{"MAIN_RIV":41067217,"LENGTH_KM":3.51,"ORD_STRA":3}},
{"type":"Feature","geometry":{"type":"LineString","coordinates":[[78.50625,31.13542],[78.46875,31.13125],[78.43125,31.14792]]},"properties":{"MAIN_RIV":41067217,"LENGTH_KM":8.21,"ORD_STRA":2}},
{"type":"Feature","geometry":{"type":"LineString","coordinates":[[78.41875,31.14375],[78.38958,31.12708]]},"properties":{"MAIN_RIV":41067217,"LENGTH_KM":3.63,"ORD_STRA":3}},
{"type":"Feature","geometry":{"type":"LineString","coordinates":[[78.70208,31.14375],[78.71875,31.12708]]},"properties":{"MAIN_RIV":41067217,"LENGTH_KM":2.69,"ORD_STRA":2}},
{"type":"Feature","geometry":{"type":"LineString","coordinates":[[78.74167,31.14583],[78.71875,31.12708]]},"properties":{"MAIN_RIV":41067217,"LENGTH_KM":3.14,"ORD_STRA":1}},
{"type":"Feature","geometry":{"type":"LineString","coordinates":[[79.07708,31.14792],[79.07292,31.12708]]},"properties":{"MAIN_RIV":41067217,"LENGTH_KM":2.76,"ORD_STRA":4}},
{"type":"Feature","geometry":{"type":"LineString","coordinates":[[79.08125,31.12708],[79.07292,31.12708]]},"properties":{"MAIN_RIV":41067217,"LENGTH_KM":0.79,"ORD_STRA":4}},
{"type":"Feature","geometry":{"type":"LineString","coordinates":[[79.10625,31.12292],[79.08125,31.12708]]},"properties":{"MAIN_RIV":41067217,"LENGTH_KM":2.59,"ORD_STRA":4}},
{"type":"Feature","geometry":{"type":"LineString","coordinates":[[79.11667,31.14167],[79.10625,31.12292]]},"properties":{"MAIN_RIV":41067217,"LENGTH_KM":2.45,"ORD_STRA":1}},
{"type":"Feature","geometry":{"type":"LineString","coordinates":[[78.3625,31.125],[78.35625,31.11875]]},"properties":{"MAIN_RIV":41067217,"LENGTH_KM":0.92,"ORD_STRA":1}},
{"type":"Feature","geometry":{"type":"LineString","coordinates":[[78.38958,31.12708],[78.35625,31.11875]]},"properties":{"MAIN_RIV":41067217,"LENGTH_KM":3.6,"ORD_STRA":3}},
{"type":"Feature","geometry":{"type":"LineString","coordinates":[[78.54167,31.12917],[78.52292,31.11875],[78.50625,31.13542]]},"properties":{"MAIN_RIV":41067217,"LENGTH_KM":4.76,"ORD_STRA":1}},
{"type":"Feature","geometry":{"type":"LineString","coordinates":[[79.07292,31.12708],[79.04375,31.11875]]},"properties":{"MAIN_RIV":41067217,"LENGTH_KM":3.2,"ORD_STRA":5}},
{"type":"Feature","geometry":{"type":"LineString","coordinates":[[78.79792,31.175],[78.80208,31.11458]]},"properties":{"MAIN_RIV":41067217,"LENGTH_KM":7.45,"ORD_STRA":1}},
{"type":"Feature","geometry":{"type":"LineString","coordinates":[[78.80833,31.11458],[78.80208,31.11458]]},"properties":{"MAIN_RIV":41067217,"LENGTH_KM":0.59,"ORD_STRA":1}},
{"type":"Feature","geometry":{"type":"LineString","coordinates":[[79.04375,31.11875],[79.00799,31.11458]]},"properties":{"MAIN_RIV":41067217,"LENGTH_KM":3.78,"ORD_STRA":5}},
{"type":"Feature","geometry":{"type":"LineString","coordinates":[[79.08125,31.1125],[79.08125,31.12708]]},"properties":{"MAIN_RIV":41067217,"LENGTH_KM":1.62,"ORD_STRA":1}},
{"type":"Feature","geometry":{"type":"LineString","coordinates":[[79.12708,31.11458],[79.10625,31.12292]]},"properties":{"MAIN_RIV":41067217,"LENGTH_KM":2.41,"ORD_STRA":4}},
{"type":"Feature","geometry":{"type":"LineString","coordinates":[[77.90833,31.125],[77.91875,31.11042]]},"properties":{"MAIN_RIV":41067217,"LENGTH_KM":1.99,"ORD_STRA":1}},
{"type":"Feature","geometry":{"type":"LineString","coordinates":[[77.97083,31.14167],[77.91875,31.11042]]},"properties":{"MAIN_RIV":41067217,"LENGTH_KM":6.56,"ORD_STRA":1}},
{"type":"Feature","geometry":{"type":"LineString","coordinates":[[78.31875,31.12083],[78.31875,31.11042]]},"properties":{"MAIN_RIV":41067217,"LENGTH_KM":1.16,"ORD_STRA":1}},
{"type":"Feature","geometry":{"type":"LineString","coordinates":[[78.35625,31.11875],[78.31875,31.11042]]},"properties":{"MAIN_RIV":41067217,"LENGTH_KM":4,"ORD_STRA":3}},
{"type":"Feature","geometry":{"type":"LineString","coordinates":[[78.57917,31.11667],[78.58958,31.11042]]},"properties":{"MAIN_RIV":41067217,"LENGTH_KM":1.31,"ORD_STRA":1}},
{"type":"Feature","geometry":{"type":"LineString","coordinates":[[78.58958,31.14167],[78.58958,31.11042]]},"properties":{"MAIN_RIV":41067217,"LENGTH_KM":3.48,"ORD_STRA":1}},
{"type":"Feature","geometry":{"type":"LineString","coordinates":[[79.15208,31.11042],[79.12708,31.11458]]},"properties":{"MAIN_RIV":41067217,"LENGTH_KM":2.59,"ORD_STRA":4}},
{"type":"Feature","geometry":{"type":"LineString","coordinates":[[79.18958,31.14792],[79.18125,31.13125],[79.15208,31.11042]]},"properties":{"MAIN_RIV":41067217,"LENGTH_KM":5.99,"ORD_STRA":3}},
{"type":"Feature","geometry":{"type":"LineString","coordinates":[[78.31875,31.11042],[78.31458,31.10625]]},"properties":{"MAIN_RIV":41067217,"LENGTH_KM":0.61,"ORD_STRA":3}},
{"type":"Feature","geometry":{"type":"LineString","coordinates":[[78.41458,31.10625],[78.38958,31.12708]]},"properties":{"MAIN_RIV":41067217,"LENGTH_KM":3.45,"ORD_STRA":2}},
{"type":"Feature","geometry":{"type":"LineString","coordinates":[[79.15625,31.10625],[79.15208,31.11042]]},"properties":{"MAIN_RIV":41067217,"LENGTH_KM":0.61,"ORD_STRA":3}},
{"type":"Feature","geometry":{"type":"LineString","coordinates":[[78.17292,31.125],[78.18958,31.10208]]},"properties":{"MAIN_RIV":41067217,"LENGTH_KM":3.38,"ORD_STRA":1}},
{"type":"Feature","geometry":{"type":"LineString","coordinates":[[78.25208,31.13958],[78.23125,31.11875],[78.18958,31.10208]]},"properties":{"MAIN_RIV":41067217,"LENGTH_KM":7.87,"ORD_STRA":2}},
{"type":"Feature","geometry":{"type":"LineString","coordinates":[[78.58958,31.11042],[78.61042,31.10208]]},"properties":{"MAIN_RIV":41067217,"LENGTH_KM":2.41,"ORD_STRA":2}},
{"type":"Feature","geometry":{"type":"LineString","coordinates":[[78.71875,31.12708],[78.73125,31.10208]]},"properties":{"MAIN_RIV":41067217,"LENGTH_KM":3.22,"ORD_STRA":2}},
{"type":"Feature","geometry":{"type":"LineString","coordinates":[[78.74167,31.1125],[78.73125,31.10208]]},"properties":{"MAIN_RIV":41067217,"LENGTH_KM":1.52,"ORD_STRA":1}},
{"type":"Feature","geometry":{"type":"LineString","coordinates":[[78.925,31.10833],[78.93045,31.10289]]},"properties":{"MAIN_RIV":41067217,"LENGTH_KM":4.12,"ORD_STRA":1}},
{"type":"Feature","geometry":{"type":"LineString","coordinates":[[79.23125,31.10208],[79.19792,31.10208]]},"properties":{"MAIN_RIV":41067217,"LENGTH_KM":3.6,"ORD_STRA":3}},
{"type":"Feature","geometry":{"type":"LineString","coordinates":[[78.96458,31.10225],[78.96458,31.09792]]},"properties":{"MAIN_RIV":41067217,"LENGTH_KM":1.54,"ORD_STRA":2}},
{"type":"Feature","geometry":{"type":"LineString","coordinates":[[78.97479,31.10813],[78.96458,31.09792]]},"properties":{"MAIN_RIV":41067217,"LENGTH_KM":4.82,"ORD_STRA":5}},
{"type":"Feature","geometry":{"type":"LineString","coordinates":[[79.125,31.09583],[79.12708,31.11458]]},"properties":{"MAIN_RIV":41067217,"LENGTH_KM":2.45,"ORD_STRA":1}},
{"type":"Feature","geometry":{"type":"LineString","coordinates":[[79.18542,31.09792],[79.15625,31.10625]]},"properties":{"MAIN_RIV":41067217,"LENGTH_KM":3.63,"ORD_STRA":3}},
{"type":"Feature","geometry":{"type":"LineString","coordinates":[[79.19792,31.10208],[79.18542,31.09792]]},"properties":{"MAIN_RIV":41067217,"LENGTH_KM":1.4,"ORD_STRA":3}},
{"type":"Feature","geometry":{"type":"LineString","coordinates":[[79.29583,31.12292],[79.28542,31.11458],[79.28542,31.09792]]},"properties":{"MAIN_RIV":41067217,"LENGTH_KM":3.81,"ORD_STRA":1}},
{"type":"Feature","geometry":{"type":"LineString","coordinates":[[79.31042,31.09792],[79.28542,31.09792]]},"properties":{"MAIN_RIV":41067217,"LENGTH_KM":2.38,"ORD_STRA":3}},
{"type":"Feature","geometry":{"type":"LineString","coordinates":[[79.325,31.1125],[79.31042,31.09792]]},"properties":{"MAIN_RIV":41067217,"LENGTH_KM":2.38,"ORD_STRA":1}},
{"type":"Feature","geometry":{"type":"LineString","coordinates":[[77.87708,31.11576],[77.89792,31.09375]]},"properties":{"MAIN_RIV":41067217,"LENGTH_KM":5.89,"ORD_STRA":1}},
{"type":"Feature","geometry":{"type":"LineString","coordinates":[[77.91875,31.11042],[77.89792,31.09375]]},"properties":{"MAIN_RIV":41067217,"LENGTH_KM":3.09,"ORD_STRA":2}},
{"type":"Feature","geometry":{"type":"LineString","coordinates":[[78.05417,31.09375],[78.07292,31.09375]]},"properties":{"MAIN_RIV":41067217,"LENGTH_KM":1.78,"ORD_STRA":1}},
{"type":"Feature","geometry":{"type":"LineString","coordinates":[[78.07708,31.13125],[78.08125,31.10625],[78.07292,31.09375]]},"properties":{"MAIN_RIV":41067217,"LENGTH_KM":4.61,"ORD_STRA":3}},
{"type":"Feature","geometry":{"type":"LineString","coordinates":[[78.80208,31.11458],[78.80208,31.09375]]},"properties":{"MAIN_RIV":41067217,"LENGTH_KM":2.9,"ORD_STRA":2}},
{"type":"Feature","geometry":{"type":"LineString","coordinates":[[78.85,31.10208],[78.80208,31.09375]]},"properties":{"MAIN_RIV":41067217,"LENGTH_KM":4.99,"ORD_STRA":1}},
{"type":"Feature","geometry":{"type":"LineString","coordinates":[[79.26042,31.09375],[79.23125,31.10208]]},"properties":{"MAIN_RIV":41067217,"LENGTH_KM":3.2,"ORD_STRA":3}},
{"type":"Feature","geometry":{"type":"LineString","coordinates":[[79.27708,31.09375],[79.26042,31.09375]]},"properties":{"MAIN_RIV":41067217,"LENGTH_KM":1.59,"ORD_STRA":3}},
{"type":"Feature","geometry":{"type":"LineString","coordinates":[[79.28542,31.09792],[79.27708,31.09375]]},"properties":{"MAIN_RIV":41067217,"LENGTH_KM":1.01,"ORD_STRA":3}},
{"type":"Feature","geometry":{"type":"LineString","coordinates":[[79.31458,31.09375],[79.31042,31.09792]]},"properties":{"MAIN_RIV":41067217,"LENGTH_KM":0.61,"ORD_STRA":3}},
{"type":"Feature","geometry":{"type":"LineString","coordinates":[[79.36042,31.09375],[79.31458,31.09375]]},"properties":{"MAIN_RIV":41067217,"LENGTH_KM":4.79,"ORD_STRA":2}},
{"type":"Feature","geometry":{"type":"LineString","coordinates":[[79.40274,31.09726],[79.38958,31.10208],[79.36042,31.09375]]},"properties":{"MAIN_RIV":41067217,"LENGTH_KM":4.91,"ORD_STRA":1}},
{"type":"Feature","geometry":{"type":"LineString","coordinates":[[78.18958,31.10208],[78.18542,31.08958]]},"properties":{"MAIN_RIV":41067217,"LENGTH_KM":1.54,"ORD_STRA":2}},
{"type":"Feature","geometry":{"type":"LineString","coordinates":[[78.44375,31.08958],[78.41458,31.10625]]},"properties":{"MAIN_RIV":41067217,"LENGTH_KM":3.63,"ORD_STRA":2}},
{"type":"Feature","geometry":{"type":"LineString","coordinates":[[78.61042,31.10208],[78.66042,31.08958]]},"properties":{"MAIN_RIV":41067217,"LENGTH_KM":5.4,"ORD_STRA":2}},
{"type":"Feature","geometry":{"type":"LineString","coordinates":[[77.97083,31.08958],[77.98542,31.08542]]},"properties":{"MAIN_RIV":41067217,"LENGTH_KM":1.6,"ORD_STRA":1}},
{"type":"Feature","geometry":{"type":"LineString","coordinates":[[77.9875,31.09583],[77.98542,31.08542]]},"properties":{"MAIN_RIV":41067217,"LENGTH_KM":1.52,"ORD_STRA":1}},
{"type":"Feature","geometry":{"type":"LineString","coordinates":[[78.12708,31.09167],[78.12708,31.08542]]},"properties":{"MAIN_RIV":41067217,"LENGTH_KM":0.69,"ORD_STRA":1}},
{"type":"Feature","geometry":{"type":"LineString","coordinates":[[78.16042,31.08542],[78.12708,31.08542]]},"properties":{"MAIN_RIV":41067217,"LENGTH_KM":3.17,"ORD_STRA":3}},
{"type":"Feature","geometry":{"type":"LineString","coordinates":[[78.18542,31.08958],[78.16042,31.08542]]},"properties":{"MAIN_RIV":41067217,"LENGTH_KM":2.59,"ORD_STRA":3}},
{"type":"Feature","geometry":{"type":"LineString","coordinates":[[78.31458,31.10625],[78.26875,31.08542]]},"properties":{"MAIN_RIV":41067217,"LENGTH_KM":5.43,"ORD_STRA":3}},
{"type":"Feature","geometry":{"type":"LineString","coordinates":[[78.73125,31.10208],[78.73958,31.08542]]},"properties":{"MAIN_RIV":41067217,"LENGTH_KM":2.15,"ORD_STRA":2}},
{"type":"Feature","geometry":{"type":"LineString","coordinates":[[78.74583,31.08958],[78.73958,31.08542]]},"properties":{"MAIN_RIV":41067217,"LENGTH_KM":1.06,"ORD_STRA":1}},
{"type":"Feature","geometry":{"type":"LineString","coordinates":[[79.20833,31.08333],[79.19792,31.10208]]},"properties":{"MAIN_RIV":41067217,"LENGTH_KM":2.45,"ORD_STRA":1}},
{"type":"Feature","geometry":{"type":"LineString","coordinates":[[77.98542,31.08542],[77.98958,31.08125]]},"properties":{"MAIN_RIV":41067217,"LENGTH_KM":0.61,"ORD_STRA":2}},
{"type":"Feature","geometry":{"type":"LineString","coordinates":[[78.00417,31.09167],[77.98958,31.08125]]},"properties":{"MAIN_RIV":41067217,"LENGTH_KM":1.92,"ORD_STRA":1}},
{"type":"Feature","geometry":{"type":"LineString","coordinates":[[78.45208,31.08125],[78.44375,31.08958]]},"properties":{"MAIN_RIV":41067217,"LENGTH_KM":1.22,"ORD_STRA":2}},
{"type":"Feature","geometry":{"type":"LineString","coordinates":[[78.45833,31.0875],[78.45208,31.08125]]},"properties":{"MAIN_RIV":41067217,"LENGTH_KM":0.92,"ORD_STRA":1}},
{"type":"Feature","geometry":{"type":"LineString","coordinates":[[79.06875,31.08125],[79.04375,31.11875]]},"properties":{"MAIN_RIV":41067217,"LENGTH_KM":5.05,"ORD_STRA":2}},
{"type":"Feature","geometry":{"type":"LineString","coordinates":[[78.20208,31.07708],[78.18542,31.08958]]},"properties":{"MAIN_RIV":41067217,"LENGTH_KM":2.23,"ORD_STRA":3}},
{"type":"Feature","geometry":{"type":"LineString","coordinates":[[78.26875,31.08542],[78.23125,31.07708]]},"properties":{"MAIN_RIV":41067217,"LENGTH_KM":4,"ORD_STRA":3}},
{"type":"Feature","geometry":{"type":"LineString","coordinates":[[78.45208,31.075],[78.45208,31.08125]]},"properties":{"MAIN_RIV":41067217,"LENGTH_KM":0.69,"ORD_STRA":1}},
{"type":"Feature","geometry":{"type":"LineString","coordinates":[[78.65,31.075],[78.66042,31.08958]]},"properties":{"MAIN_RIV":41067217,"LENGTH_KM":1.99,"ORD_STRA":1}},
{"type":"Feature","geometry":{"type":"LineString","coordinates":[[79.225,31.075],[79.23125,31.10208]]},"properties":{"MAIN_RIV":41067217,"LENGTH_KM":3.23,"ORD_STRA":1}},
{"type":"Feature","geometry":{"type":"LineString","coordinates":[[79.36042,31.075],[79.36042,31.09375]]},"properties":{"MAIN_RIV":41067217,"LENGTH_KM":2.08,"ORD_STRA":1}},
{"type":"Feature","geometry":{"type":"LineString","coordinates":[[77.89792,31.09375],[77.88958,31.07292]]},"properties":{"MAIN_RIV":41067217,"LENGTH_KM":2.61,"ORD_STRA":2}},
{"type":"Feature","geometry":{"type":"LineString","coordinates":[[78.23125,31.07708],[78.20208,31.07708]]},"properties":{"MAIN_RIV":41067217,"LENGTH_KM":3.2,"ORD_STRA":3}},
{"type":"Feature","geometry":{"type":"LineString","coordinates":[[78.40208,31.07083],[78.41458,31.10625]]},"properties":{"MAIN_RIV":41067217,"LENGTH_KM":4.38,"ORD_STRA":1}},
{"type":"Feature","geometry":{"type":"LineString","coordinates":[[78.43542,31.07083],[78.44375,31.08958]]},"properties":{"MAIN_RIV":41067217,"LENGTH_KM":2.38,"ORD_STRA":1}},
{"type":"Feature","geometry":{"type":"LineString","coordinates":[[78.46875,31.07292],[78.45208,31.08125]]},"properties":{"MAIN_RIV":41067217,"LENGTH_KM":2.01,"ORD_STRA":2}},
{"type":"Feature","geometry":{"type":"LineString","coordinates":[[78.59583,31.07083],[78.61042,31.10208]]},"properties":{"MAIN_RIV":41067217,"LENGTH_KM":3.99,"ORD_STRA":1}},
{"type":"Feature","geometry":{"type":"LineString","coordinates":[[78.16042,31.06667],[78.16042,31.08542]]},"properties":{"MAIN_RIV":41067217,"LENGTH_KM":2.08,"ORD_STRA":1}},
{"type":"Feature","geometry":{"type":"LineString","coordinates":[[78.46875,31.06667],[78.46875,31.07292]]},"properties":{"MAIN_RIV":41067217,"LENGTH_KM":0.69,"ORD_STRA":1}},
{"type":"Feature","geometry":{"type":"LineString","coordinates":[[78.48125,31.06875],[78.46875,31.07292]]},"properties":{"MAIN_RIV":41067217,"LENGTH_KM":1.4,"ORD_STRA":2}},
{"type":"Feature","geometry":{"type":"LineString","coordinates":[[78.50208,31.06875],[78.48125,31.06875]]},"properties":{"MAIN_RIV":41067217,"LENGTH_KM":1.98,"ORD_STRA":2}},
{"type":"Feature","geometry":{"type":"LineString","coordinates":[[79.01042,31.06667],[79.00625,31.11178]]},"properties":{"MAIN_RIV":41067217,"LENGTH_KM":5.47,"ORD_STRA":1}},
{"type":"Feature","geometry":{"type":"LineString","coordinates":[[79.26042,31.06875],[79.26042,31.09375]]},"properties":{"MAIN_RIV":41067217,"LENGTH_KM":2.78,"ORD_STRA":2}},
{"type":"Feature","geometry":{"type":"LineString","coordinates":[[77.925,31.07083],[77.91458,31.06458],[77.88958,31.07292]]},"properties":{"MAIN_RIV":41067217,"LENGTH_KM":4.12,"ORD_STRA":1}},
{"type":"Feature","geometry":{"type":"LineString","coordinates":[[78.07292,31.09375],[78.09792,31.06458]]},"properties":{"MAIN_RIV":41067217,"LENGTH_KM":4.12,"ORD_STRA":3}},
{"type":"Feature","geometry":{"type":"LineString","coordinates":[[78.12708,31.08542],[78.09792,31.06458]]},"properties":{"MAIN_RIV":41067217,"LENGTH_KM":3.84,"ORD_STRA":3}},
{"type":"Feature","geometry":{"type":"LineString","coordinates":[[79.29167,31.0625],[79.27708,31.09375]]},"properties":{"MAIN_RIV":41067217,"LENGTH_KM":3.99,"ORD_STRA":1}},
{"type":"Feature","geometry":{"type":"LineString","coordinates":[[77.88958,31.07292],[77.88125,31.06042]]},"properties":{"MAIN_RIV":41067217,"LENGTH_KM":1.68,"ORD_STRA":2}},
{"type":"Feature","geometry":{"type":"LineString","coordinates":[[77.99167,31.06042],[77.99792,31.06042]]},"properties":{"MAIN_RIV":41067217,"LENGTH_KM":0.59,"ORD_STRA":1}},
{"type":"Feature","geometry":{"type":"LineString","coordinates":[[77.98958,31.08125],[77.99792,31.06042]]},"properties":{"MAIN_RIV":41067217,"LENGTH_KM":2.86,"ORD_STRA":2}},
{"type":"Feature","geometry":{"type":"LineString","coordinates":[[78.3625,31.05833],[78.33958,31.07292],[78.31458,31.10625]]},"properties":{"MAIN_RIV":41067217,"LENGTH_KM":7.51,"ORD_STRA":1}},
{"type":"Feature","geometry":{"type":"LineString","coordinates":[[78.48125,31.05833],[78.48125,31.06875]]},"properties":{"MAIN_RIV":41067217,"LENGTH_KM":1.16,"ORD_STRA":1}},
{"type":"Feature","geometry":{"type":"LineString","coordinates":[[78.66042,31.08958],[78.68542,31.06042]]},"properties":{"MAIN_RIV":41067217,"LENGTH_KM":4.37,"ORD_STRA":2}},
{"type":"Feature","geometry":{"type":"LineString","coordinates":[[78.96458,31.09792],[78.93542,31.06042]]},"properties":{"MAIN_RIV":41067217,"LENGTH_KM":5.2,"ORD_STRA":5}},
{"type":"Feature","geometry":{"type":"LineString","coordinates":[[78.20208,31.05417],[78.20208,31.07708]]},"properties":{"MAIN_RIV":41067217,"LENGTH_KM":2.55,"ORD_STRA":1}},
{"type":"Feature","geometry":{"type":"LineString","coordinates":[[78.27708,31.05625],[78.26875,31.08542]]},"properties":{"MAIN_RIV":41067217,"LENGTH_KM":3.54,"ORD_STRA":2}},
{"type":"Feature","geometry":{"type":"LineString","coordinates":[[78.675,31.05625],[78.68542,31.06042]]},"properties":{"MAIN_RIV":41067217,"LENGTH_KM":1.21,"ORD_STRA":1}},
{"type":"Feature","geometry":{"type":"LineString","coordinates":[[79.07292,31.05625],[79.06875,31.08125]]},"properties":{"MAIN_RIV":41067217,"LENGTH_KM":2.93,"ORD_STRA":2}},
{"type":"Feature","geometry":{"type":"LineString","coordinates":[[79.18958,31.05417],[79.18542,31.09792]]},"properties":{"MAIN_RIV":41067217,"LENGTH_KM":5.3,"ORD_STRA":1}},
{"type":"Feature","geometry":{"type":"LineString","coordinates":[[79.33125,31.05625],[79.31458,31.09375]]},"properties":{"MAIN_RIV":41067217,"LENGTH_KM":4.76,"ORD_STRA":2}},
{"type":"Feature","geometry":{"type":"MultiLineString","coordinates":[[[77.82292,31.05866],[77.82292,31.05708]],[[77.82384,31.05533],[77.82708,31.05208]]]},"properties":{"MAIN_RIV":41067217,"LENGTH_KM":3.22,"ORD_STRA":4}},
{"type":"Feature","geometry":{"type":"LineString","coordinates":[[77.88125,31.06042],[77.82708,31.05208]]},"properties":{"MAIN_RIV":41067217,"LENGTH_KM":5.59,"ORD_STRA":2}},
{"type":"Feature","geometry":{"type":"LineString","coordinates":[[77.89583,31.05],[77.88125,31.06042]]},"properties":{"MAIN_RIV":41067217,"LENGTH_KM":1.92,"ORD_STRA":1}},
{"type":"Feature","geometry":{"type":"LineString","coordinates":[[78.09792,31.06458],[78.09375,31.05625],[78.07292,31.05208]]},"properties":{"MAIN_RIV":41067217,"LENGTH_KM":3.27,"ORD_STRA":4}},
{"type":"Feature","geometry":{"type":"LineString","coordinates":[[78.23958,31.05],[78.23125,31.07708]]},"properties":{"MAIN_RIV":41067217,"LENGTH_KM":3.31,"ORD_STRA":1}},
{"type":"Feature","geometry":{"type":"LineString","coordinates":[[78.95417,31.05208],[78.93542,31.06042]]},"properties":{"MAIN_RIV":41067217,"LENGTH_KM":2.21,"ORD_STRA":1}},
{"type":"Feature","geometry":{"type":"LineString","coordinates":[[79.06042,31.05],[79.06875,31.08125]]},"properties":{"MAIN_RIV":41067217,"LENGTH_KM":3.77,"ORD_STRA":1}},
{"type":"Feature","geometry":{"type":"LineString","coordinates":[[79.09167,31.05208],[79.07292,31.05625]]},"properties":{"MAIN_RIV":41067217,"LENGTH_KM":2,"ORD_STRA":1}},
{"type":"Feature","geometry":{"type":"LineString","coordinates":[[79.14375,31.05208],[79.13958,31.06458],[79.15625,31.10625]]},"properties":{"MAIN_RIV":41067217,"LENGTH_KM":6.76,"ORD_STRA":2}},
{"type":"Feature","geometry":{"type":"LineString","coordinates":[[78.07292,31.05208],[78.06875,31.04792]]},"properties":{"MAIN_RIV":41067217,"LENGTH_KM":0.61,"ORD_STRA":4}},
{"type":"Feature","geometry":{"type":"LineString","coordinates":[[78.27708,31.04583],[78.27708,31.05625]]},"properties":{"MAIN_RIV":41067217,"LENGTH_KM":1.16,"ORD_STRA":1}},
{"type":"Feature","geometry":{"type":"LineString","coordinates":[[78.85417,31.06042],[78.82708,31.04792]]},"properties":{"MAIN_RIV":41067217,"LENGTH_KM":3.22,"ORD_STRA":1}},
{"type":"Feature","geometry":{"type":"LineString","coordinates":[[79.26458,31.04792],[79.26042,31.06875]]},"properties":{"MAIN_RIV":41067217,"LENGTH_KM":2.46,"ORD_STRA":2}},
{"type":"Feature","geometry":{"type":"LineString","coordinates":[[79.34167,31.04583],[79.33125,31.05625]]},"properties":{"MAIN_RIV":41067217,"LENGTH_KM":1.52,"ORD_STRA":1}},
{"type":"Feature","geometry":{"type":"LineString","coordinates":[[78.90417,31.07083],[78.91042,31.05625],[78.90208,31.04375]]},"properties":{"MAIN_RIV":41067217,"LENGTH_KM":3.52,"ORD_STRA":1}},
{"type":"Feature","geometry":{"type":"LineString","coordinates":[[78.93542,31.06042],[78.92292,31.04792],[78.90208,31.04375]]},"properties":{"MAIN_RIV":41067217,"LENGTH_KM":4.03,"ORD_STRA":5}},
{"type":"Feature","geometry":{"type":"LineString","coordinates":[[79.225,31.04167],[79.26042,31.06875]]},"properties":{"MAIN_RIV":41067217,"LENGTH_KM":4.76,"ORD_STRA":1}},
{"type":"Feature","geometry":{"type":"LineString","coordinates":[[79.32083,31.04167],[79.33125,31.05625]]},"properties":{"MAIN_RIV":41067217,"LENGTH_KM":1.99,"ORD_STRA":1}},
{"type":"Feature","geometry":{"type":"LineString","coordinates":[[78.0375,31.05625],[78.05625,31.03958]]},"properties":{"MAIN_RIV":41067217,"LENGTH_KM":2.89,"ORD_STRA":1}},
{"type":"Feature","geometry":{"type":"LineString","coordinates":[[78.06875,31.04792],[78.05625,31.03958]]},"properties":{"MAIN_RIV":41067217,"LENGTH_KM":1.62,"ORD_STRA":4}},
{"type":"Feature","geometry":{"type":"LineString","coordinates":[[78.125,31.03958],[78.07292,31.05208]]},"properties":{"MAIN_RIV":41067217,"LENGTH_KM":5.6,"ORD_STRA":1}},
{"type":"Feature","geometry":{"type":"LineString","coordinates":[[78.55208,31.0375],[78.54792,31.06458],[78.52292,31.07292],[78.50208,31.06875]]},"properties":{"MAIN_RIV":41067217,"LENGTH_KM":8.16,"ORD_STRA":1}},
{"type":"Feature","geometry":{"type":"LineString","coordinates":[[78.73958,31.08542],[78.74792,31.06458],[78.74375,31.03958]]},"properties":{"MAIN_RIV":41067217,"LENGTH_KM":5.54,"ORD_STRA":2}},
{"type":"Feature","geometry":{"type":"LineString","coordinates":[[78.79375,31.03958],[78.78542,31.03958]]},"properties":{"MAIN_RIV":41067217,"LENGTH_KM":0.79,"ORD_STRA":5}},
{"type":"Feature","geometry":{"type":"LineString","coordinates":[[78.82708,31.04792],[78.79375,31.03958]]},"properties":{"MAIN_RIV":41067217,"LENGTH_KM":3.6,"ORD_STRA":5}},
{"type":"Feature","geometry":{"type":"LineString","coordinates":[[78.85208,31.03958],[78.82708,31.04792]]},"properties":{"MAIN_RIV":41067217,"LENGTH_KM":2.81,"ORD_STRA":5}},
{"type":"Feature","geometry":{"type":"LineString","coordinates":[[77.82708,31.05208],[77.82708,31.03542]]},"properties":{"MAIN_RIV":41067217,"LENGTH_KM":1.85,"ORD_STRA":4}},
{"type":"Feature","geometry":{"type":"LineString","coordinates":[[78.33542,31.03333],[78.32708,31.05208],[78.27708,31.05625]]},"properties":{"MAIN_RIV":41067217,"LENGTH_KM":7.36,"ORD_STRA":1}},
{"type":"Feature","geometry":{"type":"LineString","coordinates":[[78.50208,31.03333],[78.50208,31.06875]]},"properties":{"MAIN_RIV":41067217,"LENGTH_KM":4.23,"ORD_STRA":1}},
{"type":"Feature","geometry":{"type":"LineString","coordinates":[[78.75625,31.03542],[78.74375,31.03958]]},"properties":{"MAIN_RIV":41067217,"LENGTH_KM":1.4,"ORD_STRA":5}},
{"type":"Feature","geometry":{"type":"LineString","coordinates":[[78.76042,31.03542],[78.75625,31.03542]]},"properties":{"MAIN_RIV":41067217,"LENGTH_KM":0.4,"ORD_STRA":5}},
{"type":"Feature","geometry":{"type":"LineString","coordinates":[[78.80208,31.09375],[78.76042,31.05208],[78.76042,31.03542]]},"properties":{"MAIN_RIV":41067217,"LENGTH_KM":8.25,"ORD_STRA":2}},
{"type":"Feature","geometry":{"type":"LineString","coordinates":[[78.78542,31.03958],[78.77292,31.04375],[78.76042,31.03542]]},"properties":{"MAIN_RIV":41067217,"LENGTH_KM":3.02,"ORD_STRA":5}},
{"type":"Feature","geometry":{"type":"LineString","coordinates":[[79.17083,31.03333],[79.14375,31.05208]]},"properties":{"MAIN_RIV":41067217,"LENGTH_KM":3.54,"ORD_STRA":1}},
{"type":"Feature","geometry":{"type":"MultiLineString","coordinates":[[[77.81128,31.03125],[77.82093,31.03125]],[[77.8259,31.03424],[77.82708,31.03542]]]},"properties":{"MAIN_RIV":41067217,"LENGTH_KM":4.01,"ORD_STRA":1}},
{"type":"Feature","geometry":{"type":"LineString","coordinates":[[78.68542,31.06042],[78.71875,31.03125]]},"properties":{"MAIN_RIV":41067217,"LENGTH_KM":4.92,"ORD_STRA":2}},
{"type":"Feature","geometry":{"type":"LineString","coordinates":[[78.74375,31.03958],[78.71875,31.03125]]},"properties":{"MAIN_RIV":41067217,"LENGTH_KM":2.81,"ORD_STRA":5}},
{"type":"Feature","geometry":{"type":"LineString","coordinates":[[78.86458,31.03125],[78.85208,31.03958]]},"properties":{"MAIN_RIV":41067217,"LENGTH_KM":1.62,"ORD_STRA":5}},
{"type":"Feature","geometry":{"type":"LineString","coordinates":[[78.90208,31.04375],[78.86458,31.03125]]},"properties":{"MAIN_RIV":41067217,"LENGTH_KM":4.21,"ORD_STRA":5}},
{"type":"Feature","geometry":{"type":"LineString","coordinates":[[79.26875,31.03125],[79.26458,31.04792]]},"properties":{"MAIN_RIV":41067217,"LENGTH_KM":2,"ORD_STRA":2}},
{"type":"Feature","geometry":{"type":"LineString","coordinates":[[77.82708,31.03542],[77.83125,31.02708]]},"properties":{"MAIN_RIV":41067217,"LENGTH_KM":1.07,"ORD_STRA":4}},
{"type":"Feature","geometry":{"type":"LineString","coordinates":[[77.84167,31.02708],[77.83125,31.02708]]},"properties":{"MAIN_RIV":41067217,"LENGTH_KM":0.99,"ORD_STRA":1}},
{"type":"Feature","geometry":{"type":"LineString","coordinates":[[79.14375,31.025],[79.14375,31.05208]]},"properties":{"MAIN_RIV":41067217,"LENGTH_KM":3.31,"ORD_STRA":1}},
{"type":"Feature","geometry":{"type":"LineString","coordinates":[[79.29583,31.02708],[79.26875,31.03125]]},"properties":{"MAIN_RIV":41067217,"LENGTH_KM":3.22,"ORD_STRA":1}},
{"type":"Feature","geometry":{"type":"LineString","coordinates":[[78.05625,31.03958],[78.03958,31.01875]]},"properties":{"MAIN_RIV":41067217,"LENGTH_KM":2.9,"ORD_STRA":4}},
{"type":"Feature","geometry":{"type":"LineString","coordinates":[[77.99792,31.06042],[78.03542,31.01458]]},"properties":{"MAIN_RIV":41067217,"LENGTH_KM":6.67,"ORD_STRA":2}},
{"type":"Feature","geometry":{"type":"LineString","coordinates":[[78.03958,31.01875],[78.03542,31.01458]]},"properties":{"MAIN_RIV":41067217,"LENGTH_KM":0.61,"ORD_STRA":4}},
{"type":"Feature","geometry":{"type":"LineString","coordinates":[[78.12083,31.01458],[78.08958,31.02292],[78.06875,31.04792]]},"properties":{"MAIN_RIV":41067217,"LENGTH_KM":7.17,"ORD_STRA":1}},
{"type":"Feature","geometry":{"type":"LineString","coordinates":[[78.76042,31.0125],[78.75625,31.03542]]},"properties":{"MAIN_RIV":41067217,"LENGTH_KM":2.69,"ORD_STRA":1}},
{"type":"Feature","geometry":{"type":"LineString","coordinates":[[79.10417,31.01458],[79.08958,31.01875],[79.07292,31.05625]]},"properties":{"MAIN_RIV":41067217,"LENGTH_KM":6.36,"ORD_STRA":1}},
{"type":"Feature","geometry":{"type":"LineString","coordinates":[[79.20833,31.01458],[79.25625,31.03542],[79.26458,31.04792]]},"properties":{"MAIN_RIV":41067217,"LENGTH_KM":7.32,"ORD_STRA":1}},
{"type":"Feature","geometry":{"type":"LineString","coordinates":[[79.26875,31.01458],[79.26875,31.03125]]},"properties":{"MAIN_RIV":41067217,"LENGTH_KM":2.15,"ORD_STRA":2}},
{"type":"Feature","geometry":{"type":"LineString","coordinates":[[79.27292,31.01042],[79.26875,31.01458]]},"properties":{"MAIN_RIV":41067217,"LENGTH_KM":0.61,"ORD_STRA":2}},
{"type":"Feature","geometry":{"type":"LineString","coordinates":[[79.4875,31.0125],[79.48125,31.00625]]},"properties":{"MAIN_RIV":41067217,"LENGTH_KM":0.92,"ORD_STRA":1}},
{"type":"Feature","geometry":{"type":"LineString","coordinates":[[77.83125,31.02708],[77.83958,31.00208]]},"properties":{"MAIN_RIV":41067217,"LENGTH_KM":3.37,"ORD_STRA":4}},
{"type":"Feature","geometry":{"type":"LineString","coordinates":[[77.875,31.00625],[77.83958,31.00208]]},"properties":{"MAIN_RIV":41067217,"LENGTH_KM":3.59,"ORD_STRA":1}},
{"type":"Feature","geometry":{"type":"LineString","coordinates":[[78.8125,31],[78.79375,31.03958]]},"properties":{"MAIN_RIV":41067217,"LENGTH_KM":5.31,"ORD_STRA":1}},
{"type":"Feature","geometry":{"type":"LineString","coordinates":[[78.89375,31.00208],[78.86458,31.03125]]},"properties":{"MAIN_RIV":41067217,"LENGTH_KM":4.52,"ORD_STRA":4}},
{"type":"Feature","geometry":{"type":"LineString","coordinates":[[79.00208,31.01667],[79.00208,31.00208]]},"properties":{"MAIN_RIV":41067217,"LENGTH_KM":1.62,"ORD_STRA":1}},
{"type":"Feature","geometry":{"type":"LineString","coordinates":[[78.71875,31.03125],[78.71042,31.02292],[78.71042,30.99792]]},"properties":{"MAIN_RIV":41067217,"LENGTH_KM":4.29,"ORD_STRA":5}},
{"type":"Feature","geometry":{"type":"LineString","coordinates":[[78.92292,30.99792],[78.89375,31.00208]]},"properties":{"MAIN_RIV":41067217,"LENGTH_KM":2.99,"ORD_STRA":4}},
{"type":"Feature","geometry":{"type":"LineString","coordinates":[[78.92708,30.99792],[78.92292,30.99792]]},"properties":{"MAIN_RIV":41067217,"LENGTH_KM":0.4,"ORD_STRA":4}},
{"type":"Feature","geometry":{"type":"LineString","coordinates":[[78.92708,31.00833],[78.92708,30.99792]]},"properties":{"MAIN_RIV":41067217,"LENGTH_KM":1.16,"ORD_STRA":1}},
{"type":"Feature","geometry":{"type":"LineString","coordinates":[[79.03333,30.99792],[79.00208,31.00208]]},"properties":{"MAIN_RIV":41067217,"LENGTH_KM":3.19,"ORD_STRA":1}},
{"type":"Feature","geometry":{"type":"LineString","coordinates":[[79.23333,30.99792],[79.26875,31.01458]]},"properties":{"MAIN_RIV":41067217,"LENGTH_KM":4.23,"ORD_STRA":1}},
{"type":"Feature","geometry":{"type":"LineString","coordinates":[[79.46458,31.0125],[79.46875,30.99792]]},"properties":{"MAIN_RIV":41067217,"LENGTH_KM":1.77,"ORD_STRA":1}},
{"type":"Feature","geometry":{"type":"LineString","coordinates":[[79.48125,31.00625],[79.46875,30.99792]]},"properties":{"MAIN_RIV":41067217,"LENGTH_KM":1.62,"ORD_STRA":2}},
{"type":"Feature","geometry":{"type":"LineString","coordinates":[[79.49583,30.99792],[79.48125,31.00625]]},"properties":{"MAIN_RIV":41067217,"LENGTH_KM":1.82,"ORD_STRA":1}},
{"type":"Feature","geometry":{"type":"LineString","coordinates":[[77.975,31.04583],[78.01875,30.99375]]},"properties":{"MAIN_RIV":41067217,"LENGTH_KM":7.33,"ORD_STRA":1}},
{"type":"Feature","geometry":{"type":"LineString","coordinates":[[78.03542,31.01458],[78.01875,30.99375]]},"properties":{"MAIN_RIV":41067217,"LENGTH_KM":2.9,"ORD_STRA":4}},
{"type":"Feature","geometry":{"type":"LineString","coordinates":[[78.60833,31.03958],[78.63958,31.03958],[78.66042,30.99375]]},"properties":{"MAIN_RIV":41067217,"LENGTH_KM":8.81,"ORD_STRA":1}},
{"type":"Feature","geometry":{"type":"LineString","coordinates":[[78.96458,30.99792],[78.92708,30.99792]]},"properties":{"MAIN_RIV":41067217,"LENGTH_KM":4,"ORD_STRA":4}},
{"type":"Feature","geometry":{"type":"LineString","coordinates":[[78.99375,30.99375],[78.96458,30.99792]]},"properties":{"MAIN_RIV":41067217,"LENGTH_KM":2.99,"ORD_STRA":4}},
{"type":"Feature","geometry":{"type":"LineString","coordinates":[[79.00208,31.00208],[78.99375,30.99375]]},"properties":{"MAIN_RIV":41067217,"LENGTH_KM":1.22,"ORD_STRA":2}},
{"type":"Feature","geometry":{"type":"LineString","coordinates":[[77.83958,31.00208],[77.83958,30.98958]]},"properties":{"MAIN_RIV":41067217,"LENGTH_KM":1.39,"ORD_STRA":4}},
{"type":"Feature","geometry":{"type":"LineString","coordinates":[[78.3875,31.0125],[78.41458,30.98958]]},"properties":{"MAIN_RIV":41067217,"LENGTH_KM":3.75,"ORD_STRA":1}},
{"type":"Feature","geometry":{"type":"LineString","coordinates":[[78.41458,31.01667],[78.41458,30.98958]]},"properties":{"MAIN_RIV":41067217,"LENGTH_KM":3.01,"ORD_STRA":1}},
{"type":"Feature","geometry":{"type":"LineString","coordinates":[[78.79375,30.9875],[78.78542,31.03958]]},"properties":{"MAIN_RIV":41067217,"LENGTH_KM":6.08,"ORD_STRA":1}},
{"type":"Feature","geometry":{"type":"LineString","coordinates":[[79.30417,30.98958],[79.28125,30.99792],[79.27292,31.01042]]},"properties":{"MAIN_RIV":41067217,"LENGTH_KM":4.29,"ORD_STRA":1}},
{"type":"Feature","geometry":{"type":"LineString","coordinates":[[79.3375,31.0125],[79.34375,31.00208],[79.36458,31.00208],[79.38125,30.98958]]},"properties":{"MAIN_RIV":41067217,"LENGTH_KM":5.59,"ORD_STRA":1}},
{"type":"Feature","geometry":{"type":"LineString","coordinates":[[79.38125,30.98958],[79.38542,30.98958]]},"properties":{"MAIN_RIV":41067217,"LENGTH_KM":0.4,"ORD_STRA":2}},
{"type":"Feature","geometry":{"type":"LineString","coordinates":[[79.40833,31.05417],[79.38125,31.03125],[79.37708,31.00208],[79.38542,30.98958]]},"properties":{"MAIN_RIV":41067217,"LENGTH_KM":8.83,"ORD_STRA":1}},
{"type":"Feature","geometry":{"type":"LineString","coordinates":[[77.82407,30.98657],[77.83958,30.98958]]},"properties":{"MAIN_RIV":41067217,"LENGTH_KM":2.41,"ORD_STRA":2}},
{"type":"Feature","geometry":{"type":"LineString","coordinates":[[77.95833,31.01875],[77.99792,30.98542]]},"properties":{"MAIN_RIV":41067217,"LENGTH_KM":5.98,"ORD_STRA":1}},
{"type":"Feature","geometry":{"type":"LineString","coordinates":[[78.01875,30.99375],[77.99792,30.98542]]},"properties":{"MAIN_RIV":41067217,"LENGTH_KM":2.41,"ORD_STRA":4}},
{"type":"Feature","geometry":{"type":"LineString","coordinates":[[78.2,30.99792],[78.21042,30.98542]]},"properties":{"MAIN_RIV":41067217,"LENGTH_KM":2.13,"ORD_STRA":1}},
{"type":"Feature","geometry":{"type":"LineString","coordinates":[[78.23125,31.00417],[78.21042,30.98542]]},"properties":{"MAIN_RIV":41067217,"LENGTH_KM":3.32,"ORD_STRA":1}},
{"type":"Feature","geometry":{"type":"LineString","coordinates":[[78.59167,31],[78.60208,30.98958],[78.61875,30.99375],[78.63125,30.98542],[78.66042,30.99375]]},"properties":{"MAIN_RIV":41067217,"LENGTH_KM":8.15,"ORD_STRA":1}},
{"type":"Feature","geometry":{"type":"LineString","coordinates":[[79.38542,30.98958],[79.39375,30.98542]]},"properties":{"MAIN_RIV":41067217,"LENGTH_KM":1.01,"ORD_STRA":2}},
{"type":"Feature","geometry":{"type":"LineString","coordinates":[[79.39583,31],[79.39375,30.98542]]},"properties":{"MAIN_RIV":41067217,"LENGTH_KM":1.99,"ORD_STRA":1}},
{"type":"Feature","geometry":{"type":"LineString","coordinates":[[77.99792,30.98542],[77.97292,30.97708]]},"properties":{"MAIN_RIV":41067217,"LENGTH_KM":2.81,"ORD_STRA":4}},
{"type":"Feature","geometry":{"type":"LineString","coordinates":[[79.4375,30.99583],[79.42708,30.97708]]},"properties":{"MAIN_RIV":41067217,"LENGTH_KM":2.75,"ORD_STRA":1}},
{"type":"Feature","geometry":{"type":"LineString","coordinates":[[79.46875,30.99792],[79.45208,30.98125],[79.42708,30.97708]]},"properties":{"MAIN_RIV":41067217,"LENGTH_KM":5.29,"ORD_STRA":2}},
{"type":"Feature","geometry":{"type":"LineString","coordinates":[[77.93125,31],[77.93542,30.97292]]},"properties":{"MAIN_RIV":41067217,"LENGTH_KM":3.16,"ORD_STRA":1}},
{"type":"Feature","geometry":{"type":"LineString","coordinates":[[77.94375,30.97292],[77.93542,30.97292]]},"properties":{"MAIN_RIV":41067217,"LENGTH_KM":0.79,"ORD_STRA":4}},
{"type":"Feature","geometry":{"type":"LineString","coordinates":[[77.97292,30.97708],[77.94375,30.97292]]},"properties":{"MAIN_RIV":41067217,"LENGTH_KM":2.99,"ORD_STRA":4}},
{"type":"Feature","geometry":{"type":"LineString","coordinates":[[78.46458,31.00417],[78.43542,30.97292]]},"properties":{"MAIN_RIV":41067217,"LENGTH_KM":4.75,"ORD_STRA":1}},
{"type":"Feature","geometry":{"type":"LineString","coordinates":[[78.75,30.97083],[78.71042,30.99792]]},"properties":{"MAIN_RIV":41067217,"LENGTH_KM":5.16,"ORD_STRA":1}},
{"type":"Feature","geometry":{"type":"LineString","coordinates":[[79.16667,30.97917],[79.17292,30.97292]]},"properties":{"MAIN_RIV":41067217,"LENGTH_KM":0.92,"ORD_STRA":1}},
{"type":"Feature","geometry":{"type":"LineString","coordinates":[[79.18333,30.9875],[79.17292,30.97292]]},"properties":{"MAIN_RIV":41067217,"LENGTH_KM":1.99,"ORD_STRA":1}},
{"type":"Feature","geometry":{"type":"LineString","coordinates":[[79.24167,30.97292],[79.24792,30.97292]]},"properties":{"MAIN_RIV":41067217,"LENGTH_KM":0.6,"ORD_STRA":1}},
{"type":"Feature","geometry":{"type":"LineString","coordinates":[[79.24792,30.97292],[79.27292,30.99375],[79.27292,31.01042]]},"properties":{"MAIN_RIV":41067217,"LENGTH_KM":5.55,"ORD_STRA":2}},
{"type":"Feature","geometry":{"type":"LineString","coordinates":[[79.35,30.97292],[79.38125,30.98958]]},"properties":{"MAIN_RIV":41067217,"LENGTH_KM":3.83,"ORD_STRA":1}},
{"type":"Feature","geometry":{"type":"LineString","coordinates":[[79.39375,30.98542],[79.40625,30.97292]]},"properties":{"MAIN_RIV":41067217,"LENGTH_KM":1.83,"ORD_STRA":2}},
{"type":"Feature","geometry":{"type":"LineString","coordinates":[[79.42292,30.98542],[79.40625,30.97292]]},"properties":{"MAIN_RIV":41067217,"LENGTH_KM":2.48,"ORD_STRA":1}},
{"type":"Feature","geometry":{"type":"LineString","coordinates":[[78.45625,30.96875],[78.43542,30.97292]]},"properties":{"MAIN_RIV":41067217,"LENGTH_KM":2.2,"ORD_STRA":2}},
{"type":"Feature","geometry":{"type":"LineString","coordinates":[[78.49167,30.98125],[78.45625,30.96875]]},"properties":{"MAIN_RIV":41067217,"LENGTH_KM":4.02,"ORD_STRA":1}},
{"type":"Feature","geometry":{"type":"LineString","coordinates":[[78.66042,30.99375],[78.69375,30.96875]]},"properties":{"MAIN_RIV":41067217,"LENGTH_KM":4.71,"ORD_STRA":2}},
{"type":"Feature","geometry":{"type":"LineString","coordinates":[[78.71042,30.99792],[78.69375,30.96875]]},"properties":{"MAIN_RIV":41067217,"LENGTH_KM":3.83,"ORD_STRA":5}},
{"type":"Feature","geometry":{"type":"LineString","coordinates":[[79.24167,30.96667],[79.24792,30.97292]]},"properties":{"MAIN_RIV":41067217,"LENGTH_KM":0.92,"ORD_STRA":1}},
{"type":"Feature","geometry":{"type":"LineString","coordinates":[[78.15833,30.99167],[78.13542,30.96875],[78.09792,30.96458],[78.06875,30.98542],[78.04792,31.01875],[78.03958,31.01875]]},"properties":{"MAIN_RIV":41067217,"LENGTH_KM":16.48,"ORD_STRA":1}},
{"type":"Feature","geometry":{"type":"LineString","coordinates":[[78.83542,30.9625],[78.83542,31.00208],[78.85208,31.03958]]},"properties":{"MAIN_RIV":41067217,"LENGTH_KM":9.45,"ORD_STRA":1}},
{"type":"Feature","geometry":{"type":"LineString","coordinates":[[79.03958,30.96458],[78.99375,30.99375]]},"properties":{"MAIN_RIV":41067217,"LENGTH_KM":5.86,"ORD_STRA":4}},
{"type":"Feature","geometry":{"type":"LineString","coordinates":[[79.075,30.98125],[79.03958,30.96458]]},"properties":{"MAIN_RIV":41067217,"LENGTH_KM":4.23,"ORD_STRA":1}},
{"type":"Feature","geometry":{"type":"LineString","coordinates":[[79.17292,30.97292],[79.16875,30.96458]]},"properties":{"MAIN_RIV":41067217,"LENGTH_KM":1.07,"ORD_STRA":2}},
{"type":"Feature","geometry":{"type":"LineString","coordinates":[[79.1875,30.96875],[79.16875,30.96458]]},"properties":{"MAIN_RIV":41067217,"LENGTH_KM":2,"ORD_STRA":1}},
{"type":"Feature","geometry":{"type":"LineString","coordinates":[[79.76458,30.98333],[79.76875,30.96458]]},"properties":{"MAIN_RIV":41067217,"LENGTH_KM":2.23,"ORD_STRA":1}},
{"type":"Feature","geometry":{"type":"LineString","coordinates":[[78.46667,30.95833],[78.45625,30.96875]]},"properties":{"MAIN_RIV":41067217,"LENGTH_KM":1.53,"ORD_STRA":1}},
{"type":"Feature","geometry":{"type":"LineString","coordinates":[[78.69375,30.96875],[78.69792,30.96042]]},"properties":{"MAIN_RIV":41067217,"LENGTH_KM":1.07,"ORD_STRA":5}},
{"type":"Feature","geometry":{"type":"LineString","coordinates":[[79.40625,30.97292],[79.41458,30.96042]]},"properties":{"MAIN_RIV":41067217,"LENGTH_KM":1.68,"ORD_STRA":2}},
{"type":"Feature","geometry":{"type":"LineString","coordinates":[[79.42708,30.97708],[79.41458,30.96042]]},"properties":{"MAIN_RIV":41067217,"LENGTH_KM":2.29,"ORD_STRA":2}},
{"type":"Feature","geometry":{"type":"LineString","coordinates":[[79.74167,30.97083],[79.75208,30.96042]]},"properties":{"MAIN_RIV":41067217,"LENGTH_KM":1.78,"ORD_STRA":1}},
{"type":"Feature","geometry":{"type":"LineString","coordinates":[[79.75208,30.96042],[79.76875,30.96458]]},"properties":{"MAIN_RIV":41067217,"LENGTH_KM":1.8,"ORD_STRA":2}},
{"type":"Feature","geometry":{"type":"LineString","coordinates":[[79.76875,30.96458],[79.77708,30.96042]]},"properties":{"MAIN_RIV":41067217,"LENGTH_KM":1.01,"ORD_STRA":2}},
{"type":"Feature","geometry":{"type":"LineString","coordinates":[[79.78333,30.97083],[79.77708,30.96042]]},"properties":{"MAIN_RIV":41067217,"LENGTH_KM":1.38,"ORD_STRA":1}},
{"type":"Feature","geometry":{"type":"LineString","coordinates":[[77.83958,30.98958],[77.85625,30.95625]]},"properties":{"MAIN_RIV":41067217,"LENGTH_KM":4.29,"ORD_STRA":4}},
{"type":"Feature","geometry":{"type":"LineString","coordinates":[[77.91042,30.96667],[77.91042,30.95625]]},"properties":{"MAIN_RIV":41067217,"LENGTH_KM":1.16,"ORD_STRA":1}},
{"type":"Feature","geometry":{"type":"LineString","coordinates":[[77.93542,30.97292],[77.91042,30.95625]]},"properties":{"MAIN_RIV":41067217,"LENGTH_KM":3.24,"ORD_STRA":4}},
{"type":"Feature","geometry":{"type":"LineString","coordinates":[[78.41458,30.98958],[78.41458,30.95625]]},"properties":{"MAIN_RIV":41067217,"LENGTH_KM":3.71,"ORD_STRA":2}},
{"type":"Feature","geometry":{"type":"LineString","coordinates":[[78.43542,30.97292],[78.41458,30.95625]]},"properties":{"MAIN_RIV":41067217,"LENGTH_KM":3.09,"ORD_STRA":2}},
{"type":"Feature","geometry":{"type":"LineString","coordinates":[[79.04375,30.95625],[79.03958,30.96458]]},"properties":{"MAIN_RIV":41067217,"LENGTH_KM":1.07,"ORD_STRA":4}},
{"type":"Feature","geometry":{"type":"LineString","coordinates":[[79.16875,30.96458],[79.16875,30.95625]]},"properties":{"MAIN_RIV":41067217,"LENGTH_KM":0.93,"ORD_STRA":2}},
{"type":"Feature","geometry":{"type":"LineString","coordinates":[[79.41458,30.96042],[79.41875,30.95625]]},"properties":{"MAIN_RIV":41067217,"LENGTH_KM":0.61,"ORD_STRA":3}},
{"type":"Feature","geometry":{"type":"LineString","coordinates":[[79.725,30.95625],[79.75208,30.96042]]},"properties":{"MAIN_RIV":41067217,"LENGTH_KM":2.8,"ORD_STRA":1}},
{"type":"Feature","geometry":{"type":"LineString","coordinates":[[77.91042,30.95625],[77.89375,30.95208]]},"properties":{"MAIN_RIV":41067217,"LENGTH_KM":2.23,"ORD_STRA":4}},
{"type":"Feature","geometry":{"type":"LineString","coordinates":[[78.86042,30.95],[78.86458,30.96875],[78.89375,31.00208]]},"properties":{"MAIN_RIV":41067217,"LENGTH_KM":6.97,"ORD_STRA":1}},
{"type":"Feature","geometry":{"type":"LineString","coordinates":[[79.49375,30.97917],[79.49792,30.95208]]},"properties":{"MAIN_RIV":41067217,"LENGTH_KM":3.16,"ORD_STRA":1}},
{"type":"Feature","geometry":{"type":"LineString","coordinates":[[79.52083,30.97292],[79.49792,30.95208]]},"properties":{"MAIN_RIV":41067217,"LENGTH_KM":3.5,"ORD_STRA":1}},
{"type":"Feature","geometry":{"type":"LineString","coordinates":[[77.94375,30.94583],[77.94375,30.97292]]},"properties":{"MAIN_RIV":41067217,"LENGTH_KM":3.01,"ORD_STRA":1}},
{"type":"Feature","geometry":{"type":"LineString","coordinates":[[78.31667,30.9625],[78.31042,30.94792]]},"properties":{"MAIN_RIV":41067217,"LENGTH_KM":1.84,"ORD_STRA":1}},
{"type":"Feature","geometry":{"type":"LineString","coordinates":[[78.31667,30.94792],[78.31042,30.94792]]},"properties":{"MAIN_RIV":41067217,"LENGTH_KM":0.6,"ORD_STRA":1}},
{"type":"Feature","geometry":{"type":"LineString","coordinates":[[79.12083,30.96667],[79.13542,30.94792]]},"properties":{"MAIN_RIV":41067217,"LENGTH_KM":2.6,"ORD_STRA":1}},
{"type":"Feature","geometry":{"type":"LineString","coordinates":[[79.13958,30.94792],[79.13542,30.94792]]},"properties":{"MAIN_RIV":41067217,"LENGTH_KM":0.4,"ORD_STRA":2}},
{"type":"Feature","geometry":{"type":"LineString","coordinates":[[79.13125,30.98333],[79.14375,30.96042],[79.13958,30.94792]]},"properties":{"MAIN_RIV":41067217,"LENGTH_KM":4.53,"ORD_STRA":1}},
{"type":"Feature","geometry":{"type":"LineString","coordinates":[[79.16875,30.95625],[79.13958,30.94792]]},"properties":{"MAIN_RIV":41067217,"LENGTH_KM":3.21,"ORD_STRA":2}},
{"type":"Feature","geometry":{"type":"LineString","coordinates":[[79.19583,30.94792],[79.16875,30.95625]]},"properties":{"MAIN_RIV":41067217,"LENGTH_KM":3.01,"ORD_STRA":1}},
{"type":"Feature","geometry":{"type":"LineString","coordinates":[[79.375,30.94792],[79.41875,30.95625]]},"properties":{"MAIN_RIV":41067217,"LENGTH_KM":4.6,"ORD_STRA":1}},
{"type":"Feature","geometry":{"type":"LineString","coordinates":[[77.89375,30.95208],[77.87292,30.94375],[77.85625,30.95625]]},"properties":{"MAIN_RIV":41067217,"LENGTH_KM":4.89,"ORD_STRA":4}},
{"type":"Feature","geometry":{"type":"LineString","coordinates":[[78.05208,30.94167],[78.01875,30.99375]]},"properties":{"MAIN_RIV":41067217,"LENGTH_KM":7.22,"ORD_STRA":1}},
{"type":"Feature","geometry":{"type":"LineString","coordinates":[[79.41875,30.95625],[79.43542,30.94375]]},"properties":{"MAIN_RIV":41067217,"LENGTH_KM":2.23,"ORD_STRA":3}},
{"type":"Feature","geometry":{"type":"LineString","coordinates":[[79.45,30.95833],[79.43542,30.94375]]},"properties":{"MAIN_RIV":41067217,"LENGTH_KM":2.14,"ORD_STRA":1}},
{"type":"Feature","geometry":{"type":"LineString","coordinates":[[79.77708,30.96042],[79.80625,30.94375]]},"properties":{"MAIN_RIV":41067217,"LENGTH_KM":3.63,"ORD_STRA":2}},
{"type":"Feature","geometry":{"type":"LineString","coordinates":[[79.80625,30.94375],[79.83125,30.94375]]},"properties":{"MAIN_RIV":41067217,"LENGTH_KM":2.81,"ORD_STRA":2}},
{"type":"Feature","geometry":{"type":"LineString","coordinates":[[79.825,30.9625],[79.83542,30.95208],[79.83125,30.94375]]},"properties":{"MAIN_RIV":41067217,"LENGTH_KM":2.6,"ORD_STRA":1}},
{"type":"Feature","geometry":{"type":"LineString","coordinates":[[78.21042,30.98542],[78.21458,30.93958]]},"properties":{"MAIN_RIV":41067217,"LENGTH_KM":5.54,"ORD_STRA":2}},
{"type":"Feature","geometry":{"type":"LineString","coordinates":[[78.29167,30.99792],[78.25625,30.98958],[78.23542,30.96458],[78.23542,30.94792],[78.21458,30.93958]]},"properties":{"MAIN_RIV":41067217,"LENGTH_KM":11.58,"ORD_STRA":1}},
{"type":"Feature","geometry":{"type":"LineString","coordinates":[[78.34167,30.98958],[78.36875,30.98125],[78.40625,30.93958]]},"properties":{"MAIN_RIV":41067217,"LENGTH_KM":9.21,"ORD_STRA":1}},
{"type":"Feature","geometry":{"type":"LineString","coordinates":[[78.41458,30.95625],[78.40625,30.93958]]},"properties":{"MAIN_RIV":41067217,"LENGTH_KM":2.15,"ORD_STRA":3}},
{"type":"Feature","geometry":{"type":"LineString","coordinates":[[78.60417,30.94583],[78.64375,30.93542]]},"properties":{"MAIN_RIV":41067217,"LENGTH_KM":4.73,"ORD_STRA":1}},
{"type":"Feature","geometry":{"type":"LineString","coordinates":[[78.95625,30.93542],[78.94792,30.95208],[78.96458,30.99792]]},"properties":{"MAIN_RIV":41067217,"LENGTH_KM":7.83,"ORD_STRA":2}},
{"type":"Feature","geometry":{"type":"LineString","coordinates":[[79.02083,30.93542],[79.02708,30.93542]]},"properties":{"MAIN_RIV":41067217,"LENGTH_KM":0.6,"ORD_STRA":1}},
{"type":"Feature","geometry":{"type":"LineString","coordinates":[[79.02708,30.93542],[79.04375,30.95625]]},"properties":{"MAIN_RIV":41067217,"LENGTH_KM":2.9,"ORD_STRA":2}},
{"type":"Feature","geometry":{"type":"LineString","coordinates":[[79.06875,30.93542],[79.04375,30.95625]]},"properties":{"MAIN_RIV":41067217,"LENGTH_KM":3.45,"ORD_STRA":4}},
{"type":"Feature","geometry":{"type":"LineString","coordinates":[[79.29583,30.93542],[79.31458,30.93542]]},"properties":{"MAIN_RIV":41067217,"LENGTH_KM":1.79,"ORD_STRA":1}},
{"type":"Feature","geometry":{"type":"LineString","coordinates":[[79.30833,30.94167],[79.31458,30.93542]]},"properties":{"MAIN_RIV":41067217,"LENGTH_KM":0.92,"ORD_STRA":1}},
{"type":"Feature","geometry":{"type":"LineString","coordinates":[[79.43542,30.94375],[79.43958,30.93542]]},"properties":{"MAIN_RIV":41067217,"LENGTH_KM":1.07,"ORD_STRA":3}},
{"type":"Feature","geometry":{"type":"LineString","coordinates":[[79.7875,30.93333],[79.80625,30.94375]]},"properties":{"MAIN_RIV":41067217,"LENGTH_KM":2.32,"ORD_STRA":1}},
{"type":"Feature","geometry":{"type":"LineString","coordinates":[[77.99375,30.92917],[78.00208,30.94792],[77.97292,30.97708]]},"properties":{"MAIN_RIV":41067217,"LENGTH_KM":6.9,"ORD_STRA":1}},
{"type":"Feature","geometry":{"type":"LineString","coordinates":[[78.40625,30.93958],[78.40208,30.93125]]},"properties":{"MAIN_RIV":41067217,"LENGTH_KM":1.07,"ORD_STRA":3}},
{"type":"Feature","geometry":{"type":"LineString","coordinates":[[78.64375,30.93542],[78.68125,30.93125]]},"properties":{"MAIN_RIV":41067217,"LENGTH_KM":4.64,"ORD_STRA":2}},
{"type":"Feature","geometry":{"type":"LineString","coordinates":[[78.69792,30.96042],[78.68125,30.93125]]},"properties":{"MAIN_RIV":41067217,"LENGTH_KM":3.83,"ORD_STRA":5}},
{"type":"Feature","geometry":{"type":"LineString","coordinates":[[79.02708,30.93125],[79.02708,30.93542]]},"properties":{"MAIN_RIV":41067217,"LENGTH_KM":0.46,"ORD_STRA":2}},
{"type":"Feature","geometry":{"type":"LineString","coordinates":[[77.775,30.94792],[77.83542,30.93542],[77.83958,30.92708]]},"properties":{"MAIN_RIV":41067217,"LENGTH_KM":7.72,"ORD_STRA":1}},
{"type":"Feature","geometry":{"type":"LineString","coordinates":[[77.85625,30.95625],[77.83958,30.92708]]},"properties":{"MAIN_RIV":41067217,"LENGTH_KM":3.83,"ORD_STRA":5}},
{"type":"Feature","geometry":{"type":"LineString","coordinates":[[78.2,30.92708],[78.20625,30.92708]]},"properties":{"MAIN_RIV":41067217,"LENGTH_KM":0.6,"ORD_STRA":1}},
{"type":"Feature","geometry":{"type":"LineString","coordinates":[[78.21458,30.93958],[78.20625,30.92708]]},"properties":{"MAIN_RIV":41067217,"LENGTH_KM":1.68,"ORD_STRA":2}},
{"type":"Feature","geometry":{"type":"LineString","coordinates":[[78.28958,30.94583],[78.29375,30.92708]]},"properties":{"MAIN_RIV":41067217,"LENGTH_KM":2.23,"ORD_STRA":1}},
{"type":"Feature","geometry":{"type":"LineString","coordinates":[[78.31042,30.94792],[78.29375,30.92708]]},"properties":{"MAIN_RIV":41067217,"LENGTH_KM":2.9,"ORD_STRA":2}},
{"type":"Feature","geometry":{"type":"LineString","coordinates":[[78.41042,30.92708],[78.40208,30.93125]]},"properties":{"MAIN_RIV":41067217,"LENGTH_KM":1.01,"ORD_STRA":2}},
{"type":"Feature","geometry":{"type":"LineString","coordinates":[[78.49792,30.93333],[78.49792,30.92708]]},"properties":{"MAIN_RIV":41067217,"LENGTH_KM":0.69,"ORD_STRA":1}},
{"type":"Feature","geometry":{"type":"LineString","coordinates":[[78.54583,30.97083],[78.54375,30.95208],[78.52708,30.93125],[78.49792,30.92708]]},"properties":{"MAIN_RIV":41067217,"LENGTH_KM":8.35,"ORD_STRA":1}},
{"type":"Feature","geometry":{"type":"LineString","coordinates":[[78.78958,30.92708],[78.76875,30.94375],[78.73542,30.94375],[78.69792,30.96042]]},"properties":{"MAIN_RIV":41067217,"LENGTH_KM":10.87,"ORD_STRA":2}},
{"type":"Feature","geometry":{"type":"LineString","coordinates":[[79.02708,30.925],[79.02708,30.93125]]},"properties":{"MAIN_RIV":41067217,"LENGTH_KM":0.69,"ORD_STRA":1}},
{"type":"Feature","geometry":{"type":"LineString","coordinates":[[79.08542,30.92708],[79.06875,30.93542]]},"properties":{"MAIN_RIV":41067217,"LENGTH_KM":2.02,"ORD_STRA":4}},
{"type":"Feature","geometry":{"type":"LineString","coordinates":[[79.13542,30.94792],[79.08542,30.92708]]},"properties":{"MAIN_RIV":41067217,"LENGTH_KM":5.83,"ORD_STRA":2}},
{"type":"Feature","geometry":{"type":"LineString","coordinates":[[79.31458,30.93542],[79.32708,30.92708]]},"properties":{"MAIN_RIV":41067217,"LENGTH_KM":1.62,"ORD_STRA":2}},
{"type":"Feature","geometry":{"type":"LineString","coordinates":[[79.3375,30.94167],[79.32708,30.92708]]},"properties":{"MAIN_RIV":41067217,"LENGTH_KM":1.99,"ORD_STRA":1}},
{"type":"Feature","geometry":{"type":"LineString","coordinates":[[79.49792,30.95208],[79.47292,30.92708]]},"properties":{"MAIN_RIV":41067217,"LENGTH_KM":3.91,"ORD_STRA":2}},
{"type":"Feature","geometry":{"type":"LineString","coordinates":[[79.52292,30.95],[79.51458,30.93542],[79.47292,30.92708]]},"properties":{"MAIN_RIV":41067217,"LENGTH_KM":6.32,"ORD_STRA":1}},
{"type":"Feature","geometry":{"type":"LineString","coordinates":[[79.62917,30.93333],[79.64792,30.94375],[79.66042,30.93542],[79.67708,30.93958],[79.68958,30.92708],[79.72708,30.92708]]},"properties":{"MAIN_RIV":41067217,"LENGTH_KM":11.15,"ORD_STRA":1}},
{"type":"Feature","geometry":{"type":"LineString","coordinates":[[79.68333,30.9625],[79.72708,30.92708]]},"properties":{"MAIN_RIV":41067217,"LENGTH_KM":5.98,"ORD_STRA":1}},
{"type":"Feature","geometry":{"type":"LineString","coordinates":[[79.83125,30.94375],[79.85208,30.92708]]},"properties":{"MAIN_RIV":41067217,"LENGTH_KM":3.09,"ORD_STRA":2}},
{"type":"Feature","geometry":{"type":"LineString","coordinates":[[79.86667,30.95417],[79.85208,30.92708]]},"properties":{"MAIN_RIV":41067217,"LENGTH_KM":3.53,"ORD_STRA":1}},
{"type":"Feature","geometry":{"type":"LineString","coordinates":[[78.36667,30.93333],[78.37292,30.92292]]},"properties":{"MAIN_RIV":41067217,"LENGTH_KM":1.38,"ORD_STRA":1}},
{"type":"Feature","geometry":{"type":"LineString","coordinates":[[78.40208,30.93125],[78.37292,30.92292]]},"properties":{"MAIN_RIV":41067217,"LENGTH_KM":3.21,"ORD_STRA":3}},
{"type":"Feature","geometry":{"type":"LineString","coordinates":[[78.61667,30.92083],[78.64375,30.93542]]},"properties":{"MAIN_RIV":41067217,"LENGTH_KM":3.33,"ORD_STRA":1}},
{"type":"Feature","geometry":{"type":"LineString","coordinates":[[78.68125,30.93125],[78.68125,30.92292]]},"properties":{"MAIN_RIV":41067217,"LENGTH_KM":0.93,"ORD_STRA":5}},
{"type":"Feature","geometry":{"type":"LineString","coordinates":[[78.7375,30.92292],[78.68125,30.92292]]},"properties":{"MAIN_RIV":41067217,"LENGTH_KM":6.22,"ORD_STRA":1}},
{"type":"Feature","geometry":{"type":"LineString","coordinates":[[79.01667,30.92083],[79.02708,30.93125]]},"properties":{"MAIN_RIV":41067217,"LENGTH_KM":1.53,"ORD_STRA":1}},
{"type":"Feature","geometry":{"type":"LineString","coordinates":[[79.85208,30.92708],[79.85625,30.92292]]},"properties":{"MAIN_RIV":41067217,"LENGTH_KM":0.61,"ORD_STRA":2}},
{"type":"Feature","geometry":{"type":"LineString","coordinates":[[79.85625,30.92917],[79.85625,30.92292]]},"properties":{"MAIN_RIV":41067217,"LENGTH_KM":0.69,"ORD_STRA":1}},
{"type":"Feature","geometry":{"type":"LineString","coordinates":[[78.49792,30.92708],[78.46042,30.91875],[78.41042,30.92708]]},"properties":{"MAIN_RIV":41067217,"LENGTH_KM":9.2,"ORD_STRA":2}},
{"type":"Feature","geometry":{"type":"LineString","coordinates":[[78.90625,30.91875],[78.92708,30.98125],[78.92292,30.99792]]},"properties":{"MAIN_RIV":41067217,"LENGTH_KM":9.69,"ORD_STRA":2}},
{"type":"Feature","geometry":{"type":"LineString","coordinates":[[79.08958,30.91875],[79.08542,30.92708]]},"properties":{"MAIN_RIV":41067217,"LENGTH_KM":1.07,"ORD_STRA":4}},
{"type":"Feature","geometry":{"type":"LineString","coordinates":[[79.4125,30.91875],[79.43958,30.93542]]},"properties":{"MAIN_RIV":41067217,"LENGTH_KM":3.44,"ORD_STRA":1}},
{"type":"Feature","geometry":{"type":"LineString","coordinates":[[77.83958,30.92708],[77.83958,30.91458]]},"properties":{"MAIN_RIV":41067217,"LENGTH_KM":1.39,"ORD_STRA":5}},
{"type":"Feature","geometry":{"type":"LineString","coordinates":[[78.08333,30.91458],[78.09792,30.91458]]},"properties":{"MAIN_RIV":41067217,"LENGTH_KM":1.39,"ORD_STRA":1}},
{"type":"Feature","geometry":{"type":"LineString","coordinates":[[78.15417,30.95],[78.11042,30.93125],[78.09792,30.91458]]},"properties":{"MAIN_RIV":41067217,"LENGTH_KM":7.43,"ORD_STRA":1}},
{"type":"Feature","geometry":{"type":"LineString","coordinates":[[78.56042,30.92083],[78.56042,30.91458]]},"properties":{"MAIN_RIV":41067217,"LENGTH_KM":0.69,"ORD_STRA":1}},
{"type":"Feature","geometry":{"type":"LineString","coordinates":[[78.56667,30.92083],[78.56042,30.91458]]},"properties":{"MAIN_RIV":41067217,"LENGTH_KM":0.92,"ORD_STRA":1}},
{"type":"Feature","geometry":{"type":"LineString","coordinates":[[78.8125,30.9125],[78.78958,30.92708]]},"properties":{"MAIN_RIV":41067217,"LENGTH_KM":2.93,"ORD_STRA":1}},
{"type":"Feature","geometry":{"type":"LineString","coordinates":[[78.89583,30.9125],[78.90625,30.91875]]},"properties":{"MAIN_RIV":41067217,"LENGTH_KM":1.31,"ORD_STRA":1}},
{"type":"Feature","geometry":{"type":"LineString","coordinates":[[78.95208,30.9125],[78.95625,30.93542]]},"properties":{"MAIN_RIV":41067217,"LENGTH_KM":2.69,"ORD_STRA":1}},
{"type":"Feature","geometry":{"type":"LineString","coordinates":[[79.08333,30.9125],[79.08958,30.91875]]},"properties":{"MAIN_RIV":41067217,"LENGTH_KM":0.92,"ORD_STRA":1}},
{"type":"Feature","geometry":{"type":"LineString","coordinates":[[77.83542,30.91667],[77.83542,30.91042]]},"properties":{"MAIN_RIV":41067217,"LENGTH_KM":0.69,"ORD_STRA":1}},
{"type":"Feature","geometry":{"type":"LineString","coordinates":[[77.83958,30.91458],[77.83542,30.91042]]},"properties":{"MAIN_RIV":41067217,"LENGTH_KM":0.61,"ORD_STRA":5}},
{"type":"Feature","geometry":{"type":"LineString","coordinates":[[77.93125,30.91042],[77.91458,30.91875],[77.89375,30.95208]]},"properties":{"MAIN_RIV":41067217,"LENGTH_KM":6.46,"ORD_STRA":2}},
{"type":"Feature","geometry":{"type":"LineString","coordinates":[[78.37292,30.92292],[78.36458,30.91042]]},"properties":{"MAIN_RIV":41067217,"LENGTH_KM":1.68,"ORD_STRA":3}},
{"type":"Feature","geometry":{"type":"LineString","coordinates":[[79.09792,30.91042],[79.08958,30.91875]]},"properties":{"MAIN_RIV":41067217,"LENGTH_KM":1.22,"ORD_STRA":4}},
{"type":"Feature","geometry":{"type":"LineString","coordinates":[[79.43958,30.93542],[79.45208,30.91042]]},"properties":{"MAIN_RIV":41067217,"LENGTH_KM":3.22,"ORD_STRA":3}},
{"type":"Feature","geometry":{"type":"LineString","coordinates":[[79.55208,30.9375],[79.54792,30.91042]]},"properties":{"MAIN_RIV":41067217,"LENGTH_KM":3.45,"ORD_STRA":1}},
{"type":"Feature","geometry":{"type":"LineString","coordinates":[[79.575,30.93125],[79.56042,30.92708],[79.54792,30.91042]]},"properties":{"MAIN_RIV":41067217,"LENGTH_KM":3.9,"ORD_STRA":1}},
{"type":"Feature","geometry":{"type":"LineString","coordinates":[[77.84792,30.90417],[77.83958,30.91458]]},"properties":{"MAIN_RIV":41067217,"LENGTH_KM":1.7,"ORD_STRA":1}},
{"type":"Feature","geometry":{"type":"LineString","coordinates":[[77.93125,30.90417],[77.93125,30.91042]]},"properties":{"MAIN_RIV":41067217,"LENGTH_KM":0.69,"ORD_STRA":1}},
{"type":"Feature","geometry":{"type":"LineString","coordinates":[[77.95417,30.90625],[77.93125,30.91042]]},"properties":{"MAIN_RIV":41067217,"LENGTH_KM":2.4,"ORD_STRA":1}},
{"type":"Feature","geometry":{"type":"LineString","coordinates":[[78.37083,30.90417],[78.36458,30.91042]]},"properties":{"MAIN_RIV":41067217,"LENGTH_KM":0.92,"ORD_STRA":1}},
{"type":"Feature","geometry":{"type":"LineString","coordinates":[[78.425,30.90417],[78.41042,30.92708]]},"properties":{"MAIN_RIV":41067217,"LENGTH_KM":3.06,"ORD_STRA":1}},
{"type":"Feature","geometry":{"type":"LineString","coordinates":[[79.15208,30.91458],[79.09792,30.91042]]},"properties":{"MAIN_RIV":41067217,"LENGTH_KM":5.81,"ORD_STRA":3}},
{"type":"Feature","geometry":{"type":"LineString","coordinates":[[79.18958,30.90625],[79.15208,30.91458]]},"properties":{"MAIN_RIV":41067217,"LENGTH_KM":4,"ORD_STRA":2}},
{"type":"Feature","geometry":{"type":"LineString","coordinates":[[79.20625,30.90625],[79.18958,30.90625]]},"properties":{"MAIN_RIV":41067217,"LENGTH_KM":1.59,"ORD_STRA":2}},
{"type":"Feature","geometry":{"type":"LineString","coordinates":[[79.21042,30.90625],[79.20625,30.90625]]},"properties":{"MAIN_RIV":41067217,"LENGTH_KM":0.4,"ORD_STRA":2}},
{"type":"Feature","geometry":{"type":"LineString","coordinates":[[79.22292,30.93333],[79.21042,30.90625]]},"properties":{"MAIN_RIV":41067217,"LENGTH_KM":3.45,"ORD_STRA":1}},
{"type":"Feature","geometry":{"type":"LineString","coordinates":[[79.30833,30.91458],[79.33958,30.90625]]},"properties":{"MAIN_RIV":41067217,"LENGTH_KM":3.41,"ORD_STRA":1}},
{"type":"Feature","geometry":{"type":"LineString","coordinates":[[79.32708,30.92708],[79.33958,30.90625]]},"properties":{"MAIN_RIV":41067217,"LENGTH_KM":2.76,"ORD_STRA":2}},
{"type":"Feature","geometry":{"type":"LineString","coordinates":[[79.3625,30.91042],[79.33958,30.90625]]},"properties":{"MAIN_RIV":41067217,"LENGTH_KM":2.4,"ORD_STRA":1}},
{"type":"Feature","geometry":{"type":"LineString","coordinates":[[79.72708,30.92708],[79.74792,30.90625]]},"properties":{"MAIN_RIV":41067217,"LENGTH_KM":3.3,"ORD_STRA":2}},
{"type":"Feature","geometry":{"type":"LineString","coordinates":[[79.85625,30.92292],[79.85625,30.90625]]},"properties":{"MAIN_RIV":41067217,"LENGTH_KM":2.15,"ORD_STRA":2}},
{"type":"Feature","geometry":{"type":"LineString","coordinates":[[78.09792,30.91458],[78.09375,30.90208]]},"properties":{"MAIN_RIV":41067217,"LENGTH_KM":1.54,"ORD_STRA":2}},
{"type":"Feature","geometry":{"type":"LineString","coordinates":[[78.10833,30.90208],[78.09375,30.90208]]},"properties":{"MAIN_RIV":41067217,"LENGTH_KM":1.39,"ORD_STRA":1}},
{"type":"Feature","geometry":{"type":"LineString","coordinates":[[78.33125,30.92083],[78.33125,30.90208]]},"properties":{"MAIN_RIV":41067217,"LENGTH_KM":2.08,"ORD_STRA":1}},
{"type":"Feature","geometry":{"type":"LineString","coordinates":[[78.36458,30.91042],[78.33125,30.90208]]},"properties":{"MAIN_RIV":41067217,"LENGTH_KM":4.03,"ORD_STRA":3}},
{"type":"Feature","geometry":{"type":"LineString","coordinates":[[79.25208,30.90208],[79.21042,30.90625]]},"properties":{"MAIN_RIV":41067217,"LENGTH_KM":4.19,"ORD_STRA":2}},
{"type":"Feature","geometry":{"type":"LineString","coordinates":[[79.26875,30.92917],[79.26458,30.91042],[79.25208,30.90208]]},"properties":{"MAIN_RIV":41067217,"LENGTH_KM":3.85,"ORD_STRA":1}},
{"type":"Feature","geometry":{"type":"LineString","coordinates":[[79.42083,30.90208],[79.45208,30.91042]]},"properties":{"MAIN_RIV":41067217,"LENGTH_KM":3.41,"ORD_STRA":1}},
{"type":"Feature","geometry":{"type":"LineString","coordinates":[[79.45208,30.91042],[79.46042,30.90208]]},"properties":{"MAIN_RIV":41067217,"LENGTH_KM":1.22,"ORD_STRA":3}},
{"type":"Feature","geometry":{"type":"LineString","coordinates":[[79.47292,30.92708],[79.46042,30.91875],[79.46042,30.90208]]},"properties":{"MAIN_RIV":41067217,"LENGTH_KM":3.47,"ORD_STRA":2}},
{"type":"Feature","geometry":{"type":"LineString","coordinates":[[79.54792,30.91042],[79.54792,30.90208]]},"properties":{"MAIN_RIV":41067217,"LENGTH_KM":0.93,"ORD_STRA":2}},
{"type":"Feature","geometry":{"type":"LineString","coordinates":[[79.57083,30.90625],[79.54792,30.90208]]},"properties":{"MAIN_RIV":41067217,"LENGTH_KM":2.4,"ORD_STRA":1}},
{"type":"Feature","geometry":{"type":"LineString","coordinates":[[79.81667,30.91042],[79.83542,30.91042],[79.84375,30.90208],[79.85625,30.90625]]},"properties":{"MAIN_RIV":41067217,"LENGTH_KM":4.84,"ORD_STRA":1}},
{"type":"Feature","geometry":{"type":"LineString","coordinates":[[79.85625,30.90625],[79.86042,30.89792]]},"properties":{"MAIN_RIV":41067217,"LENGTH_KM":1.07,"ORD_STRA":2}},
{"type":"Feature","geometry":{"type":"LineString","coordinates":[[78.82708,30.89375],[78.78958,30.92708]]},"properties":{"MAIN_RIV":41067217,"LENGTH_KM":5.53,"ORD_STRA":2}},
{"type":"Feature","geometry":{"type":"LineString","coordinates":[[78.84375,30.89375],[78.82708,30.89375]]},"properties":{"MAIN_RIV":41067217,"LENGTH_KM":2.27,"ORD_STRA":1}},
{"type":"Feature","geometry":{"type":"LineString","coordinates":[[78.90625,30.89167],[78.90625,30.91875]]},"properties":{"MAIN_RIV":41067217,"LENGTH_KM":3.01,"ORD_STRA":1}},
{"type":"Feature","geometry":{"type":"LineString","coordinates":[[79.04583,30.89167],[79.06458,30.90625],[79.06875,30.93542]]},"properties":{"MAIN_RIV":41067217,"LENGTH_KM":6.22,"ORD_STRA":1}},
{"type":"Feature","geometry":{"type":"LineString","coordinates":[[79.25833,30.89167],[79.25208,30.90208]]},"properties":{"MAIN_RIV":41067217,"LENGTH_KM":1.38,"ORD_STRA":1}},
{"type":"Feature","geometry":{"type":"LineString","coordinates":[[79.88125,30.89375],[79.86042,30.89792]]},"properties":{"MAIN_RIV":41067217,"LENGTH_KM":2.2,"ORD_STRA":2}},
{"type":"Feature","geometry":{"type":"LineString","coordinates":[[79.8875,30.90417],[79.88125,30.89375]]},"properties":{"MAIN_RIV":41067217,"LENGTH_KM":1.38,"ORD_STRA":1}},
{"type":"Feature","geometry":{"type":"LineString","coordinates":[[77.8015,30.89375],[77.81458,30.89792],[77.82292,30.88958]]},"properties":{"MAIN_RIV":41067217,"LENGTH_KM":2.83,"ORD_STRA":1}},
{"type":"Feature","geometry":{"type":"LineString","coordinates":[[77.83542,30.91042],[77.82292,30.88958]]},"properties":{"MAIN_RIV":41067217,"LENGTH_KM":3.01,"ORD_STRA":5}},
{"type":"Feature","geometry":{"type":"LineString","coordinates":[[78.0125,30.89583],[78.02292,30.88958]]},"properties":{"MAIN_RIV":41067217,"LENGTH_KM":1.31,"ORD_STRA":1}},
{"type":"Feature","geometry":{"type":"LineString","coordinates":[[78.04167,30.89792],[78.04792,30.88958]]},"properties":{"MAIN_RIV":41067217,"LENGTH_KM":1.52,"ORD_STRA":1}},
{"type":"Feature","geometry":{"type":"LineString","coordinates":[[78.66667,30.89375],[78.67292,30.88958]]},"properties":{"MAIN_RIV":41067217,"LENGTH_KM":1.06,"ORD_STRA":1}},
{"type":"Feature","geometry":{"type":"LineString","coordinates":[[78.68125,30.92292],[78.67292,30.88958]]},"properties":{"MAIN_RIV":41067217,"LENGTH_KM":4,"ORD_STRA":5}},
{"type":"Feature","geometry":{"type":"LineString","coordinates":[[78.84583,30.88958],[78.82708,30.89375]]},"properties":{"MAIN_RIV":41067217,"LENGTH_KM":2,"ORD_STRA":1}},
{"type":"Feature","geometry":{"type":"LineString","coordinates":[[79.33958,30.90625],[79.33958,30.88958]]},"properties":{"MAIN_RIV":41067217,"LENGTH_KM":1.85,"ORD_STRA":2}},
{"type":"Feature","geometry":{"type":"LineString","coordinates":[[79.66667,30.90417],[79.68542,30.88958]]},"properties":{"MAIN_RIV":41067217,"LENGTH_KM":2.79,"ORD_STRA":1}},
{"type":"Feature","geometry":{"type":"LineString","coordinates":[[79.68542,30.88958],[79.72292,30.89375],[79.74792,30.90625]]},"properties":{"MAIN_RIV":41067217,"LENGTH_KM":6.82,"ORD_STRA":2}},
{"type":"Feature","geometry":{"type":"LineString","coordinates":[[78.02292,30.88958],[78.04792,30.88958]]},"properties":{"MAIN_RIV":41067217,"LENGTH_KM":2.81,"ORD_STRA":2}},
{"type":"Feature","geometry":{"type":"LineString","coordinates":[[79.15833,30.88542],[79.16458,30.88542]]},"properties":{"MAIN_RIV":41067217,"LENGTH_KM":0.6,"ORD_STRA":1}},
{"type":"Feature","geometry":{"type":"LineString","coordinates":[[79.16458,30.88542],[79.15208,30.91458]]},"properties":{"MAIN_RIV":41067217,"LENGTH_KM":3.69,"ORD_STRA":2}},
{"type":"Feature","geometry":{"type":"LineString","coordinates":[[79.46042,30.90208],[79.46458,30.88542]]},"properties":{"MAIN_RIV":41067217,"LENGTH_KM":2,"ORD_STRA":3}},
{"type":"Feature","geometry":{"type":"LineString","coordinates":[[79.50833,30.89375],[79.46875,30.89375],[79.46458,30.88542]]},"properties":{"MAIN_RIV":41067217,"LENGTH_KM":5.28,"ORD_STRA":1}},
{"type":"Feature","geometry":{"type":"LineString","coordinates":[[79.87917,30.88333],[79.88125,30.89375]]},"properties":{"MAIN_RIV":41067217,"LENGTH_KM":1.53,"ORD_STRA":1}},
{"type":"Feature","geometry":{"type":"LineString","coordinates":[[77.82292,30.88958],[77.82292,30.88125]]},"properties":{"MAIN_RIV":41067217,"LENGTH_KM":0.93,"ORD_STRA":5}},
{"type":"Feature","geometry":{"type":"LineString","coordinates":[[78.0125,30.87917],[78.02292,30.88958]]},"properties":{"MAIN_RIV":41067217,"LENGTH_KM":1.53,"ORD_STRA":1}},
{"type":"Feature","geometry":{"type":"LineString","coordinates":[[78.09375,30.90208],[78.08958,30.88125]]},"properties":{"MAIN_RIV":41067217,"LENGTH_KM":2.46,"ORD_STRA":2}},
{"type":"Feature","geometry":{"type":"LineString","coordinates":[[78.29375,30.92708],[78.28958,30.90208],[78.31042,30.88125]]},"properties":{"MAIN_RIV":41067217,"LENGTH_KM":6.23,"ORD_STRA":2}},
{"type":"Feature","geometry":{"type":"LineString","coordinates":[[78.33125,30.90208],[78.31042,30.88125]]},"properties":{"MAIN_RIV":41067217,"LENGTH_KM":3.05,"ORD_STRA":3}},
{"type":"Feature","geometry":{"type":"LineString","coordinates":[[78.52708,30.89583],[78.53125,30.88125]]},"properties":{"MAIN_RIV":41067217,"LENGTH_KM":1.77,"ORD_STRA":1}},
{"type":"Feature","geometry":{"type":"LineString","coordinates":[[78.56042,30.91458],[78.53125,30.88125]]},"properties":{"MAIN_RIV":41067217,"LENGTH_KM":4.99,"ORD_STRA":2}},
{"type":"Feature","geometry":{"type":"LineString","coordinates":[[78.70208,30.88125],[78.67292,30.88958]]},"properties":{"MAIN_RIV":41067217,"LENGTH_KM":3.21,"ORD_STRA":2}},
{"type":"Feature","geometry":{"type":"LineString","coordinates":[[78.74167,30.89792],[78.70208,30.88125]]},"properties":{"MAIN_RIV":41067217,"LENGTH_KM":4.63,"ORD_STRA":1}},
{"type":"Feature","geometry":{"type":"LineString","coordinates":[[79.29583,30.88125],[79.33958,30.88958]]},"properties":{"MAIN_RIV":41067217,"LENGTH_KM":4.6,"ORD_STRA":1}},
{"type":"Feature","geometry":{"type":"LineString","coordinates":[[79.33958,30.88958],[79.35208,30.88125]]},"properties":{"MAIN_RIV":41067217,"LENGTH_KM":1.62,"ORD_STRA":2}},
{"type":"Feature","geometry":{"type":"LineString","coordinates":[[79.46458,30.88542],[79.46458,30.88125]]},"properties":{"MAIN_RIV":41067217,"LENGTH_KM":0.46,"ORD_STRA":3}},
{"type":"Feature","geometry":{"type":"LineString","coordinates":[[79.6125,30.9125],[79.64792,30.88125],[79.67708,30.88125],[79.68542,30.88958]]},"properties":{"MAIN_RIV":41067217,"LENGTH_KM":9.48,"ORD_STRA":1}},
{"type":"Feature","geometry":{"type":"LineString","coordinates":[[78.67292,30.88958],[78.66458,30.87708]]},"properties":{"MAIN_RIV":41067217,"LENGTH_KM":1.68,"ORD_STRA":5}},
{"type":"Feature","geometry":{"type":"LineString","coordinates":[[78.70208,30.875],[78.70208,30.88125]]},"properties":{"MAIN_RIV":41067217,"LENGTH_KM":0.69,"ORD_STRA":1}},
{"type":"Feature","geometry":{"type":"LineString","coordinates":[[78.96667,30.875],[78.97708,30.89792],[78.95625,30.93542]]},"properties":{"MAIN_RIV":41067217,"LENGTH_KM":7.82,"ORD_STRA":1}},
{"type":"Feature","geometry":{"type":"LineString","coordinates":[[79.16458,30.875],[79.16458,30.88542]]},"properties":{"MAIN_RIV":41067217,"LENGTH_KM":1.16,"ORD_STRA":1}},
{"type":"Feature","geometry":{"type":"LineString","coordinates":[[79.35208,30.88125],[79.38125,30.87708]]},"properties":{"MAIN_RIV":41067217,"LENGTH_KM":3,"ORD_STRA":3}},
{"type":"Feature","geometry":{"type":"LineString","coordinates":[[79.375,30.88333],[79.38125,30.87708]]},"properties":{"MAIN_RIV":41067217,"LENGTH_KM":0.92,"ORD_STRA":1}},
{"type":"Feature","geometry":{"type":"LineString","coordinates":[[79.38125,30.87708],[79.39375,30.87708]]},"properties":{"MAIN_RIV":41067217,"LENGTH_KM":1.19,"ORD_STRA":3}},
{"type":"Feature","geometry":{"type":"LineString","coordinates":[[79.39375,30.88333],[79.39375,30.87708]]},"properties":{"MAIN_RIV":41067217,"LENGTH_KM":0.69,"ORD_STRA":1}},
{"type":"Feature","geometry":{"type":"LineString","coordinates":[[78.11667,30.87292],[78.08958,30.88125]]},"properties":{"MAIN_RIV":41067217,"LENGTH_KM":3.01,"ORD_STRA":1}},
{"type":"Feature","geometry":{"type":"LineString","coordinates":[[78.31042,30.88125],[78.30208,30.87292]]},"properties":{"MAIN_RIV":41067217,"LENGTH_KM":1.22,"ORD_STRA":3}},
{"type":"Feature","geometry":{"type":"LineString","coordinates":[[79.39375,30.87708],[79.39792,30.87292]]},"properties":{"MAIN_RIV":41067217,"LENGTH_KM":0.61,"ORD_STRA":3}},
{"type":"Feature","geometry":{"type":"LineString","coordinates":[[79.39792,30.87292],[79.42708,30.87292]]},"properties":{"MAIN_RIV":41067217,"LENGTH_KM":2.78,"ORD_STRA":3}},
{"type":"Feature","geometry":{"type":"LineString","coordinates":[[79.73333,30.87292],[79.75208,30.87292],[79.76458,30.88542],[79.78125,30.87292]]},"properties":{"MAIN_RIV":41067217,"LENGTH_KM":5.85,"ORD_STRA":1}},
{"type":"Feature","geometry":{"type":"LineString","coordinates":[[79.74792,30.90625],[79.77708,30.88958],[79.78125,30.87292]]},"properties":{"MAIN_RIV":41067217,"LENGTH_KM":5.63,"ORD_STRA":3}},
{"type":"Feature","geometry":{"type":"LineString","coordinates":[[78.04792,30.88958],[78.08125,30.86875]]},"properties":{"MAIN_RIV":41067217,"LENGTH_KM":4.25,"ORD_STRA":2}},
{"type":"Feature","geometry":{"type":"LineString","coordinates":[[78.08958,30.88125],[78.08125,30.86875]]},"properties":{"MAIN_RIV":41067217,"LENGTH_KM":1.94,"ORD_STRA":2}},
{"type":"Feature","geometry":{"type":"LineString","coordinates":[[78.62917,30.88542],[78.65625,30.86875]]},"properties":{"MAIN_RIV":41067217,"LENGTH_KM":3.44,"ORD_STRA":1}},
{"type":"Feature","geometry":{"type":"LineString","coordinates":[[78.66458,30.87708],[78.65625,30.86875]]},"properties":{"MAIN_RIV":41067217,"LENGTH_KM":1.22,"ORD_STRA":5}},
{"type":"Feature","geometry":{"type":"LineString","coordinates":[[79.10208,30.86875],[79.09792,30.91042]]},"properties":{"MAIN_RIV":41067217,"LENGTH_KM":4.78,"ORD_STRA":3}},
{"type":"Feature","geometry":{"type":"LineString","coordinates":[[79.42708,30.86667],[79.42708,30.87292]]},"properties":{"MAIN_RIV":41067217,"LENGTH_KM":0.69,"ORD_STRA":1}},
{"type":"Feature","geometry":{"type":"LineString","coordinates":[[79.54792,30.90208],[79.52292,30.86875],[79.46458,30.88125]]},"properties":{"MAIN_RIV":41067217,"LENGTH_KM":10.8,"ORD_STRA":2}},
{"type":"Feature","geometry":{"type":"LineString","coordinates":[[79.78125,30.87292],[79.78125,30.86875]]},"properties":{"MAIN_RIV":41067217,"LENGTH_KM":0.46,"ORD_STRA":3}},
{"type":"Feature","geometry":{"type":"LineString","coordinates":[[79.91042,30.86667],[79.90625,30.88542],[79.88125,30.89375]]},"properties":{"MAIN_RIV":41067217,"LENGTH_KM":5.04,"ORD_STRA":1}},
{"type":"Feature","geometry":{"type":"LineString","coordinates":[[77.88542,30.86458],[77.84792,30.86875],[77.82292,30.88125]]},"properties":{"MAIN_RIV":41067217,"LENGTH_KM":6.82,"ORD_STRA":2}},
{"type":"Feature","geometry":{"type":"LineString","coordinates":[[77.89375,30.86458],[77.88542,30.86458]]},"properties":{"MAIN_RIV":41067217,"LENGTH_KM":0.8,"ORD_STRA":2}},
{"type":"Feature","geometry":{"type":"LineString","coordinates":[[77.89375,30.87083],[77.89375,30.86458]]},"properties":{"MAIN_RIV":41067217,"LENGTH_KM":0.69,"ORD_STRA":1}},
{"type":"Feature","geometry":{"type":"LineString","coordinates":[[79.075,30.86458],[79.08125,30.86458]]},"properties":{"MAIN_RIV":41067217,"LENGTH_KM":0.6,"ORD_STRA":1}},
{"type":"Feature","geometry":{"type":"LineString","coordinates":[[79.08125,30.86458],[79.10208,30.86875]]},"properties":{"MAIN_RIV":41067217,"LENGTH_KM":2.2,"ORD_STRA":2}},
{"type":"Feature","geometry":{"type":"LineString","coordinates":[[79.42708,30.87292],[79.46458,30.86458]]},"properties":{"MAIN_RIV":41067217,"LENGTH_KM":4,"ORD_STRA":3}},
{"type":"Feature","geometry":{"type":"LineString","coordinates":[[79.46458,30.88125],[79.46458,30.86458]]},"properties":{"MAIN_RIV":41067217,"LENGTH_KM":1.85,"ORD_STRA":3}},
{"type":"Feature","geometry":{"type":"LineString","coordinates":[[79.83958,30.875],[79.83958,30.86458]]},"properties":{"MAIN_RIV":41067217,"LENGTH_KM":1.16,"ORD_STRA":1}},
{"type":"Feature","geometry":{"type":"LineString","coordinates":[[79.86042,30.89792],[79.83958,30.86458]]},"properties":{"MAIN_RIV":41067217,"LENGTH_KM":4.44,"ORD_STRA":3}},
{"type":"Feature","geometry":{"type":"LineString","coordinates":[[77.88542,30.85833],[77.88542,30.86458]]},"properties":{"MAIN_RIV":41067217,"LENGTH_KM":0.69,"ORD_STRA":1}},
{"type":"Feature","geometry":{"type":"LineString","coordinates":[[78.16667,30.86458],[78.19375,30.86042]]},"properties":{"MAIN_RIV":41067217,"LENGTH_KM":2.8,"ORD_STRA":1}},
{"type":"Feature","geometry":{"type":"LineString","coordinates":[[78.17708,30.90417],[78.19375,30.86042]]},"properties":{"MAIN_RIV":41067217,"LENGTH_KM":5.45,"ORD_STRA":1}},
{"type":"Feature","geometry":{"type":"LineString","coordinates":[[78.77917,30.86667],[78.78542,30.86042]]},"properties":{"MAIN_RIV":41067217,"LENGTH_KM":0.92,"ORD_STRA":1}},
{"type":"Feature","geometry":{"type":"LineString","coordinates":[[79.23333,30.85833],[79.21458,30.87708],[79.20625,30.90625]]},"properties":{"MAIN_RIV":41067217,"LENGTH_KM":6.58,"ORD_STRA":1}},
{"type":"Feature","geometry":{"type":"LineString","coordinates":[[79.33542,30.86042],[79.35208,30.88125]]},"properties":{"MAIN_RIV":41067217,"LENGTH_KM":2.91,"ORD_STRA":2}},
{"type":"Feature","geometry":{"type":"LineString","coordinates":[[77.95417,30.86458],[77.93542,30.85625]]},"properties":{"MAIN_RIV":41067217,"LENGTH_KM":2.21,"ORD_STRA":1}},
{"type":"Feature","geometry":{"type":"LineString","coordinates":[[78.82083,30.85417],[78.80625,30.86458],[78.78542,30.86042]]},"properties":{"MAIN_RIV":41067217,"LENGTH_KM":4.13,"ORD_STRA":1}},
{"type":"Feature","geometry":{"type":"LineString","coordinates":[[79.18958,30.85417],[79.18958,30.90625]]},"properties":{"MAIN_RIV":41067217,"LENGTH_KM":6.38,"ORD_STRA":1}},
{"type":"Feature","geometry":{"type":"LineString","coordinates":[[79.39792,30.85417],[79.39792,30.87292]]},"properties":{"MAIN_RIV":41067217,"LENGTH_KM":2.08,"ORD_STRA":1}},
{"type":"Feature","geometry":{"type":"LineString","coordinates":[[79.97083,30.86667],[79.96042,30.85625]]},"properties":{"MAIN_RIV":41067217,"LENGTH_KM":1.53,"ORD_STRA":1}},
{"type":"Feature","geometry":{"type":"LineString","coordinates":[[77.92708,30.85208],[77.89375,30.86458]]},"properties":{"MAIN_RIV":41067217,"LENGTH_KM":3.82,"ORD_STRA":2}},
{"type":"Feature","geometry":{"type":"LineString","coordinates":[[77.93542,30.85625],[77.92708,30.85208]]},"properties":{"MAIN_RIV":41067217,"LENGTH_KM":1.01,"ORD_STRA":2}},
{"type":"Feature","geometry":{"type":"LineString","coordinates":[[78.08125,30.86875],[78.08542,30.85208]]},"properties":{"MAIN_RIV":41067217,"LENGTH_KM":2,"ORD_STRA":3}},
{"type":"Feature","geometry":{"type":"LineString","coordinates":[[79.06875,30.85208],[79.08125,30.86458]]},"properties":{"MAIN_RIV":41067217,"LENGTH_KM":1.83,"ORD_STRA":2}},
{"type":"Feature","geometry":{"type":"LineString","coordinates":[[79.11042,30.85208],[79.10208,30.86875]]},"properties":{"MAIN_RIV":41067217,"LENGTH_KM":2.15,"ORD_STRA":2}},
{"type":"Feature","geometry":{"type":"LineString","coordinates":[[79.11667,30.85208],[79.11042,30.85208]]},"properties":{"MAIN_RIV":41067217,"LENGTH_KM":0.6,"ORD_STRA":1}},
{"type":"Feature","geometry":{"type":"LineString","coordinates":[[79.575,30.87917],[79.56042,30.86875],[79.55625,30.85208]]},"properties":{"MAIN_RIV":41067217,"LENGTH_KM":3.92,"ORD_STRA":1}},
{"type":"Feature","geometry":{"type":"LineString","coordinates":[[77.75,30.85208],[77.74702,30.85208]]},"properties":{"MAIN_RIV":41067217,"LENGTH_KM":1.06,"ORD_STRA":1}},
{"type":"Feature","geometry":{"type":"LineString","coordinates":[[78.04583,30.8625],[78.06042,30.84792]]},"properties":{"MAIN_RIV":41067217,"LENGTH_KM":2.14,"ORD_STRA":1}},
{"type":"Feature","geometry":{"type":"LineString","coordinates":[[78.06042,30.84792],[78.08542,30.85208]]},"properties":{"MAIN_RIV":41067217,"LENGTH_KM":2.6,"ORD_STRA":2}},
{"type":"Feature","geometry":{"type":"LineString","coordinates":[[78.30208,30.87292],[78.28125,30.84792]]},"properties":{"MAIN_RIV":41067217,"LENGTH_KM":3.77,"ORD_STRA":3}},
{"type":"Feature","geometry":{"type":"LineString","coordinates":[[78.35833,30.85208],[78.34375,30.84792],[78.30208,30.87292]]},"properties":{"MAIN_RIV":41067217,"LENGTH_KM":6.86,"ORD_STRA":1}},
{"type":"Feature","geometry":{"type":"LineString","coordinates":[[78.48542,30.87083],[78.49375,30.84792]]},"properties":{"MAIN_RIV":41067217,"LENGTH_KM":2.84,"ORD_STRA":1}},
{"type":"Feature","geometry":{"type":"LineString","coordinates":[[78.625,30.85625],[78.63542,30.84792]]},"properties":{"MAIN_RIV":41067217,"LENGTH_KM":1.67,"ORD_STRA":1}},
{"type":"Feature","geometry":{"type":"LineString","coordinates":[[78.65625,30.86875],[78.63542,30.84792]]},"properties":{"MAIN_RIV":41067217,"LENGTH_KM":3.3,"ORD_STRA":5}},
{"type":"Feature","geometry":{"type":"LineString","coordinates":[[79.56667,30.84792],[79.55625,30.85208]]},"properties":{"MAIN_RIV":41067217,"LENGTH_KM":1.21,"ORD_STRA":1}},
{"type":"Feature","geometry":{"type":"LineString","coordinates":[[79.60417,30.85833],[79.61875,30.84792]]},"properties":{"MAIN_RIV":41067217,"LENGTH_KM":1.92,"ORD_STRA":1}},
{"type":"Feature","geometry":{"type":"LineString","coordinates":[[79.61875,30.85417],[79.61875,30.84792]]},"properties":{"MAIN_RIV":41067217,"LENGTH_KM":0.69,"ORD_STRA":1}},
{"type":"Feature","geometry":{"type":"LineString","coordinates":[[79.75,30.84792],[79.76042,30.84792],[79.78125,30.86875]]},"properties":{"MAIN_RIV":41067217,"LENGTH_KM":4.3,"ORD_STRA":1}},
{"type":"Feature","geometry":{"type":"LineString","coordinates":[[79.92917,30.84792],[79.96042,30.85625]]},"properties":{"MAIN_RIV":41067217,"LENGTH_KM":3.41,"ORD_STRA":1}},
{"type":"Feature","geometry":{"type":"LineString","coordinates":[[77.95,30.84167],[77.93542,30.85625]]},"properties":{"MAIN_RIV":41067217,"LENGTH_KM":2.14,"ORD_STRA":1}},
{"type":"Feature","geometry":{"type":"LineString","coordinates":[[78.40833,30.8625],[78.44375,30.84375]]},"properties":{"MAIN_RIV":41067217,"LENGTH_KM":4.34,"ORD_STRA":1}},
{"type":"Feature","geometry":{"type":"LineString","coordinates":[[78.44792,30.8625],[78.44375,30.84375]]},"properties":{"MAIN_RIV":41067217,"LENGTH_KM":2.23,"ORD_STRA":1}},
{"type":"Feature","geometry":{"type":"LineString","coordinates":[[78.53125,30.88125],[78.51042,30.84792],[78.49375,30.84792]]},"properties":{"MAIN_RIV":41067217,"LENGTH_KM":6.46,"ORD_STRA":2}},
{"type":"Feature","geometry":{"type":"LineString","coordinates":[[78.575,30.84167],[78.58125,30.84792],[78.61458,30.84375]]},"properties":{"MAIN_RIV":41067217,"LENGTH_KM":4.31,"ORD_STRA":1}},
{"type":"Feature","geometry":{"type":"LineString","coordinates":[[78.58958,30.88333],[78.59375,30.85625],[78.61458,30.84375]]},"properties":{"MAIN_RIV":41067217,"LENGTH_KM":5.79,"ORD_STRA":1}},
{"type":"Feature","geometry":{"type":"LineString","coordinates":[[78.69375,30.84375],[78.66458,30.87708]]},"properties":{"MAIN_RIV":41067217,"LENGTH_KM":4.99,"ORD_STRA":2}},
{"type":"Feature","geometry":{"type":"LineString","coordinates":[[78.7375,30.85],[78.73125,30.84375]]},"properties":{"MAIN_RIV":41067217,"LENGTH_KM":0.92,"ORD_STRA":1}},
{"type":"Feature","geometry":{"type":"LineString","coordinates":[[78.78542,30.86042],[78.73125,30.84375]]},"properties":{"MAIN_RIV":41067217,"LENGTH_KM":6.02,"ORD_STRA":2}},
{"type":"Feature","geometry":{"type":"LineString","coordinates":[[79.02292,30.8625],[79.03125,30.84792],[79.04792,30.84375]]},"properties":{"MAIN_RIV":41067217,"LENGTH_KM":3.72,"ORD_STRA":1}},
{"type":"Feature","geometry":{"type":"LineString","coordinates":[[79.04792,30.84375],[79.06875,30.85208]]},"properties":{"MAIN_RIV":41067217,"LENGTH_KM":2.42,"ORD_STRA":2}},
{"type":"Feature","geometry":{"type":"LineString","coordinates":[[79.07292,30.84167],[79.06875,30.85208]]},"properties":{"MAIN_RIV":41067217,"LENGTH_KM":1.31,"ORD_STRA":1}},
{"type":"Feature","geometry":{"type":"LineString","coordinates":[[79.275,30.84167],[79.33542,30.86042]]},"properties":{"MAIN_RIV":41067217,"LENGTH_KM":6.72,"ORD_STRA":1}},
{"type":"Feature","geometry":{"type":"LineString","coordinates":[[79.78125,30.86875],[79.81042,30.84375]]},"properties":{"MAIN_RIV":41067217,"LENGTH_KM":4.31,"ORD_STRA":3}},
{"type":"Feature","geometry":{"type":"LineString","coordinates":[[79.83958,30.86458],[79.82292,30.86042],[79.81042,30.84375]]},"properties":{"MAIN_RIV":41067217,"LENGTH_KM":4.1,"ORD_STRA":3}},
{"type":"Feature","geometry":{"type":"LineString","coordinates":[[79.96042,30.85625],[79.96875,30.84375]]},"properties":{"MAIN_RIV":41067217,"LENGTH_KM":1.69,"ORD_STRA":2}},
{"type":"Feature","geometry":{"type":"LineString","coordinates":[[79.99583,30.84792],[79.96875,30.84375]]},"properties":{"MAIN_RIV":41067217,"LENGTH_KM":2.8,"ORD_STRA":1}},
{"type":"Feature","geometry":{"type":"LineString","coordinates":[[77.82292,30.88125],[77.81875,30.84792],[77.79375,30.83958]]},"properties":{"MAIN_RIV":41067217,"LENGTH_KM":6.96,"ORD_STRA":5}},
{"type":"Feature","geometry":{"type":"LineString","coordinates":[[77.9375,30.8375],[77.92708,30.85208]]},"properties":{"MAIN_RIV":41067217,"LENGTH_KM":1.99,"ORD_STRA":1}},
{"type":"Feature","geometry":{"type":"LineString","coordinates":[[78.0375,30.83958],[78.05625,30.83958],[78.06042,30.84792]]},"properties":{"MAIN_RIV":41067217,"LENGTH_KM":2.86,"ORD_STRA":1}},
{"type":"Feature","geometry":{"type":"LineString","coordinates":[[78.61458,30.84375],[78.62292,30.84792],[78.62708,30.83958]]},"properties":{"MAIN_RIV":41067217,"LENGTH_KM":2.08,"ORD_STRA":2}},
{"type":"Feature","geometry":{"type":"LineString","coordinates":[[78.63542,30.84792],[78.62708,30.83958]]},"properties":{"MAIN_RIV":41067217,"LENGTH_KM":1.22,"ORD_STRA":5}},
{"type":"Feature","geometry":{"type":"LineString","coordinates":[[78.73125,30.84375],[78.69375,30.84375]]},"properties":{"MAIN_RIV":41067217,"LENGTH_KM":4.01,"ORD_STRA":2}},
{"type":"Feature","geometry":{"type":"LineString","coordinates":[[79.04167,30.8375],[79.04792,30.84375]]},"properties":{"MAIN_RIV":41067217,"LENGTH_KM":0.92,"ORD_STRA":1}},
{"type":"Feature","geometry":{"type":"LineString","coordinates":[[79.35,30.8375],[79.33542,30.86042]]},"properties":{"MAIN_RIV":41067217,"LENGTH_KM":3.06,"ORD_STRA":1}},
{"type":"Feature","geometry":{"type":"LineString","coordinates":[[79.55625,30.85208],[79.53125,30.83958]]},"properties":{"MAIN_RIV":41067217,"LENGTH_KM":3.02,"ORD_STRA":2}},
{"type":"Feature","geometry":{"type":"LineString","coordinates":[[79.84583,30.85],[79.83542,30.83958]]},"properties":{"MAIN_RIV":41067217,"LENGTH_KM":1.53,"ORD_STRA":1}},
{"type":"Feature","geometry":{"type":"LineString","coordinates":[[78.20625,30.92708],[78.24375,30.88958],[78.23958,30.86458],[78.25208,30.83542]]},"properties":{"MAIN_RIV":41067217,"LENGTH_KM":12.36,"ORD_STRA":2}},
{"type":"Feature","geometry":{"type":"LineString","coordinates":[[78.28125,30.84792],[78.25208,30.83542]]},"properties":{"MAIN_RIV":41067217,"LENGTH_KM":3.42,"ORD_STRA":3}},
{"type":"Feature","geometry":{"type":"LineString","coordinates":[[78.44375,30.84375],[78.45208,30.83542]]},"properties":{"MAIN_RIV":41067217,"LENGTH_KM":1.22,"ORD_STRA":2}},
{"type":"Feature","geometry":{"type":"LineString","coordinates":[[78.49375,30.84792],[78.45208,30.83542]]},"properties":{"MAIN_RIV":41067217,"LENGTH_KM":4.62,"ORD_STRA":2}},
{"type":"Feature","geometry":{"type":"LineString","coordinates":[[78.69167,30.83333],[78.69375,30.84375]]},"properties":{"MAIN_RIV":41067217,"LENGTH_KM":1.53,"ORD_STRA":1}},
{"type":"Feature","geometry":{"type":"LineString","coordinates":[[78.89167,30.8625],[78.89792,30.83542]]},"properties":{"MAIN_RIV":41067217,"LENGTH_KM":3.23,"ORD_STRA":1}},
{"type":"Feature","geometry":{"type":"LineString","coordinates":[[78.89792,30.83542],[78.91042,30.83542]]},"properties":{"MAIN_RIV":41067217,"LENGTH_KM":1.19,"ORD_STRA":2}},
{"type":"Feature","geometry":{"type":"LineString","coordinates":[[78.92083,30.84583],[78.91042,30.83542]]},"properties":{"MAIN_RIV":41067217,"LENGTH_KM":1.53,"ORD_STRA":1}},
{"type":"Feature","geometry":{"type":"LineString","coordinates":[[79.81042,30.84375],[79.81458,30.83542]]},"properties":{"MAIN_RIV":41067217,"LENGTH_KM":1.07,"ORD_STRA":4}},
{"type":"Feature","geometry":{"type":"LineString","coordinates":[[79.83542,30.83958],[79.81458,30.83542]]},"properties":{"MAIN_RIV":41067217,"LENGTH_KM":2.2,"ORD_STRA":2}},
{"type":"Feature","geometry":{"type":"LineString","coordinates":[[78.08542,30.85208],[78.09792,30.83125]]},"properties":{"MAIN_RIV":41067217,"LENGTH_KM":2.76,"ORD_STRA":3}},
{"type":"Feature","geometry":{"type":"LineString","coordinates":[[78.3125,30.82917],[78.28125,30.84792]]},"properties":{"MAIN_RIV":41067217,"LENGTH_KM":3.94,"ORD_STRA":1}},
{"type":"Feature","geometry":{"type":"LineString","coordinates":[[78.87917,30.8375],[78.89375,30.83125]]},"properties":{"MAIN_RIV":41067217,"LENGTH_KM":1.71,"ORD_STRA":1}},
{"type":"Feature","geometry":{"type":"LineString","coordinates":[[78.89375,30.83125],[78.89792,30.83542]]},"properties":{"MAIN_RIV":41067217,"LENGTH_KM":0.61,"ORD_STRA":2}},
{"type":"Feature","geometry":{"type":"LineString","coordinates":[[79.12292,30.83125],[79.11042,30.85208]]},"properties":{"MAIN_RIV":41067217,"LENGTH_KM":2.76,"ORD_STRA":2}},
{"type":"Feature","geometry":{"type":"LineString","coordinates":[[79.12917,30.8375],[79.12292,30.83125]]},"properties":{"MAIN_RIV":41067217,"LENGTH_KM":0.92,"ORD_STRA":1}},
{"type":"Feature","geometry":{"type":"LineString","coordinates":[[79.46458,30.86458],[79.48958,30.83125]]},"properties":{"MAIN_RIV":41067217,"LENGTH_KM":4.59,"ORD_STRA":4}},
{"type":"Feature","geometry":{"type":"LineString","coordinates":[[79.53125,30.83958],[79.48958,30.83125]]},"properties":{"MAIN_RIV":41067217,"LENGTH_KM":4.4,"ORD_STRA":2}},
{"type":"Feature","geometry":{"type":"MultiLineString","coordinates":[[[77.74427,30.8474],[77.74781,30.84386]],[[77.75004,30.84163],[77.75305,30.83862]],[[77.75855,30.83312],[77.76042,30.82864]]]},"properties":{"MAIN_RIV":41067217,"LENGTH_KM":2.91,"ORD_STRA":3}},
{"type":"Feature","geometry":{"type":"LineString","coordinates":[[77.79375,30.83958],[77.76101,30.82708]]},"properties":{"MAIN_RIV":41067217,"LENGTH_KM":3.82,"ORD_STRA":5}},
{"type":"Feature","geometry":{"type":"LineString","coordinates":[[78.25208,30.83542],[78.24792,30.82708]]},"properties":{"MAIN_RIV":41067217,"LENGTH_KM":1.07,"ORD_STRA":3}},
{"type":"Feature","geometry":{"type":"LineString","coordinates":[[78.25417,30.82708],[78.24792,30.82708]]},"properties":{"MAIN_RIV":41067217,"LENGTH_KM":0.6,"ORD_STRA":1}},
{"type":"Feature","geometry":{"type":"LineString","coordinates":[[78.59167,30.82708],[78.61875,30.82708]]},"properties":{"MAIN_RIV":41067217,"LENGTH_KM":2.59,"ORD_STRA":1}},
{"type":"Feature","geometry":{"type":"LineString","coordinates":[[78.62708,30.83958],[78.61875,30.82708]]},"properties":{"MAIN_RIV":41067217,"LENGTH_KM":1.69,"ORD_STRA":5}},
{"type":"Feature","geometry":{"type":"LineString","coordinates":[[78.8875,30.825],[78.89375,30.83125]]},"properties":{"MAIN_RIV":41067217,"LENGTH_KM":0.92,"ORD_STRA":1}},
{"type":"Feature","geometry":{"type":"LineString","coordinates":[[79.04792,30.825],[79.04792,30.84375]]},"properties":{"MAIN_RIV":41067217,"LENGTH_KM":2.38,"ORD_STRA":1}},
{"type":"Feature","geometry":{"type":"LineString","coordinates":[[79.57083,30.83333],[79.54792,30.82708],[79.53125,30.83958]]},"properties":{"MAIN_RIV":41067217,"LENGTH_KM":4.74,"ORD_STRA":1}},
{"type":"Feature","geometry":{"type":"LineString","coordinates":[[79.61875,30.84792],[79.62708,30.82708]]},"properties":{"MAIN_RIV":41067217,"LENGTH_KM":2.91,"ORD_STRA":2}},
{"type":"Feature","geometry":{"type":"LineString","coordinates":[[79.63333,30.8375],[79.62708,30.82708]]},"properties":{"MAIN_RIV":41067217,"LENGTH_KM":1.38,"ORD_STRA":1}},
{"type":"Feature","geometry":{"type":"LineString","coordinates":[[79.86458,30.82708],[79.83542,30.83958]]},"properties":{"MAIN_RIV":41067217,"LENGTH_KM":3.42,"ORD_STRA":2}},
{"type":"Feature","geometry":{"type":"LineString","coordinates":[[79.8875,30.83542],[79.86458,30.82708]]},"properties":{"MAIN_RIV":41067217,"LENGTH_KM":2.61,"ORD_STRA":1}},
{"type":"Feature","geometry":{"type":"LineString","coordinates":[[77.80625,30.82292],[77.79375,30.83958]]},"properties":{"MAIN_RIV":41067217,"LENGTH_KM":2.29,"ORD_STRA":2}},
{"type":"Feature","geometry":{"type":"LineString","coordinates":[[78.08333,30.82292],[78.09792,30.83125]]},"properties":{"MAIN_RIV":41067217,"LENGTH_KM":1.82,"ORD_STRA":1}},
{"type":"Feature","geometry":{"type":"LineString","coordinates":[[78.09792,30.83125],[78.10625,30.82292]]},"properties":{"MAIN_RIV":41067217,"LENGTH_KM":1.22,"ORD_STRA":3}},
{"type":"Feature","geometry":{"type":"LineString","coordinates":[[78.12917,30.83333],[78.10625,30.82292]]},"properties":{"MAIN_RIV":41067217,"LENGTH_KM":2.72,"ORD_STRA":1}},
{"type":"Feature","geometry":{"type":"LineString","coordinates":[[78.19375,30.86042],[78.21458,30.84375],[78.22292,30.82292]]},"properties":{"MAIN_RIV":41067217,"LENGTH_KM":5.45,"ORD_STRA":2}},
{"type":"Feature","geometry":{"type":"LineString","coordinates":[[78.24792,30.82708],[78.24375,30.82292]]},"properties":{"MAIN_RIV":41067217,"LENGTH_KM":0.61,"ORD_STRA":3}},
{"type":"Feature","geometry":{"type":"LineString","coordinates":[[78.98958,30.82917],[78.98958,30.82292]]},"properties":{"MAIN_RIV":41067217,"LENGTH_KM":0.69,"ORD_STRA":1}},
{"type":"Feature","geometry":{"type":"LineString","coordinates":[[78.99583,30.82917],[78.98958,30.82292]]},"properties":{"MAIN_RIV":41067217,"LENGTH_KM":0.92,"ORD_STRA":1}},
{"type":"Feature","geometry":{"type":"LineString","coordinates":[[79.12708,30.82292],[79.12292,30.83125]]},"properties":{"MAIN_RIV":41067217,"LENGTH_KM":1.07,"ORD_STRA":2}},
{"type":"Feature","geometry":{"type":"LineString","coordinates":[[79.13333,30.82917],[79.12708,30.82292]]},"properties":{"MAIN_RIV":41067217,"LENGTH_KM":0.92,"ORD_STRA":1}},
{"type":"Feature","geometry":{"type":"LineString","coordinates":[[79.2625,30.82292],[79.27292,30.82292]]},"properties":{"MAIN_RIV":41067217,"LENGTH_KM":0.99,"ORD_STRA":1}},
{"type":"Feature","geometry":{"type":"LineString","coordinates":[[79.67292,30.8375],[79.67708,30.82292]]},"properties":{"MAIN_RIV":41067217,"LENGTH_KM":2.02,"ORD_STRA":1}},
{"type":"Feature","geometry":{"type":"LineString","coordinates":[[79.96458,30.82292],[79.97292,30.82292]]},"properties":{"MAIN_RIV":41067217,"LENGTH_KM":0.8,"ORD_STRA":2}},
{"type":"Feature","geometry":{"type":"LineString","coordinates":[[79.96875,30.84375],[79.97292,30.82292]]},"properties":{"MAIN_RIV":41067217,"LENGTH_KM":2.76,"ORD_STRA":2}},
{"type":"Feature","geometry":{"type":"LineString","coordinates":[[78.2,30.82917],[78.21042,30.81875]]},"properties":{"MAIN_RIV":41067217,"LENGTH_KM":1.53,"ORD_STRA":1}},
{"type":"Feature","geometry":{"type":"LineString","coordinates":[[78.24375,30.82292],[78.22292,30.82292]]},"properties":{"MAIN_RIV":41067217,"LENGTH_KM":2.42,"ORD_STRA":3}},
{"type":"Feature","geometry":{"type":"LineString","coordinates":[[78.44167,30.81875],[78.44792,30.81875]]},"properties":{"MAIN_RIV":41067217,"LENGTH_KM":0.6,"ORD_STRA":1}},
{"type":"Feature","geometry":{"type":"LineString","coordinates":[[78.45208,30.83542],[78.44792,30.81875]]},"properties":{"MAIN_RIV":41067217,"LENGTH_KM":2,"ORD_STRA":3}},
{"type":"Feature","geometry":{"type":"LineString","coordinates":[[78.98958,30.82292],[78.98542,30.81875]]},"properties":{"MAIN_RIV":41067217,"LENGTH_KM":0.61,"ORD_STRA":2}},
{"type":"Feature","geometry":{"type":"LineString","coordinates":[[79.13125,30.81875],[79.12708,30.82292]]},"properties":{"MAIN_RIV":41067217,"LENGTH_KM":0.61,"ORD_STRA":2}},
{"type":"Feature","geometry":{"type":"LineString","coordinates":[[78.21458,30.81458],[78.21042,30.81875]]},"properties":{"MAIN_RIV":41067217,"LENGTH_KM":0.61,"ORD_STRA":3}},
{"type":"Feature","geometry":{"type":"LineString","coordinates":[[78.22292,30.82292],[78.21458,30.81458]]},"properties":{"MAIN_RIV":41067217,"LENGTH_KM":1.22,"ORD_STRA":3}},
{"type":"Feature","geometry":{"type":"LineString","coordinates":[[78.91042,30.83542],[78.94792,30.81458]]},"properties":{"MAIN_RIV":41067217,"LENGTH_KM":4.64,"ORD_STRA":2}},
{"type":"Feature","geometry":{"type":"LineString","coordinates":[[78.94792,30.825],[78.94792,30.81458]]},"properties":{"MAIN_RIV":41067217,"LENGTH_KM":1.16,"ORD_STRA":1}},
{"type":"Feature","geometry":{"type":"LineString","coordinates":[[79.25833,30.8125],[79.27292,30.82292]]},"properties":{"MAIN_RIV":41067217,"LENGTH_KM":1.93,"ORD_STRA":1}},
{"type":"Feature","geometry":{"type":"LineString","coordinates":[[79.67708,30.82292],[79.68958,30.81458]]},"properties":{"MAIN_RIV":41067217,"LENGTH_KM":1.62,"ORD_STRA":2}},
{"type":"Feature","geometry":{"type":"LineString","coordinates":[[79.69583,30.82917],[79.68958,30.81458]]},"properties":{"MAIN_RIV":41067217,"LENGTH_KM":1.84,"ORD_STRA":1}},
{"type":"Feature","geometry":{"type":"LineString","coordinates":[[79.875,30.8125],[79.86458,30.82708]]},"properties":{"MAIN_RIV":41067217,"LENGTH_KM":1.99,"ORD_STRA":1}},
{"type":"Feature","geometry":{"type":"LineString","coordinates":[[77.83125,30.81042],[77.80625,30.82292]]},"properties":{"MAIN_RIV":41067217,"LENGTH_KM":3.03,"ORD_STRA":2}},
{"type":"Feature","geometry":{"type":"LineString","coordinates":[[78.44792,30.81875],[78.45208,30.81042]]},"properties":{"MAIN_RIV":41067217,"LENGTH_KM":1.07,"ORD_STRA":3}},
{"type":"Feature","geometry":{"type":"LineString","coordinates":[[78.46667,30.81042],[78.45208,30.81042]]},"properties":{"MAIN_RIV":41067217,"LENGTH_KM":1.39,"ORD_STRA":1}},
{"type":"Feature","geometry":{"type":"LineString","coordinates":[[78.61875,30.82708],[78.62292,30.81042]]},"properties":{"MAIN_RIV":41067217,"LENGTH_KM":2,"ORD_STRA":5}},
{"type":"Feature","geometry":{"type":"LineString","coordinates":[[79.00833,30.81042],[78.98542,30.81875]]},"properties":{"MAIN_RIV":41067217,"LENGTH_KM":2.87,"ORD_STRA":1}},
{"type":"Feature","geometry":{"type":"LineString","coordinates":[[79.77083,30.82292],[79.79792,30.81875],[79.80208,30.81042]]},"properties":{"MAIN_RIV":41067217,"LENGTH_KM":3.87,"ORD_STRA":1}},
{"type":"Feature","geometry":{"type":"LineString","coordinates":[[79.81458,30.83542],[79.80208,30.81042]]},"properties":{"MAIN_RIV":41067217,"LENGTH_KM":3.22,"ORD_STRA":4}},
{"type":"Feature","geometry":{"type":"LineString","coordinates":[[79.91667,30.81042],[79.93958,30.82292],[79.96458,30.82292]]},"properties":{"MAIN_RIV":41067217,"LENGTH_KM":5.21,"ORD_STRA":1}},
{"type":"Feature","geometry":{"type":"LineString","coordinates":[[79.96042,30.80833],[79.96458,30.82292]]},"properties":{"MAIN_RIV":41067217,"LENGTH_KM":1.77,"ORD_STRA":1}},
{"type":"Feature","geometry":{"type":"LineString","coordinates":[[80.0125,30.82083],[80.00625,30.81042]]},"properties":{"MAIN_RIV":41067217,"LENGTH_KM":1.38,"ORD_STRA":1}},
{"type":"Feature","geometry":{"type":"LineString","coordinates":[[80.02083,30.825],[80.00625,30.81042]]},"properties":{"MAIN_RIV":41067217,"LENGTH_KM":2.14,"ORD_STRA":1}},
{"type":"Feature","geometry":{"type":"LineString","coordinates":[[77.79583,30.80417],[77.80625,30.82292]]},"properties":{"MAIN_RIV":41067217,"LENGTH_KM":2.45,"ORD_STRA":1}},
{"type":"Feature","geometry":{"type":"LineString","coordinates":[[77.84792,30.80625],[77.83125,30.81042]]},"properties":{"MAIN_RIV":41067217,"LENGTH_KM":1.8,"ORD_STRA":2}},
{"type":"Feature","geometry":{"type":"LineString","coordinates":[[77.9125,30.80625],[77.84792,30.80625]]},"properties":{"MAIN_RIV":41067217,"LENGTH_KM":6.59,"ORD_STRA":1}},
{"type":"Feature","geometry":{"type":"LineString","coordinates":[[79.14792,30.80625],[79.13125,30.81875]]},"properties":{"MAIN_RIV":41067217,"LENGTH_KM":2.48,"ORD_STRA":2}},
{"type":"Feature","geometry":{"type":"LineString","coordinates":[[79.15625,30.8125],[79.14792,30.80625]]},"properties":{"MAIN_RIV":41067217,"LENGTH_KM":1.49,"ORD_STRA":1}},
{"type":"Feature","geometry":{"type":"LineString","coordinates":[[79.27292,30.82292],[79.28542,30.80625]]},"properties":{"MAIN_RIV":41067217,"LENGTH_KM":2.29,"ORD_STRA":2}},
{"type":"Feature","geometry":{"type":"LineString","coordinates":[[79.48958,30.83125],[79.49375,30.80625]]},"properties":{"MAIN_RIV":41067217,"LENGTH_KM":2.93,"ORD_STRA":4}},
{"type":"Feature","geometry":{"type":"LineString","coordinates":[[79.62708,30.82708],[79.64792,30.80625],[79.67708,30.82292]]},"properties":{"MAIN_RIV":41067217,"LENGTH_KM":6.94,"ORD_STRA":2}},
{"type":"Feature","geometry":{"type":"LineString","coordinates":[[79.68958,30.81458],[79.69792,30.80625]]},"properties":{"MAIN_RIV":41067217,"LENGTH_KM":1.22,"ORD_STRA":2}},
{"type":"Feature","geometry":{"type":"LineString","coordinates":[[79.72292,30.8375],[79.73125,30.80625]]},"properties":{"MAIN_RIV":41067217,"LENGTH_KM":3.77,"ORD_STRA":1}},
{"type":"Feature","geometry":{"type":"LineString","coordinates":[[79.97292,30.82292],[79.98958,30.80625]]},"properties":{"MAIN_RIV":41067217,"LENGTH_KM":2.44,"ORD_STRA":3}},
{"type":"Feature","geometry":{"type":"LineString","coordinates":[[78.21042,30.81875],[78.18125,30.80208]]},"properties":{"MAIN_RIV":41067217,"LENGTH_KM":3.64,"ORD_STRA":3}},
{"type":"Feature","geometry":{"type":"LineString","coordinates":[[78.56667,30.8125],[78.58542,30.80208],[78.61875,30.80208]]},"properties":{"MAIN_RIV":41067217,"LENGTH_KM":5.93,"ORD_STRA":1}},
{"type":"Feature","geometry":{"type":"LineString","coordinates":[[78.62292,30.81042],[78.61875,30.80208]]},"properties":{"MAIN_RIV":41067217,"LENGTH_KM":1.07,"ORD_STRA":5}},
{"type":"Feature","geometry":{"type":"LineString","coordinates":[[78.65833,30.80833],[78.64792,30.80208],[78.62292,30.81042]]},"properties":{"MAIN_RIV":41067217,"LENGTH_KM":4.13,"ORD_STRA":1}},
{"type":"Feature","geometry":{"type":"LineString","coordinates":[[79.56875,30.80208],[79.53542,30.80208],[79.52292,30.81042],[79.49375,30.80625]]},"properties":{"MAIN_RIV":41067217,"LENGTH_KM":7.8,"ORD_STRA":2}},
{"type":"Feature","geometry":{"type":"LineString","coordinates":[[79.6,30.80833],[79.56875,30.80208]]},"properties":{"MAIN_RIV":41067217,"LENGTH_KM":3.3,"ORD_STRA":1}},
{"type":"Feature","geometry":{"type":"LineString","coordinates":[[79.69792,30.80625],[79.71458,30.80208]]},"properties":{"MAIN_RIV":41067217,"LENGTH_KM":1.8,"ORD_STRA":2}},
{"type":"Feature","geometry":{"type":"LineString","coordinates":[[79.71458,30.80208],[79.73125,30.80625]]},"properties":{"MAIN_RIV":41067217,"LENGTH_KM":1.8,"ORD_STRA":2}},
{"type":"Feature","geometry":{"type":"LineString","coordinates":[[79.73125,30.80625],[79.73542,30.80208]]},"properties":{"MAIN_RIV":41067217,"LENGTH_KM":0.61,"ORD_STRA":2}},
{"type":"Feature","geometry":{"type":"MultiLineString","coordinates":[[[77.75897,30.82564],[77.7523,30.82292]],[[77.75186,30.8227],[77.73205,30.79871]]]},"properties":{"MAIN_RIV":41067217,"LENGTH_KM":4.53,"ORD_STRA":5}},
{"type":"Feature","geometry":{"type":"LineString","coordinates":[[78.18125,30.80208],[78.15208,30.79792]]},"properties":{"MAIN_RIV":41067217,"LENGTH_KM":3.42,"ORD_STRA":3}},
{"type":"Feature","geometry":{"type":"LineString","coordinates":[[79.1,30.79583],[79.13125,30.81875]]},"properties":{"MAIN_RIV":41067217,"LENGTH_KM":4.16,"ORD_STRA":1}},
{"type":"Feature","geometry":{"type":"LineString","coordinates":[[79.28542,30.80625],[79.30208,30.79792]]},"properties":{"MAIN_RIV":41067217,"LENGTH_KM":2.02,"ORD_STRA":2}},
{"type":"Feature","geometry":{"type":"LineString","coordinates":[[79.33542,30.80833],[79.33958,30.79792]]},"properties":{"MAIN_RIV":41067217,"LENGTH_KM":1.31,"ORD_STRA":1}},
{"type":"Feature","geometry":{"type":"LineString","coordinates":[[79.5875,30.79792],[79.56875,30.80208]]},"properties":{"MAIN_RIV":41067217,"LENGTH_KM":2,"ORD_STRA":1}},
{"type":"Feature","geometry":{"type":"LineString","coordinates":[[79.68333,30.79583],[79.69792,30.80625]]},"properties":{"MAIN_RIV":41067217,"LENGTH_KM":1.93,"ORD_STRA":1}},
{"type":"Feature","geometry":{"type":"LineString","coordinates":[[79.98958,30.80625],[80.00208,30.79792]]},"properties":{"MAIN_RIV":41067217,"LENGTH_KM":1.62,"ORD_STRA":3}},
{"type":"Feature","geometry":{"type":"LineString","coordinates":[[80.00625,30.81042],[80.00208,30.79792]]},"properties":{"MAIN_RIV":41067217,"LENGTH_KM":1.54,"ORD_STRA":2}},
{"type":"Feature","geometry":{"type":"LineString","coordinates":[[77.85625,30.79375],[77.84792,30.80625]]},"properties":{"MAIN_RIV":41067217,"LENGTH_KM":1.69,"ORD_STRA":2}},
{"type":"Feature","geometry":{"type":"LineString","coordinates":[[78.94792,30.81458],[78.95208,30.79375]]},"properties":{"MAIN_RIV":41067217,"LENGTH_KM":2.46,"ORD_STRA":2}},
{"type":"Feature","geometry":{"type":"LineString","coordinates":[[78.98542,30.81875],[78.95208,30.79375]]},"properties":{"MAIN_RIV":41067217,"LENGTH_KM":4.46,"ORD_STRA":2}},
{"type":"Feature","geometry":{"type":"LineString","coordinates":[[79.26667,30.79375],[79.28542,30.80625]]},"properties":{"MAIN_RIV":41067217,"LENGTH_KM":2.43,"ORD_STRA":1}},
{"type":"Feature","geometry":{"type":"LineString","coordinates":[[79.35,30.8],[79.35625,30.79375]]},"properties":{"MAIN_RIV":41067217,"LENGTH_KM":0.92,"ORD_STRA":1}},
{"type":"Feature","geometry":{"type":"LineString","coordinates":[[79.49375,30.80625],[79.49375,30.79375]]},"properties":{"MAIN_RIV":41067217,"LENGTH_KM":1.39,"ORD_STRA":4}},
{"type":"Feature","geometry":{"type":"LineString","coordinates":[[79.73542,30.79167],[79.73542,30.80208]]},"properties":{"MAIN_RIV":41067217,"LENGTH_KM":1.16,"ORD_STRA":1}},
{"type":"Feature","geometry":{"type":"LineString","coordinates":[[79.97083,30.79375],[79.98958,30.80625]]},"properties":{"MAIN_RIV":41067217,"LENGTH_KM":2.43,"ORD_STRA":1}},
{"type":"Feature","geometry":{"type":"LineString","coordinates":[[80.00208,30.79792],[80.00625,30.79375]]},"properties":{"MAIN_RIV":41067217,"LENGTH_KM":0.61,"ORD_STRA":3}},
{"type":"Feature","geometry":{"type":"LineString","coordinates":[[77.73125,30.79074],[77.73125,30.78958]]},"properties":{"MAIN_RIV":41067217,"LENGTH_KM":0.93,"ORD_STRA":5}},
{"type":"Feature","geometry":{"type":"LineString","coordinates":[[77.9625,30.8],[78.01042,30.78958]]},"properties":{"MAIN_RIV":41067217,"LENGTH_KM":5.53,"ORD_STRA":1}},
{"type":"Feature","geometry":{"type":"LineString","coordinates":[[78.01042,30.78958],[78.02708,30.78958]]},"properties":{"MAIN_RIV":41067217,"LENGTH_KM":1.59,"ORD_STRA":2}},
{"type":"Feature","geometry":{"type":"LineString","coordinates":[[77.99583,30.83333],[78.02708,30.80625],[78.02708,30.78958]]},"properties":{"MAIN_RIV":41067217,"LENGTH_KM":6.22,"ORD_STRA":1}},
{"type":"Feature","geometry":{"type":"LineString","coordinates":[[78.10625,30.82292],[78.12292,30.78958]]},"properties":{"MAIN_RIV":41067217,"LENGTH_KM":4.59,"ORD_STRA":3}},
{"type":"Feature","geometry":{"type":"LineString","coordinates":[[78.15208,30.79792],[78.12292,30.78958]]},"properties":{"MAIN_RIV":41067217,"LENGTH_KM":3.21,"ORD_STRA":3}},
{"type":"Feature","geometry":{"type":"LineString","coordinates":[[78.24583,30.7875],[78.21458,30.81458]]},"properties":{"MAIN_RIV":41067217,"LENGTH_KM":4.37,"ORD_STRA":1}},
{"type":"Feature","geometry":{"type":"LineString","coordinates":[[79.30208,30.79792],[79.32292,30.78958],[79.33958,30.79792]]},"properties":{"MAIN_RIV":41067217,"LENGTH_KM":4.43,"ORD_STRA":2}},
{"type":"Feature","geometry":{"type":"LineString","coordinates":[[79.33958,30.79792],[79.35625,30.79375]]},"properties":{"MAIN_RIV":41067217,"LENGTH_KM":2.23,"ORD_STRA":2}},
{"type":"Feature","geometry":{"type":"LineString","coordinates":[[79.80208,30.81042],[79.82292,30.78958]]},"properties":{"MAIN_RIV":41067217,"LENGTH_KM":3.3,"ORD_STRA":4}},
{"type":"Feature","geometry":{"type":"LineString","coordinates":[[79.8375,30.8],[79.82292,30.78958]]},"properties":{"MAIN_RIV":41067217,"LENGTH_KM":1.93,"ORD_STRA":1}},
{"type":"Feature","geometry":{"type":"LineString","coordinates":[[77.73125,30.78958],[77.72908,30.78741]]},"properties":{"MAIN_RIV":41067217,"LENGTH_KM":0.61,"ORD_STRA":5}},
{"type":"Feature","geometry":{"type":"LineString","coordinates":[[77.75,30.78542],[77.73125,30.78958]]},"properties":{"MAIN_RIV":41067217,"LENGTH_KM":2,"ORD_STRA":1}},
{"type":"Feature","geometry":{"type":"LineString","coordinates":[[77.85,30.78333],[77.85625,30.79375]]},"properties":{"MAIN_RIV":41067217,"LENGTH_KM":1.38,"ORD_STRA":1}},
{"type":"Feature","geometry":{"type":"LineString","coordinates":[[77.88333,30.78542],[77.85625,30.79375]]},"properties":{"MAIN_RIV":41067217,"LENGTH_KM":3.01,"ORD_STRA":1}},
{"type":"Feature","geometry":{"type":"LineString","coordinates":[[78.27917,30.78333],[78.24375,30.82292]]},"properties":{"MAIN_RIV":41067217,"LENGTH_KM":6.16,"ORD_STRA":1}},
{"type":"Feature","geometry":{"type":"LineString","coordinates":[[78.61875,30.80208],[78.61875,30.78542]]},"properties":{"MAIN_RIV":41067217,"LENGTH_KM":1.85,"ORD_STRA":5}},
{"type":"Feature","geometry":{"type":"LineString","coordinates":[[78.77917,30.82708],[78.73958,30.81875],[78.70625,30.78542]]},"properties":{"MAIN_RIV":41067217,"LENGTH_KM":9.34,"ORD_STRA":1}},
{"type":"Feature","geometry":{"type":"LineString","coordinates":[[78.7625,30.79167],[78.75625,30.78542]]},"properties":{"MAIN_RIV":41067217,"LENGTH_KM":0.92,"ORD_STRA":1}},
{"type":"Feature","geometry":{"type":"LineString","coordinates":[[79.16875,30.78542],[79.14792,30.80625]]},"properties":{"MAIN_RIV":41067217,"LENGTH_KM":3.05,"ORD_STRA":2}},
{"type":"Feature","geometry":{"type":"LineString","coordinates":[[79.22083,30.825],[79.16875,30.78542]]},"properties":{"MAIN_RIV":41067217,"LENGTH_KM":7,"ORD_STRA":1}},
{"type":"Feature","geometry":{"type":"LineString","coordinates":[[79.39583,30.82917],[79.43125,30.80625],[79.43958,30.78542]]},"properties":{"MAIN_RIV":41067217,"LENGTH_KM":7.16,"ORD_STRA":1}},
{"type":"Feature","geometry":{"type":"LineString","coordinates":[[79.43958,30.78542],[79.44792,30.78542]]},"properties":{"MAIN_RIV":41067217,"LENGTH_KM":0.8,"ORD_STRA":3}},
{"type":"Feature","geometry":{"type":"LineString","coordinates":[[79.44792,30.79583],[79.44792,30.78542]]},"properties":{"MAIN_RIV":41067217,"LENGTH_KM":1.16,"ORD_STRA":1}},
{"type":"Feature","geometry":{"type":"LineString","coordinates":[[80.00625,30.79375],[80.01458,30.78542]]},"properties":{"MAIN_RIV":41067217,"LENGTH_KM":1.22,"ORD_STRA":3}},
{"type":"Feature","geometry":{"type":"LineString","coordinates":[[80.06667,30.8125],[80.04792,30.78958],[80.01458,30.78542]]},"properties":{"MAIN_RIV":41067217,"LENGTH_KM":6.61,"ORD_STRA":1}},
{"type":"Feature","geometry":{"type":"LineString","coordinates":[[77.73333,30.77917],[77.72761,30.78489]]},"properties":{"MAIN_RIV":41067217,"LENGTH_KM":0.92,"ORD_STRA":1}},
{"type":"Feature","geometry":{"type":"LineString","coordinates":[[77.80833,30.77917],[77.83125,30.81042]]},"properties":{"MAIN_RIV":41067217,"LENGTH_KM":4.29,"ORD_STRA":1}},
{"type":"Feature","geometry":{"type":"LineString","coordinates":[[78.01042,30.77917],[78.01042,30.78958]]},"properties":{"MAIN_RIV":41067217,"LENGTH_KM":1.16,"ORD_STRA":1}},
{"type":"Feature","geometry":{"type":"LineString","coordinates":[[78.17083,30.77917],[78.15208,30.79792]]},"properties":{"MAIN_RIV":41067217,"LENGTH_KM":2.75,"ORD_STRA":1}},
{"type":"Feature","geometry":{"type":"LineString","coordinates":[[78.20417,30.77917],[78.18125,30.80208]]},"properties":{"MAIN_RIV":41067217,"LENGTH_KM":3.61,"ORD_STRA":1}},
{"type":"Feature","geometry":{"type":"LineString","coordinates":[[78.75625,30.78542],[78.73125,30.78125]]},"properties":{"MAIN_RIV":41067217,"LENGTH_KM":2.6,"ORD_STRA":2}},
{"type":"Feature","geometry":{"type":"LineString","coordinates":[[78.78125,30.78125],[78.75625,30.78542]]},"properties":{"MAIN_RIV":41067217,"LENGTH_KM":2.6,"ORD_STRA":2}},
{"type":"Feature","geometry":{"type":"LineString","coordinates":[[78.79375,30.78125],[78.78125,30.78125]]},"properties":{"MAIN_RIV":41067217,"LENGTH_KM":1.19,"ORD_STRA":2}},
{"type":"Feature","geometry":{"type":"LineString","coordinates":[[78.83333,30.82083],[78.79375,30.78125]]},"properties":{"MAIN_RIV":41067217,"LENGTH_KM":6.05,"ORD_STRA":1}},
{"type":"Feature","geometry":{"type":"LineString","coordinates":[[78.95208,30.79375],[78.94792,30.78125]]},"properties":{"MAIN_RIV":41067217,"LENGTH_KM":1.54,"ORD_STRA":3}},
{"type":"Feature","geometry":{"type":"LineString","coordinates":[[79.2875,30.77917],[79.30208,30.79792]]},"properties":{"MAIN_RIV":41067217,"LENGTH_KM":2.6,"ORD_STRA":1}},
{"type":"Feature","geometry":{"type":"LineString","coordinates":[[79.35625,30.79375],[79.38958,30.79375],[79.41458,30.78125]]},"properties":{"MAIN_RIV":41067217,"LENGTH_KM":6.64,"ORD_STRA":2}},
{"type":"Feature","geometry":{"type":"LineString","coordinates":[[79.41458,30.78125],[79.43958,30.78542]]},"properties":{"MAIN_RIV":41067217,"LENGTH_KM":2.6,"ORD_STRA":3}},
{"type":"Feature","geometry":{"type":"LineString","coordinates":[[78.02708,30.78958],[78.04375,30.77708]]},"properties":{"MAIN_RIV":41067217,"LENGTH_KM":2.23,"ORD_STRA":2}},
{"type":"Feature","geometry":{"type":"LineString","coordinates":[[78.04375,30.78333],[78.04375,30.77708]]},"properties":{"MAIN_RIV":41067217,"LENGTH_KM":0.69,"ORD_STRA":1}},
{"type":"Feature","geometry":{"type":"LineString","coordinates":[[78.71458,30.77708],[78.70625,30.78542]]},"properties":{"MAIN_RIV":41067217,"LENGTH_KM":1.22,"ORD_STRA":2}},
{"type":"Feature","geometry":{"type":"LineString","coordinates":[[78.73125,30.78125],[78.71458,30.77708]]},"properties":{"MAIN_RIV":41067217,"LENGTH_KM":1.8,"ORD_STRA":2}},
{"type":"Feature","geometry":{"type":"LineString","coordinates":[[79.41042,30.77708],[79.41458,30.78125]]},"properties":{"MAIN_RIV":41067217,"LENGTH_KM":0.61,"ORD_STRA":2}},
{"type":"Feature","geometry":{"type":"LineString","coordinates":[[79.97917,30.775],[80.00625,30.79375]]},"properties":{"MAIN_RIV":41067217,"LENGTH_KM":3.79,"ORD_STRA":1}},
{"type":"Feature","geometry":{"type":"LineString","coordinates":[[78.04375,30.77708],[78.04792,30.77292]]},"properties":{"MAIN_RIV":41067217,"LENGTH_KM":0.61,"ORD_STRA":2}},
{"type":"Feature","geometry":{"type":"LineString","coordinates":[[78.81875,30.77292],[78.79375,30.78125]]},"properties":{"MAIN_RIV":41067217,"LENGTH_KM":2.81,"ORD_STRA":2}},
{"type":"Feature","geometry":{"type":"LineString","coordinates":[[78.83542,30.8],[78.81875,30.77292]]},"properties":{"MAIN_RIV":41067217,"LENGTH_KM":3.6,"ORD_STRA":1}},
{"type":"Feature","geometry":{"type":"LineString","coordinates":[[79.18542,30.77292],[79.16875,30.78542]]},"properties":{"MAIN_RIV":41067217,"LENGTH_KM":2.23,"ORD_STRA":2}},
{"type":"Feature","geometry":{"type":"LineString","coordinates":[[79.44792,30.78542],[79.49375,30.77292]]},"properties":{"MAIN_RIV":41067217,"LENGTH_KM":5.02,"ORD_STRA":3}},
{"type":"Feature","geometry":{"type":"LineString","coordinates":[[79.49375,30.79375],[79.49375,30.77292]]},"properties":{"MAIN_RIV":41067217,"LENGTH_KM":2.32,"ORD_STRA":4}},
{"type":"Feature","geometry":{"type":"LineString","coordinates":[[79.82292,30.78958],[79.83958,30.77292]]},"properties":{"MAIN_RIV":41067217,"LENGTH_KM":2.44,"ORD_STRA":4}},
{"type":"Feature","geometry":{"type":"LineString","coordinates":[[79.84583,30.77917],[79.83958,30.77292]]},"properties":{"MAIN_RIV":41067217,"LENGTH_KM":0.92,"ORD_STRA":1}},
{"type":"Feature","geometry":{"type":"LineString","coordinates":[[79.90417,30.78333],[79.90625,30.77292]]},"properties":{"MAIN_RIV":41067217,"LENGTH_KM":1.53,"ORD_STRA":1}},
{"type":"Feature","geometry":{"type":"LineString","coordinates":[[79.925,30.78333],[79.90625,30.77292]]},"properties":{"MAIN_RIV":41067217,"LENGTH_KM":2.32,"ORD_STRA":1}},
{"type":"Feature","geometry":{"type":"LineString","coordinates":[[80.1625,30.78333],[80.16875,30.77292]]},"properties":{"MAIN_RIV":41067217,"LENGTH_KM":1.38,"ORD_STRA":1}},
{"type":"Feature","geometry":{"type":"LineString","coordinates":[[80.175,30.77917],[80.16875,30.77292]]},"properties":{"MAIN_RIV":41067217,"LENGTH_KM":0.92,"ORD_STRA":1}},
{"type":"Feature","geometry":{"type":"LineString","coordinates":[[78.0375,30.76875],[78.04792,30.77292]]},"properties":{"MAIN_RIV":41067217,"LENGTH_KM":1.21,"ORD_STRA":1}},
{"type":"Feature","geometry":{"type":"LineString","coordinates":[[78.70833,30.76667],[78.71458,30.77708]]},"properties":{"MAIN_RIV":41067217,"LENGTH_KM":1.38,"ORD_STRA":1}},
{"type":"Feature","geometry":{"type":"LineString","coordinates":[[78.82708,30.76875],[78.81875,30.77292]]},"properties":{"MAIN_RIV":41067217,"LENGTH_KM":1.01,"ORD_STRA":2}},
{"type":"Feature","geometry":{"type":"LineString","coordinates":[[79.15417,30.76667],[79.16875,30.78542]]},"properties":{"MAIN_RIV":41067217,"LENGTH_KM":2.6,"ORD_STRA":1}},
{"type":"Feature","geometry":{"type":"LineString","coordinates":[[79.49375,30.77292],[79.49792,30.76875]]},"properties":{"MAIN_RIV":41067217,"LENGTH_KM":0.61,"ORD_STRA":4}},
{"type":"Feature","geometry":{"type":"LineString","coordinates":[[79.50417,30.76875],[79.49792,30.76875]]},"properties":{"MAIN_RIV":41067217,"LENGTH_KM":0.6,"ORD_STRA":1}},
{"type":"Feature","geometry":{"type":"LineString","coordinates":[[79.56458,30.76875],[79.53958,30.78542],[79.49375,30.79375]]},"properties":{"MAIN_RIV":41067217,"LENGTH_KM":8.04,"ORD_STRA":2}},
{"type":"Feature","geometry":{"type":"LineString","coordinates":[[79.62083,30.78333],[79.60208,30.76875]]},"properties":{"MAIN_RIV":41067217,"LENGTH_KM":2.54,"ORD_STRA":1}},
{"type":"Feature","geometry":{"type":"LineString","coordinates":[[79.60833,30.76875],[79.60208,30.76875]]},"properties":{"MAIN_RIV":41067217,"LENGTH_KM":0.6,"ORD_STRA":1}},
{"type":"Feature","geometry":{"type":"LineString","coordinates":[[79.70417,30.76667],[79.71458,30.80208]]},"properties":{"MAIN_RIV":41067217,"LENGTH_KM":4.31,"ORD_STRA":1}},
{"type":"Feature","geometry":{"type":"LineString","coordinates":[[80.01458,30.78542],[80.01458,30.76875]]},"properties":{"MAIN_RIV":41067217,"LENGTH_KM":1.85,"ORD_STRA":3}},
{"type":"Feature","geometry":{"type":"LineString","coordinates":[[77.70375,30.76458],[77.70625,30.76458]]},"properties":{"MAIN_RIV":41067217,"LENGTH_KM":2.63,"ORD_STRA":3}},
{"type":"Feature","geometry":{"type":"MultiLineString","coordinates":[[[77.72292,30.77873],[77.71819,30.77292]],[[77.71015,30.76849],[77.70625,30.76458]]]},"properties":{"MAIN_RIV":41067217,"LENGTH_KM":3.31,"ORD_STRA":5}},
{"type":"Feature","geometry":{"type":"LineString","coordinates":[[78.33333,30.7875],[78.36042,30.76458]]},"properties":{"MAIN_RIV":41067217,"LENGTH_KM":3.76,"ORD_STRA":1}},
{"type":"Feature","geometry":{"type":"LineString","coordinates":[[78.35833,30.80625],[78.36458,30.80625],[78.36042,30.76458]]},"properties":{"MAIN_RIV":41067217,"LENGTH_KM":5.38,"ORD_STRA":1}},
{"type":"Feature","geometry":{"type":"LineString","coordinates":[[78.58333,30.775],[78.58958,30.76458]]},"properties":{"MAIN_RIV":41067217,"LENGTH_KM":1.38,"ORD_STRA":1}},
{"type":"Feature","geometry":{"type":"LineString","coordinates":[[78.59375,30.76458],[78.58958,30.76458]]},"properties":{"MAIN_RIV":41067217,"LENGTH_KM":0.4,"ORD_STRA":5}},
{"type":"Feature","geometry":{"type":"LineString","coordinates":[[78.61875,30.78542],[78.59375,30.76458]]},"properties":{"MAIN_RIV":41067217,"LENGTH_KM":3.45,"ORD_STRA":5}},
{"type":"Feature","geometry":{"type":"LineString","coordinates":[[78.8375,30.76458],[78.82708,30.76875]]},"properties":{"MAIN_RIV":41067217,"LENGTH_KM":1.21,"ORD_STRA":1}},
{"type":"Feature","geometry":{"type":"LineString","coordinates":[[78.88333,30.775],[78.89375,30.76458]]},"properties":{"MAIN_RIV":41067217,"LENGTH_KM":1.53,"ORD_STRA":1}},
{"type":"Feature","geometry":{"type":"LineString","coordinates":[[78.89792,30.78333],[78.89375,30.76458]]},"properties":{"MAIN_RIV":41067217,"LENGTH_KM":2.23,"ORD_STRA":1}},
{"type":"Feature","geometry":{"type":"LineString","coordinates":[[79.22292,30.76458],[79.18542,30.77292]]},"properties":{"MAIN_RIV":41067217,"LENGTH_KM":4.01,"ORD_STRA":2}},
{"type":"Feature","geometry":{"type":"LineString","coordinates":[[79.22292,30.77917],[79.22292,30.76458]]},"properties":{"MAIN_RIV":41067217,"LENGTH_KM":1.62,"ORD_STRA":1}},
{"type":"Feature","geometry":{"type":"LineString","coordinates":[[79.57083,30.7625],[79.56458,30.76875]]},"properties":{"MAIN_RIV":41067217,"LENGTH_KM":0.92,"ORD_STRA":1}},
{"type":"Feature","geometry":{"type":"LineString","coordinates":[[79.83958,30.77292],[79.84375,30.76458]]},"properties":{"MAIN_RIV":41067217,"LENGTH_KM":1.07,"ORD_STRA":4}},
{"type":"Feature","geometry":{"type":"LineString","coordinates":[[79.90625,30.77292],[79.84375,30.76458]]},"properties":{"MAIN_RIV":41067217,"LENGTH_KM":6.4,"ORD_STRA":2}},
{"type":"Feature","geometry":{"type":"LineString","coordinates":[[80.08333,30.77083],[80.08958,30.76458]]},"properties":{"MAIN_RIV":41067217,"LENGTH_KM":0.92,"ORD_STRA":1}},
{"type":"Feature","geometry":{"type":"LineString","coordinates":[[80.09583,30.77083],[80.08958,30.76458]]},"properties":{"MAIN_RIV":41067217,"LENGTH_KM":0.92,"ORD_STRA":1}},
{"type":"Feature","geometry":{"type":"LineString","coordinates":[[78.66042,30.76042],[78.64792,30.76042],[78.61875,30.78542]]},"properties":{"MAIN_RIV":41067217,"LENGTH_KM":5.51,"ORD_STRA":3}},
{"type":"Feature","geometry":{"type":"LineString","coordinates":[[78.70625,30.78542],[78.66042,30.76042]]},"properties":{"MAIN_RIV":41067217,"LENGTH_KM":5.66,"ORD_STRA":2}},
{"type":"Feature","geometry":{"type":"LineString","coordinates":[[78.82083,30.75833],[78.82708,30.76875]]},"properties":{"MAIN_RIV":41067217,"LENGTH_KM":1.38,"ORD_STRA":1}},
{"type":"Feature","geometry":{"type":"LineString","coordinates":[[79.4,30.75833],[79.41042,30.77708]]},"properties":{"MAIN_RIV":41067217,"LENGTH_KM":2.45,"ORD_STRA":1}},
{"type":"Feature","geometry":{"type":"LineString","coordinates":[[79.60208,30.76875],[79.58125,30.76042],[79.56458,30.76875]]},"properties":{"MAIN_RIV":41067217,"LENGTH_KM":4.43,"ORD_STRA":2}},
{"type":"Feature","geometry":{"type":"LineString","coordinates":[[80,30.76042],[80.01458,30.76875]]},"properties":{"MAIN_RIV":41067217,"LENGTH_KM":2.07,"ORD_STRA":1}},
{"type":"Feature","geometry":{"type":"LineString","coordinates":[[78.3125,30.7625],[78.31875,30.75625]]},"properties":{"MAIN_RIV":41067217,"LENGTH_KM":0.92,"ORD_STRA":1}},
{"type":"Feature","geometry":{"type":"LineString","coordinates":[[78.31875,30.7625],[78.31875,30.75625]]},"properties":{"MAIN_RIV":41067217,"LENGTH_KM":0.69,"ORD_STRA":1}},
{"type":"Feature","geometry":{"type":"LineString","coordinates":[[79.00833,30.75833],[79.00208,30.76458],[78.98958,30.75625],[78.96042,30.76042],[78.94792,30.78125]]},"properties":{"MAIN_RIV":41067217,"LENGTH_KM":8.55,"ORD_STRA":1}},
{"type":"Feature","geometry":{"type":"LineString","coordinates":[[79.20208,30.75417],[79.18542,30.77292]]},"properties":{"MAIN_RIV":41067217,"LENGTH_KM":3.18,"ORD_STRA":1}},
{"type":"Feature","geometry":{"type":"LineString","coordinates":[[79.66458,30.7625],[79.66458,30.75625]]},"properties":{"MAIN_RIV":41067217,"LENGTH_KM":0.69,"ORD_STRA":1}},
{"type":"Feature","geometry":{"type":"LineString","coordinates":[[80.14583,30.76667],[80.15208,30.75625]]},"properties":{"MAIN_RIV":41067217,"LENGTH_KM":1.38,"ORD_STRA":1}},
{"type":"Feature","geometry":{"type":"LineString","coordinates":[[80.16875,30.77292],[80.15208,30.75625]]},"properties":{"MAIN_RIV":41067217,"LENGTH_KM":2.44,"ORD_STRA":2}},
{"type":"Feature","geometry":{"type":"LineString","coordinates":[[78.45208,30.81042],[78.44375,30.79375],[78.45625,30.75208]]},"properties":{"MAIN_RIV":41067217,"LENGTH_KM":7.22,"ORD_STRA":3}},
{"type":"Feature","geometry":{"type":"LineString","coordinates":[[78.47708,30.75208],[78.45625,30.75208]]},"properties":{"MAIN_RIV":41067217,"LENGTH_KM":2.42,"ORD_STRA":5}},
{"type":"Feature","geometry":{"type":"LineString","coordinates":[[78.53333,30.79583],[78.48542,30.76875],[78.47708,30.75208]]},"properties":{"MAIN_RIV":41067217,"LENGTH_KM":8.11,"ORD_STRA":1}},
{"type":"Feature","geometry":{"type":"LineString","coordinates":[[78.58958,30.76458],[78.56458,30.75208]]},"properties":{"MAIN_RIV":41067217,"LENGTH_KM":3.03,"ORD_STRA":5}},
{"type":"Feature","geometry":{"type":"LineString","coordinates":[[78.74792,30.75],[78.73125,30.78125]]},"properties":{"MAIN_RIV":41067217,"LENGTH_KM":4.32,"ORD_STRA":1}},
{"type":"Feature","geometry":{"type":"LineString","coordinates":[[78.94792,30.78125],[78.91875,30.75208]]},"properties":{"MAIN_RIV":41067217,"LENGTH_KM":4.53,"ORD_STRA":3}},
{"type":"Feature","geometry":{"type":"LineString","coordinates":[[79.675,30.75208],[79.66458,30.75625]]},"properties":{"MAIN_RIV":41067217,"LENGTH_KM":1.21,"ORD_STRA":1}},
{"type":"Feature","geometry":{"type":"LineString","coordinates":[[78.55,30.775],[78.54375,30.76875],[78.55208,30.74792]]},"properties":{"MAIN_RIV":41067217,"LENGTH_KM":3.53,"ORD_STRA":1}},
{"type":"Feature","geometry":{"type":"LineString","coordinates":[[78.56458,30.75208],[78.55208,30.74792]]},"properties":{"MAIN_RIV":41067217,"LENGTH_KM":1.41,"ORD_STRA":5}},
{"type":"Feature","geometry":{"type":"LineString","coordinates":[[78.67708,30.74792],[78.66042,30.76042]]},"properties":{"MAIN_RIV":41067217,"LENGTH_KM":2.48,"ORD_STRA":2}},
{"type":"Feature","geometry":{"type":"LineString","coordinates":[[79.25417,30.75208],[79.23125,30.74792],[79.22292,30.76458]]},"properties":{"MAIN_RIV":41067217,"LENGTH_KM":4.55,"ORD_STRA":1}},
{"type":"Feature","geometry":{"type":"LineString","coordinates":[[80.15208,30.75625],[80.15208,30.74792]]},"properties":{"MAIN_RIV":41067217,"LENGTH_KM":0.93,"ORD_STRA":2}},
{"type":"Feature","geometry":{"type":"LineString","coordinates":[[77.9375,30.75417],[77.95625,30.74375]]},"properties":{"MAIN_RIV":41067217,"LENGTH_KM":2.32,"ORD_STRA":1}},
{"type":"Feature","geometry":{"type":"LineString","coordinates":[[77.94792,30.77083],[77.95625,30.74375]]},"properties":{"MAIN_RIV":41067217,"LENGTH_KM":3.31,"ORD_STRA":1}},
{"type":"Feature","geometry":{"type":"LineString","coordinates":[[78.67708,30.74167],[78.67708,30.74792]]},"properties":{"MAIN_RIV":41067217,"LENGTH_KM":0.69,"ORD_STRA":1}},
{"type":"Feature","geometry":{"type":"LineString","coordinates":[[78.68333,30.74167],[78.67708,30.74792]]},"properties":{"MAIN_RIV":41067217,"LENGTH_KM":0.92,"ORD_STRA":1}},
{"type":"Feature","geometry":{"type":"LineString","coordinates":[[78.93333,30.74167],[78.91875,30.75208]]},"properties":{"MAIN_RIV":41067217,"LENGTH_KM":1.93,"ORD_STRA":1}},
{"type":"Feature","geometry":{"type":"LineString","coordinates":[[79.32292,30.75],[79.32292,30.74375]]},"properties":{"MAIN_RIV":41067217,"LENGTH_KM":0.69,"ORD_STRA":1}},
{"type":"Feature","geometry":{"type":"LineString","coordinates":[[79.32292,30.74375],[79.35625,30.74375],[79.37708,30.76458],[79.41042,30.77708]]},"properties":{"MAIN_RIV":41067217,"LENGTH_KM":10.74,"ORD_STRA":2}},
{"type":"Feature","geometry":{"type":"LineString","coordinates":[[79.66458,30.75625],[79.66042,30.74375]]},"properties":{"MAIN_RIV":41067217,"LENGTH_KM":1.54,"ORD_STRA":2}},
{"type":"Feature","geometry":{"type":"LineString","coordinates":[[79.73542,30.80208],[79.75625,30.80208],[79.83542,30.74375]]},"properties":{"MAIN_RIV":41067217,"LENGTH_KM":12.96,"ORD_STRA":2}},
{"type":"Feature","geometry":{"type":"LineString","coordinates":[[79.84375,30.76458],[79.83542,30.74375]]},"properties":{"MAIN_RIV":41067217,"LENGTH_KM":2.86,"ORD_STRA":4}},
{"type":"Feature","geometry":{"type":"LineString","coordinates":[[80.08958,30.76458],[80.10208,30.74375]]},"properties":{"MAIN_RIV":41067217,"LENGTH_KM":2.76,"ORD_STRA":2}},
{"type":"Feature","geometry":{"type":"LineString","coordinates":[[80.15208,30.74792],[80.10208,30.74375]]},"properties":{"MAIN_RIV":41067217,"LENGTH_KM":4.99,"ORD_STRA":3}},
{"type":"Feature","geometry":{"type":"MultiLineString","coordinates":[[[77.70625,30.76458],[77.70625,30.75692]],[[77.70287,30.74713],[77.71032,30.73968]]]},"properties":{"MAIN_RIV":41067217,"LENGTH_KM":4.02,"ORD_STRA":5}},
{"type":"Feature","geometry":{"type":"LineString","coordinates":[[78.04792,30.77292],[78.06875,30.75625],[78.06875,30.74375],[78.08125,30.73958]]},"properties":{"MAIN_RIV":41067217,"LENGTH_KM":5.89,"ORD_STRA":2}},
{"type":"Feature","geometry":{"type":"LineString","coordinates":[[78.12292,30.78958],[78.08125,30.73958]]},"properties":{"MAIN_RIV":41067217,"LENGTH_KM":7.29,"ORD_STRA":4}},
{"type":"Feature","geometry":{"type":"LineString","coordinates":[[78.36042,30.76458],[78.36042,30.73958]]},"properties":{"MAIN_RIV":41067217,"LENGTH_KM":3.08,"ORD_STRA":2}},
{"type":"Feature","geometry":{"type":"LineString","coordinates":[[78.78125,30.7375],[78.78125,30.78125]]},"properties":{"MAIN_RIV":41067217,"LENGTH_KM":4.87,"ORD_STRA":1}},
{"type":"Feature","geometry":{"type":"LineString","coordinates":[[78.89375,30.76458],[78.88542,30.75208],[78.89792,30.73958]]},"properties":{"MAIN_RIV":41067217,"LENGTH_KM":3.77,"ORD_STRA":2}},
{"type":"Feature","geometry":{"type":"LineString","coordinates":[[78.91875,30.75208],[78.89792,30.73958]]},"properties":{"MAIN_RIV":41067217,"LENGTH_KM":2.63,"ORD_STRA":3}},
{"type":"Feature","geometry":{"type":"LineString","coordinates":[[79.04167,30.74375],[79.06458,30.73958]]},"properties":{"MAIN_RIV":41067217,"LENGTH_KM":2.4,"ORD_STRA":1}},
{"type":"Feature","geometry":{"type":"LineString","coordinates":[[79.0375,30.77917],[79.06458,30.73958]]},"properties":{"MAIN_RIV":41067217,"LENGTH_KM":5.36,"ORD_STRA":1}},
{"type":"Feature","geometry":{"type":"LineString","coordinates":[[79.44167,30.73958],[79.49375,30.73958]]},"properties":{"MAIN_RIV":41067217,"LENGTH_KM":5.4,"ORD_STRA":1}},
{"type":"Feature","geometry":{"type":"LineString","coordinates":[[79.49792,30.76875],[79.49375,30.73958]]},"properties":{"MAIN_RIV":41067217,"LENGTH_KM":3.39,"ORD_STRA":4}},
{"type":"Feature","geometry":{"type":"LineString","coordinates":[[80.01458,30.76875],[80.02708,30.73958]]},"properties":{"MAIN_RIV":41067217,"LENGTH_KM":3.69,"ORD_STRA":3}},
{"type":"Feature","geometry":{"type":"LineString","coordinates":[[80.02708,30.75],[80.02708,30.73958]]},"properties":{"MAIN_RIV":41067217,"LENGTH_KM":1.16,"ORD_STRA":1}},
{"type":"Feature","geometry":{"type":"LineString","coordinates":[[80.18542,30.73958],[80.15208,30.74792]]},"properties":{"MAIN_RIV":41067217,"LENGTH_KM":3.61,"ORD_STRA":2}},
{"type":"Feature","geometry":{"type":"LineString","coordinates":[[80.18958,30.74583],[80.18542,30.73958]]},"properties":{"MAIN_RIV":41067217,"LENGTH_KM":1.09,"ORD_STRA":1}},
{"type":"Feature","geometry":{"type":"LineString","coordinates":[[78.25417,30.73542],[78.27292,30.73542]]},"properties":{"MAIN_RIV":41067217,"LENGTH_KM":1.79,"ORD_STRA":1}},
{"type":"Feature","geometry":{"type":"LineString","coordinates":[[78.26042,30.75833],[78.27292,30.73542]]},"properties":{"MAIN_RIV":41067217,"LENGTH_KM":2.99,"ORD_STRA":1}},
{"type":"Feature","geometry":{"type":"LineString","coordinates":[[78.31875,30.75625],[78.35208,30.73542]]},"properties":{"MAIN_RIV":41067217,"LENGTH_KM":4.25,"ORD_STRA":2}},
{"type":"Feature","geometry":{"type":"LineString","coordinates":[[78.36042,30.73958],[78.35208,30.73542]]},"properties":{"MAIN_RIV":41067217,"LENGTH_KM":1.01,"ORD_STRA":5}},
{"type":"Feature","geometry":{"type":"LineString","coordinates":[[78.3875,30.825],[78.38125,30.80625],[78.41042,30.73542]]},"properties":{"MAIN_RIV":41067217,"LENGTH_KM":11.21,"ORD_STRA":1}},
{"type":"Feature","geometry":{"type":"LineString","coordinates":[[78.52292,30.73542],[78.49375,30.73958],[78.47708,30.75208]]},"properties":{"MAIN_RIV":41067217,"LENGTH_KM":5.23,"ORD_STRA":5}},
{"type":"Feature","geometry":{"type":"LineString","coordinates":[[78.55208,30.74792],[78.52292,30.73542]]},"properties":{"MAIN_RIV":41067217,"LENGTH_KM":3.43,"ORD_STRA":5}},
{"type":"Feature","geometry":{"type":"LineString","coordinates":[[78.60625,30.73542],[78.59375,30.76458]]},"properties":{"MAIN_RIV":41067217,"LENGTH_KM":3.69,"ORD_STRA":2}},
{"type":"Feature","geometry":{"type":"LineString","coordinates":[[79.06458,30.73958],[79.06458,30.73542]]},"properties":{"MAIN_RIV":41067217,"LENGTH_KM":0.46,"ORD_STRA":2}},
{"type":"Feature","geometry":{"type":"LineString","coordinates":[[79.075,30.76667],[79.06458,30.73542]]},"properties":{"MAIN_RIV":41067217,"LENGTH_KM":4.14,"ORD_STRA":1}},
{"type":"Feature","geometry":{"type":"LineString","coordinates":[[79.30833,30.73542],[79.32292,30.74375]]},"properties":{"MAIN_RIV":41067217,"LENGTH_KM":1.82,"ORD_STRA":1}},
{"type":"Feature","geometry":{"type":"LineString","coordinates":[[78.08125,30.73958],[78.07708,30.73125]]},"properties":{"MAIN_RIV":41067217,"LENGTH_KM":1.07,"ORD_STRA":4}},
{"type":"Feature","geometry":{"type":"LineString","coordinates":[[78.41042,30.73542],[78.36042,30.73958]]},"properties":{"MAIN_RIV":41067217,"LENGTH_KM":5.42,"ORD_STRA":5}},
{"type":"Feature","geometry":{"type":"LineString","coordinates":[[78.89792,30.73958],[78.88958,30.73125]]},"properties":{"MAIN_RIV":41067217,"LENGTH_KM":1.22,"ORD_STRA":3}},
{"type":"Feature","geometry":{"type":"LineString","coordinates":[[79.49375,30.73958],[79.49375,30.73125]]},"properties":{"MAIN_RIV":41067217,"LENGTH_KM":0.93,"ORD_STRA":4}},
{"type":"Feature","geometry":{"type":"LineString","coordinates":[[79.50833,30.73542],[79.49375,30.73125]]},"properties":{"MAIN_RIV":41067217,"LENGTH_KM":1.61,"ORD_STRA":1}},
{"type":"Feature","geometry":{"type":"LineString","coordinates":[[79.66042,30.74375],[79.63125,30.73125]]},"properties":{"MAIN_RIV":41067217,"LENGTH_KM":3.43,"ORD_STRA":3}},
{"type":"Feature","geometry":{"type":"LineString","coordinates":[[80.02708,30.73958],[80.02292,30.73125]]},"properties":{"MAIN_RIV":41067217,"LENGTH_KM":1.07,"ORD_STRA":3}},
{"type":"Feature","geometry":{"type":"LineString","coordinates":[[77.8375,30.73542],[77.82292,30.73958],[77.80208,30.72708]]},"properties":{"MAIN_RIV":41067217,"LENGTH_KM":4.24,"ORD_STRA":1}},
{"type":"Feature","geometry":{"type":"LineString","coordinates":[[77.80833,30.72708],[77.80208,30.72708]]},"properties":{"MAIN_RIV":41067217,"LENGTH_KM":0.6,"ORD_STRA":1}},
{"type":"Feature","geometry":{"type":"LineString","coordinates":[[78.14375,30.73333],[78.14375,30.72708]]},"properties":{"MAIN_RIV":41067217,"LENGTH_KM":0.69,"ORD_STRA":1}},
{"type":"Feature","geometry":{"type":"LineString","coordinates":[[78.17292,30.72708],[78.14375,30.72708]]},"properties":{"MAIN_RIV":41067217,"LENGTH_KM":2.79,"ORD_STRA":2}},
{"type":"Feature","geometry":{"type":"LineString","coordinates":[[78.17708,30.7375],[78.17292,30.72708]]},"properties":{"MAIN_RIV":41067217,"LENGTH_KM":1.31,"ORD_STRA":1}},
{"type":"Feature","geometry":{"type":"LineString","coordinates":[[78.43958,30.72708],[78.41042,30.73542]]},"properties":{"MAIN_RIV":41067217,"LENGTH_KM":3.64,"ORD_STRA":5}},
{"type":"Feature","geometry":{"type":"LineString","coordinates":[[78.45625,30.75208],[78.45625,30.73958],[78.43958,30.72708]]},"properties":{"MAIN_RIV":41067217,"LENGTH_KM":3.92,"ORD_STRA":5}},
{"type":"Feature","geometry":{"type":"LineString","coordinates":[[78.58125,30.725],[78.56458,30.75208]]},"properties":{"MAIN_RIV":41067217,"LENGTH_KM":3.85,"ORD_STRA":1}},
{"type":"Feature","geometry":{"type":"LineString","coordinates":[[78.9,30.725],[78.88958,30.73125]]},"properties":{"MAIN_RIV":41067217,"LENGTH_KM":1.31,"ORD_STRA":1}},
{"type":"Feature","geometry":{"type":"LineString","coordinates":[[79.67708,30.72708],[79.66042,30.74375]]},"properties":{"MAIN_RIV":41067217,"LENGTH_KM":2.44,"ORD_STRA":2}},
{"type":"Feature","geometry":{"type":"LineString","coordinates":[[80.06875,30.72708],[80.02292,30.73125]]},"properties":{"MAIN_RIV":41067217,"LENGTH_KM":4.59,"ORD_STRA":3}},
{"type":"Feature","geometry":{"type":"LineString","coordinates":[[80.10208,30.74375],[80.10208,30.72708]]},"properties":{"MAIN_RIV":41067217,"LENGTH_KM":2.15,"ORD_STRA":3}},
{"type":"Feature","geometry":{"type":"LineString","coordinates":[[80.19792,30.72708],[80.18542,30.73958]]},"properties":{"MAIN_RIV":41067217,"LENGTH_KM":1.83,"ORD_STRA":2}},
{"type":"Feature","geometry":{"type":"LineString","coordinates":[[80.225,30.72708],[80.19792,30.72708]]},"properties":{"MAIN_RIV":41067217,"LENGTH_KM":2.59,"ORD_STRA":1}},
{"type":"Feature","geometry":{"type":"MultiLineString","coordinates":[[[77.72684,30.73566],[77.7317,30.73497]],[[77.73602,30.72648],[77.74375,30.72292]]]},"properties":{"MAIN_RIV":41067217,"LENGTH_KM":3.49,"ORD_STRA":5}},
{"type":"Feature","geometry":{"type":"LineString","coordinates":[[77.76667,30.74375],[77.74375,30.72292]]},"properties":{"MAIN_RIV":41067217,"LENGTH_KM":3.5,"ORD_STRA":1}},
{"type":"Feature","geometry":{"type":"LineString","coordinates":[[78.02917,30.72292],[78.04375,30.73125],[78.07708,30.73125]]},"properties":{"MAIN_RIV":41067217,"LENGTH_KM":5,"ORD_STRA":1}},
{"type":"Feature","geometry":{"type":"LineString","coordinates":[[78.07708,30.73125],[78.08542,30.72292]]},"properties":{"MAIN_RIV":41067217,"LENGTH_KM":1.22,"ORD_STRA":4}},
{"type":"Feature","geometry":{"type":"LineString","coordinates":[[78.6375,30.72292],[78.60625,30.73542]]},"properties":{"MAIN_RIV":41067217,"LENGTH_KM":3.63,"ORD_STRA":1}},
{"type":"Feature","geometry":{"type":"LineString","coordinates":[[79.11458,30.75833],[79.10208,30.72292]]},"properties":{"MAIN_RIV":41067217,"LENGTH_KM":4.38,"ORD_STRA":1}},
{"type":"Feature","geometry":{"type":"LineString","coordinates":[[79.11667,30.72292],[79.10208,30.72292]]},"properties":{"MAIN_RIV":41067217,"LENGTH_KM":1.39,"ORD_STRA":1}},
{"type":"Feature","geometry":{"type":"LineString","coordinates":[[79.16458,30.72917],[79.16458,30.72292]]},"properties":{"MAIN_RIV":41067217,"LENGTH_KM":0.69,"ORD_STRA":1}},
{"type":"Feature","geometry":{"type":"LineString","coordinates":[[79.16875,30.73333],[79.16458,30.72292]]},"properties":{"MAIN_RIV":41067217,"LENGTH_KM":1.31,"ORD_STRA":1}},
{"type":"Feature","geometry":{"type":"LineString","coordinates":[[79.59375,30.72917],[79.59375,30.72292]]},"properties":{"MAIN_RIV":41067217,"LENGTH_KM":0.69,"ORD_STRA":1}},
{"type":"Feature","geometry":{"type":"LineString","coordinates":[[79.6375,30.72083],[79.63125,30.73125]]},"properties":{"MAIN_RIV":41067217,"LENGTH_KM":1.38,"ORD_STRA":1}},
{"type":"Feature","geometry":{"type":"LineString","coordinates":[[79.67708,30.72083],[79.67708,30.72708]]},"properties":{"MAIN_RIV":41067217,"LENGTH_KM":0.69,"ORD_STRA":1}},
{"type":"Feature","geometry":{"type":"LineString","coordinates":[[80.10208,30.72708],[80.06875,30.72708]]},"properties":{"MAIN_RIV":41067217,"LENGTH_KM":4.04,"ORD_STRA":3}},
{"type":"Feature","geometry":{"type":"LineString","coordinates":[[80.11875,30.72292],[80.10208,30.72708]]},"properties":{"MAIN_RIV":41067217,"LENGTH_KM":2.06,"ORD_STRA":2}},
{"type":"Feature","geometry":{"type":"LineString","coordinates":[[78.12292,30.71875],[78.10208,30.72708],[78.08542,30.72292]]},"properties":{"MAIN_RIV":41067217,"LENGTH_KM":4.22,"ORD_STRA":2}},
{"type":"Feature","geometry":{"type":"LineString","coordinates":[[78.14375,30.72708],[78.12292,30.71875]]},"properties":{"MAIN_RIV":41067217,"LENGTH_KM":2.42,"ORD_STRA":2}},
{"type":"Feature","geometry":{"type":"LineString","coordinates":[[78.2,30.725],[78.18542,30.71875],[78.17292,30.72708]]},"properties":{"MAIN_RIV":41067217,"LENGTH_KM":3.33,"ORD_STRA":1}},
{"type":"Feature","geometry":{"type":"LineString","coordinates":[[79.16458,30.72292],[79.16458,30.71875]]},"properties":{"MAIN_RIV":41067217,"LENGTH_KM":0.46,"ORD_STRA":2}},
{"type":"Feature","geometry":{"type":"LineString","coordinates":[[79.175,30.72917],[79.16458,30.71875]]},"properties":{"MAIN_RIV":41067217,"LENGTH_KM":1.53,"ORD_STRA":1}},
{"type":"Feature","geometry":{"type":"LineString","coordinates":[[79.59375,30.72292],[79.59375,30.71875]]},"properties":{"MAIN_RIV":41067217,"LENGTH_KM":0.46,"ORD_STRA":2}},
{"type":"Feature","geometry":{"type":"LineString","coordinates":[[79.63125,30.73125],[79.59375,30.71875]]},"properties":{"MAIN_RIV":41067217,"LENGTH_KM":4.22,"ORD_STRA":3}},
{"type":"Feature","geometry":{"type":"LineString","coordinates":[[80.06875,30.71667],[80.06875,30.72708]]},"properties":{"MAIN_RIV":41067217,"LENGTH_KM":1.16,"ORD_STRA":1}},
{"type":"Feature","geometry":{"type":"LineString","coordinates":[[77.74375,30.72292],[77.74792,30.71458]]},"properties":{"MAIN_RIV":41067217,"LENGTH_KM":1.07,"ORD_STRA":5}},
{"type":"Feature","geometry":{"type":"LineString","coordinates":[[77.80208,30.72708],[77.78958,30.71875],[77.76458,30.72292],[77.74792,30.71458]]},"properties":{"MAIN_RIV":41067217,"LENGTH_KM":6.24,"ORD_STRA":2}},
{"type":"Feature","geometry":{"type":"LineString","coordinates":[[78.27292,30.73542],[78.28542,30.71458]]},"properties":{"MAIN_RIV":41067217,"LENGTH_KM":2.76,"ORD_STRA":2}},
{"type":"Feature","geometry":{"type":"LineString","coordinates":[[79.57083,30.71458],[79.59375,30.72292]]},"properties":{"MAIN_RIV":41067217,"LENGTH_KM":2.62,"ORD_STRA":1}},
{"type":"Feature","geometry":{"type":"LineString","coordinates":[[79.71667,30.72917],[79.73542,30.74792],[79.76042,30.75208],[79.78958,30.71458]]},"properties":{"MAIN_RIV":41067217,"LENGTH_KM":10.55,"ORD_STRA":1}},
{"type":"Feature","geometry":{"type":"LineString","coordinates":[[79.93333,30.76042],[79.91875,30.76042],[79.90625,30.74792],[79.89792,30.71458]]},"properties":{"MAIN_RIV":41067217,"LENGTH_KM":7.48,"ORD_STRA":1}},
{"type":"Feature","geometry":{"type":"LineString","coordinates":[[78.27083,30.71042],[78.28542,30.71458]]},"properties":{"MAIN_RIV":41067217,"LENGTH_KM":1.61,"ORD_STRA":1}},
{"type":"Feature","geometry":{"type":"LineString","coordinates":[[79.68125,30.70833],[79.67708,30.72708]]},"properties":{"MAIN_RIV":41067217,"LENGTH_KM":2.23,"ORD_STRA":1}},
{"type":"Feature","geometry":{"type":"LineString","coordinates":[[80.2125,30.70833],[80.19792,30.72708]]},"properties":{"MAIN_RIV":41067217,"LENGTH_KM":2.6,"ORD_STRA":1}},
{"type":"Feature","geometry":{"type":"LineString","coordinates":[[77.87917,30.71042],[77.89375,30.70625]]},"properties":{"MAIN_RIV":41067217,"LENGTH_KM":1.61,"ORD_STRA":1}},
{"type":"Feature","geometry":{"type":"LineString","coordinates":[[77.89375,30.74167],[77.89375,30.70625]]},"properties":{"MAIN_RIV":41067217,"LENGTH_KM":4.23,"ORD_STRA":1}},
{"type":"Feature","geometry":{"type":"LineString","coordinates":[[77.95625,30.74375],[77.96042,30.70625]]},"properties":{"MAIN_RIV":41067217,"LENGTH_KM":4.32,"ORD_STRA":2}},
{"type":"Feature","geometry":{"type":"LineString","coordinates":[[77.9875,30.72292],[77.96042,30.70625]]},"properties":{"MAIN_RIV":41067217,"LENGTH_KM":3.44,"ORD_STRA":1}},
{"type":"Feature","geometry":{"type":"LineString","coordinates":[[78.625,30.70625],[78.60208,30.71875],[78.60625,30.73542]]},"properties":{"MAIN_RIV":41067217,"LENGTH_KM":4.83,"ORD_STRA":1}},
{"type":"Feature","geometry":{"type":"LineString","coordinates":[[78.8625,30.71667],[78.86875,30.70625]]},"properties":{"MAIN_RIV":41067217,"LENGTH_KM":1.38,"ORD_STRA":1}},
{"type":"Feature","geometry":{"type":"LineString","coordinates":[[78.88958,30.73125],[78.86875,30.70625]]},"properties":{"MAIN_RIV":41067217,"LENGTH_KM":3.52,"ORD_STRA":3}},
{"type":"Feature","geometry":{"type":"LineString","coordinates":[[79.83542,30.74375],[79.83542,30.71458],[79.86875,30.70625]]},"properties":{"MAIN_RIV":41067217,"LENGTH_KM":7.15,"ORD_STRA":4}},
{"type":"Feature","geometry":{"type":"LineString","coordinates":[[79.87292,30.72083],[79.87708,30.71042],[79.86875,30.70625]]},"properties":{"MAIN_RIV":41067217,"LENGTH_KM":2.31,"ORD_STRA":1}},
{"type":"Feature","geometry":{"type":"LineString","coordinates":[[79.94375,30.72083],[79.93958,30.70625]]},"properties":{"MAIN_RIV":41067217,"LENGTH_KM":2.02,"ORD_STRA":1}},
{"type":"Feature","geometry":{"type":"LineString","coordinates":[[79.96667,30.70625],[79.96042,30.70625]]},"properties":{"MAIN_RIV":41067217,"LENGTH_KM":0.6,"ORD_STRA":1}},
{"type":"Feature","geometry":{"type":"LineString","coordinates":[[79.97917,30.71667],[79.97292,30.70625]]},"properties":{"MAIN_RIV":41067217,"LENGTH_KM":1.38,"ORD_STRA":1}},
{"type":"Feature","geometry":{"type":"LineString","coordinates":[[79.99792,30.70625],[79.97292,30.70625]]},"properties":{"MAIN_RIV":41067217,"LENGTH_KM":2.39,"ORD_STRA":4}},
{"type":"Feature","geometry":{"type":"LineString","coordinates":[[80.02292,30.73125],[79.99792,30.70625]]},"properties":{"MAIN_RIV":41067217,"LENGTH_KM":3.67,"ORD_STRA":4}},
{"type":"Feature","geometry":{"type":"LineString","coordinates":[[79.93958,30.70625],[79.93125,30.70208],[79.89792,30.71458]]},"properties":{"MAIN_RIV":41067217,"LENGTH_KM":4.83,"ORD_STRA":4}},
{"type":"Feature","geometry":{"type":"LineString","coordinates":[[79.95208,30.70208],[79.93958,30.70625]]},"properties":{"MAIN_RIV":41067217,"LENGTH_KM":1.41,"ORD_STRA":4}},
{"type":"Feature","geometry":{"type":"LineString","coordinates":[[79.96042,30.70625],[79.95208,30.70208]]},"properties":{"MAIN_RIV":41067217,"LENGTH_KM":1.01,"ORD_STRA":4}},
{"type":"Feature","geometry":{"type":"LineString","coordinates":[[79.96458,30.70208],[79.96042,30.70625]]},"properties":{"MAIN_RIV":41067217,"LENGTH_KM":0.61,"ORD_STRA":4}},
{"type":"Feature","geometry":{"type":"LineString","coordinates":[[79.97292,30.70625],[79.96458,30.70208]]},"properties":{"MAIN_RIV":41067217,"LENGTH_KM":1.01,"ORD_STRA":4}},
{"type":"Feature","geometry":{"type":"LineString","coordinates":[[80.12292,30.7],[80.12708,30.71875],[80.11875,30.72292]]},"properties":{"MAIN_RIV":41067217,"LENGTH_KM":3.24,"ORD_STRA":1}},
{"type":"Feature","geometry":{"type":"LineString","coordinates":[[77.89375,30.70625],[77.90208,30.69792]]},"properties":{"MAIN_RIV":41067217,"LENGTH_KM":1.22,"ORD_STRA":2}},
{"type":"Feature","geometry":{"type":"LineString","coordinates":[[77.90833,30.70833],[77.90208,30.69792]]},"properties":{"MAIN_RIV":41067217,"LENGTH_KM":1.38,"ORD_STRA":1}},
{"type":"Feature","geometry":{"type":"LineString","coordinates":[[78.55833,30.69792],[78.53542,30.70625],[78.52292,30.73542]]},"properties":{"MAIN_RIV":41067217,"LENGTH_KM":6.3,"ORD_STRA":1}},
{"type":"Feature","geometry":{"type":"LineString","coordinates":[[78.8375,30.71042],[78.86458,30.69792]]},"properties":{"MAIN_RIV":41067217,"LENGTH_KM":3.23,"ORD_STRA":1}},
{"type":"Feature","geometry":{"type":"LineString","coordinates":[[78.86875,30.70625],[78.86458,30.69792]]},"properties":{"MAIN_RIV":41067217,"LENGTH_KM":1.07,"ORD_STRA":3}},
{"type":"Feature","geometry":{"type":"LineString","coordinates":[[80.15208,30.69792],[80.13542,30.72708],[80.11875,30.72292]]},"properties":{"MAIN_RIV":41067217,"LENGTH_KM":5.64,"ORD_STRA":2}},
{"type":"Feature","geometry":{"type":"LineString","coordinates":[[77.90208,30.69792],[77.94375,30.69375]]},"properties":{"MAIN_RIV":41067217,"LENGTH_KM":4.2,"ORD_STRA":2}},
{"type":"Feature","geometry":{"type":"LineString","coordinates":[[77.93333,30.69792],[77.94375,30.69375]]},"properties":{"MAIN_RIV":41067217,"LENGTH_KM":1.21,"ORD_STRA":1}},
{"type":"Feature","geometry":{"type":"LineString","coordinates":[[77.96042,30.70625],[77.96042,30.69375]]},"properties":{"MAIN_RIV":41067217,"LENGTH_KM":1.39,"ORD_STRA":2}},
{"type":"Feature","geometry":{"type":"LineString","coordinates":[[78.14583,30.69375],[78.13125,30.69792],[78.12292,30.71875]]},"properties":{"MAIN_RIV":41067217,"LENGTH_KM":4.22,"ORD_STRA":1}},
{"type":"Feature","geometry":{"type":"LineString","coordinates":[[78.71458,30.7125],[78.70625,30.69375]]},"properties":{"MAIN_RIV":41067217,"LENGTH_KM":2.38,"ORD_STRA":1}},
{"type":"Feature","geometry":{"type":"LineString","coordinates":[[78.73333,30.69375],[78.70625,30.69375]]},"properties":{"MAIN_RIV":41067217,"LENGTH_KM":2.59,"ORD_STRA":1}},
{"type":"Feature","geometry":{"type":"LineString","coordinates":[[78.875,30.69167],[78.86458,30.69792]]},"properties":{"MAIN_RIV":41067217,"LENGTH_KM":1.31,"ORD_STRA":1}},
{"type":"Feature","geometry":{"type":"LineString","coordinates":[[79.01458,30.7],[79.01458,30.69375]]},"properties":{"MAIN_RIV":41067217,"LENGTH_KM":0.69,"ORD_STRA":1}},
{"type":"Feature","geometry":{"type":"LineString","coordinates":[[79.025,30.73333],[79.03125,30.71458],[79.01458,30.69375]]},"properties":{"MAIN_RIV":41067217,"LENGTH_KM":5.21,"ORD_STRA":1}},
{"type":"Feature","geometry":{"type":"LineString","coordinates":[[79.75417,30.69375],[79.76042,30.69375]]},"properties":{"MAIN_RIV":41067217,"LENGTH_KM":0.6,"ORD_STRA":1}},
{"type":"Feature","geometry":{"type":"LineString","coordinates":[[79.76042,30.69375],[79.76875,30.69375]]},"properties":{"MAIN_RIV":41067217,"LENGTH_KM":0.8,"ORD_STRA":2}},
{"type":"Feature","geometry":{"type":"LineString","coordinates":[[79.76875,30.69375],[79.78958,30.71458]]},"properties":{"MAIN_RIV":41067217,"LENGTH_KM":3.31,"ORD_STRA":2}},
{"type":"Feature","geometry":{"type":"LineString","coordinates":[[77.94375,30.69375],[77.96042,30.69375]]},"properties":{"MAIN_RIV":41067217,"LENGTH_KM":2.02,"ORD_STRA":2}},
{"type":"Feature","geometry":{"type":"LineString","coordinates":[[78.05417,30.69375],[78.06875,30.68958]]},"properties":{"MAIN_RIV":41067217,"LENGTH_KM":1.61,"ORD_STRA":1}},
{"type":"Feature","geometry":{"type":"LineString","coordinates":[[78.08542,30.72292],[78.06875,30.68958]]},"properties":{"MAIN_RIV":41067217,"LENGTH_KM":4.3,"ORD_STRA":4}},
{"type":"Feature","geometry":{"type":"LineString","coordinates":[[78.35208,30.73542],[78.36042,30.72708],[78.34792,30.71042],[78.35625,30.68958]]},"properties":{"MAIN_RIV":41067217,"LENGTH_KM":6.13,"ORD_STRA":5}},
{"type":"Feature","geometry":{"type":"LineString","coordinates":[[78.39167,30.69583],[78.35625,30.68958]]},"properties":{"MAIN_RIV":41067217,"LENGTH_KM":3.71,"ORD_STRA":1}},
{"type":"Feature","geometry":{"type":"LineString","coordinates":[[78.77292,30.7],[78.77292,30.68958]]},"properties":{"MAIN_RIV":41067217,"LENGTH_KM":1.16,"ORD_STRA":1}},
{"type":"Feature","geometry":{"type":"LineString","coordinates":[[78.7875,30.70417],[78.77292,30.68958]]},"properties":{"MAIN_RIV":41067217,"LENGTH_KM":2.14,"ORD_STRA":1}},
{"type":"Feature","geometry":{"type":"LineString","coordinates":[[78.94167,30.70417],[78.95625,30.68958]]},"properties":{"MAIN_RIV":41067217,"LENGTH_KM":2.39,"ORD_STRA":1}},
{"type":"Feature","geometry":{"type":"LineString","coordinates":[[78.96042,30.70417],[78.95625,30.68958]]},"properties":{"MAIN_RIV":41067217,"LENGTH_KM":1.77,"ORD_STRA":1}},
{"type":"Feature","geometry":{"type":"LineString","coordinates":[[79.27083,30.70417],[79.25208,30.68958]]},"properties":{"MAIN_RIV":41067217,"LENGTH_KM":2.54,"ORD_STRA":1}},
{"type":"Feature","geometry":{"type":"LineString","coordinates":[[79.32917,30.68958],[79.35625,30.68958]]},"properties":{"MAIN_RIV":41067217,"LENGTH_KM":3.02,"ORD_STRA":1}},
{"type":"Feature","geometry":{"type":"LineString","coordinates":[[79.35625,30.68958],[79.38125,30.69375]]},"properties":{"MAIN_RIV":41067217,"LENGTH_KM":3.03,"ORD_STRA":2}},
{"type":"Feature","geometry":{"type":"LineString","coordinates":[[79.49375,30.73125],[79.49375,30.71458],[79.51042,30.68958]]},"properties":{"MAIN_RIV":41067217,"LENGTH_KM":5.52,"ORD_STRA":4}},
{"type":"Feature","geometry":{"type":"LineString","coordinates":[[79.52083,30.70417],[79.51042,30.68958]]},"properties":{"MAIN_RIV":41067217,"LENGTH_KM":2.24,"ORD_STRA":1}},
{"type":"Feature","geometry":{"type":"LineString","coordinates":[[79.86875,30.70625],[79.88125,30.68958]]},"properties":{"MAIN_RIV":41067217,"LENGTH_KM":2.3,"ORD_STRA":4}},
{"type":"Feature","geometry":{"type":"LineString","coordinates":[[79.89792,30.71458],[79.88542,30.71042],[79.88125,30.68958]]},"properties":{"MAIN_RIV":41067217,"LENGTH_KM":3.87,"ORD_STRA":4}},
{"type":"Feature","geometry":{"type":"LineString","coordinates":[[80.19167,30.6875],[80.15208,30.69792]]},"properties":{"MAIN_RIV":41067217,"LENGTH_KM":4.32,"ORD_STRA":1}},
{"type":"Feature","geometry":{"type":"LineString","coordinates":[[77.74765,30.68542],[77.74792,30.68542]]},"properties":{"MAIN_RIV":41067217,"LENGTH_KM":1,"ORD_STRA":1}},
{"type":"Feature","geometry":{"type":"MultiLineString","coordinates":[[[77.74792,30.71458],[77.7545,30.708]],[[77.75592,30.70658],[77.75575,30.70575]],[[77.75541,30.70541],[77.75208,30.69844]],[[77.74955,30.69538],[77.74792,30.68872]],[[77.74792,30.68586],[77.74792,30.68542]]]},"properties":{"MAIN_RIV":41067217,"LENGTH_KM":3.83,"ORD_STRA":5}},
{"type":"Feature","geometry":{"type":"LineString","coordinates":[[79.26875,30.68542],[79.25208,30.68958]]},"properties":{"MAIN_RIV":41067217,"LENGTH_KM":1.81,"ORD_STRA":2}},
{"type":"Feature","geometry":{"type":"LineString","coordinates":[[79.27292,30.68542],[79.26875,30.68542]]},"properties":{"MAIN_RIV":41067217,"LENGTH_KM":0.4,"ORD_STRA":2}},
{"type":"Feature","geometry":{"type":"LineString","coordinates":[[79.27292,30.7],[79.27292,30.68542]]},"properties":{"MAIN_RIV":41067217,"LENGTH_KM":1.62,"ORD_STRA":1}},
{"type":"Feature","geometry":{"type":"LineString","coordinates":[[79.28333,30.69167],[79.27292,30.68542]]},"properties":{"MAIN_RIV":41067217,"LENGTH_KM":1.31,"ORD_STRA":1}},
{"type":"Feature","geometry":{"type":"LineString","coordinates":[[79.48958,30.68542],[79.51458,30.68542]]},"properties":{"MAIN_RIV":41067217,"LENGTH_KM":2.39,"ORD_STRA":3}},
{"type":"Feature","geometry":{"type":"LineString","coordinates":[[79.51042,30.68958],[79.51458,30.68542]]},"properties":{"MAIN_RIV":41067217,"LENGTH_KM":0.61,"ORD_STRA":4}},
{"type":"Feature","geometry":{"type":"LineString","coordinates":[[79.52917,30.68958],[79.51458,30.68542]]},"properties":{"MAIN_RIV":41067217,"LENGTH_KM":1.61,"ORD_STRA":1}},
{"type":"Feature","geometry":{"type":"LineString","coordinates":[[79.73333,30.68542],[79.76042,30.69375]]},"properties":{"MAIN_RIV":41067217,"LENGTH_KM":3.02,"ORD_STRA":1}},
{"type":"Feature","geometry":{"type":"LineString","coordinates":[[79.76875,30.68333],[79.76875,30.69375]]},"properties":{"MAIN_RIV":41067217,"LENGTH_KM":1.16,"ORD_STRA":1}},
{"type":"Feature","geometry":{"type":"LineString","coordinates":[[79.88125,30.68958],[79.87708,30.68542]]},"properties":{"MAIN_RIV":41067217,"LENGTH_KM":0.61,"ORD_STRA":5}},
{"type":"Feature","geometry":{"type":"LineString","coordinates":[[79.20417,30.69583],[79.21875,30.68125]]},"properties":{"MAIN_RIV":41067217,"LENGTH_KM":2.14,"ORD_STRA":1}},
{"type":"Feature","geometry":{"type":"LineString","coordinates":[[79.21875,30.7],[79.21875,30.68125]]},"properties":{"MAIN_RIV":41067217,"LENGTH_KM":2.08,"ORD_STRA":1}},
{"type":"Feature","geometry":{"type":"LineString","coordinates":[[79.38125,30.69375],[79.40625,30.70208],[79.44792,30.68125]]},"properties":{"MAIN_RIV":41067217,"LENGTH_KM":7.86,"ORD_STRA":3}},
{"type":"Feature","geometry":{"type":"LineString","coordinates":[[79.44792,30.68125],[79.48958,30.68542]]},"properties":{"MAIN_RIV":41067217,"LENGTH_KM":4.2,"ORD_STRA":3}},
{"type":"Feature","geometry":{"type":"LineString","coordinates":[[79.94583,30.67917],[79.95208,30.70208]]},"properties":{"MAIN_RIV":41067217,"LENGTH_KM":2.77,"ORD_STRA":1}},
{"type":"Feature","geometry":{"type":"LineString","coordinates":[[77.84583,30.70833],[77.83125,30.69792],[77.84375,30.67708]]},"properties":{"MAIN_RIV":41067217,"LENGTH_KM":4.69,"ORD_STRA":1}},
{"type":"Feature","geometry":{"type":"LineString","coordinates":[[77.85417,30.68125],[77.84375,30.67708]]},"properties":{"MAIN_RIV":41067217,"LENGTH_KM":1.21,"ORD_STRA":1}},
{"type":"Feature","geometry":{"type":"LineString","coordinates":[[78.06875,30.68958],[78.06875,30.67708]]},"properties":{"MAIN_RIV":41067217,"LENGTH_KM":1.39,"ORD_STRA":4}},
{"type":"Feature","geometry":{"type":"LineString","coordinates":[[78.34167,30.68333],[78.34792,30.67708]]},"properties":{"MAIN_RIV":41067217,"LENGTH_KM":0.92,"ORD_STRA":1}},
{"type":"Feature","geometry":{"type":"LineString","coordinates":[[78.35625,30.68958],[78.34792,30.67708]]},"properties":{"MAIN_RIV":41067217,"LENGTH_KM":1.69,"ORD_STRA":5}},
{"type":"Feature","geometry":{"type":"LineString","coordinates":[[78.5125,30.675],[78.49792,30.69375],[78.46458,30.70208],[78.43958,30.72708]]},"properties":{"MAIN_RIV":41067217,"LENGTH_KM":10.13,"ORD_STRA":1}},
{"type":"Feature","geometry":{"type":"LineString","coordinates":[[78.69375,30.6875],[78.69375,30.67708]]},"properties":{"MAIN_RIV":41067217,"LENGTH_KM":1.16,"ORD_STRA":1}},
{"type":"Feature","geometry":{"type":"LineString","coordinates":[[78.70625,30.69375],[78.69375,30.67708]]},"properties":{"MAIN_RIV":41067217,"LENGTH_KM":2.3,"ORD_STRA":2}},
{"type":"Feature","geometry":{"type":"LineString","coordinates":[[78.95625,30.68958],[78.97292,30.67708]]},"properties":{"MAIN_RIV":41067217,"LENGTH_KM":2.23,"ORD_STRA":2}},
{"type":"Feature","geometry":{"type":"LineString","coordinates":[[78.9875,30.7125],[78.96875,30.68958],[78.97292,30.67708]]},"properties":{"MAIN_RIV":41067217,"LENGTH_KM":4.75,"ORD_STRA":1}},
{"type":"Feature","geometry":{"type":"LineString","coordinates":[[79.16458,30.71875],[79.12708,30.67708]]},"properties":{"MAIN_RIV":41067217,"LENGTH_KM":5.96,"ORD_STRA":2}},
{"type":"Feature","geometry":{"type":"LineString","coordinates":[[79.13333,30.67708],[79.12708,30.67708]]},"properties":{"MAIN_RIV":41067217,"LENGTH_KM":0.6,"ORD_STRA":1}},
{"type":"Feature","geometry":{"type":"LineString","coordinates":[[79.38125,30.67708],[79.38125,30.69375]]},"properties":{"MAIN_RIV":41067217,"LENGTH_KM":1.85,"ORD_STRA":2}},
{"type":"Feature","geometry":{"type":"LineString","coordinates":[[79.59375,30.71875],[79.59375,30.67708]]},"properties":{"MAIN_RIV":41067217,"LENGTH_KM":5.52,"ORD_STRA":3}},
{"type":"Feature","geometry":{"type":"LineString","coordinates":[[79.78958,30.71458],[79.81458,30.69792],[79.84375,30.69375],[79.86042,30.67708]]},"properties":{"MAIN_RIV":41067217,"LENGTH_KM":8.94,"ORD_STRA":2}},
{"type":"Feature","geometry":{"type":"LineString","coordinates":[[79.87708,30.68542],[79.86042,30.67708]]},"properties":{"MAIN_RIV":41067217,"LENGTH_KM":2.02,"ORD_STRA":5}},
{"type":"Feature","geometry":{"type":"LineString","coordinates":[[79.90417,30.675],[79.88125,30.68958]]},"properties":{"MAIN_RIV":41067217,"LENGTH_KM":2.94,"ORD_STRA":1}},
{"type":"Feature","geometry":{"type":"LineString","coordinates":[[80.04375,30.67708],[79.99792,30.70625]]},"properties":{"MAIN_RIV":41067217,"LENGTH_KM":5.87,"ORD_STRA":3}},
{"type":"Feature","geometry":{"type":"LineString","coordinates":[[80.15625,30.67708],[80.15208,30.69792]]},"properties":{"MAIN_RIV":41067217,"LENGTH_KM":2.46,"ORD_STRA":2}},
{"type":"Feature","geometry":{"type":"LineString","coordinates":[[80.16667,30.67708],[80.15625,30.67708]]},"properties":{"MAIN_RIV":41067217,"LENGTH_KM":1,"ORD_STRA":1}},
{"type":"Feature","geometry":{"type":"LineString","coordinates":[[77.96042,30.69375],[77.98958,30.67292]]},"properties":{"MAIN_RIV":41067217,"LENGTH_KM":3.85,"ORD_STRA":3}},
{"type":"Feature","geometry":{"type":"LineString","coordinates":[[78.09375,30.67292],[78.06875,30.67708]]},"properties":{"MAIN_RIV":41067217,"LENGTH_KM":2.6,"ORD_STRA":2}},
{"type":"Feature","geometry":{"type":"LineString","coordinates":[[78.68958,30.67917],[78.68958,30.67292]]},"properties":{"MAIN_RIV":41067217,"LENGTH_KM":0.69,"ORD_STRA":1}},
{"type":"Feature","geometry":{"type":"LineString","coordinates":[[78.69375,30.67708],[78.68958,30.67292]]},"properties":{"MAIN_RIV":41067217,"LENGTH_KM":0.61,"ORD_STRA":2}},
{"type":"Feature","geometry":{"type":"LineString","coordinates":[[79.11458,30.68333],[79.11875,30.67292]]},"properties":{"MAIN_RIV":41067217,"LENGTH_KM":1.31,"ORD_STRA":1}},
{"type":"Feature","geometry":{"type":"LineString","coordinates":[[79.12708,30.67708],[79.11875,30.67292]]},"properties":{"MAIN_RIV":41067217,"LENGTH_KM":1.01,"ORD_STRA":2}},
{"type":"Feature","geometry":{"type":"LineString","coordinates":[[79.21875,30.68125],[79.21875,30.67292]]},"properties":{"MAIN_RIV":41067217,"LENGTH_KM":0.93,"ORD_STRA":2}},
{"type":"Feature","geometry":{"type":"LineString","coordinates":[[79.25208,30.68958],[79.21875,30.67292]]},"properties":{"MAIN_RIV":41067217,"LENGTH_KM":4.04,"ORD_STRA":2}},
{"type":"Feature","geometry":{"type":"LineString","coordinates":[[79.35208,30.67083],[79.35625,30.68958]]},"properties":{"MAIN_RIV":41067217,"LENGTH_KM":2.23,"ORD_STRA":1}},
{"type":"Feature","geometry":{"type":"LineString","coordinates":[[79.38125,30.67083],[79.38125,30.67708]]},"properties":{"MAIN_RIV":41067217,"LENGTH_KM":0.69,"ORD_STRA":1}},
{"type":"Feature","geometry":{"type":"LineString","coordinates":[[79.3875,30.67083],[79.38125,30.67708]]},"properties":{"MAIN_RIV":41067217,"LENGTH_KM":0.92,"ORD_STRA":1}},
{"type":"Feature","geometry":{"type":"LineString","coordinates":[[79.48333,30.67083],[79.48958,30.68542]]},"properties":{"MAIN_RIV":41067217,"LENGTH_KM":1.84,"ORD_STRA":1}},
{"type":"Feature","geometry":{"type":"LineString","coordinates":[[80.15625,30.67083],[80.15625,30.67708]]},"properties":{"MAIN_RIV":41067217,"LENGTH_KM":0.69,"ORD_STRA":1}},
{"type":"Feature","geometry":{"type":"MultiLineString","coordinates":[[[77.74792,30.68542],[77.75094,30.67823]],[[77.7537,30.67708],[77.76779,30.66971]]]},"properties":{"MAIN_RIV":41067217,"LENGTH_KM":3.49,"ORD_STRA":5}},
{"type":"Feature","geometry":{"type":"LineString","coordinates":[[77.8,30.68542],[77.77708,30.68125],[77.77272,30.66894]]},"properties":{"MAIN_RIV":41067217,"LENGTH_KM":4.24,"ORD_STRA":1}},
{"type":"Feature","geometry":{"type":"LineString","coordinates":[[78.09375,30.66667],[78.09375,30.67292]]},"properties":{"MAIN_RIV":41067217,"LENGTH_KM":0.69,"ORD_STRA":1}},
{"type":"Feature","geometry":{"type":"LineString","coordinates":[[78.19583,30.68125],[78.21042,30.66875]]},"properties":{"MAIN_RIV":41067217,"LENGTH_KM":2.28,"ORD_STRA":1}},
{"type":"Feature","geometry":{"type":"LineString","coordinates":[[78.225,30.6875],[78.21042,30.66875]]},"properties":{"MAIN_RIV":41067217,"LENGTH_KM":2.6,"ORD_STRA":1}},
{"type":"Feature","geometry":{"type":"LineString","coordinates":[[78.82917,30.68125],[78.85208,30.66875]]},"properties":{"MAIN_RIV":41067217,"LENGTH_KM":2.83,"ORD_STRA":1}},
{"type":"Feature","geometry":{"type":"LineString","coordinates":[[78.86458,30.69792],[78.85208,30.66875]]},"properties":{"MAIN_RIV":41067217,"LENGTH_KM":3.69,"ORD_STRA":3}},
{"type":"Feature","geometry":{"type":"LineString","coordinates":[[79.21042,30.675],[79.21042,30.66875]]},"properties":{"MAIN_RIV":41067217,"LENGTH_KM":0.69,"ORD_STRA":1}},
{"type":"Feature","geometry":{"type":"LineString","coordinates":[[79.21875,30.67292],[79.21042,30.66875]]},"properties":{"MAIN_RIV":41067217,"LENGTH_KM":1.01,"ORD_STRA":3}},
{"type":"Feature","geometry":{"type":"LineString","coordinates":[[79.3,30.66875],[79.28125,30.66875],[79.26875,30.68542]]},"properties":{"MAIN_RIV":41067217,"LENGTH_KM":4.09,"ORD_STRA":1}},
{"type":"Feature","geometry":{"type":"LineString","coordinates":[[79.44375,30.66667],[79.44792,30.68125]]},"properties":{"MAIN_RIV":41067217,"LENGTH_KM":1.77,"ORD_STRA":1}},
{"type":"Feature","geometry":{"type":"LineString","coordinates":[[79.66458,30.66875],[79.65208,30.67708],[79.59375,30.67708]]},"properties":{"MAIN_RIV":41067217,"LENGTH_KM":8.05,"ORD_STRA":2}},
{"type":"Feature","geometry":{"type":"LineString","coordinates":[[79.67917,30.66875],[79.66458,30.66875]]},"properties":{"MAIN_RIV":41067217,"LENGTH_KM":1.4,"ORD_STRA":1}},
{"type":"Feature","geometry":{"type":"LineString","coordinates":[[77.84375,30.67708],[77.84375,30.66458]]},"properties":{"MAIN_RIV":41067217,"LENGTH_KM":1.69,"ORD_STRA":2}},
{"type":"Feature","geometry":{"type":"LineString","coordinates":[[77.85417,30.66458],[77.84375,30.66458]]},"properties":{"MAIN_RIV":41067217,"LENGTH_KM":1,"ORD_STRA":1}},
{"type":"Feature","geometry":{"type":"LineString","coordinates":[[77.96667,30.6625],[77.98958,30.67292]]},"properties":{"MAIN_RIV":41067217,"LENGTH_KM":2.72,"ORD_STRA":1}},
{"type":"Feature","geometry":{"type":"LineString","coordinates":[[78.21042,30.66875],[78.21042,30.66458]]},"properties":{"MAIN_RIV":41067217,"LENGTH_KM":0.46,"ORD_STRA":2}},
{"type":"Feature","geometry":{"type":"LineString","coordinates":[[78.68958,30.67292],[78.68958,30.66458]]},"properties":{"MAIN_RIV":41067217,"LENGTH_KM":0.93,"ORD_STRA":2}},
{"type":"Feature","geometry":{"type":"LineString","coordinates":[[79.89167,30.6625],[79.87708,30.68542]]},"properties":{"MAIN_RIV":41067217,"LENGTH_KM":3.32,"ORD_STRA":1}},
{"type":"Feature","geometry":{"type":"LineString","coordinates":[[79.95208,30.6625],[79.95208,30.70208]]},"properties":{"MAIN_RIV":41067217,"LENGTH_KM":4.95,"ORD_STRA":1}},
{"type":"Feature","geometry":{"type":"LineString","coordinates":[[80.07292,30.66458],[80.04375,30.67708]]},"properties":{"MAIN_RIV":41067217,"LENGTH_KM":3.43,"ORD_STRA":3}},
{"type":"Feature","geometry":{"type":"LineString","coordinates":[[77.77351,30.66816],[77.78125,30.66042]]},"properties":{"MAIN_RIV":41067217,"LENGTH_KM":1.22,"ORD_STRA":5}},
{"type":"Feature","geometry":{"type":"LineString","coordinates":[[78.19167,30.66458],[78.21042,30.66458]]},"properties":{"MAIN_RIV":41067217,"LENGTH_KM":2.22,"ORD_STRA":1}},
{"type":"Feature","geometry":{"type":"LineString","coordinates":[[78.7125,30.66667],[78.70625,30.66042],[78.68958,30.66458]]},"properties":{"MAIN_RIV":41067217,"LENGTH_KM":2.72,"ORD_STRA":1}},
{"type":"Feature","geometry":{"type":"LineString","coordinates":[[78.77292,30.68958],[78.76458,30.66042]]},"properties":{"MAIN_RIV":41067217,"LENGTH_KM":3.54,"ORD_STRA":2}},
{"type":"Feature","geometry":{"type":"LineString","coordinates":[[78.78333,30.67292],[78.76458,30.66042]]},"properties":{"MAIN_RIV":41067217,"LENGTH_KM":2.43,"ORD_STRA":1}},
{"type":"Feature","geometry":{"type":"LineString","coordinates":[[78.85208,30.66875],[78.85208,30.66042]]},"properties":{"MAIN_RIV":41067217,"LENGTH_KM":0.93,"ORD_STRA":3}},
{"type":"Feature","geometry":{"type":"LineString","coordinates":[[77.78125,30.66042],[77.78556,30.66028]]},"properties":{"MAIN_RIV":41067217,"LENGTH_KM":1.01,"ORD_STRA":5}},
{"type":"Feature","geometry":{"type":"LineString","coordinates":[[77.79583,30.66042],[77.7919,30.66042]]},"properties":{"MAIN_RIV":41067217,"LENGTH_KM":1.06,"ORD_STRA":1}},
{"type":"Feature","geometry":{"type":"LineString","coordinates":[[78.06875,30.67708],[78.04375,30.65625]]},"properties":{"MAIN_RIV":41067217,"LENGTH_KM":3.71,"ORD_STRA":4}},
{"type":"Feature","geometry":{"type":"LineString","coordinates":[[78.14167,30.65417],[78.09375,30.67292]]},"properties":{"MAIN_RIV":41067217,"LENGTH_KM":5.54,"ORD_STRA":1}},
{"type":"Feature","geometry":{"type":"LineString","coordinates":[[78.68958,30.66458],[78.68125,30.65625]]},"properties":{"MAIN_RIV":41067217,"LENGTH_KM":1.22,"ORD_STRA":2}},
{"type":"Feature","geometry":{"type":"LineString","coordinates":[[78.6875,30.65625],[78.68125,30.65625]]},"properties":{"MAIN_RIV":41067217,"LENGTH_KM":0.6,"ORD_STRA":1}},
{"type":"Feature","geometry":{"type":"LineString","coordinates":[[78.82917,30.65625],[78.85208,30.66042]]},"properties":{"MAIN_RIV":41067217,"LENGTH_KM":2.4,"ORD_STRA":1}},
{"type":"Feature","geometry":{"type":"LineString","coordinates":[[78.92917,30.67083],[78.94792,30.65625]]},"properties":{"MAIN_RIV":41067217,"LENGTH_KM":2.79,"ORD_STRA":1}},
{"type":"Feature","geometry":{"type":"LineString","coordinates":[[78.97292,30.67708],[78.98958,30.65625]]},"properties":{"MAIN_RIV":41067217,"LENGTH_KM":3.16,"ORD_STRA":2}},
{"type":"Feature","geometry":{"type":"LineString","coordinates":[[79.01458,30.69375],[78.98958,30.65625]]},"properties":{"MAIN_RIV":41067217,"LENGTH_KM":5.06,"ORD_STRA":2}},
{"type":"Feature","geometry":{"type":"LineString","coordinates":[[79.51458,30.68542],[79.54375,30.65625]]},"properties":{"MAIN_RIV":41067217,"LENGTH_KM":4.28,"ORD_STRA":4}},
{"type":"Feature","geometry":{"type":"LineString","coordinates":[[79.54375,30.6625],[79.54375,30.65625]]},"properties":{"MAIN_RIV":41067217,"LENGTH_KM":0.69,"ORD_STRA":1}},
{"type":"Feature","geometry":{"type":"LineString","coordinates":[[79.67708,30.65625],[79.66458,30.66875]]},"properties":{"MAIN_RIV":41067217,"LENGTH_KM":1.83,"ORD_STRA":2}},
{"type":"Feature","geometry":{"type":"LineString","coordinates":[[79.69167,30.65625],[79.67708,30.65625]]},"properties":{"MAIN_RIV":41067217,"LENGTH_KM":1.4,"ORD_STRA":1}},
{"type":"Feature","geometry":{"type":"LineString","coordinates":[[79.80833,30.66042],[79.83542,30.65625]]},"properties":{"MAIN_RIV":41067217,"LENGTH_KM":2.8,"ORD_STRA":1}},
{"type":"Feature","geometry":{"type":"LineString","coordinates":[[79.86042,30.67708],[79.83542,30.65625]]},"properties":{"MAIN_RIV":41067217,"LENGTH_KM":3.71,"ORD_STRA":5}},
{"type":"Feature","geometry":{"type":"LineString","coordinates":[[78.01875,30.6625],[78.01875,30.65208]]},"properties":{"MAIN_RIV":41067217,"LENGTH_KM":1.16,"ORD_STRA":1}},
{"type":"Feature","geometry":{"type":"LineString","coordinates":[[78.05417,30.65],[78.04375,30.65625]]},"properties":{"MAIN_RIV":41067217,"LENGTH_KM":1.31,"ORD_STRA":1}},
{"type":"Feature","geometry":{"type":"LineString","coordinates":[[78.39375,30.65208],[78.34792,30.67708]]},"properties":{"MAIN_RIV":41067217,"LENGTH_KM":5.66,"ORD_STRA":2}},
{"type":"Feature","geometry":{"type":"LineString","coordinates":[[78.42292,30.65208],[78.39375,30.65208]]},"properties":{"MAIN_RIV":41067217,"LENGTH_KM":2.79,"ORD_STRA":2}},
{"type":"Feature","geometry":{"type":"LineString","coordinates":[[78.475,30.65833],[78.46042,30.66875],[78.43958,30.66875],[78.42292,30.65208]]},"properties":{"MAIN_RIV":41067217,"LENGTH_KM":6.61,"ORD_STRA":1}},
{"type":"Feature","geometry":{"type":"LineString","coordinates":[[78.94792,30.65625],[78.96875,30.65208]]},"properties":{"MAIN_RIV":41067217,"LENGTH_KM":2.21,"ORD_STRA":2}},
{"type":"Feature","geometry":{"type":"LineString","coordinates":[[79.18333,30.66667],[79.19792,30.65208]]},"properties":{"MAIN_RIV":41067217,"LENGTH_KM":2.39,"ORD_STRA":1}},
{"type":"Feature","geometry":{"type":"LineString","coordinates":[[79.21042,30.66875],[79.19792,30.65208]]},"properties":{"MAIN_RIV":41067217,"LENGTH_KM":2.3,"ORD_STRA":3}},
{"type":"Feature","geometry":{"type":"LineString","coordinates":[[79.68125,30.65208],[79.67708,30.65625]]},"properties":{"MAIN_RIV":41067217,"LENGTH_KM":0.61,"ORD_STRA":2}},
{"type":"Feature","geometry":{"type":"LineString","coordinates":[[77.98958,30.67292],[77.99792,30.65208],[78.01042,30.64792]]},"properties":{"MAIN_RIV":41067217,"LENGTH_KM":4.02,"ORD_STRA":3}},
{"type":"Feature","geometry":{"type":"LineString","coordinates":[[78.01875,30.65208],[78.01042,30.64792]]},"properties":{"MAIN_RIV":41067217,"LENGTH_KM":1.01,"ORD_STRA":4}},
{"type":"Feature","geometry":{"type":"LineString","coordinates":[[78.28542,30.71458],[78.29792,30.69792],[78.29792,30.64792]]},"properties":{"MAIN_RIV":41067217,"LENGTH_KM":8.15,"ORD_STRA":2}},
{"type":"Feature","geometry":{"type":"LineString","coordinates":[[78.5625,30.65417],[78.56875,30.64792]]},"properties":{"MAIN_RIV":41067217,"LENGTH_KM":0.92,"ORD_STRA":1}},
{"type":"Feature","geometry":{"type":"LineString","coordinates":[[78.57917,30.65417],[78.56875,30.64792]]},"properties":{"MAIN_RIV":41067217,"LENGTH_KM":1.31,"ORD_STRA":1}},
{"type":"Feature","geometry":{"type":"LineString","coordinates":[[78.65208,30.66667],[78.66042,30.64792]]},"properties":{"MAIN_RIV":41067217,"LENGTH_KM":2.38,"ORD_STRA":1}},
{"type":"Feature","geometry":{"type":"LineString","coordinates":[[78.68125,30.65625],[78.66042,30.64792]]},"properties":{"MAIN_RIV":41067217,"LENGTH_KM":2.42,"ORD_STRA":2}},
{"type":"Feature","geometry":{"type":"LineString","coordinates":[[78.9375,30.64583],[78.94792,30.65625]]},"properties":{"MAIN_RIV":41067217,"LENGTH_KM":1.53,"ORD_STRA":1}},
{"type":"Feature","geometry":{"type":"LineString","coordinates":[[79.69583,30.64583],[79.68125,30.65208]]},"properties":{"MAIN_RIV":41067217,"LENGTH_KM":1.71,"ORD_STRA":1}},
{"type":"Feature","geometry":{"type":"LineString","coordinates":[[80.02917,30.64583],[80.04375,30.67708]]},"properties":{"MAIN_RIV":41067217,"LENGTH_KM":3.99,"ORD_STRA":1}},
{"type":"Feature","geometry":{"type":"LineString","coordinates":[[80.11042,30.64792],[80.07292,30.66458]]},"properties":{"MAIN_RIV":41067217,"LENGTH_KM":4.44,"ORD_STRA":3}},
{"type":"Feature","geometry":{"type":"LineString","coordinates":[[78.04375,30.65625],[78.03125,30.64375],[78.01875,30.65208]]},"properties":{"MAIN_RIV":41067217,"LENGTH_KM":3.45,"ORD_STRA":4}},
{"type":"Feature","geometry":{"type":"LineString","coordinates":[[78.21042,30.66458],[78.23958,30.64375]]},"properties":{"MAIN_RIV":41067217,"LENGTH_KM":3.85,"ORD_STRA":2}},
{"type":"Feature","geometry":{"type":"LineString","coordinates":[[78.23958,30.65417],[78.23958,30.64375]]},"properties":{"MAIN_RIV":41067217,"LENGTH_KM":1.16,"ORD_STRA":1}},
{"type":"Feature","geometry":{"type":"LineString","coordinates":[[78.25,30.65417],[78.23958,30.64375]]},"properties":{"MAIN_RIV":41067217,"LENGTH_KM":1.53,"ORD_STRA":1}},
{"type":"Feature","geometry":{"type":"LineString","coordinates":[[78.96875,30.65208],[78.98958,30.64375]]},"properties":{"MAIN_RIV":41067217,"LENGTH_KM":2.42,"ORD_STRA":2}},
{"type":"Feature","geometry":{"type":"LineString","coordinates":[[78.98958,30.65625],[78.98958,30.64375]]},"properties":{"MAIN_RIV":41067217,"LENGTH_KM":1.39,"ORD_STRA":3}},
{"type":"Feature","geometry":{"type":"LineString","coordinates":[[79.81667,30.64375],[79.83125,30.64375]]},"properties":{"MAIN_RIV":41067217,"LENGTH_KM":1.4,"ORD_STRA":1}},
{"type":"Feature","geometry":{"type":"LineString","coordinates":[[79.83542,30.65625],[79.83125,30.64375]]},"properties":{"MAIN_RIV":41067217,"LENGTH_KM":1.54,"ORD_STRA":5}},
{"type":"Feature","geometry":{"type":"LineString","coordinates":[[79.99375,30.64375],[79.96458,30.68125],[79.96458,30.70208]]},"properties":{"MAIN_RIV":41067217,"LENGTH_KM":7.52,"ORD_STRA":2}},
{"type":"Feature","geometry":{"type":"LineString","coordinates":[[77.78098,30.66014],[77.78125,30.66042]]},"properties":{"MAIN_RIV":41067217,"LENGTH_KM":13.29,"ORD_STRA":2}},
{"type":"Feature","geometry":{"type":"LineString","coordinates":[[78.76458,30.66042],[78.74792,30.63958]]},"properties":{"MAIN_RIV":41067217,"LENGTH_KM":2.91,"ORD_STRA":2}},
{"type":"Feature","geometry":{"type":"LineString","coordinates":[[78.85208,30.66042],[78.86042,30.63958]]},"properties":{"MAIN_RIV":41067217,"LENGTH_KM":2.61,"ORD_STRA":3}},
{"type":"Feature","geometry":{"type":"LineString","coordinates":[[78.89583,30.6625],[78.86042,30.63958]]},"properties":{"MAIN_RIV":41067217,"LENGTH_KM":4.56,"ORD_STRA":1}},
{"type":"Feature","geometry":{"type":"LineString","coordinates":[[79.32292,30.64583],[79.32292,30.63958]]},"properties":{"MAIN_RIV":41067217,"LENGTH_KM":0.69,"ORD_STRA":1}},
{"type":"Feature","geometry":{"type":"LineString","coordinates":[[79.69167,30.6375],[79.68125,30.65208]]},"properties":{"MAIN_RIV":41067217,"LENGTH_KM":1.99,"ORD_STRA":1}},
{"type":"Feature","geometry":{"type":"LineString","coordinates":[[78.23958,30.64375],[78.27292,30.63542],[78.29792,30.64792]]},"properties":{"MAIN_RIV":41067217,"LENGTH_KM":6.89,"ORD_STRA":2}},
{"type":"Feature","geometry":{"type":"LineString","coordinates":[[78.45417,30.63542],[78.42292,30.65208]]},"properties":{"MAIN_RIV":41067217,"LENGTH_KM":3.84,"ORD_STRA":1}},
{"type":"Feature","geometry":{"type":"LineString","coordinates":[[78.95417,30.63333],[78.96875,30.65208]]},"properties":{"MAIN_RIV":41067217,"LENGTH_KM":2.6,"ORD_STRA":1}},
{"type":"Feature","geometry":{"type":"LineString","coordinates":[[78.98958,30.64375],[79.00208,30.63542]]},"properties":{"MAIN_RIV":41067217,"LENGTH_KM":1.62,"ORD_STRA":3}},
{"type":"Feature","geometry":{"type":"LineString","coordinates":[[79.06458,30.73542],[79.06875,30.71458],[79.04375,30.67292],[79.00208,30.63542]]},"properties":{"MAIN_RIV":41067217,"LENGTH_KM":14.13,"ORD_STRA":2}},
{"type":"Feature","geometry":{"type":"LineString","coordinates":[[79.34583,30.63542],[79.32292,30.63958]]},"properties":{"MAIN_RIV":41067217,"LENGTH_KM":2.4,"ORD_STRA":1}},
{"type":"Feature","geometry":{"type":"LineString","coordinates":[[79.59375,30.67708],[79.58125,30.63542]]},"properties":{"MAIN_RIV":41067217,"LENGTH_KM":5.08,"ORD_STRA":3}},
{"type":"Feature","geometry":{"type":"LineString","coordinates":[[79.5875,30.64167],[79.58125,30.63542]]},"properties":{"MAIN_RIV":41067217,"LENGTH_KM":0.92,"ORD_STRA":1}},
{"type":"Feature","geometry":{"type":"LineString","coordinates":[[80.13958,30.63542],[80.11042,30.64792]]},"properties":{"MAIN_RIV":41067217,"LENGTH_KM":3.43,"ORD_STRA":3}},
{"type":"Feature","geometry":{"type":"LineString","coordinates":[[77.91667,30.65],[77.93125,30.63542],[77.95625,30.63125]]},"properties":{"MAIN_RIV":41067217,"LENGTH_KM":4.74,"ORD_STRA":1}},
{"type":"Feature","geometry":{"type":"LineString","coordinates":[[78.34792,30.67708],[78.33125,30.63125]]},"properties":{"MAIN_RIV":41067217,"LENGTH_KM":5.98,"ORD_STRA":5}},
{"type":"Feature","geometry":{"type":"LineString","coordinates":[[78.77917,30.63542],[78.76042,30.63125],[78.74792,30.63958]]},"properties":{"MAIN_RIV":41067217,"LENGTH_KM":3.63,"ORD_STRA":1}},
{"type":"Feature","geometry":{"type":"LineString","coordinates":[[78.86042,30.63958],[78.86042,30.63125]]},"properties":{"MAIN_RIV":41067217,"LENGTH_KM":0.93,"ORD_STRA":3}},
{"type":"Feature","geometry":{"type":"LineString","coordinates":[[79.17083,30.65],[79.19375,30.63125]]},"properties":{"MAIN_RIV":41067217,"LENGTH_KM":3.4,"ORD_STRA":1}},
{"type":"Feature","geometry":{"type":"LineString","coordinates":[[79.19792,30.65208],[79.19375,30.63125]]},"properties":{"MAIN_RIV":41067217,"LENGTH_KM":2.76,"ORD_STRA":3}},
{"type":"Feature","geometry":{"type":"LineString","coordinates":[[79.28333,30.64167],[79.27292,30.63125]]},"properties":{"MAIN_RIV":41067217,"LENGTH_KM":1.78,"ORD_STRA":1}},
{"type":"Feature","geometry":{"type":"LineString","coordinates":[[79.54583,30.6375],[79.55208,30.63125]]},"properties":{"MAIN_RIV":41067217,"LENGTH_KM":0.92,"ORD_STRA":1}},
{"type":"Feature","geometry":{"type":"LineString","coordinates":[[79.54375,30.65625],[79.55208,30.63125]]},"properties":{"MAIN_RIV":41067217,"LENGTH_KM":3.08,"ORD_STRA":4}},
{"type":"Feature","geometry":{"type":"LineString","coordinates":[[79.58125,30.63542],[79.58125,30.63125]]},"properties":{"MAIN_RIV":41067217,"LENGTH_KM":0.46,"ORD_STRA":3}},
{"type":"Feature","geometry":{"type":"LineString","coordinates":[[79.6,30.63125],[79.58125,30.63125]]},"properties":{"MAIN_RIV":41067217,"LENGTH_KM":1.79,"ORD_STRA":1}},
{"type":"Feature","geometry":{"type":"LineString","coordinates":[[79.99375,30.62917],[79.99375,30.64375]]},"properties":{"MAIN_RIV":41067217,"LENGTH_KM":1.62,"ORD_STRA":1}},
{"type":"Feature","geometry":{"type":"LineString","coordinates":[[80.11042,30.62917],[80.11042,30.64792]]},"properties":{"MAIN_RIV":41067217,"LENGTH_KM":2.08,"ORD_STRA":1}},
{"type":"Feature","geometry":{"type":"LineString","coordinates":[[80.15625,30.63125],[80.13958,30.63542]]},"properties":{"MAIN_RIV":41067217,"LENGTH_KM":1.81,"ORD_STRA":2}},
{"type":"Feature","geometry":{"type":"LineString","coordinates":[[78.19167,30.62708],[78.20625,30.62708]]},"properties":{"MAIN_RIV":41067217,"LENGTH_KM":1.4,"ORD_STRA":1}},
{"type":"Feature","geometry":{"type":"LineString","coordinates":[[78.61042,30.66667],[78.61458,30.64375],[78.63125,30.62708]]},"properties":{"MAIN_RIV":41067217,"LENGTH_KM":5.39,"ORD_STRA":1}},
{"type":"Feature","geometry":{"type":"LineString","coordinates":[[78.66042,30.64792],[78.63125,30.62708]]},"properties":{"MAIN_RIV":41067217,"LENGTH_KM":3.85,"ORD_STRA":2}},
{"type":"Feature","geometry":{"type":"LineString","coordinates":[[78.88333,30.62708],[78.86042,30.63125]]},"properties":{"MAIN_RIV":41067217,"LENGTH_KM":2.4,"ORD_STRA":1}},
{"type":"Feature","geometry":{"type":"LineString","coordinates":[[79.00208,30.63542],[79.00208,30.62708]]},"properties":{"MAIN_RIV":41067217,"LENGTH_KM":0.93,"ORD_STRA":3}},
{"type":"Feature","geometry":{"type":"LineString","coordinates":[[79.2625,30.6375],[79.26458,30.62708]]},"properties":{"MAIN_RIV":41067217,"LENGTH_KM":1.53,"ORD_STRA":1}},
{"type":"Feature","geometry":{"type":"LineString","coordinates":[[79.27292,30.63125],[79.26458,30.62708]]},"properties":{"MAIN_RIV":41067217,"LENGTH_KM":1.01,"ORD_STRA":3}},
{"type":"Feature","geometry":{"type":"LineString","coordinates":[[79.28125,30.62708],[79.27292,30.63125]]},"properties":{"MAIN_RIV":41067217,"LENGTH_KM":1.01,"ORD_STRA":3}},
{"type":"Feature","geometry":{"type":"LineString","coordinates":[[79.31042,30.62708],[79.28125,30.62708]]},"properties":{"MAIN_RIV":41067217,"LENGTH_KM":2.79,"ORD_STRA":3}},
{"type":"Feature","geometry":{"type":"LineString","coordinates":[[79.32292,30.63958],[79.31042,30.62708]]},"properties":{"MAIN_RIV":41067217,"LENGTH_KM":1.83,"ORD_STRA":2}},
{"type":"Feature","geometry":{"type":"LineString","coordinates":[[79.58125,30.63125],[79.57708,30.62708]]},"properties":{"MAIN_RIV":41067217,"LENGTH_KM":0.61,"ORD_STRA":3}},
{"type":"Feature","geometry":{"type":"LineString","coordinates":[[77.84375,30.66458],[77.86875,30.62292]]},"properties":{"MAIN_RIV":41067217,"LENGTH_KM":5.77,"ORD_STRA":2}},
{"type":"Feature","geometry":{"type":"LineString","coordinates":[[77.88333,30.63542],[77.86875,30.62292]]},"properties":{"MAIN_RIV":41067217,"LENGTH_KM":2.28,"ORD_STRA":1}},
{"type":"Feature","geometry":{"type":"LineString","coordinates":[[77.94583,30.62292],[77.95625,30.63125]]},"properties":{"MAIN_RIV":41067217,"LENGTH_KM":1.67,"ORD_STRA":1}},
{"type":"Feature","geometry":{"type":"LineString","coordinates":[[79.83125,30.64375],[79.82708,30.62292]]},"properties":{"MAIN_RIV":41067217,"LENGTH_KM":2.46,"ORD_STRA":5}},
{"type":"Feature","geometry":{"type":"LineString","coordinates":[[79.99792,30.62083],[79.99375,30.64375]]},"properties":{"MAIN_RIV":41067217,"LENGTH_KM":2.7,"ORD_STRA":1}},
{"type":"Feature","geometry":{"type":"LineString","coordinates":[[80.06458,30.62292],[80.07292,30.66458]]},"properties":{"MAIN_RIV":41067217,"LENGTH_KM":4.93,"ORD_STRA":2}},
{"type":"Feature","geometry":{"type":"MultiLineString","coordinates":[[[77.78955,30.65622],[77.7865,30.65317]],[[77.7817,30.64746],[77.78542,30.64237]],[[77.78601,30.63899],[77.78958,30.63485]],[[77.78958,30.63285],[77.78612,30.62778]],[[77.78608,30.62642],[77.79117,30.62133]],[[77.79337,30.61913],[77.79375,30.61875]]]},"properties":{"MAIN_RIV":41067217,"LENGTH_KM":5.21,"ORD_STRA":5}},
{"type":"Feature","geometry":{"type":"LineString","coordinates":[[77.82083,30.62292],[77.79375,30.61875]]},"properties":{"MAIN_RIV":41067217,"LENGTH_KM":3.06,"ORD_STRA":1}},
{"type":"Feature","geometry":{"type":"LineString","coordinates":[[78.42917,30.61667],[78.39375,30.65208]]},"properties":{"MAIN_RIV":41067217,"LENGTH_KM":5.45,"ORD_STRA":1}},
{"type":"Feature","geometry":{"type":"LineString","coordinates":[[78.86042,30.63125],[78.85625,30.61875]]},"properties":{"MAIN_RIV":41067217,"LENGTH_KM":1.54,"ORD_STRA":3}},
{"type":"Feature","geometry":{"type":"LineString","coordinates":[[78.8625,30.61875],[78.85625,30.61875]]},"properties":{"MAIN_RIV":41067217,"LENGTH_KM":0.6,"ORD_STRA":1}},
{"type":"Feature","geometry":{"type":"LineString","coordinates":[[79.11875,30.67292],[79.10208,30.64792],[79.10208,30.61875]]},"properties":{"MAIN_RIV":41067217,"LENGTH_KM":6.61,"ORD_STRA":2}},
{"type":"Feature","geometry":{"type":"LineString","coordinates":[[79.125,30.63125],[79.10208,30.61875]]},"properties":{"MAIN_RIV":41067217,"LENGTH_KM":2.83,"ORD_STRA":1}},
{"type":"Feature","geometry":{"type":"LineString","coordinates":[[79.22708,30.62917],[79.22708,30.61875]]},"properties":{"MAIN_RIV":41067217,"LENGTH_KM":1.16,"ORD_STRA":1}},
{"type":"Feature","geometry":{"type":"LineString","coordinates":[[79.29583,30.61875],[79.28125,30.62708]]},"properties":{"MAIN_RIV":41067217,"LENGTH_KM":1.82,"ORD_STRA":1}},
{"type":"Feature","geometry":{"type":"LineString","coordinates":[[79.31875,30.61875],[79.31042,30.62708]]},"properties":{"MAIN_RIV":41067217,"LENGTH_KM":1.22,"ORD_STRA":2}},
{"type":"Feature","geometry":{"type":"LineString","coordinates":[[79.32917,30.61875],[79.31875,30.61875]]},"properties":{"MAIN_RIV":41067217,"LENGTH_KM":1,"ORD_STRA":1}},
{"type":"Feature","geometry":{"type":"LineString","coordinates":[[79.6625,30.61667],[79.65625,30.62292],[79.57708,30.62708]]},"properties":{"MAIN_RIV":41067217,"LENGTH_KM":8.71,"ORD_STRA":1}},
{"type":"Feature","geometry":{"type":"LineString","coordinates":[[79.83958,30.61875],[79.82708,30.62292]]},"properties":{"MAIN_RIV":41067217,"LENGTH_KM":1.41,"ORD_STRA":3}},
{"type":"Feature","geometry":{"type":"LineString","coordinates":[[80.06458,30.61667],[80.06458,30.62292]]},"properties":{"MAIN_RIV":41067217,"LENGTH_KM":0.69,"ORD_STRA":1}},
{"type":"Feature","geometry":{"type":"LineString","coordinates":[[77.79375,30.61875],[77.79359,30.61859]]},"properties":{"MAIN_RIV":41067217,"LENGTH_KM":0.61,"ORD_STRA":5}},
{"type":"Feature","geometry":{"type":"LineString","coordinates":[[77.95625,30.63125],[78.01042,30.61458]]},"properties":{"MAIN_RIV":41067217,"LENGTH_KM":6.03,"ORD_STRA":2}},
{"type":"Feature","geometry":{"type":"LineString","coordinates":[[78.01042,30.64792],[78.01042,30.61458]]},"properties":{"MAIN_RIV":41067217,"LENGTH_KM":4,"ORD_STRA":4}},
{"type":"Feature","geometry":{"type":"LineString","coordinates":[[79.00208,30.62708],[79.01875,30.61458]]},"properties":{"MAIN_RIV":41067217,"LENGTH_KM":2.23,"ORD_STRA":3}},
{"type":"Feature","geometry":{"type":"LineString","coordinates":[[79.10208,30.61875],[79.10208,30.61458]]},"properties":{"MAIN_RIV":41067217,"LENGTH_KM":0.46,"ORD_STRA":2}},
{"type":"Feature","geometry":{"type":"LineString","coordinates":[[79.10833,30.61458],[79.10208,30.61458]]},"properties":{"MAIN_RIV":41067217,"LENGTH_KM":0.6,"ORD_STRA":1}},
{"type":"Feature","geometry":{"type":"LineString","coordinates":[[79.23542,30.61458],[79.22708,30.61875]]},"properties":{"MAIN_RIV":41067217,"LENGTH_KM":1.01,"ORD_STRA":3}},
{"type":"Feature","geometry":{"type":"LineString","coordinates":[[79.24375,30.61458],[79.23542,30.61458]]},"properties":{"MAIN_RIV":41067217,"LENGTH_KM":0.8,"ORD_STRA":3}},
{"type":"Feature","geometry":{"type":"LineString","coordinates":[[79.25625,30.61458],[79.24375,30.61458]]},"properties":{"MAIN_RIV":41067217,"LENGTH_KM":1.2,"ORD_STRA":3}},
{"type":"Feature","geometry":{"type":"LineString","coordinates":[[79.26458,30.62708],[79.25625,30.61458]]},"properties":{"MAIN_RIV":41067217,"LENGTH_KM":1.69,"ORD_STRA":3}},
{"type":"Feature","geometry":{"type":"LineString","coordinates":[[79.325,30.6125],[79.31875,30.61875]]},"properties":{"MAIN_RIV":41067217,"LENGTH_KM":0.92,"ORD_STRA":1}},
{"type":"Feature","geometry":{"type":"LineString","coordinates":[[79.55208,30.63125],[79.56875,30.61458]]},"properties":{"MAIN_RIV":41067217,"LENGTH_KM":2.44,"ORD_STRA":4}},
{"type":"Feature","geometry":{"type":"LineString","coordinates":[[79.57708,30.62708],[79.56875,30.61458]]},"properties":{"MAIN_RIV":41067217,"LENGTH_KM":1.94,"ORD_STRA":3}},
{"type":"Feature","geometry":{"type":"LineString","coordinates":[[78.04167,30.60833],[78.02292,30.61875],[78.01042,30.61458]]},"properties":{"MAIN_RIV":41067217,"LENGTH_KM":3.73,"ORD_STRA":1}},
{"type":"Feature","geometry":{"type":"LineString","coordinates":[[78.19375,30.60833],[78.20625,30.62708]]},"properties":{"MAIN_RIV":41067217,"LENGTH_KM":2.53,"ORD_STRA":1}},
{"type":"Feature","geometry":{"type":"LineString","coordinates":[[78.29792,30.64792],[78.31458,30.61042]]},"properties":{"MAIN_RIV":41067217,"LENGTH_KM":4.76,"ORD_STRA":3}},
{"type":"Feature","geometry":{"type":"LineString","coordinates":[[78.33125,30.63125],[78.31458,30.61042]]},"properties":{"MAIN_RIV":41067217,"LENGTH_KM":3.16,"ORD_STRA":5}},
{"type":"Feature","geometry":{"type":"LineString","coordinates":[[78.37292,30.61042],[78.33125,30.63125]]},"properties":{"MAIN_RIV":41067217,"LENGTH_KM":5.05,"ORD_STRA":2}},
{"type":"Feature","geometry":{"type":"LineString","coordinates":[[78.37917,30.61667],[78.37292,30.61042]]},"properties":{"MAIN_RIV":41067217,"LENGTH_KM":0.92,"ORD_STRA":1}},
{"type":"Feature","geometry":{"type":"LineString","coordinates":[[78.74792,30.63958],[78.73125,30.61042]]},"properties":{"MAIN_RIV":41067217,"LENGTH_KM":4.09,"ORD_STRA":2}},
{"type":"Feature","geometry":{"type":"LineString","coordinates":[[79.01875,30.61458],[79.02292,30.61042]]},"properties":{"MAIN_RIV":41067217,"LENGTH_KM":0.61,"ORD_STRA":3}},
{"type":"Feature","geometry":{"type":"LineString","coordinates":[[79.03333,30.61875],[79.02292,30.61042]]},"properties":{"MAIN_RIV":41067217,"LENGTH_KM":1.67,"ORD_STRA":1}},
{"type":"Feature","geometry":{"type":"LineString","coordinates":[[79.44583,30.63958],[79.51458,30.63125],[79.53542,30.61042]]},"properties":{"MAIN_RIV":41067217,"LENGTH_KM":10.06,"ORD_STRA":1}},
{"type":"Feature","geometry":{"type":"LineString","coordinates":[[79.525,30.625],[79.53542,30.61042]]},"properties":{"MAIN_RIV":41067217,"LENGTH_KM":1.99,"ORD_STRA":1}},
{"type":"Feature","geometry":{"type":"LineString","coordinates":[[79.72917,30.61667],[79.75208,30.61042]]},"properties":{"MAIN_RIV":41067217,"LENGTH_KM":2.51,"ORD_STRA":1}},
{"type":"Feature","geometry":{"type":"LineString","coordinates":[[79.74167,30.61458],[79.75208,30.61042]]},"properties":{"MAIN_RIV":41067217,"LENGTH_KM":1.21,"ORD_STRA":1}},
{"type":"Feature","geometry":{"type":"LineString","coordinates":[[79.74583,30.62083],[79.75208,30.61042]]},"properties":{"MAIN_RIV":41067217,"LENGTH_KM":1.38,"ORD_STRA":1}},
{"type":"Feature","geometry":{"type":"LineString","coordinates":[[79.76667,30.6375],[79.80208,30.61042]]},"properties":{"MAIN_RIV":41067217,"LENGTH_KM":4.77,"ORD_STRA":1}},
{"type":"Feature","geometry":{"type":"LineString","coordinates":[[79.78333,30.62917],[79.80208,30.61042]]},"properties":{"MAIN_RIV":41067217,"LENGTH_KM":2.75,"ORD_STRA":1}},
{"type":"Feature","geometry":{"type":"LineString","coordinates":[[79.95,30.61042],[79.92292,30.61875],[79.90208,30.63958],[79.83958,30.61875]]},"properties":{"MAIN_RIV":41067217,"LENGTH_KM":13.12,"ORD_STRA":1}},
{"type":"Feature","geometry":{"type":"LineString","coordinates":[[80.03333,30.61042],[80.04792,30.61042]]},"properties":{"MAIN_RIV":41067217,"LENGTH_KM":1.4,"ORD_STRA":1}},
{"type":"Feature","geometry":{"type":"LineString","coordinates":[[80.0375,30.61458],[80.04792,30.61042]]},"properties":{"MAIN_RIV":41067217,"LENGTH_KM":1.21,"ORD_STRA":1}},
{"type":"Feature","geometry":{"type":"LineString","coordinates":[[80.04792,30.61042],[80.06458,30.62292]]},"properties":{"MAIN_RIV":41067217,"LENGTH_KM":2.23,"ORD_STRA":2}},
{"type":"Feature","geometry":{"type":"LineString","coordinates":[[80.20208,30.60833],[80.19375,30.63958],[80.15625,30.63125]]},"properties":{"MAIN_RIV":41067217,"LENGTH_KM":7.78,"ORD_STRA":1}},
{"type":"Feature","geometry":{"type":"LineString","coordinates":[[77.86875,30.62292],[77.87708,30.60625]]},"properties":{"MAIN_RIV":41067217,"LENGTH_KM":2.15,"ORD_STRA":2}},
{"type":"Feature","geometry":{"type":"LineString","coordinates":[[77.9,30.61667],[77.87708,30.60625]]},"properties":{"MAIN_RIV":41067217,"LENGTH_KM":2.72,"ORD_STRA":1}},
{"type":"Feature","geometry":{"type":"LineString","coordinates":[[78.31458,30.61042],[78.31875,30.60625]]},"properties":{"MAIN_RIV":41067217,"LENGTH_KM":0.61,"ORD_STRA":5}},
{"type":"Feature","geometry":{"type":"LineString","coordinates":[[78.37292,30.60417],[78.37292,30.61042]]},"properties":{"MAIN_RIV":41067217,"LENGTH_KM":0.69,"ORD_STRA":1}},
{"type":"Feature","geometry":{"type":"LineString","coordinates":[[78.50208,30.62917],[78.50208,30.61875],[78.51875,30.60625]]},"properties":{"MAIN_RIV":41067217,"LENGTH_KM":3.39,"ORD_STRA":1}},
{"type":"Feature","geometry":{"type":"LineString","coordinates":[[78.56875,30.64792],[78.56042,30.63125],[78.51875,30.60625]]},"properties":{"MAIN_RIV":41067217,"LENGTH_KM":7.41,"ORD_STRA":2}},
{"type":"Feature","geometry":{"type":"LineString","coordinates":[[78.9625,30.60417],[79.00208,30.62708]]},"properties":{"MAIN_RIV":41067217,"LENGTH_KM":5.38,"ORD_STRA":1}},
{"type":"Feature","geometry":{"type":"LineString","coordinates":[[79.19375,30.63125],[79.18958,30.60625]]},"properties":{"MAIN_RIV":41067217,"LENGTH_KM":2.93,"ORD_STRA":3}},
{"type":"Feature","geometry":{"type":"LineString","coordinates":[[79.19792,30.60625],[79.18958,30.60625]]},"properties":{"MAIN_RIV":41067217,"LENGTH_KM":0.8,"ORD_STRA":3}},
{"type":"Feature","geometry":{"type":"LineString","coordinates":[[79.22708,30.61875],[79.19792,30.60625]]},"properties":{"MAIN_RIV":41067217,"LENGTH_KM":3.43,"ORD_STRA":3}},
{"type":"Feature","geometry":{"type":"LineString","coordinates":[[79.56875,30.61458],[79.57708,30.60625]]},"properties":{"MAIN_RIV":41067217,"LENGTH_KM":1.22,"ORD_STRA":4}},
{"type":"Feature","geometry":{"type":"LineString","coordinates":[[79.57708,30.6125],[79.57708,30.60625]]},"properties":{"MAIN_RIV":41067217,"LENGTH_KM":0.69,"ORD_STRA":1}},
{"type":"Feature","geometry":{"type":"LineString","coordinates":[[79.81042,30.6125],[79.81042,30.60625]]},"properties":{"MAIN_RIV":41067217,"LENGTH_KM":0.69,"ORD_STRA":1}},
{"type":"Feature","geometry":{"type":"LineString","coordinates":[[79.82708,30.62292],[79.81042,30.60625]]},"properties":{"MAIN_RIV":41067217,"LENGTH_KM":2.44,"ORD_STRA":5}},
{"type":"Feature","geometry":{"type":"LineString","coordinates":[[79.85625,30.60625],[79.83958,30.61875]]},"properties":{"MAIN_RIV":41067217,"LENGTH_KM":2.23,"ORD_STRA":3}},
{"type":"Feature","geometry":{"type":"LineString","coordinates":[[78.73125,30.61042],[78.72292,30.60208]]},"properties":{"MAIN_RIV":41067217,"LENGTH_KM":1.22,"ORD_STRA":2}},
{"type":"Feature","geometry":{"type":"LineString","coordinates":[[78.72917,30.60208],[78.72292,30.60208]]},"properties":{"MAIN_RIV":41067217,"LENGTH_KM":0.6,"ORD_STRA":1}},
{"type":"Feature","geometry":{"type":"LineString","coordinates":[[78.7625,30.60208],[78.73125,30.61042]]},"properties":{"MAIN_RIV":41067217,"LENGTH_KM":3.42,"ORD_STRA":1}},
{"type":"Feature","geometry":{"type":"LineString","coordinates":[[78.99583,30.6],[79.01875,30.61458]]},"properties":{"MAIN_RIV":41067217,"LENGTH_KM":2.94,"ORD_STRA":1}},
{"type":"Feature","geometry":{"type":"LineString","coordinates":[[79.80208,30.61042],[79.80625,30.60208]]},"properties":{"MAIN_RIV":41067217,"LENGTH_KM":1.32,"ORD_STRA":2}},
{"type":"Feature","geometry":{"type":"LineString","coordinates":[[79.81042,30.60625],[79.80625,30.60208]]},"properties":{"MAIN_RIV":41067217,"LENGTH_KM":0.61,"ORD_STRA":5}},
{"type":"Feature","geometry":{"type":"LineString","coordinates":[[80.13125,30.60208],[80.13958,30.63542]]},"properties":{"MAIN_RIV":41067217,"LENGTH_KM":4,"ORD_STRA":2}},
{"type":"Feature","geometry":{"type":"LineString","coordinates":[[77.80833,30.59583],[77.79375,30.61339]]},"properties":{"MAIN_RIV":41067217,"LENGTH_KM":3,"ORD_STRA":1}},
{"type":"Feature","geometry":{"type":"LineString","coordinates":[[78.29583,30.60417],[78.30625,30.59792],[78.31875,30.60625]]},"properties":{"MAIN_RIV":41067217,"LENGTH_KM":2.94,"ORD_STRA":1}},
{"type":"Feature","geometry":{"type":"LineString","coordinates":[[78.51875,30.60625],[78.51875,30.59792]]},"properties":{"MAIN_RIV":41067217,"LENGTH_KM":0.93,"ORD_STRA":2}},
{"type":"Feature","geometry":{"type":"LineString","coordinates":[[78.54583,30.60417],[78.51875,30.59792]]},"properties":{"MAIN_RIV":41067217,"LENGTH_KM":2.91,"ORD_STRA":1}},
{"type":"Feature","geometry":{"type":"LineString","coordinates":[[78.85625,30.61875],[78.83958,30.59792]]},"properties":{"MAIN_RIV":41067217,"LENGTH_KM":2.91,"ORD_STRA":3}},
{"type":"Feature","geometry":{"type":"LineString","coordinates":[[79.18958,30.60625],[79.17292,30.59792]]},"properties":{"MAIN_RIV":41067217,"LENGTH_KM":2.02,"ORD_STRA":4}},
{"type":"Feature","geometry":{"type":"LineString","coordinates":[[79.23958,30.59583],[79.23542,30.61458]]},"properties":{"MAIN_RIV":41067217,"LENGTH_KM":2.23,"ORD_STRA":1}},
{"type":"Feature","geometry":{"type":"LineString","coordinates":[[80.13125,30.59792],[80.13125,30.60208]]},"properties":{"MAIN_RIV":41067217,"LENGTH_KM":0.46,"ORD_STRA":2}},
{"type":"Feature","geometry":{"type":"LineString","coordinates":[[80.16458,30.59583],[80.15625,30.63125]]},"properties":{"MAIN_RIV":41067217,"LENGTH_KM":4.23,"ORD_STRA":1}},
{"type":"Feature","geometry":{"type":"LineString","coordinates":[[77.74291,30.59375],[77.74792,30.59375]]},"properties":{"MAIN_RIV":41067217,"LENGTH_KM":3.81,"ORD_STRA":1}},
{"type":"Feature","geometry":{"type":"MultiLineString","coordinates":[[[77.77613,30.61363],[77.77048,30.60798]],[[77.77027,30.60473],[77.77164,30.60081]],[[77.7518,30.6018],[77.74792,30.59375]]]},"properties":{"MAIN_RIV":41067217,"LENGTH_KM":6.95,"ORD_STRA":5}},
{"type":"Feature","geometry":{"type":"LineString","coordinates":[[78.67917,30.60417],[78.68542,30.59375]]},"properties":{"MAIN_RIV":41067217,"LENGTH_KM":1.38,"ORD_STRA":1}},
{"type":"Feature","geometry":{"type":"LineString","coordinates":[[78.68958,30.59375],[78.68542,30.59375]]},"properties":{"MAIN_RIV":41067217,"LENGTH_KM":0.4,"ORD_STRA":2}},
{"type":"Feature","geometry":{"type":"LineString","coordinates":[[78.72292,30.60208],[78.68958,30.59375]]},"properties":{"MAIN_RIV":41067217,"LENGTH_KM":3.62,"ORD_STRA":2}},
{"type":"Feature","geometry":{"type":"LineString","coordinates":[[79.10208,30.72292],[79.08958,30.68958],[79.06875,30.67292],[79.08125,30.64375],[79.08125,30.59375]]},"properties":{"MAIN_RIV":41067217,"LENGTH_KM":16.54,"ORD_STRA":2}},
{"type":"Feature","geometry":{"type":"LineString","coordinates":[[79.10208,30.61458],[79.08125,30.59375]]},"properties":{"MAIN_RIV":41067217,"LENGTH_KM":3.06,"ORD_STRA":2}},
{"type":"Feature","geometry":{"type":"LineString","coordinates":[[79.15417,30.60833],[79.16458,30.59375]]},"properties":{"MAIN_RIV":41067217,"LENGTH_KM":1.99,"ORD_STRA":1}},
{"type":"Feature","geometry":{"type":"LineString","coordinates":[[79.17292,30.59792],[79.16458,30.59375]]},"properties":{"MAIN_RIV":41067217,"LENGTH_KM":1.01,"ORD_STRA":4}},
{"type":"Feature","geometry":{"type":"LineString","coordinates":[[79.27083,30.59375],[79.24375,30.61458]]},"properties":{"MAIN_RIV":41067217,"LENGTH_KM":3.65,"ORD_STRA":1}},
{"type":"Feature","geometry":{"type":"LineString","coordinates":[[79.2875,30.59167],[79.25625,30.61458]]},"properties":{"MAIN_RIV":41067217,"LENGTH_KM":4.41,"ORD_STRA":1}},
{"type":"Feature","geometry":{"type":"LineString","coordinates":[[79.40833,30.6125],[79.43125,30.59375]]},"properties":{"MAIN_RIV":41067217,"LENGTH_KM":3.15,"ORD_STRA":1}},
{"type":"Feature","geometry":{"type":"LineString","coordinates":[[79.43125,30.60833],[79.43125,30.59375]]},"properties":{"MAIN_RIV":41067217,"LENGTH_KM":1.62,"ORD_STRA":1}},
{"type":"Feature","geometry":{"type":"LineString","coordinates":[[79.80625,30.60208],[79.79792,30.59375]]},"properties":{"MAIN_RIV":41067217,"LENGTH_KM":1.22,"ORD_STRA":5}},
{"type":"Feature","geometry":{"type":"LineString","coordinates":[[79.86042,30.59167],[79.85625,30.60625]]},"properties":{"MAIN_RIV":41067217,"LENGTH_KM":1.77,"ORD_STRA":1}},
{"type":"Feature","geometry":{"type":"LineString","coordinates":[[79.88958,30.59375],[79.85625,30.60625]]},"properties":{"MAIN_RIV":41067217,"LENGTH_KM":3.83,"ORD_STRA":3}},
{"type":"Feature","geometry":{"type":"LineString","coordinates":[[80.1375,30.59167],[80.13125,30.59792]]},"properties":{"MAIN_RIV":41067217,"LENGTH_KM":0.92,"ORD_STRA":1}},
{"type":"Feature","geometry":{"type":"LineString","coordinates":[[77.96667,30.58958],[78.01042,30.58958]]},"properties":{"MAIN_RIV":41067217,"LENGTH_KM":4.86,"ORD_STRA":1}},
{"type":"Feature","geometry":{"type":"LineString","coordinates":[[78.01042,30.61458],[78.01042,30.58958]]},"properties":{"MAIN_RIV":41067217,"LENGTH_KM":3.08,"ORD_STRA":4}},
{"type":"Feature","geometry":{"type":"LineString","coordinates":[[78.20625,30.62708],[78.24792,30.58958],[78.26042,30.58958]]},"properties":{"MAIN_RIV":41067217,"LENGTH_KM":7.35,"ORD_STRA":2}},
{"type":"Feature","geometry":{"type":"LineString","coordinates":[[78.82917,30.62917],[78.82708,30.58958]]},"properties":{"MAIN_RIV":41067217,"LENGTH_KM":5.07,"ORD_STRA":1}},
{"type":"Feature","geometry":{"type":"LineString","coordinates":[[78.83958,30.59792],[78.82708,30.58958]]},"properties":{"MAIN_RIV":41067217,"LENGTH_KM":1.62,"ORD_STRA":3}},
{"type":"Feature","geometry":{"type":"LineString","coordinates":[[78.8625,30.58958],[78.83958,30.59792]]},"properties":{"MAIN_RIV":41067217,"LENGTH_KM":2.62,"ORD_STRA":1}},
{"type":"Feature","geometry":{"type":"LineString","coordinates":[[79.02292,30.61042],[79.03542,30.58958]]},"properties":{"MAIN_RIV":41067217,"LENGTH_KM":2.76,"ORD_STRA":3}},
{"type":"Feature","geometry":{"type":"LineString","coordinates":[[79.17708,30.5875],[79.17292,30.59792]]},"properties":{"MAIN_RIV":41067217,"LENGTH_KM":1.31,"ORD_STRA":1}},
{"type":"Feature","geometry":{"type":"LineString","coordinates":[[79.43125,30.59375],[79.43125,30.58958]]},"properties":{"MAIN_RIV":41067217,"LENGTH_KM":0.46,"ORD_STRA":2}},
{"type":"Feature","geometry":{"type":"LineString","coordinates":[[79.4375,30.58958],[79.43125,30.58958]]},"properties":{"MAIN_RIV":41067217,"LENGTH_KM":0.6,"ORD_STRA":1}},
{"type":"Feature","geometry":{"type":"LineString","coordinates":[[77.87708,30.60625],[77.87292,30.58542]]},"properties":{"MAIN_RIV":41067217,"LENGTH_KM":2.46,"ORD_STRA":2}},
{"type":"Feature","geometry":{"type":"LineString","coordinates":[[78.50208,30.6],[78.50625,30.58542]]},"properties":{"MAIN_RIV":41067217,"LENGTH_KM":1.77,"ORD_STRA":1}},
{"type":"Feature","geometry":{"type":"LineString","coordinates":[[78.51875,30.59792],[78.50625,30.58542]]},"properties":{"MAIN_RIV":41067217,"LENGTH_KM":1.83,"ORD_STRA":2}},
{"type":"Feature","geometry":{"type":"LineString","coordinates":[[79.59583,30.58958],[79.58542,30.58542]]},"properties":{"MAIN_RIV":41067217,"LENGTH_KM":1.21,"ORD_STRA":1}},
{"type":"Feature","geometry":{"type":"LineString","coordinates":[[79.61667,30.58542],[79.58542,30.58542]]},"properties":{"MAIN_RIV":41067217,"LENGTH_KM":2.99,"ORD_STRA":1}},
{"type":"Feature","geometry":{"type":"LineString","coordinates":[[79.75208,30.61042],[79.78958,30.58542]]},"properties":{"MAIN_RIV":41067217,"LENGTH_KM":5.12,"ORD_STRA":2}},
{"type":"Feature","geometry":{"type":"LineString","coordinates":[[79.79792,30.59375],[79.78958,30.58542]]},"properties":{"MAIN_RIV":41067217,"LENGTH_KM":1.22,"ORD_STRA":5}},
{"type":"Feature","geometry":{"type":"LineString","coordinates":[[80.1,30.58333],[80.13125,30.60208]]},"properties":{"MAIN_RIV":41067217,"LENGTH_KM":3.95,"ORD_STRA":1}},
{"type":"Feature","geometry":{"type":"LineString","coordinates":[[80.13125,30.58333],[80.13125,30.59792]]},"properties":{"MAIN_RIV":41067217,"LENGTH_KM":1.62,"ORD_STRA":1}},
{"type":"Feature","geometry":{"type":"LineString","coordinates":[[77.90833,30.58542],[77.87292,30.58542]]},"properties":{"MAIN_RIV":41067217,"LENGTH_KM":4.24,"ORD_STRA":1}},
{"type":"Feature","geometry":{"type":"LineString","coordinates":[[78.14583,30.61875],[78.11458,30.62292],[78.07708,30.58125]]},"properties":{"MAIN_RIV":41067217,"LENGTH_KM":9.67,"ORD_STRA":1}},
{"type":"Feature","geometry":{"type":"LineString","coordinates":[[78.12083,30.58125],[78.07708,30.58125]]},"properties":{"MAIN_RIV":41067217,"LENGTH_KM":4.61,"ORD_STRA":1}},
{"type":"Feature","geometry":{"type":"LineString","coordinates":[[78.50208,30.5875],[78.50208,30.58125]]},"properties":{"MAIN_RIV":41067217,"LENGTH_KM":0.69,"ORD_STRA":1}},
{"type":"Feature","geometry":{"type":"LineString","coordinates":[[78.50625,30.58542],[78.50208,30.58125]]},"properties":{"MAIN_RIV":41067217,"LENGTH_KM":0.61,"ORD_STRA":2}},
{"type":"Feature","geometry":{"type":"LineString","coordinates":[[78.70417,30.57917],[78.68958,30.59375]]},"properties":{"MAIN_RIV":41067217,"LENGTH_KM":2.14,"ORD_STRA":1}},
{"type":"Feature","geometry":{"type":"LineString","coordinates":[[78.91042,30.6],[78.91875,30.58125]]},"properties":{"MAIN_RIV":41067217,"LENGTH_KM":2.38,"ORD_STRA":1}},
{"type":"Feature","geometry":{"type":"LineString","coordinates":[[78.91875,30.5875],[78.91875,30.58125]]},"properties":{"MAIN_RIV":41067217,"LENGTH_KM":0.69,"ORD_STRA":1}},
{"type":"Feature","geometry":{"type":"LineString","coordinates":[[79.22292,30.58125],[79.19792,30.60625]]},"properties":{"MAIN_RIV":41067217,"LENGTH_KM":3.92,"ORD_STRA":2}},
{"type":"Feature","geometry":{"type":"LineString","coordinates":[[79.22917,30.58125],[79.22292,30.58125]]},"properties":{"MAIN_RIV":41067217,"LENGTH_KM":0.6,"ORD_STRA":1}},
{"type":"Feature","geometry":{"type":"LineString","coordinates":[[79.58542,30.58542],[79.58125,30.58125]]},"properties":{"MAIN_RIV":41067217,"LENGTH_KM":0.61,"ORD_STRA":2}},
{"type":"Feature","geometry":{"type":"LineString","coordinates":[[79.72083,30.59167],[79.73542,30.58125]]},"properties":{"MAIN_RIV":41067217,"LENGTH_KM":1.93,"ORD_STRA":1}},
{"type":"Feature","geometry":{"type":"LineString","coordinates":[[79.72917,30.5875],[79.73542,30.58125]]},"properties":{"MAIN_RIV":41067217,"LENGTH_KM":0.92,"ORD_STRA":1}},
{"type":"Feature","geometry":{"type":"LineString","coordinates":[[79.73125,30.6],[79.73542,30.58125]]},"properties":{"MAIN_RIV":41067217,"LENGTH_KM":2.23,"ORD_STRA":1}},
{"type":"Feature","geometry":{"type":"LineString","coordinates":[[78.01042,30.58958],[78.00625,30.57708]]},"properties":{"MAIN_RIV":41067217,"LENGTH_KM":1.54,"ORD_STRA":4}},
{"type":"Feature","geometry":{"type":"LineString","coordinates":[[78.07708,30.58125],[78.06458,30.57708]]},"properties":{"MAIN_RIV":41067217,"LENGTH_KM":1.41,"ORD_STRA":2}},
{"type":"Feature","geometry":{"type":"LineString","coordinates":[[78.2375,30.57708],[78.24375,30.57708]]},"properties":{"MAIN_RIV":41067217,"LENGTH_KM":0.6,"ORD_STRA":1}},
{"type":"Feature","geometry":{"type":"LineString","coordinates":[[78.24375,30.57708],[78.26042,30.58958]]},"properties":{"MAIN_RIV":41067217,"LENGTH_KM":2.48,"ORD_STRA":2}},
{"type":"Feature","geometry":{"type":"LineString","coordinates":[[78.63125,30.62708],[78.64792,30.57708]]},"properties":{"MAIN_RIV":41067217,"LENGTH_KM":6.45,"ORD_STRA":2}},
{"type":"Feature","geometry":{"type":"LineString","coordinates":[[78.68542,30.59375],[78.64792,30.57708]]},"properties":{"MAIN_RIV":41067217,"LENGTH_KM":4.44,"ORD_STRA":2}},
{"type":"Feature","geometry":{"type":"LineString","coordinates":[[78.82708,30.58958],[78.82292,30.57708]]},"properties":{"MAIN_RIV":41067217,"LENGTH_KM":1.54,"ORD_STRA":3}},
{"type":"Feature","geometry":{"type":"LineString","coordinates":[[79.22292,30.575],[79.22292,30.58125]]},"properties":{"MAIN_RIV":41067217,"LENGTH_KM":0.69,"ORD_STRA":1}},
{"type":"Feature","geometry":{"type":"LineString","coordinates":[[79.53542,30.61042],[79.54792,30.57708]]},"properties":{"MAIN_RIV":41067217,"LENGTH_KM":4.15,"ORD_STRA":2}},
{"type":"Feature","geometry":{"type":"LineString","coordinates":[[79.56458,30.57708],[79.54792,30.57708]]},"properties":{"MAIN_RIV":41067217,"LENGTH_KM":1.6,"ORD_STRA":4}},
{"type":"Feature","geometry":{"type":"LineString","coordinates":[[79.57708,30.60625],[79.56458,30.57708]]},"properties":{"MAIN_RIV":41067217,"LENGTH_KM":3.69,"ORD_STRA":4}},
{"type":"Feature","geometry":{"type":"LineString","coordinates":[[79.60833,30.57708],[79.58125,30.58125]]},"properties":{"MAIN_RIV":41067217,"LENGTH_KM":2.81,"ORD_STRA":1}},
{"type":"Feature","geometry":{"type":"LineString","coordinates":[[79.92708,30.57708],[79.88958,30.59375]]},"properties":{"MAIN_RIV":41067217,"LENGTH_KM":4.44,"ORD_STRA":2}},
{"type":"Feature","geometry":{"type":"LineString","coordinates":[[79.9375,30.58333],[79.92708,30.57708]]},"properties":{"MAIN_RIV":41067217,"LENGTH_KM":1.32,"ORD_STRA":1}},
{"type":"Feature","geometry":{"type":"LineString","coordinates":[[78.2375,30.57083],[78.24375,30.57708]]},"properties":{"MAIN_RIV":41067217,"LENGTH_KM":0.92,"ORD_STRA":1}},
{"type":"Feature","geometry":{"type":"LineString","coordinates":[[78.50208,30.58125],[78.49792,30.57292]]},"properties":{"MAIN_RIV":41067217,"LENGTH_KM":1.07,"ORD_STRA":2}},
{"type":"Feature","geometry":{"type":"LineString","coordinates":[[78.52083,30.57917],[78.49792,30.57292]]},"properties":{"MAIN_RIV":41067217,"LENGTH_KM":2.51,"ORD_STRA":1}},
{"type":"Feature","geometry":{"type":"LineString","coordinates":[[78.6,30.60208],[78.63958,30.57292]]},"properties":{"MAIN_RIV":41067217,"LENGTH_KM":5.53,"ORD_STRA":1}},
{"type":"Feature","geometry":{"type":"LineString","coordinates":[[78.64792,30.57708],[78.63958,30.57292]]},"properties":{"MAIN_RIV":41067217,"LENGTH_KM":1.01,"ORD_STRA":3}},
{"type":"Feature","geometry":{"type":"LineString","coordinates":[[79.54792,30.57708],[79.54375,30.57292]]},"properties":{"MAIN_RIV":41067217,"LENGTH_KM":0.61,"ORD_STRA":4}},
{"type":"Feature","geometry":{"type":"LineString","coordinates":[[79.58125,30.58125],[79.57292,30.57292],[79.56458,30.57708]]},"properties":{"MAIN_RIV":41067217,"LENGTH_KM":2.23,"ORD_STRA":2}},
{"type":"Feature","geometry":{"type":"LineString","coordinates":[[79.93125,30.57292],[79.92708,30.57708]]},"properties":{"MAIN_RIV":41067217,"LENGTH_KM":0.61,"ORD_STRA":2}},
{"type":"Feature","geometry":{"type":"LineString","coordinates":[[79.95833,30.57708],[79.93125,30.57292]]},"properties":{"MAIN_RIV":41067217,"LENGTH_KM":2.81,"ORD_STRA":1}},
{"type":"Feature","geometry":{"type":"LineString","coordinates":[[78.06458,30.57708],[78.02292,30.56875],[78.00625,30.57708]]},"properties":{"MAIN_RIV":41067217,"LENGTH_KM":6.43,"ORD_STRA":2}},
{"type":"Feature","geometry":{"type":"LineString","coordinates":[[78.46667,30.56875],[78.47708,30.56875]]},"properties":{"MAIN_RIV":41067217,"LENGTH_KM":1,"ORD_STRA":1}},
{"type":"Feature","geometry":{"type":"LineString","coordinates":[[78.4625,30.59375],[78.47708,30.58542],[78.47708,30.56875]]},"properties":{"MAIN_RIV":41067217,"LENGTH_KM":3.67,"ORD_STRA":1}},
{"type":"Feature","geometry":{"type":"LineString","coordinates":[[78.8375,30.56667],[78.82292,30.57708]]},"properties":{"MAIN_RIV":41067217,"LENGTH_KM":1.93,"ORD_STRA":1}},
{"type":"Feature","geometry":{"type":"LineString","coordinates":[[79.00417,30.56875],[79.03542,30.58958]]},"properties":{"MAIN_RIV":41067217,"LENGTH_KM":4.05,"ORD_STRA":1}},
{"type":"Feature","geometry":{"type":"LineString","coordinates":[[79.78958,30.58542],[79.76458,30.56875]]},"properties":{"MAIN_RIV":41067217,"LENGTH_KM":3.24,"ORD_STRA":5}},
{"type":"Feature","geometry":{"type":"LineString","coordinates":[[78.00625,30.57708],[78.00625,30.56458]]},"properties":{"MAIN_RIV":41067217,"LENGTH_KM":1.69,"ORD_STRA":4}},
{"type":"Feature","geometry":{"type":"LineString","coordinates":[[78.06458,30.5625],[78.06458,30.57708]]},"properties":{"MAIN_RIV":41067217,"LENGTH_KM":1.62,"ORD_STRA":1}},
{"type":"Feature","geometry":{"type":"LineString","coordinates":[[78.31875,30.60625],[78.33125,30.56458]]},"properties":{"MAIN_RIV":41067217,"LENGTH_KM":5.37,"ORD_STRA":5}},
{"type":"Feature","geometry":{"type":"LineString","coordinates":[[78.33125,30.56458],[78.33542,30.56458]]},"properties":{"MAIN_RIV":41067217,"LENGTH_KM":0.4,"ORD_STRA":5}},
{"type":"Feature","geometry":{"type":"LineString","coordinates":[[78.35417,30.57292],[78.33542,30.56458]]},"properties":{"MAIN_RIV":41067217,"LENGTH_KM":2.22,"ORD_STRA":1}},
{"type":"Feature","geometry":{"type":"LineString","coordinates":[[78.82292,30.57708],[78.81458,30.56458]]},"properties":{"MAIN_RIV":41067217,"LENGTH_KM":1.69,"ORD_STRA":3}},
{"type":"Feature","geometry":{"type":"LineString","coordinates":[[79.33333,30.575],[79.33958,30.56458]]},"properties":{"MAIN_RIV":41067217,"LENGTH_KM":1.38,"ORD_STRA":1}},
{"type":"Feature","geometry":{"type":"LineString","coordinates":[[79.4875,30.61458],[79.52292,30.58542],[79.53125,30.56458]]},"properties":{"MAIN_RIV":41067217,"LENGTH_KM":7.49,"ORD_STRA":1}},
{"type":"Feature","geometry":{"type":"LineString","coordinates":[[79.54375,30.57292],[79.53125,30.56458]]},"properties":{"MAIN_RIV":41067217,"LENGTH_KM":1.62,"ORD_STRA":5}},
{"type":"Feature","geometry":{"type":"LineString","coordinates":[[79.77917,30.56458],[79.76458,30.56875]]},"properties":{"MAIN_RIV":41067217,"LENGTH_KM":1.61,"ORD_STRA":1}},
{"type":"Feature","geometry":{"type":"LineString","coordinates":[[78.01667,30.56042],[78.00625,30.56458]]},"properties":{"MAIN_RIV":41067217,"LENGTH_KM":1.21,"ORD_STRA":1}},
{"type":"Feature","geometry":{"type":"LineString","coordinates":[[78.26042,30.58958],[78.30625,30.56042]]},"properties":{"MAIN_RIV":41067217,"LENGTH_KM":5.88,"ORD_STRA":3}},
{"type":"Feature","geometry":{"type":"LineString","coordinates":[[78.40625,30.56667],[78.40625,30.56042]]},"properties":{"MAIN_RIV":41067217,"LENGTH_KM":0.69,"ORD_STRA":1}},
{"type":"Feature","geometry":{"type":"LineString","coordinates":[[78.4125,30.56667],[78.40625,30.56042]]},"properties":{"MAIN_RIV":41067217,"LENGTH_KM":0.92,"ORD_STRA":1}},
{"type":"Feature","geometry":{"type":"LineString","coordinates":[[78.79583,30.56875],[78.81042,30.56042]]},"properties":{"MAIN_RIV":41067217,"LENGTH_KM":2.07,"ORD_STRA":1}},
{"type":"Feature","geometry":{"type":"LineString","coordinates":[[78.81458,30.56458],[78.81042,30.56042]]},"properties":{"MAIN_RIV":41067217,"LENGTH_KM":0.61,"ORD_STRA":3}},
{"type":"Feature","geometry":{"type":"LineString","coordinates":[[78.825,30.56042],[78.81458,30.56458]]},"properties":{"MAIN_RIV":41067217,"LENGTH_KM":1.21,"ORD_STRA":1}},
{"type":"Feature","geometry":{"type":"LineString","coordinates":[[79.03542,30.58958],[79.06042,30.58125],[79.06875,30.56042]]},"properties":{"MAIN_RIV":41067217,"LENGTH_KM":5.43,"ORD_STRA":3}},
{"type":"Feature","geometry":{"type":"LineString","coordinates":[[79.16458,30.59375],[79.12708,30.56042]]},"properties":{"MAIN_RIV":41067217,"LENGTH_KM":5.54,"ORD_STRA":4}},
{"type":"Feature","geometry":{"type":"LineString","coordinates":[[79.32917,30.56042],[79.33958,30.56458]]},"properties":{"MAIN_RIV":41067217,"LENGTH_KM":1.21,"ORD_STRA":1}},
{"type":"Feature","geometry":{"type":"LineString","coordinates":[[79.73542,30.58125],[79.75625,30.56042]]},"properties":{"MAIN_RIV":41067217,"LENGTH_KM":3.06,"ORD_STRA":2}},
{"type":"Feature","geometry":{"type":"LineString","coordinates":[[79.76458,30.56875],[79.75625,30.56042]]},"properties":{"MAIN_RIV":41067217,"LENGTH_KM":1.22,"ORD_STRA":5}},
{"type":"Feature","geometry":{"type":"LineString","coordinates":[[79.82708,30.56042],[79.79792,30.59375]]},"properties":{"MAIN_RIV":41067217,"LENGTH_KM":4.99,"ORD_STRA":2}},
{"type":"Feature","geometry":{"type":"LineString","coordinates":[[80.06042,30.58333],[80.06458,30.56042]]},"properties":{"MAIN_RIV":41067217,"LENGTH_KM":2.7,"ORD_STRA":1}},
{"type":"Feature","geometry":{"type":"LineString","coordinates":[[80.08333,30.56042],[80.06458,30.56042]]},"properties":{"MAIN_RIV":41067217,"LENGTH_KM":2.22,"ORD_STRA":1}},
{"type":"Feature","geometry":{"type":"LineString","coordinates":[[78.29375,30.55625],[78.30625,30.56042]]},"properties":{"MAIN_RIV":41067217,"LENGTH_KM":1.41,"ORD_STRA":2}},
{"type":"Feature","geometry":{"type":"LineString","coordinates":[[79.89375,30.55625],[79.88958,30.59375]]},"properties":{"MAIN_RIV":41067217,"LENGTH_KM":4.61,"ORD_STRA":2}},
{"type":"Feature","geometry":{"type":"LineString","coordinates":[[79.94375,30.55625],[79.93125,30.57292]]},"properties":{"MAIN_RIV":41067217,"LENGTH_KM":2.3,"ORD_STRA":2}},
{"type":"Feature","geometry":{"type":"LineString","coordinates":[[77.975,30.55208],[77.98542,30.55208]]},"properties":{"MAIN_RIV":41067217,"LENGTH_KM":1.67,"ORD_STRA":1}},
{"type":"Feature","geometry":{"type":"LineString","coordinates":[[78.00625,30.56458],[77.98542,30.55208]]},"properties":{"MAIN_RIV":41067217,"LENGTH_KM":2.88,"ORD_STRA":4}},
{"type":"Feature","geometry":{"type":"LineString","coordinates":[[78.30625,30.56042],[78.31042,30.55208],[78.32292,30.55208],[78.33125,30.56458]]},"properties":{"MAIN_RIV":41067217,"LENGTH_KM":3.96,"ORD_STRA":3}},
{"type":"Feature","geometry":{"type":"LineString","coordinates":[[79.06875,30.56042],[79.08125,30.55208]]},"properties":{"MAIN_RIV":41067217,"LENGTH_KM":1.62,"ORD_STRA":3}},
{"type":"Feature","geometry":{"type":"LineString","coordinates":[[79.08125,30.59375],[79.08125,30.55208]]},"properties":{"MAIN_RIV":41067217,"LENGTH_KM":5.22,"ORD_STRA":3}},
{"type":"Feature","geometry":{"type":"LineString","coordinates":[[79.9,30.55],[79.89375,30.55625]]},"properties":{"MAIN_RIV":41067217,"LENGTH_KM":0.92,"ORD_STRA":1}},
{"type":"Feature","geometry":{"type":"LineString","coordinates":[[79.9875,30.575],[79.97708,30.55208]]},"properties":{"MAIN_RIV":41067217,"LENGTH_KM":2.92,"ORD_STRA":1}},
{"type":"Feature","geometry":{"type":"LineString","coordinates":[[79.9875,30.55833],[79.97708,30.55208]]},"properties":{"MAIN_RIV":41067217,"LENGTH_KM":1.32,"ORD_STRA":1}},
{"type":"Feature","geometry":{"type":"LineString","coordinates":[[80.03333,30.55833],[80.03958,30.55208]]},"properties":{"MAIN_RIV":41067217,"LENGTH_KM":0.92,"ORD_STRA":1}},
{"type":"Feature","geometry":{"type":"LineString","coordinates":[[80.03958,30.5625],[80.03958,30.55208]]},"properties":{"MAIN_RIV":41067217,"LENGTH_KM":1.16,"ORD_STRA":1}},
{"type":"Feature","geometry":{"type":"LineString","coordinates":[[78.27083,30.54792],[78.29375,30.55625]]},"properties":{"MAIN_RIV":41067217,"LENGTH_KM":2.62,"ORD_STRA":1}},
{"type":"Feature","geometry":{"type":"LineString","coordinates":[[78.40625,30.56042],[78.38542,30.54792]]},"properties":{"MAIN_RIV":41067217,"LENGTH_KM":2.63,"ORD_STRA":2}},
{"type":"Feature","geometry":{"type":"LineString","coordinates":[[78.47708,30.56875],[78.49792,30.54792]]},"properties":{"MAIN_RIV":41067217,"LENGTH_KM":3.31,"ORD_STRA":2}},
{"type":"Feature","geometry":{"type":"LineString","coordinates":[[78.49792,30.57292],[78.49792,30.54792]]},"properties":{"MAIN_RIV":41067217,"LENGTH_KM":2.78,"ORD_STRA":2}},
{"type":"Feature","geometry":{"type":"LineString","coordinates":[[79.0375,30.54583],[79.06875,30.56042]]},"properties":{"MAIN_RIV":41067217,"LENGTH_KM":3.74,"ORD_STRA":1}},
{"type":"Feature","geometry":{"type":"LineString","coordinates":[[79.51458,30.55417],[79.51458,30.54792]]},"properties":{"MAIN_RIV":41067217,"LENGTH_KM":0.69,"ORD_STRA":1}},
{"type":"Feature","geometry":{"type":"LineString","coordinates":[[79.53125,30.56458],[79.51458,30.54792]]},"properties":{"MAIN_RIV":41067217,"LENGTH_KM":2.45,"ORD_STRA":5}},
{"type":"Feature","geometry":{"type":"LineString","coordinates":[[79.59375,30.54792],[79.57708,30.56458],[79.54375,30.57292]]},"properties":{"MAIN_RIV":41067217,"LENGTH_KM":6.31,"ORD_STRA":5}},
{"type":"Feature","geometry":{"type":"LineString","coordinates":[[79.89375,30.54583],[79.89375,30.55625]]},"properties":{"MAIN_RIV":41067217,"LENGTH_KM":1.16,"ORD_STRA":1}},
{"type":"Feature","geometry":{"type":"LineString","coordinates":[[79.97708,30.55208],[79.96042,30.54792],[79.94375,30.55625]]},"properties":{"MAIN_RIV":41067217,"LENGTH_KM":3.83,"ORD_STRA":2}},
{"type":"Feature","geometry":{"type":"LineString","coordinates":[[79.9875,30.54792],[79.97708,30.55208]]},"properties":{"MAIN_RIV":41067217,"LENGTH_KM":1.21,"ORD_STRA":1}},
{"type":"Feature","geometry":{"type":"LineString","coordinates":[[80.15417,30.54792],[80.17708,30.54792]]},"properties":{"MAIN_RIV":41067217,"LENGTH_KM":2.19,"ORD_STRA":1}},
{"type":"Feature","geometry":{"type":"LineString","coordinates":[[80.1875,30.57083],[80.17292,30.55625],[80.17708,30.54792]]},"properties":{"MAIN_RIV":41067217,"LENGTH_KM":3.46,"ORD_STRA":1}},
{"type":"Feature","geometry":{"type":"LineString","coordinates":[[78.17708,30.56667],[78.17708,30.54375]]},"properties":{"MAIN_RIV":41067217,"LENGTH_KM":2.55,"ORD_STRA":1}},
{"type":"Feature","geometry":{"type":"LineString","coordinates":[[78.2,30.54792],[78.17708,30.54375]]},"properties":{"MAIN_RIV":41067217,"LENGTH_KM":2.41,"ORD_STRA":1}},
{"type":"Feature","geometry":{"type":"LineString","coordinates":[[78.29792,30.54167],[78.29375,30.55625]]},"properties":{"MAIN_RIV":41067217,"LENGTH_KM":1.77,"ORD_STRA":1}},
{"type":"Feature","geometry":{"type":"LineString","coordinates":[[78.8875,30.56667],[78.91042,30.54375]]},"properties":{"MAIN_RIV":41067217,"LENGTH_KM":3.61,"ORD_STRA":1}},
{"type":"Feature","geometry":{"type":"LineString","coordinates":[[78.91875,30.58125],[78.92292,30.56875],[78.91042,30.54375]]},"properties":{"MAIN_RIV":41067217,"LENGTH_KM":4.76,"ORD_STRA":2}},
{"type":"Feature","geometry":{"type":"LineString","coordinates":[[79.33333,30.54375],[79.34792,30.54375]]},"properties":{"MAIN_RIV":41067217,"LENGTH_KM":1.4,"ORD_STRA":1}},
{"type":"Feature","geometry":{"type":"LineString","coordinates":[[79.33958,30.56458],[79.34792,30.54375]]},"properties":{"MAIN_RIV":41067217,"LENGTH_KM":2.61,"ORD_STRA":2}},
{"type":"Feature","geometry":{"type":"LineString","coordinates":[[79.36042,30.54792],[79.36458,30.54375]]},"properties":{"MAIN_RIV":41067217,"LENGTH_KM":0.61,"ORD_STRA":1}},
{"type":"Feature","geometry":{"type":"LineString","coordinates":[[79.36458,30.5625],[79.36458,30.54375]]},"properties":{"MAIN_RIV":41067217,"LENGTH_KM":2.08,"ORD_STRA":1}},
{"type":"Feature","geometry":{"type":"LineString","coordinates":[[79.50625,30.56667],[79.51042,30.54375]]},"properties":{"MAIN_RIV":41067217,"LENGTH_KM":2.7,"ORD_STRA":1}},
{"type":"Feature","geometry":{"type":"LineString","coordinates":[[79.51458,30.54792],[79.51042,30.54375]]},"properties":{"MAIN_RIV":41067217,"LENGTH_KM":0.61,"ORD_STRA":5}},
{"type":"Feature","geometry":{"type":"LineString","coordinates":[[79.59375,30.54375],[79.59375,30.54792]]},"properties":{"MAIN_RIV":41067217,"LENGTH_KM":0.46,"ORD_STRA":2}},
{"type":"Feature","geometry":{"type":"LineString","coordinates":[[79.60208,30.54375],[79.59375,30.54792]]},"properties":{"MAIN_RIV":41067217,"LENGTH_KM":1.01,"ORD_STRA":5}},
{"type":"Feature","geometry":{"type":"LineString","coordinates":[[79.65833,30.57917],[79.62708,30.56875],[79.60208,30.54375]]},"properties":{"MAIN_RIV":41067217,"LENGTH_KM":7.19,"ORD_STRA":1}},
{"type":"Feature","geometry":{"type":"LineString","coordinates":[[79.7125,30.57083],[79.74375,30.54375]]},"properties":{"MAIN_RIV":41067217,"LENGTH_KM":4.37,"ORD_STRA":1}},
{"type":"Feature","geometry":{"type":"LineString","coordinates":[[79.74375,30.55],[79.74375,30.54375]]},"properties":{"MAIN_RIV":41067217,"LENGTH_KM":0.69,"ORD_STRA":1}},
{"type":"Feature","geometry":{"type":"LineString","coordinates":[[79.87083,30.54375],[79.84792,30.56042],[79.82708,30.56042]]},"properties":{"MAIN_RIV":41067217,"LENGTH_KM":5.46,"ORD_STRA":1}},
{"type":"Feature","geometry":{"type":"LineString","coordinates":[[80.16667,30.54375],[80.18125,30.54375]]},"properties":{"MAIN_RIV":41067217,"LENGTH_KM":1.4,"ORD_STRA":1}},
{"type":"Feature","geometry":{"type":"LineString","coordinates":[[80.17708,30.54792],[80.18125,30.54375]]},"properties":{"MAIN_RIV":41067217,"LENGTH_KM":0.61,"ORD_STRA":2}},
{"type":"Feature","geometry":{"type":"LineString","coordinates":[[80.27917,30.54792],[80.29375,30.54375]]},"properties":{"MAIN_RIV":41067217,"LENGTH_KM":1.61,"ORD_STRA":1}},
{"type":"Feature","geometry":{"type":"LineString","coordinates":[[80.29375,30.55],[80.29375,30.54375]]},"properties":{"MAIN_RIV":41067217,"LENGTH_KM":0.69,"ORD_STRA":1}},
{"type":"Feature","geometry":{"type":"LineString","coordinates":[[77.92917,30.55625],[77.90625,30.53958]]},"properties":{"MAIN_RIV":41067217,"LENGTH_KM":3.29,"ORD_STRA":1}},
{"type":"Feature","geometry":{"type":"LineString","coordinates":[[78.33542,30.56458],[78.34792,30.53958]]},"properties":{"MAIN_RIV":41067217,"LENGTH_KM":3.22,"ORD_STRA":5}},
{"type":"Feature","geometry":{"type":"LineString","coordinates":[[78.38542,30.54792],[78.37292,30.55208],[78.34792,30.53958]]},"properties":{"MAIN_RIV":41067217,"LENGTH_KM":4.44,"ORD_STRA":2}},
{"type":"Feature","geometry":{"type":"LineString","coordinates":[[78.42917,30.54375],[78.40208,30.53958],[78.38542,30.54792]]},"properties":{"MAIN_RIV":41067217,"LENGTH_KM":4.83,"ORD_STRA":1}},
{"type":"Feature","geometry":{"type":"LineString","coordinates":[[78.63958,30.57292],[78.65208,30.53958]]},"properties":{"MAIN_RIV":41067217,"LENGTH_KM":4.45,"ORD_STRA":3}},
{"type":"Feature","geometry":{"type":"LineString","coordinates":[[78.69167,30.55625],[78.67708,30.55625],[78.66042,30.53958]]},"properties":{"MAIN_RIV":41067217,"LENGTH_KM":4.09,"ORD_STRA":1}},
{"type":"Feature","geometry":{"type":"LineString","coordinates":[[78.68333,30.53958],[78.66042,30.53958]]},"properties":{"MAIN_RIV":41067217,"LENGTH_KM":2.19,"ORD_STRA":1}},
{"type":"Feature","geometry":{"type":"LineString","coordinates":[[78.9625,30.53958],[78.96875,30.53958]]},"properties":{"MAIN_RIV":41067217,"LENGTH_KM":0.6,"ORD_STRA":1}},
{"type":"Feature","geometry":{"type":"LineString","coordinates":[[78.96875,30.55833],[78.96875,30.53958]]},"properties":{"MAIN_RIV":41067217,"LENGTH_KM":2.08,"ORD_STRA":1}},
{"type":"Feature","geometry":{"type":"LineString","coordinates":[[79.34792,30.54375],[79.35208,30.53958]]},"properties":{"MAIN_RIV":41067217,"LENGTH_KM":0.61,"ORD_STRA":2}},
{"type":"Feature","geometry":{"type":"LineString","coordinates":[[79.35625,30.58333],[79.35208,30.53958]]},"properties":{"MAIN_RIV":41067217,"LENGTH_KM":5.01,"ORD_STRA":1}},
{"type":"Feature","geometry":{"type":"LineString","coordinates":[[79.60208,30.53958],[79.60208,30.54375]]},"properties":{"MAIN_RIV":41067217,"LENGTH_KM":0.46,"ORD_STRA":5}},
{"type":"Feature","geometry":{"type":"LineString","coordinates":[[79.60625,30.53958],[79.60208,30.53958]]},"properties":{"MAIN_RIV":41067217,"LENGTH_KM":0.4,"ORD_STRA":2}},
{"type":"Feature","geometry":{"type":"LineString","coordinates":[[79.6125,30.54583],[79.60625,30.53958]]},"properties":{"MAIN_RIV":41067217,"LENGTH_KM":0.92,"ORD_STRA":1}},
{"type":"Feature","geometry":{"type":"LineString","coordinates":[[79.74375,30.54375],[79.74792,30.53958]]},"properties":{"MAIN_RIV":41067217,"LENGTH_KM":0.61,"ORD_STRA":2}},
{"type":"Feature","geometry":{"type":"LineString","coordinates":[[79.75625,30.56042],[79.74792,30.53958]]},"properties":{"MAIN_RIV":41067217,"LENGTH_KM":2.61,"ORD_STRA":5}},
{"type":"Feature","geometry":{"type":"LineString","coordinates":[[79.83542,30.5375],[79.82708,30.56042]]},"properties":{"MAIN_RIV":41067217,"LENGTH_KM":2.84,"ORD_STRA":1}},
{"type":"Feature","geometry":{"type":"LineString","coordinates":[[80.03958,30.55208],[80.05625,30.53958]]},"properties":{"MAIN_RIV":41067217,"LENGTH_KM":2.48,"ORD_STRA":2}},
{"type":"Feature","geometry":{"type":"LineString","coordinates":[[78.66042,30.53958],[78.65208,30.53958]]},"properties":{"MAIN_RIV":41067217,"LENGTH_KM":1.22,"ORD_STRA":2}},
{"type":"Feature","geometry":{"type":"LineString","coordinates":[[78.81042,30.56042],[78.79792,30.53542]]},"properties":{"MAIN_RIV":41067217,"LENGTH_KM":3.22,"ORD_STRA":3}},
{"type":"Feature","geometry":{"type":"LineString","coordinates":[[79.08125,30.55208],[79.09375,30.53542]]},"properties":{"MAIN_RIV":41067217,"LENGTH_KM":2.3,"ORD_STRA":4}},
{"type":"Feature","geometry":{"type":"LineString","coordinates":[[79.12708,30.56042],[79.09375,30.53542]]},"properties":{"MAIN_RIV":41067217,"LENGTH_KM":4.72,"ORD_STRA":4}},
{"type":"Feature","geometry":{"type":"LineString","coordinates":[[79.50208,30.55417],[79.50625,30.53542]]},"properties":{"MAIN_RIV":41067217,"LENGTH_KM":2.23,"ORD_STRA":1}},
{"type":"Feature","geometry":{"type":"LineString","coordinates":[[79.51042,30.54375],[79.50625,30.53542]]},"properties":{"MAIN_RIV":41067217,"LENGTH_KM":1.07,"ORD_STRA":5}},
{"type":"Feature","geometry":{"type":"LineString","coordinates":[[79.58333,30.53333],[79.59375,30.54375]]},"properties":{"MAIN_RIV":41067217,"LENGTH_KM":1.53,"ORD_STRA":1}},
{"type":"Feature","geometry":{"type":"LineString","coordinates":[[79.61042,30.53542],[79.60625,30.53958]]},"properties":{"MAIN_RIV":41067217,"LENGTH_KM":0.61,"ORD_STRA":2}},
{"type":"Feature","geometry":{"type":"LineString","coordinates":[[79.62083,30.53958],[79.61042,30.53542]]},"properties":{"MAIN_RIV":41067217,"LENGTH_KM":1.21,"ORD_STRA":1}},
{"type":"Feature","geometry":{"type":"LineString","coordinates":[[79.6375,30.53542],[79.61042,30.53542]]},"properties":{"MAIN_RIV":41067217,"LENGTH_KM":2.59,"ORD_STRA":1}},
{"type":"Feature","geometry":{"type":"LineString","coordinates":[[79.74792,30.53958],[79.74792,30.53542]]},"properties":{"MAIN_RIV":41067217,"LENGTH_KM":0.46,"ORD_STRA":5}},
{"type":"Feature","geometry":{"type":"LineString","coordinates":[[79.75833,30.53958],[79.74792,30.53542]]},"properties":{"MAIN_RIV":41067217,"LENGTH_KM":1.21,"ORD_STRA":1}},
{"type":"Feature","geometry":{"type":"LineString","coordinates":[[80.22708,30.5625],[80.23125,30.53542]]},"properties":{"MAIN_RIV":41067217,"LENGTH_KM":3.46,"ORD_STRA":1}},
{"type":"Feature","geometry":{"type":"LineString","coordinates":[[80.23542,30.53542],[80.23125,30.53542]]},"properties":{"MAIN_RIV":41067217,"LENGTH_KM":0.4,"ORD_STRA":2}},
{"type":"Feature","geometry":{"type":"LineString","coordinates":[[80.23958,30.53542],[80.23542,30.53542]]},"properties":{"MAIN_RIV":41067217,"LENGTH_KM":0.4,"ORD_STRA":2}},
{"type":"Feature","geometry":{"type":"LineString","coordinates":[[80.24583,30.53542],[80.23958,30.53542]]},"properties":{"MAIN_RIV":41067217,"LENGTH_KM":0.6,"ORD_STRA":1}},
{"type":"Feature","geometry":{"type":"LineString","coordinates":[[78.49792,30.54792],[78.49792,30.53125]]},"properties":{"MAIN_RIV":41067217,"LENGTH_KM":1.85,"ORD_STRA":3}},
{"type":"Feature","geometry":{"type":"LineString","coordinates":[[78.51875,30.54167],[78.51458,30.53125],[78.49792,30.53125]]},"properties":{"MAIN_RIV":41067217,"LENGTH_KM":2.9,"ORD_STRA":1}},
{"type":"Feature","geometry":{"type":"LineString","coordinates":[[78.79792,30.53542],[78.79375,30.53125]]},"properties":{"MAIN_RIV":41067217,"LENGTH_KM":0.61,"ORD_STRA":3}},
{"type":"Feature","geometry":{"type":"LineString","coordinates":[[79.22083,30.54167],[79.19792,30.53125],[79.13542,30.54792],[79.12708,30.56042]]},"properties":{"MAIN_RIV":41067217,"LENGTH_KM":11.25,"ORD_STRA":1}},
{"type":"Feature","geometry":{"type":"LineString","coordinates":[[79.2625,30.54583],[79.27292,30.53125]]},"properties":{"MAIN_RIV":41067217,"LENGTH_KM":1.99,"ORD_STRA":1}},
{"type":"Feature","geometry":{"type":"LineString","coordinates":[[79.28333,30.54375],[79.27292,30.53125]]},"properties":{"MAIN_RIV":41067217,"LENGTH_KM":2.14,"ORD_STRA":1}},
{"type":"Feature","geometry":{"type":"LineString","coordinates":[[79.49375,30.55417],[79.49375,30.53125]]},"properties":{"MAIN_RIV":41067217,"LENGTH_KM":2.55,"ORD_STRA":1}},
{"type":"Feature","geometry":{"type":"LineString","coordinates":[[79.49792,30.53125],[79.49375,30.53125]]},"properties":{"MAIN_RIV":41067217,"LENGTH_KM":0.4,"ORD_STRA":5}},
{"type":"Feature","geometry":{"type":"LineString","coordinates":[[79.49792,30.55417],[79.49792,30.53125]]},"properties":{"MAIN_RIV":41067217,"LENGTH_KM":2.55,"ORD_STRA":1}},
{"type":"Feature","geometry":{"type":"LineString","coordinates":[[79.50208,30.53125],[79.49792,30.53125]]},"properties":{"MAIN_RIV":41067217,"LENGTH_KM":0.4,"ORD_STRA":5}},
{"type":"Feature","geometry":{"type":"LineString","coordinates":[[79.50625,30.53542],[79.50208,30.53125]]},"properties":{"MAIN_RIV":41067217,"LENGTH_KM":0.61,"ORD_STRA":5}},
{"type":"Feature","geometry":{"type":"LineString","coordinates":[[79.52917,30.52917],[79.50625,30.53542]]},"properties":{"MAIN_RIV":41067217,"LENGTH_KM":2.51,"ORD_STRA":1}},
{"type":"Feature","geometry":{"type":"LineString","coordinates":[[79.5875,30.52917],[79.59375,30.54375]]},"properties":{"MAIN_RIV":41067217,"LENGTH_KM":1.84,"ORD_STRA":1}},
{"type":"Feature","geometry":{"type":"LineString","coordinates":[[79.61042,30.53125],[79.60208,30.53958]]},"properties":{"MAIN_RIV":41067217,"LENGTH_KM":1.22,"ORD_STRA":5}},
{"type":"Feature","geometry":{"type":"LineString","coordinates":[[79.65,30.5375],[79.64375,30.53125],[79.61042,30.53125]]},"properties":{"MAIN_RIV":41067217,"LENGTH_KM":4.11,"ORD_STRA":1}},
{"type":"Feature","geometry":{"type":"LineString","coordinates":[[79.71667,30.55417],[79.74375,30.53125]]},"properties":{"MAIN_RIV":41067217,"LENGTH_KM":4.01,"ORD_STRA":1}},
{"type":"Feature","geometry":{"type":"LineString","coordinates":[[79.74792,30.53542],[79.74375,30.53125]]},"properties":{"MAIN_RIV":41067217,"LENGTH_KM":0.61,"ORD_STRA":5}},
{"type":"Feature","geometry":{"type":"LineString","coordinates":[[80.05625,30.53958],[80.06458,30.53125]]},"properties":{"MAIN_RIV":41067217,"LENGTH_KM":1.22,"ORD_STRA":2}},
{"type":"Feature","geometry":{"type":"LineString","coordinates":[[80.06458,30.56042],[80.06458,30.53125]]},"properties":{"MAIN_RIV":41067217,"LENGTH_KM":3.24,"ORD_STRA":2}},
{"type":"Feature","geometry":{"type":"LineString","coordinates":[[78.15,30.54583],[78.16875,30.52708]]},"properties":{"MAIN_RIV":41067217,"LENGTH_KM":3,"ORD_STRA":1}},
{"type":"Feature","geometry":{"type":"LineString","coordinates":[[78.17708,30.54375],[78.16875,30.52708]]},"properties":{"MAIN_RIV":41067217,"LENGTH_KM":2.15,"ORD_STRA":2}},
{"type":"Feature","geometry":{"type":"LineString","coordinates":[[78.34792,30.53958],[78.35625,30.52708]]},"properties":{"MAIN_RIV":41067217,"LENGTH_KM":1.69,"ORD_STRA":5}},
{"type":"Feature","geometry":{"type":"LineString","coordinates":[[78.8375,30.52708],[78.79792,30.53542]]},"properties":{"MAIN_RIV":41067217,"LENGTH_KM":4.22,"ORD_STRA":1}},
{"type":"Feature","geometry":{"type":"LineString","coordinates":[[78.96875,30.53958],[78.97708,30.52708]]},"properties":{"MAIN_RIV":41067217,"LENGTH_KM":1.69,"ORD_STRA":2}},
{"type":"Feature","geometry":{"type":"LineString","coordinates":[[78.97708,30.53333],[78.97708,30.52708]]},"properties":{"MAIN_RIV":41067217,"LENGTH_KM":0.69,"ORD_STRA":1}},
{"type":"Feature","geometry":{"type":"LineString","coordinates":[[80.02917,30.52708],[80.05625,30.53958]]},"properties":{"MAIN_RIV":41067217,"LENGTH_KM":3.23,"ORD_STRA":1}},
{"type":"Feature","geometry":{"type":"LineString","coordinates":[[78.49792,30.53125],[78.49792,30.52292]]},"properties":{"MAIN_RIV":41067217,"LENGTH_KM":0.93,"ORD_STRA":3}},
{"type":"Feature","geometry":{"type":"LineString","coordinates":[[78.65208,30.53958],[78.64375,30.52292]]},"properties":{"MAIN_RIV":41067217,"LENGTH_KM":2.15,"ORD_STRA":3}},
{"type":"Feature","geometry":{"type":"LineString","coordinates":[[78.65,30.52917],[78.64375,30.52292]]},"properties":{"MAIN_RIV":41067217,"LENGTH_KM":0.92,"ORD_STRA":1}},
{"type":"Feature","geometry":{"type":"LineString","coordinates":[[78.75625,30.55833],[78.76458,30.52292]]},"properties":{"MAIN_RIV":41067217,"LENGTH_KM":4.23,"ORD_STRA":1}},
{"type":"Feature","geometry":{"type":"LineString","coordinates":[[78.79375,30.53125],[78.76458,30.52292]]},"properties":{"MAIN_RIV":41067217,"LENGTH_KM":3.22,"ORD_STRA":3}},
{"type":"Feature","geometry":{"type":"LineString","coordinates":[[78.89167,30.53333],[78.91458,30.52292]]},"properties":{"MAIN_RIV":41067217,"LENGTH_KM":2.73,"ORD_STRA":1}},
{"type":"Feature","geometry":{"type":"LineString","coordinates":[[78.91042,30.54375],[78.91458,30.52292]]},"properties":{"MAIN_RIV":41067217,"LENGTH_KM":2.46,"ORD_STRA":2}},
{"type":"Feature","geometry":{"type":"LineString","coordinates":[[79.72917,30.52292],[79.73542,30.52292]]},"properties":{"MAIN_RIV":41067217,"LENGTH_KM":0.6,"ORD_STRA":1}},
{"type":"Feature","geometry":{"type":"LineString","coordinates":[[79.74375,30.53125],[79.73542,30.52292]]},"properties":{"MAIN_RIV":41067217,"LENGTH_KM":1.22,"ORD_STRA":5}},
{"type":"Feature","geometry":{"type":"LineString","coordinates":[[80.18125,30.54375],[80.19375,30.52292]]},"properties":{"MAIN_RIV":41067217,"LENGTH_KM":2.76,"ORD_STRA":2}},
{"type":"Feature","geometry":{"type":"LineString","coordinates":[[80.23125,30.53542],[80.19375,30.52292]]},"properties":{"MAIN_RIV":41067217,"LENGTH_KM":4.23,"ORD_STRA":2}},
{"type":"Feature","geometry":{"type":"LineString","coordinates":[[80.26667,30.52083],[80.23958,30.53542]]},"properties":{"MAIN_RIV":41067217,"LENGTH_KM":3.34,"ORD_STRA":1}},
{"type":"Feature","geometry":{"type":"LineString","coordinates":[[78.31667,30.51667],[78.34792,30.53958]]},"properties":{"MAIN_RIV":41067217,"LENGTH_KM":4.41,"ORD_STRA":1}},
{"type":"Feature","geometry":{"type":"LineString","coordinates":[[78.48333,30.52917],[78.49375,30.51875]]},"properties":{"MAIN_RIV":41067217,"LENGTH_KM":1.53,"ORD_STRA":1}},
{"type":"Feature","geometry":{"type":"LineString","coordinates":[[78.49792,30.52292],[78.49375,30.51875]]},"properties":{"MAIN_RIV":41067217,"LENGTH_KM":0.61,"ORD_STRA":3}},
{"type":"Feature","geometry":{"type":"LineString","coordinates":[[79.3375,30.52292],[79.35208,30.51875]]},"properties":{"MAIN_RIV":41067217,"LENGTH_KM":1.61,"ORD_STRA":1}},
{"type":"Feature","geometry":{"type":"LineString","coordinates":[[79.35208,30.51875],[79.36458,30.51875]]},"properties":{"MAIN_RIV":41067217,"LENGTH_KM":1.2,"ORD_STRA":2}},
{"type":"Feature","geometry":{"type":"LineString","coordinates":[[79.35208,30.53958],[79.36458,30.51875]]},"properties":{"MAIN_RIV":41067217,"LENGTH_KM":2.76,"ORD_STRA":2}},
{"type":"Feature","geometry":{"type":"LineString","coordinates":[[79.43125,30.58958],[79.41875,30.56458],[79.45625,30.54375],[79.47708,30.51875]]},"properties":{"MAIN_RIV":41067217,"LENGTH_KM":11.4,"ORD_STRA":2}},
{"type":"Feature","geometry":{"type":"LineString","coordinates":[[79.49375,30.53125],[79.47708,30.51875]]},"properties":{"MAIN_RIV":41067217,"LENGTH_KM":2.23,"ORD_STRA":5}},
{"type":"Feature","geometry":{"type":"LineString","coordinates":[[79.92917,30.51875],[79.93958,30.52292],[79.94792,30.54375],[79.94375,30.55625]]},"properties":{"MAIN_RIV":41067217,"LENGTH_KM":5.36,"ORD_STRA":1}},
{"type":"Feature","geometry":{"type":"LineString","coordinates":[[80.06458,30.53125],[80.07708,30.51875]]},"properties":{"MAIN_RIV":41067217,"LENGTH_KM":2.08,"ORD_STRA":3}},
{"type":"Feature","geometry":{"type":"LineString","coordinates":[[80.1125,30.53958],[80.08542,30.53542],[80.07708,30.51875]]},"properties":{"MAIN_RIV":41067217,"LENGTH_KM":5.68,"ORD_STRA":1}},
{"type":"Feature","geometry":{"type":"LineString","coordinates":[[80.19375,30.52292],[80.18958,30.51875]]},"properties":{"MAIN_RIV":41067217,"LENGTH_KM":0.61,"ORD_STRA":3}},
{"type":"Feature","geometry":{"type":"LineString","coordinates":[[77.87292,30.58542],[77.84792,30.54792],[77.85208,30.51458]]},"properties":{"MAIN_RIV":41067217,"LENGTH_KM":8.91,"ORD_STRA":2}},
{"type":"Feature","geometry":{"type":"LineString","coordinates":[[77.85625,30.51458],[77.85208,30.51458]]},"properties":{"MAIN_RIV":41067217,"LENGTH_KM":0.4,"ORD_STRA":4}},
{"type":"Feature","geometry":{"type":"LineString","coordinates":[[77.87292,30.51458],[77.85625,30.51458]]},"properties":{"MAIN_RIV":41067217,"LENGTH_KM":2.02,"ORD_STRA":4}},
{"type":"Feature","geometry":{"type":"LineString","coordinates":[[77.90625,30.53958],[77.87292,30.51458]]},"properties":{"MAIN_RIV":41067217,"LENGTH_KM":4.97,"ORD_STRA":4}},
{"type":"Feature","geometry":{"type":"LineString","coordinates":[[77.98542,30.55208],[77.97708,30.52292],[77.98958,30.51458]]},"properties":{"MAIN_RIV":41067217,"LENGTH_KM":5.46,"ORD_STRA":4}},
{"type":"Feature","geometry":{"type":"LineString","coordinates":[[78.02708,30.51458],[77.98958,30.51458]]},"properties":{"MAIN_RIV":41067217,"LENGTH_KM":3.59,"ORD_STRA":3}},
{"type":"Feature","geometry":{"type":"LineString","coordinates":[[78.57083,30.5375],[78.59375,30.51458]]},"properties":{"MAIN_RIV":41067217,"LENGTH_KM":3.61,"ORD_STRA":1}},
{"type":"Feature","geometry":{"type":"LineString","coordinates":[[78.76458,30.52292],[78.75208,30.51458]]},"properties":{"MAIN_RIV":41067217,"LENGTH_KM":1.62,"ORD_STRA":3}},
{"type":"Feature","geometry":{"type":"LineString","coordinates":[[79.34583,30.5125],[79.35208,30.51875]]},"properties":{"MAIN_RIV":41067217,"LENGTH_KM":0.92,"ORD_STRA":1}},
{"type":"Feature","geometry":{"type":"LineString","coordinates":[[79.36458,30.54375],[79.38958,30.51458]]},"properties":{"MAIN_RIV":41067217,"LENGTH_KM":4.13,"ORD_STRA":2}},
{"type":"Feature","geometry":{"type":"LineString","coordinates":[[79.38958,30.51458],[79.39375,30.51458]]},"properties":{"MAIN_RIV":41067217,"LENGTH_KM":0.4,"ORD_STRA":3}},
{"type":"Feature","geometry":{"type":"LineString","coordinates":[[79.38542,30.59583],[79.37708,30.53958],[79.39375,30.51458]]},"properties":{"MAIN_RIV":41067217,"LENGTH_KM":9.92,"ORD_STRA":1}},
{"type":"Feature","geometry":{"type":"LineString","coordinates":[[80.17083,30.51458],[80.18542,30.51458]]},"properties":{"MAIN_RIV":41067217,"LENGTH_KM":1.4,"ORD_STRA":1}},
{"type":"Feature","geometry":{"type":"LineString","coordinates":[[80.18958,30.51875],[80.18542,30.51458]]},"properties":{"MAIN_RIV":41067217,"LENGTH_KM":0.61,"ORD_STRA":3}},
{"type":"Feature","geometry":{"type":"LineString","coordinates":[[80.30417,30.51458],[80.31875,30.51458]]},"properties":{"MAIN_RIV":41067217,"LENGTH_KM":1.82,"ORD_STRA":1}},
{"type":"Feature","geometry":{"type":"LineString","coordinates":[[80.29375,30.54375],[80.31875,30.51458]]},"properties":{"MAIN_RIV":41067217,"LENGTH_KM":4.13,"ORD_STRA":2}},
{"type":"Feature","geometry":{"type":"MultiLineString","coordinates":[[[77.74792,30.59375],[77.75516,30.5865]],[[77.75718,30.58448],[77.76042,30.57818]],[[77.76735,30.57015],[77.77581,30.55752]],[[77.77934,30.55851],[77.79181,30.55402]],[[77.79506,30.55339],[77.79817,30.55625]],[[77.80295,30.55625],[77.80872,30.55625]],[[77.81447,30.5603],[77.81471,30.56042]],[[77.81802,30.56042],[77.82162,30.55079]],[[77.81998,30.54669],[77.82292,30.54269]],[[77.82446,30.53804],[77.82708,30.53386]],[[77.8215,30.52567],[77.81979,30.52396]],[[77.81875,30.51644],[77.81875,30.51042]]]},"properties":{"MAIN_RIV":41067217,"LENGTH_KM":16.71,"ORD_STRA":5}},
{"type":"Feature","geometry":{"type":"LineString","coordinates":[[77.85208,30.51458],[77.81875,30.51042]]},"properties":{"MAIN_RIV":41067217,"LENGTH_KM":3.41,"ORD_STRA":4}},
{"type":"Feature","geometry":{"type":"LineString","coordinates":[[77.98542,30.51042],[77.95208,30.51875],[77.92708,30.51458],[77.90625,30.53958]]},"properties":{"MAIN_RIV":41067217,"LENGTH_KM":10.42,"ORD_STRA":4}},
{"type":"Feature","geometry":{"type":"LineString","coordinates":[[77.98958,30.51458],[77.98542,30.51042]]},"properties":{"MAIN_RIV":41067217,"LENGTH_KM":0.61,"ORD_STRA":4}},
{"type":"Feature","geometry":{"type":"LineString","coordinates":[[78.58333,30.51042],[78.59375,30.51458]]},"properties":{"MAIN_RIV":41067217,"LENGTH_KM":1.21,"ORD_STRA":1}},
{"type":"Feature","geometry":{"type":"LineString","coordinates":[[78.9625,30.51042],[78.97292,30.51042]]},"properties":{"MAIN_RIV":41067217,"LENGTH_KM":1,"ORD_STRA":1}},
{"type":"Feature","geometry":{"type":"LineString","coordinates":[[78.97708,30.52708],[78.97292,30.51042]]},"properties":{"MAIN_RIV":41067217,"LENGTH_KM":2,"ORD_STRA":2}},
{"type":"Feature","geometry":{"type":"LineString","coordinates":[[79.025,30.51458],[79.08542,30.51042]]},"properties":{"MAIN_RIV":41067217,"LENGTH_KM":6,"ORD_STRA":1}},
{"type":"Feature","geometry":{"type":"LineString","coordinates":[[79.09375,30.53542],[79.08542,30.51042]]},"properties":{"MAIN_RIV":41067217,"LENGTH_KM":3.08,"ORD_STRA":5}},
{"type":"Feature","geometry":{"type":"LineString","coordinates":[[79.37083,30.51042],[79.37708,30.51042]]},"properties":{"MAIN_RIV":41067217,"LENGTH_KM":0.6,"ORD_STRA":1}},
{"type":"Feature","geometry":{"type":"LineString","coordinates":[[79.36458,30.51875],[79.37708,30.51042]]},"properties":{"MAIN_RIV":41067217,"LENGTH_KM":1.62,"ORD_STRA":3}},
{"type":"Feature","geometry":{"type":"LineString","coordinates":[[79.37708,30.51042],[79.38958,30.51458]]},"properties":{"MAIN_RIV":41067217,"LENGTH_KM":1.41,"ORD_STRA":3}},
{"type":"Feature","geometry":{"type":"LineString","coordinates":[[79.39375,30.51458],[79.39792,30.51042]]},"properties":{"MAIN_RIV":41067217,"LENGTH_KM":0.61,"ORD_STRA":3}},
{"type":"Feature","geometry":{"type":"LineString","coordinates":[[79.82083,30.51042],[79.74792,30.53542]]},"properties":{"MAIN_RIV":41067217,"LENGTH_KM":8.26,"ORD_STRA":1}},
{"type":"Feature","geometry":{"type":"LineString","coordinates":[[80.24583,30.50833],[80.23542,30.53542]]},"properties":{"MAIN_RIV":41067217,"LENGTH_KM":3.38,"ORD_STRA":1}},
{"type":"Feature","geometry":{"type":"LineString","coordinates":[[78.05208,30.50625],[78.02708,30.51458]]},"properties":{"MAIN_RIV":41067217,"LENGTH_KM":2.82,"ORD_STRA":3}},
{"type":"Feature","geometry":{"type":"LineString","coordinates":[[78.05208,30.5125],[78.05208,30.50625]]},"properties":{"MAIN_RIV":41067217,"LENGTH_KM":0.69,"ORD_STRA":1}},
{"type":"Feature","geometry":{"type":"LineString","coordinates":[[78.53333,30.50417],[78.49792,30.52292]]},"properties":{"MAIN_RIV":41067217,"LENGTH_KM":4.35,"ORD_STRA":1}},
{"type":"Feature","geometry":{"type":"LineString","coordinates":[[78.575,30.57292],[78.62708,30.50625]]},"properties":{"MAIN_RIV":41067217,"LENGTH_KM":9.89,"ORD_STRA":1}},
{"type":"Feature","geometry":{"type":"LineString","coordinates":[[78.64375,30.52292],[78.62708,30.50625]]},"properties":{"MAIN_RIV":41067217,"LENGTH_KM":2.7,"ORD_STRA":3}},
{"type":"Feature","geometry":{"type":"LineString","coordinates":[[78.8375,30.50625],[78.81875,30.51042],[78.79375,30.53125]]},"properties":{"MAIN_RIV":41067217,"LENGTH_KM":5.46,"ORD_STRA":1}},
{"type":"Feature","geometry":{"type":"LineString","coordinates":[[80.07708,30.51875],[80.08125,30.50625]]},"properties":{"MAIN_RIV":41067217,"LENGTH_KM":1.54,"ORD_STRA":3}},
{"type":"Feature","geometry":{"type":"LineString","coordinates":[[80.20833,30.50417],[80.18958,30.51875]]},"properties":{"MAIN_RIV":41067217,"LENGTH_KM":2.54,"ORD_STRA":1}},
{"type":"Feature","geometry":{"type":"LineString","coordinates":[[79.24167,30.50833],[79.26042,30.50208]]},"properties":{"MAIN_RIV":41067217,"LENGTH_KM":2.12,"ORD_STRA":1}},
{"type":"Feature","geometry":{"type":"LineString","coordinates":[[79.27292,30.53125],[79.27292,30.51458],[79.26042,30.50208]]},"properties":{"MAIN_RIV":41067217,"LENGTH_KM":3.98,"ORD_STRA":2}},
{"type":"Feature","geometry":{"type":"LineString","coordinates":[[80.08125,30.50625],[80.08542,30.50208]]},"properties":{"MAIN_RIV":41067217,"LENGTH_KM":0.61,"ORD_STRA":3}},
{"type":"Feature","geometry":{"type":"LineString","coordinates":[[78.06458,30.49792],[78.05208,30.50625]]},"properties":{"MAIN_RIV":41067217,"LENGTH_KM":1.62,"ORD_STRA":3}},
{"type":"Feature","geometry":{"type":"LineString","coordinates":[[78.075,30.5125],[78.06458,30.49792]]},"properties":{"MAIN_RIV":41067217,"LENGTH_KM":1.99,"ORD_STRA":1}},
{"type":"Feature","geometry":{"type":"LineString","coordinates":[[78.10833,30.5375],[78.12708,30.49792]]},"properties":{"MAIN_RIV":41067217,"LENGTH_KM":5.07,"ORD_STRA":1}},
{"type":"Feature","geometry":{"type":"LineString","coordinates":[[78.24792,30.50833],[78.24792,30.49792]]},"properties":{"MAIN_RIV":41067217,"LENGTH_KM":1.16,"ORD_STRA":1}},
{"type":"Feature","geometry":{"type":"LineString","coordinates":[[78.2625,30.50417],[78.24792,30.49792]]},"properties":{"MAIN_RIV":41067217,"LENGTH_KM":1.72,"ORD_STRA":1}},
{"type":"Feature","geometry":{"type":"LineString","coordinates":[[78.32292,30.49583],[78.35625,30.52708]]},"properties":{"MAIN_RIV":41067217,"LENGTH_KM":5.16,"ORD_STRA":1}},
{"type":"Feature","geometry":{"type":"LineString","coordinates":[[78.73125,30.525],[78.72708,30.49792]]},"properties":{"MAIN_RIV":41067217,"LENGTH_KM":3.46,"ORD_STRA":1}},
{"type":"Feature","geometry":{"type":"LineString","coordinates":[[78.75208,30.51458],[78.72708,30.49792]]},"properties":{"MAIN_RIV":41067217,"LENGTH_KM":3.25,"ORD_STRA":3}},
{"type":"Feature","geometry":{"type":"LineString","coordinates":[[78.89167,30.50208],[78.91458,30.49792]]},"properties":{"MAIN_RIV":41067217,"LENGTH_KM":2.41,"ORD_STRA":1}},
{"type":"Feature","geometry":{"type":"LineString","coordinates":[[78.91458,30.52292],[78.91458,30.49792]]},"properties":{"MAIN_RIV":41067217,"LENGTH_KM":3.08,"ORD_STRA":2}},
{"type":"Feature","geometry":{"type":"LineString","coordinates":[[79.08542,30.51042],[79.08958,30.49792]]},"properties":{"MAIN_RIV":41067217,"LENGTH_KM":1.54,"ORD_STRA":5}},
{"type":"Feature","geometry":{"type":"LineString","coordinates":[[79.19583,30.50833],[79.17292,30.50208],[79.14375,30.51042],[79.12708,30.49792]]},"properties":{"MAIN_RIV":41067217,"LENGTH_KM":7.97,"ORD_STRA":1}},
{"type":"Feature","geometry":{"type":"LineString","coordinates":[[79.47708,30.51875],[79.46042,30.49792]]},"properties":{"MAIN_RIV":41067217,"LENGTH_KM":2.91,"ORD_STRA":5}},
{"type":"Feature","geometry":{"type":"LineString","coordinates":[[79.55,30.49583],[79.50208,30.53125]]},"properties":{"MAIN_RIV":41067217,"LENGTH_KM":6.39,"ORD_STRA":1}},
{"type":"Feature","geometry":{"type":"LineString","coordinates":[[79.62292,30.49792],[79.61042,30.53125]]},"properties":{"MAIN_RIV":41067217,"LENGTH_KM":4.15,"ORD_STRA":5}},
{"type":"Feature","geometry":{"type":"LineString","coordinates":[[79.97917,30.50833],[79.98958,30.49792]]},"properties":{"MAIN_RIV":41067217,"LENGTH_KM":1.53,"ORD_STRA":1}},
{"type":"Feature","geometry":{"type":"LineString","coordinates":[[79.99375,30.50833],[79.98958,30.49792]]},"properties":{"MAIN_RIV":41067217,"LENGTH_KM":1.31,"ORD_STRA":1}},
{"type":"Feature","geometry":{"type":"LineString","coordinates":[[78.12708,30.49792],[78.11875,30.49375],[78.10625,30.50208]]},"properties":{"MAIN_RIV":41067217,"LENGTH_KM":2.63,"ORD_STRA":3}},
{"type":"Feature","geometry":{"type":"LineString","coordinates":[[78.16042,30.49375],[78.14792,30.50208],[78.12708,30.49792]]},"properties":{"MAIN_RIV":41067217,"LENGTH_KM":3.83,"ORD_STRA":3}},
{"type":"Feature","geometry":{"type":"LineString","coordinates":[[78.16875,30.52708],[78.16042,30.49375]]},"properties":{"MAIN_RIV":41067217,"LENGTH_KM":4,"ORD_STRA":2}},
{"type":"Feature","geometry":{"type":"LineString","coordinates":[[78.16458,30.49375],[78.16042,30.49375]]},"properties":{"MAIN_RIV":41067217,"LENGTH_KM":0.4,"ORD_STRA":3}},
{"type":"Feature","geometry":{"type":"LineString","coordinates":[[78.35625,30.52708],[78.38958,30.51042],[78.39792,30.49375]]},"properties":{"MAIN_RIV":41067217,"LENGTH_KM":6.19,"ORD_STRA":5}},
{"type":"Feature","geometry":{"type":"LineString","coordinates":[[78.4125,30.50833],[78.39792,30.49375]]},"properties":{"MAIN_RIV":41067217,"LENGTH_KM":2.39,"ORD_STRA":1}},
{"type":"Feature","geometry":{"type":"LineString","coordinates":[[78.77292,30.49167],[78.75208,30.51458]]},"properties":{"MAIN_RIV":41067217,"LENGTH_KM":3.54,"ORD_STRA":1}},
{"type":"Feature","geometry":{"type":"LineString","coordinates":[[79.12708,30.49792],[79.08958,30.49792]]},"properties":{"MAIN_RIV":41067217,"LENGTH_KM":4.02,"ORD_STRA":2}},
{"type":"Feature","geometry":{"type":"LineString","coordinates":[[79.375,30.49375],[79.39792,30.51042]]},"properties":{"MAIN_RIV":41067217,"LENGTH_KM":3.04,"ORD_STRA":1}},
{"type":"Feature","geometry":{"type":"LineString","coordinates":[[79.63542,30.49375],[79.62292,30.49792]]},"properties":{"MAIN_RIV":41067217,"LENGTH_KM":1.41,"ORD_STRA":5}},
{"type":"Feature","geometry":{"type":"LineString","coordinates":[[79.64375,30.49375],[79.63542,30.49375]]},"properties":{"MAIN_RIV":41067217,"LENGTH_KM":0.8,"ORD_STRA":5}},
{"type":"Feature","geometry":{"type":"LineString","coordinates":[[80.0375,30.49167],[80.07292,30.51042],[80.08125,30.50625]]},"properties":{"MAIN_RIV":41067217,"LENGTH_KM":5.36,"ORD_STRA":1}},
{"type":"Feature","geometry":{"type":"LineString","coordinates":[[80.09792,30.50833],[80.10208,30.49375]]},"properties":{"MAIN_RIV":41067217,"LENGTH_KM":1.77,"ORD_STRA":1}},
{"type":"Feature","geometry":{"type":"LineString","coordinates":[[80.125,30.50208],[80.10208,30.49375]]},"properties":{"MAIN_RIV":41067217,"LENGTH_KM":2.62,"ORD_STRA":1}},
{"type":"Feature","geometry":{"type":"LineString","coordinates":[[77.76875,30.48958],[77.76193,30.48958]]},"properties":{"MAIN_RIV":41067217,"LENGTH_KM":0.8,"ORD_STRA":5}},
{"type":"Feature","geometry":{"type":"MultiLineString","coordinates":[[[77.81875,30.51042],[77.81865,30.51032]],[[77.77266,30.49349],[77.76875,30.48958]]]},"properties":{"MAIN_RIV":41067217,"LENGTH_KM":5.85,"ORD_STRA":5}},
{"type":"Feature","geometry":{"type":"LineString","coordinates":[[77.87708,30.4875],[77.85625,30.51458]]},"properties":{"MAIN_RIV":41067217,"LENGTH_KM":4,"ORD_STRA":1}},
{"type":"Feature","geometry":{"type":"LineString","coordinates":[[77.98542,30.4875],[77.99375,30.50208],[77.98542,30.51042]]},"properties":{"MAIN_RIV":41067217,"LENGTH_KM":3.14,"ORD_STRA":1}},
{"type":"Feature","geometry":{"type":"LineString","coordinates":[[78.07292,30.48958],[78.06458,30.49792]]},"properties":{"MAIN_RIV":41067217,"LENGTH_KM":1.22,"ORD_STRA":3}},
{"type":"Feature","geometry":{"type":"LineString","coordinates":[[78.10625,30.50208],[78.07292,30.48958]]},"properties":{"MAIN_RIV":41067217,"LENGTH_KM":3.83,"ORD_STRA":3}},
{"type":"Feature","geometry":{"type":"LineString","coordinates":[[79.39792,30.51042],[79.43125,30.48958]]},"properties":{"MAIN_RIV":41067217,"LENGTH_KM":4.25,"ORD_STRA":3}},
{"type":"Feature","geometry":{"type":"LineString","coordinates":[[79.42083,30.5],[79.43125,30.48958]]},"properties":{"MAIN_RIV":41067217,"LENGTH_KM":1.53,"ORD_STRA":1}},
{"type":"Feature","geometry":{"type":"LineString","coordinates":[[79.63542,30.4875],[79.63542,30.49375]]},"properties":{"MAIN_RIV":41067217,"LENGTH_KM":0.69,"ORD_STRA":1}},
{"type":"Feature","geometry":{"type":"LineString","coordinates":[[79.68125,30.48958],[79.64375,30.49375]]},"properties":{"MAIN_RIV":41067217,"LENGTH_KM":3.81,"ORD_STRA":5}},
{"type":"Feature","geometry":{"type":"LineString","coordinates":[[79.68958,30.48958],[79.68125,30.48958]]},"properties":{"MAIN_RIV":41067217,"LENGTH_KM":0.8,"ORD_STRA":5}},
{"type":"Feature","geometry":{"type":"LineString","coordinates":[[79.69375,30.48958],[79.68958,30.48958]]},"properties":{"MAIN_RIV":41067217,"LENGTH_KM":0.4,"ORD_STRA":5}},
{"type":"Feature","geometry":{"type":"LineString","coordinates":[[79.68958,30.52083],[79.69375,30.48958]]},"properties":{"MAIN_RIV":41067217,"LENGTH_KM":3.62,"ORD_STRA":1}},
{"type":"Feature","geometry":{"type":"LineString","coordinates":[[79.73542,30.52292],[79.73125,30.50625],[79.69375,30.48958]]},"properties":{"MAIN_RIV":41067217,"LENGTH_KM":6.44,"ORD_STRA":5}},
{"type":"Feature","geometry":{"type":"LineString","coordinates":[[80.37083,30.5125],[80.38958,30.49375],[80.40625,30.48958]]},"properties":{"MAIN_RIV":41067217,"LENGTH_KM":4.56,"ORD_STRA":1}},
{"type":"Feature","geometry":{"type":"LineString","coordinates":[[80.40625,30.5],[80.40625,30.48958]]},"properties":{"MAIN_RIV":41067217,"LENGTH_KM":1.16,"ORD_STRA":1}},
{"type":"Feature","geometry":{"type":"LineString","coordinates":[[80.40625,30.48958],[80.41458,30.48958]]},"properties":{"MAIN_RIV":41067217,"LENGTH_KM":0.8,"ORD_STRA":2}},
{"type":"Feature","geometry":{"type":"LineString","coordinates":[[80.42083,30.49583],[80.41458,30.48958]]},"properties":{"MAIN_RIV":41067217,"LENGTH_KM":0.92,"ORD_STRA":1}},
{"type":"Feature","geometry":{"type":"LineString","coordinates":[[77.90417,30.48333],[77.87292,30.51458]]},"properties":{"MAIN_RIV":41067217,"LENGTH_KM":4.84,"ORD_STRA":1}},
{"type":"Feature","geometry":{"type":"LineString","coordinates":[[78.20625,30.48542],[78.16458,30.49375]]},"properties":{"MAIN_RIV":41067217,"LENGTH_KM":4.42,"ORD_STRA":3}},
{"type":"Feature","geometry":{"type":"LineString","coordinates":[[78.21875,30.5125],[78.23125,30.48542]]},"properties":{"MAIN_RIV":41067217,"LENGTH_KM":3.46,"ORD_STRA":1}},
{"type":"Feature","geometry":{"type":"LineString","coordinates":[[78.24792,30.49792],[78.23125,30.48542]]},"properties":{"MAIN_RIV":41067217,"LENGTH_KM":2.23,"ORD_STRA":2}},
{"type":"Feature","geometry":{"type":"LineString","coordinates":[[78.47292,30.5],[78.47708,30.48542]]},"properties":{"MAIN_RIV":41067217,"LENGTH_KM":1.77,"ORD_STRA":1}},
{"type":"Feature","geometry":{"type":"LineString","coordinates":[[78.48125,30.48542],[78.47708,30.48542]]},"properties":{"MAIN_RIV":41067217,"LENGTH_KM":0.4,"ORD_STRA":3}},
{"type":"Feature","geometry":{"type":"LineString","coordinates":[[78.49375,30.51875],[78.48125,30.48542]]},"properties":{"MAIN_RIV":41067217,"LENGTH_KM":4.15,"ORD_STRA":3}},
{"type":"Feature","geometry":{"type":"LineString","coordinates":[[78.97292,30.51042],[78.98542,30.48542]]},"properties":{"MAIN_RIV":41067217,"LENGTH_KM":3.23,"ORD_STRA":2}},
{"type":"Feature","geometry":{"type":"LineString","coordinates":[[79.46042,30.49792],[79.44792,30.48542]]},"properties":{"MAIN_RIV":41067217,"LENGTH_KM":1.83,"ORD_STRA":5}},
{"type":"Feature","geometry":{"type":"LineString","coordinates":[[79.61458,30.48542],[79.62292,30.49792]]},"properties":{"MAIN_RIV":41067217,"LENGTH_KM":1.94,"ORD_STRA":2}},
{"type":"Feature","geometry":{"type":"LineString","coordinates":[[79.98958,30.49792],[79.98958,30.48542]]},"properties":{"MAIN_RIV":41067217,"LENGTH_KM":1.39,"ORD_STRA":2}},
{"type":"Feature","geometry":{"type":"LineString","coordinates":[[79.99583,30.48542],[79.98958,30.48542]]},"properties":{"MAIN_RIV":41067217,"LENGTH_KM":0.6,"ORD_STRA":1}},
{"type":"Feature","geometry":{"type":"LineString","coordinates":[[80.08542,30.50208],[80.09792,30.48542]]},"properties":{"MAIN_RIV":41067217,"LENGTH_KM":2.3,"ORD_STRA":3}},
{"type":"Feature","geometry":{"type":"LineString","coordinates":[[80.10208,30.49375],[80.09792,30.48542]]},"properties":{"MAIN_RIV":41067217,"LENGTH_KM":1.07,"ORD_STRA":2}},
{"type":"Feature","geometry":{"type":"LineString","coordinates":[[78.03542,30.47917],[78.02708,30.51458]]},"properties":{"MAIN_RIV":41067217,"LENGTH_KM":4.24,"ORD_STRA":1}},
{"type":"Feature","geometry":{"type":"LineString","coordinates":[[78.07292,30.47917],[78.07292,30.48958]]},"properties":{"MAIN_RIV":41067217,"LENGTH_KM":1.16,"ORD_STRA":1}},
{"type":"Feature","geometry":{"type":"LineString","coordinates":[[78.2,30.47917],[78.20625,30.48542]]},"properties":{"MAIN_RIV":41067217,"LENGTH_KM":0.92,"ORD_STRA":1}},
{"type":"Feature","geometry":{"type":"LineString","coordinates":[[78.22292,30.48125],[78.20625,30.48542]]},"properties":{"MAIN_RIV":41067217,"LENGTH_KM":1.81,"ORD_STRA":3}},
{"type":"Feature","geometry":{"type":"LineString","coordinates":[[78.23125,30.48542],[78.22292,30.48125]]},"properties":{"MAIN_RIV":41067217,"LENGTH_KM":1.01,"ORD_STRA":2}},
{"type":"Feature","geometry":{"type":"LineString","coordinates":[[78.43542,30.50833],[78.43125,30.48125]]},"properties":{"MAIN_RIV":41067217,"LENGTH_KM":3.16,"ORD_STRA":1}},
{"type":"Feature","geometry":{"type":"LineString","coordinates":[[78.59375,30.51458],[78.62292,30.48125]]},"properties":{"MAIN_RIV":41067217,"LENGTH_KM":4.74,"ORD_STRA":2}},
{"type":"Feature","geometry":{"type":"LineString","coordinates":[[78.62708,30.50625],[78.62292,30.48125]]},"properties":{"MAIN_RIV":41067217,"LENGTH_KM":2.93,"ORD_STRA":3}},
{"type":"Feature","geometry":{"type":"LineString","coordinates":[[79.30833,30.51667],[79.28958,30.49792],[79.28958,30.48125]]},"properties":{"MAIN_RIV":41067217,"LENGTH_KM":4.9,"ORD_STRA":1}},
{"type":"Feature","geometry":{"type":"LineString","coordinates":[[79.30833,30.48125],[79.28958,30.48125]]},"properties":{"MAIN_RIV":41067217,"LENGTH_KM":2.22,"ORD_STRA":1}},
{"type":"Feature","geometry":{"type":"LineString","coordinates":[[79.43125,30.48958],[79.44375,30.48125]]},"properties":{"MAIN_RIV":41067217,"LENGTH_KM":1.87,"ORD_STRA":3}},
{"type":"Feature","geometry":{"type":"LineString","coordinates":[[79.44792,30.48542],[79.44375,30.48125]]},"properties":{"MAIN_RIV":41067217,"LENGTH_KM":0.61,"ORD_STRA":5}},
{"type":"Feature","geometry":{"type":"LineString","coordinates":[[79.59583,30.48125],[79.61458,30.48542]]},"properties":{"MAIN_RIV":41067217,"LENGTH_KM":2.01,"ORD_STRA":1}},
{"type":"Feature","geometry":{"type":"LineString","coordinates":[[80.09792,30.48542],[80.09792,30.48125]]},"properties":{"MAIN_RIV":41067217,"LENGTH_KM":0.46,"ORD_STRA":3}},
{"type":"Feature","geometry":{"type":"LineString","coordinates":[[80.31875,30.51458],[80.33958,30.48125]]},"properties":{"MAIN_RIV":41067217,"LENGTH_KM":4.45,"ORD_STRA":2}},
{"type":"Feature","geometry":{"type":"LineString","coordinates":[[77.83333,30.47708],[77.78125,30.47708],[77.76875,30.48958]]},"properties":{"MAIN_RIV":41067217,"LENGTH_KM":7.5,"ORD_STRA":1}},
{"type":"Feature","geometry":{"type":"LineString","coordinates":[[78.1625,30.475],[78.16458,30.49375]]},"properties":{"MAIN_RIV":41067217,"LENGTH_KM":2.46,"ORD_STRA":1}},
{"type":"Feature","geometry":{"type":"LineString","coordinates":[[78.47708,30.48542],[78.45625,30.47708],[78.43125,30.48125]]},"properties":{"MAIN_RIV":41067217,"LENGTH_KM":5.03,"ORD_STRA":3}},
{"type":"Feature","geometry":{"type":"LineString","coordinates":[[78.50208,30.47708],[78.48125,30.48542]]},"properties":{"MAIN_RIV":41067217,"LENGTH_KM":2.42,"ORD_STRA":2}},
{"type":"Feature","geometry":{"type":"LineString","coordinates":[[78.51667,30.47708],[78.50208,30.47708]]},"properties":{"MAIN_RIV":41067217,"LENGTH_KM":1.4,"ORD_STRA":1}},
{"type":"Feature","geometry":{"type":"LineString","coordinates":[[78.62292,30.48125],[78.62708,30.47708]]},"properties":{"MAIN_RIV":41067217,"LENGTH_KM":0.61,"ORD_STRA":3}},
{"type":"Feature","geometry":{"type":"LineString","coordinates":[[78.7,30.48333],[78.70625,30.47708]]},"properties":{"MAIN_RIV":41067217,"LENGTH_KM":0.92,"ORD_STRA":1}},
{"type":"Feature","geometry":{"type":"LineString","coordinates":[[78.72708,30.49792],[78.70625,30.47708]]},"properties":{"MAIN_RIV":41067217,"LENGTH_KM":3.56,"ORD_STRA":3}},
{"type":"Feature","geometry":{"type":"LineString","coordinates":[[78.975,30.475],[78.98542,30.48542]]},"properties":{"MAIN_RIV":41067217,"LENGTH_KM":1.53,"ORD_STRA":1}},
{"type":"Feature","geometry":{"type":"LineString","coordinates":[[79.49792,30.47708],[79.46042,30.49792]]},"properties":{"MAIN_RIV":41067217,"LENGTH_KM":4.66,"ORD_STRA":2}},
{"type":"Feature","geometry":{"type":"LineString","coordinates":[[79.98125,30.4875],[79.98542,30.47708]]},"properties":{"MAIN_RIV":41067217,"LENGTH_KM":1.31,"ORD_STRA":1}},
{"type":"Feature","geometry":{"type":"LineString","coordinates":[[79.98958,30.48542],[79.98542,30.47708]]},"properties":{"MAIN_RIV":41067217,"LENGTH_KM":1.07,"ORD_STRA":2}},
{"type":"Feature","geometry":{"type":"LineString","coordinates":[[80.0375,30.47708],[80.06458,30.48125],[80.08542,30.50208]]},"properties":{"MAIN_RIV":41067217,"LENGTH_KM":5.87,"ORD_STRA":1}},
{"type":"Feature","geometry":{"type":"LineString","coordinates":[[78.125,30.47083],[78.10625,30.48542],[78.10625,30.50208]]},"properties":{"MAIN_RIV":41067217,"LENGTH_KM":4.69,"ORD_STRA":1}},
{"type":"Feature","geometry":{"type":"LineString","coordinates":[[78.22708,30.47292],[78.22292,30.48125]]},"properties":{"MAIN_RIV":41067217,"LENGTH_KM":1.07,"ORD_STRA":2}},
{"type":"Feature","geometry":{"type":"LineString","coordinates":[[78.34792,30.47292],[78.39792,30.49375]]},"properties":{"MAIN_RIV":41067217,"LENGTH_KM":5.85,"ORD_STRA":3}},
{"type":"Feature","geometry":{"type":"LineString","coordinates":[[79.08958,30.49792],[79.07708,30.47292]]},"properties":{"MAIN_RIV":41067217,"LENGTH_KM":3.23,"ORD_STRA":5}},
{"type":"Feature","geometry":{"type":"LineString","coordinates":[[79.15833,30.47292],[79.12708,30.49792]]},"properties":{"MAIN_RIV":41067217,"LENGTH_KM":4.27,"ORD_STRA":1}},
{"type":"Feature","geometry":{"type":"LineString","coordinates":[[79.70625,30.47292],[79.68958,30.48958]]},"properties":{"MAIN_RIV":41067217,"LENGTH_KM":2.45,"ORD_STRA":4}},
{"type":"Feature","geometry":{"type":"LineString","coordinates":[[80.18542,30.51458],[80.18125,30.47292]]},"properties":{"MAIN_RIV":41067217,"LENGTH_KM":4.78,"ORD_STRA":3}},
{"type":"Feature","geometry":{"type":"LineString","coordinates":[[80.41458,30.48958],[80.43958,30.47292]]},"properties":{"MAIN_RIV":41067217,"LENGTH_KM":3.25,"ORD_STRA":2}},
{"type":"Feature","geometry":{"type":"LineString","coordinates":[[77.72637,30.47363],[77.72708,30.46875]]},"properties":{"MAIN_RIV":41067217,"LENGTH_KM":4.7,"ORD_STRA":1}},
{"type":"Feature","geometry":{"type":"MultiLineString","coordinates":[[[77.74883,30.48217],[77.74148,30.47708]],[[77.73788,30.47538],[77.72708,30.46875]]]},"properties":{"MAIN_RIV":41067217,"LENGTH_KM":3.25,"ORD_STRA":5}},
{"type":"Feature","geometry":{"type":"LineString","coordinates":[[78.39792,30.49375],[78.41458,30.46875]]},"properties":{"MAIN_RIV":41067217,"LENGTH_KM":3.62,"ORD_STRA":5}},
{"type":"Feature","geometry":{"type":"LineString","coordinates":[[78.43125,30.48125],[78.41875,30.48125],[78.41458,30.46875]]},"properties":{"MAIN_RIV":41067217,"LENGTH_KM":3.03,"ORD_STRA":3}},
{"type":"Feature","geometry":{"type":"LineString","coordinates":[[78.5125,30.46667],[78.50208,30.47708]]},"properties":{"MAIN_RIV":41067217,"LENGTH_KM":1.53,"ORD_STRA":1}},
{"type":"Feature","geometry":{"type":"LineString","coordinates":[[78.59167,30.47708],[78.61875,30.46875],[78.62708,30.47708]]},"properties":{"MAIN_RIV":41067217,"LENGTH_KM":4.24,"ORD_STRA":1}},
{"type":"Feature","geometry":{"type":"LineString","coordinates":[[79.24167,30.46875],[79.26458,30.46875]]},"properties":{"MAIN_RIV":41067217,"LENGTH_KM":2.2,"ORD_STRA":1}},
{"type":"Feature","geometry":{"type":"LineString","coordinates":[[79.26042,30.50208],[79.26458,30.46875]]},"properties":{"MAIN_RIV":41067217,"LENGTH_KM":4.15,"ORD_STRA":2}},
{"type":"Feature","geometry":{"type":"LineString","coordinates":[[79.56667,30.46875],[79.53958,30.46875],[79.52292,30.48125],[79.49792,30.47708]]},"properties":{"MAIN_RIV":41067217,"LENGTH_KM":7.44,"ORD_STRA":1}},
{"type":"Feature","geometry":{"type":"LineString","coordinates":[[79.73125,30.46875],[79.70625,30.47292]]},"properties":{"MAIN_RIV":41067217,"LENGTH_KM":3.03,"ORD_STRA":4}},
{"type":"Feature","geometry":{"type":"LineString","coordinates":[[79.75,30.475],[79.73125,30.46875]]},"properties":{"MAIN_RIV":41067217,"LENGTH_KM":2.12,"ORD_STRA":1}},
{"type":"Feature","geometry":{"type":"LineString","coordinates":[[79.87083,30.4875],[79.88542,30.46875]]},"properties":{"MAIN_RIV":41067217,"LENGTH_KM":2.6,"ORD_STRA":1}},
{"type":"Feature","geometry":{"type":"LineString","coordinates":[[79.90208,30.49583],[79.90208,30.48125],[79.88542,30.46875]]},"properties":{"MAIN_RIV":41067217,"LENGTH_KM":3.86,"ORD_STRA":1}},
{"type":"Feature","geometry":{"type":"LineString","coordinates":[[80.09792,30.48125],[80.10625,30.46875]]},"properties":{"MAIN_RIV":41067217,"LENGTH_KM":1.69,"ORD_STRA":3}},
{"type":"Feature","geometry":{"type":"LineString","coordinates":[[80.29167,30.47708],[80.30625,30.46875]]},"properties":{"MAIN_RIV":41067217,"LENGTH_KM":2.07,"ORD_STRA":1}},
{"type":"Feature","geometry":{"type":"LineString","coordinates":[[80.30625,30.46875],[80.33958,30.48125]]},"properties":{"MAIN_RIV":41067217,"LENGTH_KM":3.83,"ORD_STRA":2}},
{"type":"Feature","geometry":{"type":"LineString","coordinates":[[80.33958,30.48125],[80.35208,30.46875]]},"properties":{"MAIN_RIV":41067217,"LENGTH_KM":1.83,"ORD_STRA":3}},
{"type":"Feature","geometry":{"type":"LineString","coordinates":[[78.22708,30.4625],[78.22708,30.47292]]},"properties":{"MAIN_RIV":41067217,"LENGTH_KM":1.16,"ORD_STRA":1}},
{"type":"Feature","geometry":{"type":"LineString","coordinates":[[78.30625,30.47083],[78.30625,30.46458]]},"properties":{"MAIN_RIV":41067217,"LENGTH_KM":0.69,"ORD_STRA":1}},
{"type":"Feature","geometry":{"type":"LineString","coordinates":[[78.30625,30.46458],[78.34792,30.47292]]},"properties":{"MAIN_RIV":41067217,"LENGTH_KM":4.42,"ORD_STRA":2}},
{"type":"Feature","geometry":{"type":"LineString","coordinates":[[78.41458,30.46875],[78.42708,30.46458]]},"properties":{"MAIN_RIV":41067217,"LENGTH_KM":1.41,"ORD_STRA":5}},
{"type":"Feature","geometry":{"type":"LineString","coordinates":[[78.85833,30.47708],[78.91875,30.46458]]},"properties":{"MAIN_RIV":41067217,"LENGTH_KM":6.43,"ORD_STRA":1}},
{"type":"Feature","geometry":{"type":"LineString","coordinates":[[78.91458,30.49792],[78.92292,30.48542],[78.91875,30.46458]]},"properties":{"MAIN_RIV":41067217,"LENGTH_KM":4.15,"ORD_STRA":2}},
{"type":"Feature","geometry":{"type":"LineString","coordinates":[[79.1,30.46458],[79.07708,30.47292]]},"properties":{"MAIN_RIV":41067217,"LENGTH_KM":2.62,"ORD_STRA":1}},
{"type":"Feature","geometry":{"type":"LineString","coordinates":[[79.73542,30.46458],[79.73125,30.46875]]},"properties":{"MAIN_RIV":41067217,"LENGTH_KM":0.61,"ORD_STRA":4}},
{"type":"Feature","geometry":{"type":"LineString","coordinates":[[79.74792,30.46458],[79.73542,30.46458]]},"properties":{"MAIN_RIV":41067217,"LENGTH_KM":1.2,"ORD_STRA":4}},
{"type":"Feature","geometry":{"type":"LineString","coordinates":[[79.7625,30.46875],[79.74792,30.46458]]},"properties":{"MAIN_RIV":41067217,"LENGTH_KM":1.61,"ORD_STRA":1}},
{"type":"Feature","geometry":{"type":"LineString","coordinates":[[80.10625,30.46875],[80.11458,30.46458]]},"properties":{"MAIN_RIV":41067217,"LENGTH_KM":1.01,"ORD_STRA":3}},
{"type":"Feature","geometry":{"type":"LineString","coordinates":[[80.12083,30.46458],[80.11458,30.46458]]},"properties":{"MAIN_RIV":41067217,"LENGTH_KM":0.6,"ORD_STRA":1}},
{"type":"Feature","geometry":{"type":"LineString","coordinates":[[80.21458,30.46458],[80.18125,30.47292]]},"properties":{"MAIN_RIV":41067217,"LENGTH_KM":3.62,"ORD_STRA":2}},
{"type":"Feature","geometry":{"type":"LineString","coordinates":[[80.225,30.47917],[80.21458,30.46458]]},"properties":{"MAIN_RIV":41067217,"LENGTH_KM":1.99,"ORD_STRA":1}},
{"type":"Feature","geometry":{"type":"LineString","coordinates":[[80.42917,30.4625],[80.43958,30.47292]]},"properties":{"MAIN_RIV":41067217,"LENGTH_KM":1.53,"ORD_STRA":1}},
{"type":"Feature","geometry":{"type":"LineString","coordinates":[[78.34792,30.46042],[78.34792,30.47292]]},"properties":{"MAIN_RIV":41067217,"LENGTH_KM":1.39,"ORD_STRA":2}},
{"type":"Feature","geometry":{"type":"LineString","coordinates":[[78.62708,30.47708],[78.63542,30.46042]]},"properties":{"MAIN_RIV":41067217,"LENGTH_KM":2.15,"ORD_STRA":3}},
{"type":"Feature","geometry":{"type":"LineString","coordinates":[[78.65,30.475],[78.63542,30.46042]]},"properties":{"MAIN_RIV":41067217,"LENGTH_KM":2.39,"ORD_STRA":1}},
{"type":"Feature","geometry":{"type":"LineString","coordinates":[[78.98542,30.48542],[79.00625,30.48542],[79.07292,30.46042]]},"properties":{"MAIN_RIV":41067217,"LENGTH_KM":9.66,"ORD_STRA":2}},
{"type":"Feature","geometry":{"type":"LineString","coordinates":[[79.07708,30.47292],[79.07292,30.46042]]},"properties":{"MAIN_RIV":41067217,"LENGTH_KM":1.83,"ORD_STRA":5}},
{"type":"Feature","geometry":{"type":"LineString","coordinates":[[79.26458,30.46875],[79.27292,30.46042]]},"properties":{"MAIN_RIV":41067217,"LENGTH_KM":1.22,"ORD_STRA":2}},
{"type":"Feature","geometry":{"type":"LineString","coordinates":[[79.28958,30.48125],[79.27292,30.46042]]},"properties":{"MAIN_RIV":41067217,"LENGTH_KM":2.91,"ORD_STRA":2}},
{"type":"Feature","geometry":{"type":"LineString","coordinates":[[80.05,30.46042],[80.09792,30.48125]]},"properties":{"MAIN_RIV":41067217,"LENGTH_KM":5.65,"ORD_STRA":1}},
{"type":"Feature","geometry":{"type":"LineString","coordinates":[[80.21875,30.46042],[80.21458,30.46458]]},"properties":{"MAIN_RIV":41067217,"LENGTH_KM":0.61,"ORD_STRA":2}},
{"type":"Feature","geometry":{"type":"LineString","coordinates":[[80.22292,30.46042],[80.21875,30.46042]]},"properties":{"MAIN_RIV":41067217,"LENGTH_KM":0.4,"ORD_STRA":1}},
{"type":"Feature","geometry":{"type":"LineString","coordinates":[[80.26875,30.47917],[80.27708,30.46458],[80.29792,30.46042]]},"properties":{"MAIN_RIV":41067217,"LENGTH_KM":4.13,"ORD_STRA":1}},
{"type":"Feature","geometry":{"type":"LineString","coordinates":[[80.29792,30.46042],[80.30625,30.46875]]},"properties":{"MAIN_RIV":41067217,"LENGTH_KM":1.22,"ORD_STRA":2}},
{"type":"Feature","geometry":{"type":"LineString","coordinates":[[80.34583,30.45833],[80.35208,30.46875]]},"properties":{"MAIN_RIV":41067217,"LENGTH_KM":1.38,"ORD_STRA":1}},
{"type":"Feature","geometry":{"type":"LineString","coordinates":[[80.35208,30.46875],[80.36875,30.46042]]},"properties":{"MAIN_RIV":41067217,"LENGTH_KM":2.02,"ORD_STRA":3}},
{"type":"Feature","geometry":{"type":"LineString","coordinates":[[80.47708,30.47083],[80.47708,30.46042]]},"properties":{"MAIN_RIV":41067217,"LENGTH_KM":1.16,"ORD_STRA":1}},
{"type":"Feature","geometry":{"type":"LineString","coordinates":[[80.4875,30.47083],[80.47708,30.46042]]},"properties":{"MAIN_RIV":41067217,"LENGTH_KM":1.53,"ORD_STRA":1}},
{"type":"Feature","geometry":{"type":"LineString","coordinates":[[78.42708,30.46458],[78.42708,30.45625]]},"properties":{"MAIN_RIV":41067217,"LENGTH_KM":0.93,"ORD_STRA":5}},
{"type":"Feature","geometry":{"type":"LineString","coordinates":[[79.65208,30.45417],[79.64375,30.49375]]},"properties":{"MAIN_RIV":41067217,"LENGTH_KM":4.7,"ORD_STRA":1}},
{"type":"Feature","geometry":{"type":"LineString","coordinates":[[79.8125,30.475],[79.79792,30.45625]]},"properties":{"MAIN_RIV":41067217,"LENGTH_KM":2.6,"ORD_STRA":1}},
{"type":"Feature","geometry":{"type":"LineString","coordinates":[[79.8625,30.46667],[79.86875,30.45625]]},"properties":{"MAIN_RIV":41067217,"LENGTH_KM":1.38,"ORD_STRA":1}},
{"type":"Feature","geometry":{"type":"LineString","coordinates":[[79.88542,30.46875],[79.86875,30.45625]]},"properties":{"MAIN_RIV":41067217,"LENGTH_KM":2.23,"ORD_STRA":2}},
{"type":"Feature","geometry":{"type":"LineString","coordinates":[[80.22292,30.45625],[80.21875,30.46042]]},"properties":{"MAIN_RIV":41067217,"LENGTH_KM":0.61,"ORD_STRA":2}},
{"type":"Feature","geometry":{"type":"LineString","coordinates":[[80.24167,30.46042],[80.22292,30.45625]]},"properties":{"MAIN_RIV":41067217,"LENGTH_KM":2.01,"ORD_STRA":1}},
{"type":"Feature","geometry":{"type":"LineString","coordinates":[[78.42083,30.45208],[78.42708,30.45625]]},"properties":{"MAIN_RIV":41067217,"LENGTH_KM":1.06,"ORD_STRA":1}},
{"type":"Feature","geometry":{"type":"LineString","coordinates":[[78.70625,30.47708],[78.70208,30.45208]]},"properties":{"MAIN_RIV":41067217,"LENGTH_KM":2.93,"ORD_STRA":3}},
{"type":"Feature","geometry":{"type":"LineString","coordinates":[[79.79792,30.45625],[79.77292,30.45208],[79.74792,30.46458]]},"properties":{"MAIN_RIV":41067217,"LENGTH_KM":5.64,"ORD_STRA":4}},
{"type":"Feature","geometry":{"type":"LineString","coordinates":[[80.11458,30.46458],[80.12292,30.45208]]},"properties":{"MAIN_RIV":41067217,"LENGTH_KM":1.69,"ORD_STRA":3}},
{"type":"Feature","geometry":{"type":"LineString","coordinates":[[80.18125,30.47292],[80.16875,30.45208]]},"properties":{"MAIN_RIV":41067217,"LENGTH_KM":2.76,"ORD_STRA":3}},
{"type":"Feature","geometry":{"type":"LineString","coordinates":[[80.30208,30.45],[80.29792,30.46042]]},"properties":{"MAIN_RIV":41067217,"LENGTH_KM":1.31,"ORD_STRA":1}},
{"type":"Feature","geometry":{"type":"MultiLineString","coordinates":[[[77.72708,30.46875],[77.70785,30.46042]],[[77.70466,30.45883],[77.69434,30.45208]]]},"properties":{"MAIN_RIV":41067217,"LENGTH_KM":5.46,"ORD_STRA":5}},
{"type":"Feature","geometry":{"type":"LineString","coordinates":[[78.325,30.44583],[78.34792,30.46042]]},"properties":{"MAIN_RIV":41067217,"LENGTH_KM":2.94,"ORD_STRA":1}},
{"type":"Feature","geometry":{"type":"LineString","coordinates":[[78.35208,30.44583],[78.34792,30.46042]]},"properties":{"MAIN_RIV":41067217,"LENGTH_KM":1.77,"ORD_STRA":1}},
{"type":"Feature","geometry":{"type":"LineString","coordinates":[[79.27292,30.46042],[79.28125,30.44792]]},"properties":{"MAIN_RIV":41067217,"LENGTH_KM":1.69,"ORD_STRA":3}},
{"type":"Feature","geometry":{"type":"LineString","coordinates":[[79.67292,30.44583],[79.68125,30.48958]]},"properties":{"MAIN_RIV":41067217,"LENGTH_KM":5.16,"ORD_STRA":1}},
{"type":"Feature","geometry":{"type":"LineString","coordinates":[[79.69792,30.44583],[79.70625,30.47292]]},"properties":{"MAIN_RIV":41067217,"LENGTH_KM":3.31,"ORD_STRA":1}},
{"type":"Feature","geometry":{"type":"LineString","coordinates":[[80.43958,30.47292],[80.46042,30.44792]]},"properties":{"MAIN_RIV":41067217,"LENGTH_KM":3.52,"ORD_STRA":2}},
{"type":"Feature","geometry":{"type":"LineString","coordinates":[[80.47708,30.46042],[80.46042,30.44792]]},"properties":{"MAIN_RIV":41067217,"LENGTH_KM":2.23,"ORD_STRA":2}},
{"type":"Feature","geometry":{"type":"LineString","coordinates":[[77.8875,30.45833],[77.86458,30.44375]]},"properties":{"MAIN_RIV":41067217,"LENGTH_KM":2.94,"ORD_STRA":1}},
{"type":"Feature","geometry":{"type":"LineString","coordinates":[[78.25,30.44167],[78.22708,30.47292]]},"properties":{"MAIN_RIV":41067217,"LENGTH_KM":4.29,"ORD_STRA":1}},
{"type":"Feature","geometry":{"type":"LineString","coordinates":[[78.29375,30.44167],[78.30625,30.46458]]},"properties":{"MAIN_RIV":41067217,"LENGTH_KM":2.99,"ORD_STRA":1}},
{"type":"Feature","geometry":{"type":"LineString","coordinates":[[78.55417,30.45417],[78.56458,30.44375]]},"properties":{"MAIN_RIV":41067217,"LENGTH_KM":1.53,"ORD_STRA":1}},
{"type":"Feature","geometry":{"type":"LineString","coordinates":[[78.57083,30.45417],[78.56458,30.44375]]},"properties":{"MAIN_RIV":41067217,"LENGTH_KM":1.38,"ORD_STRA":1}},
{"type":"Feature","geometry":{"type":"LineString","coordinates":[[79.26667,30.44167],[79.28125,30.44792]]},"properties":{"MAIN_RIV":41067217,"LENGTH_KM":1.72,"ORD_STRA":1}},
{"type":"Feature","geometry":{"type":"LineString","coordinates":[[79.50625,30.44167],[79.49792,30.47708]]},"properties":{"MAIN_RIV":41067217,"LENGTH_KM":4.24,"ORD_STRA":1}},
{"type":"Feature","geometry":{"type":"LineString","coordinates":[[80.11667,30.44167],[80.12292,30.45208]]},"properties":{"MAIN_RIV":41067217,"LENGTH_KM":1.38,"ORD_STRA":1}},
{"type":"Feature","geometry":{"type":"LineString","coordinates":[[80.1875,30.44375],[80.16875,30.45208]]},"properties":{"MAIN_RIV":41067217,"LENGTH_KM":2.22,"ORD_STRA":1}},
{"type":"Feature","geometry":{"type":"LineString","coordinates":[[80.23958,30.44375],[80.22292,30.45625]]},"properties":{"MAIN_RIV":41067217,"LENGTH_KM":2.49,"ORD_STRA":2}},
{"type":"Feature","geometry":{"type":"LineString","coordinates":[[77.67385,30.44468],[77.64865,30.44032]]},"properties":{"MAIN_RIV":41067217,"LENGTH_KM":3.62,"ORD_STRA":5}},
{"type":"Feature","geometry":{"type":"LineString","coordinates":[[77.91458,30.45417],[77.91042,30.44375],[77.86458,30.44375]]},"properties":{"MAIN_RIV":41067217,"LENGTH_KM":6.13,"ORD_STRA":1}},
{"type":"Feature","geometry":{"type":"LineString","coordinates":[[79.19583,30.44583],[79.20625,30.43958]]},"properties":{"MAIN_RIV":41067217,"LENGTH_KM":1.32,"ORD_STRA":1}},
{"type":"Feature","geometry":{"type":"LineString","coordinates":[[79.20417,30.45833],[79.20625,30.43958]]},"properties":{"MAIN_RIV":41067217,"LENGTH_KM":2.46,"ORD_STRA":1}},
{"type":"Feature","geometry":{"type":"LineString","coordinates":[[79.62292,30.4375],[79.61458,30.48542]]},"properties":{"MAIN_RIV":41067217,"LENGTH_KM":5.63,"ORD_STRA":1}},
{"type":"Feature","geometry":{"type":"LineString","coordinates":[[79.73125,30.43958],[79.73542,30.46458]]},"properties":{"MAIN_RIV":41067217,"LENGTH_KM":2.93,"ORD_STRA":2}},
{"type":"Feature","geometry":{"type":"LineString","coordinates":[[79.74167,30.43958],[79.73125,30.43958]]},"properties":{"MAIN_RIV":41067217,"LENGTH_KM":1,"ORD_STRA":1}},
{"type":"Feature","geometry":{"type":"LineString","coordinates":[[80.12292,30.45208],[80.13542,30.43958]]},"properties":{"MAIN_RIV":41067217,"LENGTH_KM":1.83,"ORD_STRA":3}},
{"type":"Feature","geometry":{"type":"LineString","coordinates":[[80.24583,30.4375],[80.23958,30.44375]]},"properties":{"MAIN_RIV":41067217,"LENGTH_KM":0.92,"ORD_STRA":1}},
{"type":"Feature","geometry":{"type":"LineString","coordinates":[[80.25417,30.43958],[80.23958,30.44375]]},"properties":{"MAIN_RIV":41067217,"LENGTH_KM":1.61,"ORD_STRA":1}},
{"type":"Feature","geometry":{"type":"LineString","coordinates":[[77.86458,30.44375],[77.84375,30.43542]]},"properties":{"MAIN_RIV":41067217,"LENGTH_KM":2.42,"ORD_STRA":2}},
{"type":"Feature","geometry":{"type":"LineString","coordinates":[[78.37083,30.43333],[78.38958,30.45208],[78.42708,30.46458]]},"properties":{"MAIN_RIV":41067217,"LENGTH_KM":7.24,"ORD_STRA":1}},
{"type":"Feature","geometry":{"type":"LineString","coordinates":[[79.98542,30.47708],[79.97292,30.43542]]},"properties":{"MAIN_RIV":41067217,"LENGTH_KM":5.08,"ORD_STRA":2}},
{"type":"Feature","geometry":{"type":"LineString","coordinates":[[80.05417,30.43333],[80.09375,30.46875],[80.10625,30.46875]]},"properties":{"MAIN_RIV":41067217,"LENGTH_KM":7.22,"ORD_STRA":1}},
{"type":"Feature","geometry":{"type":"LineString","coordinates":[[80.56875,30.43333],[80.56875,30.43958]]},"properties":{"MAIN_RIV":41067217,"LENGTH_KM":0.69,"ORD_STRA":1}},
{"type":"Feature","geometry":{"type":"LineString","coordinates":[[77.93333,30.44375],[77.91458,30.44375],[77.89792,30.43125],[77.84375,30.43542]]},"properties":{"MAIN_RIV":41067217,"LENGTH_KM":9.44,"ORD_STRA":1}},
{"type":"Feature","geometry":{"type":"LineString","coordinates":[[78.63542,30.46042],[78.63958,30.43125]]},"properties":{"MAIN_RIV":41067217,"LENGTH_KM":3.39,"ORD_STRA":3}},
{"type":"Feature","geometry":{"type":"LineString","coordinates":[[78.70208,30.45208],[78.66042,30.43125]]},"properties":{"MAIN_RIV":41067217,"LENGTH_KM":5.06,"ORD_STRA":3}},
{"type":"Feature","geometry":{"type":"LineString","coordinates":[[78.75625,30.43125],[78.70208,30.45208]]},"properties":{"MAIN_RIV":41067217,"LENGTH_KM":6.25,"ORD_STRA":2}},
{"type":"Feature","geometry":{"type":"LineString","coordinates":[[78.78333,30.45833],[78.75625,30.43125]]},"properties":{"MAIN_RIV":41067217,"LENGTH_KM":3.98,"ORD_STRA":1}},
{"type":"Feature","geometry":{"type":"LineString","coordinates":[[78.825,30.45417],[78.79792,30.43125]]},"properties":{"MAIN_RIV":41067217,"LENGTH_KM":4.01,"ORD_STRA":1}},
{"type":"Feature","geometry":{"type":"LineString","coordinates":[[78.9,30.43542],[78.91875,30.43125]]},"properties":{"MAIN_RIV":41067217,"LENGTH_KM":2.01,"ORD_STRA":1}},
{"type":"Feature","geometry":{"type":"LineString","coordinates":[[78.91875,30.46458],[78.92708,30.43958],[78.91875,30.43125]]},"properties":{"MAIN_RIV":41067217,"LENGTH_KM":4.3,"ORD_STRA":2}},
{"type":"Feature","geometry":{"type":"LineString","coordinates":[[79.48333,30.43125],[79.45625,30.43542],[79.44792,30.48542]]},"properties":{"MAIN_RIV":41067217,"LENGTH_KM":8.96,"ORD_STRA":1}},
{"type":"Feature","geometry":{"type":"LineString","coordinates":[[79.86875,30.45625],[79.84375,30.43125]]},"properties":{"MAIN_RIV":41067217,"LENGTH_KM":3.67,"ORD_STRA":2}},
{"type":"Feature","geometry":{"type":"LineString","coordinates":[[80.39583,30.43125],[80.40208,30.43125]]},"properties":{"MAIN_RIV":41067217,"LENGTH_KM":0.6,"ORD_STRA":1}},
{"type":"Feature","geometry":{"type":"LineString","coordinates":[[80.36875,30.46042],[80.40208,30.43125]]},"properties":{"MAIN_RIV":41067217,"LENGTH_KM":4.93,"ORD_STRA":3}},
{"type":"Feature","geometry":{"type":"LineString","coordinates":[[80.46042,30.44792],[80.47292,30.43125]]},"properties":{"MAIN_RIV":41067217,"LENGTH_KM":2.3,"ORD_STRA":3}},
{"type":"Feature","geometry":{"type":"LineString","coordinates":[[80.5125,30.44792],[80.49375,30.44792],[80.47292,30.43125]]},"properties":{"MAIN_RIV":41067217,"LENGTH_KM":4.64,"ORD_STRA":1}},
{"type":"Feature","geometry":{"type":"LineString","coordinates":[[80.55833,30.42917],[80.56875,30.43958]]},"properties":{"MAIN_RIV":41067217,"LENGTH_KM":1.53,"ORD_STRA":1}},
{"type":"Feature","geometry":{"type":"LineString","coordinates":[[77.71875,30.42708],[77.6484,30.43958]]},"properties":{"MAIN_RIV":41067217,"LENGTH_KM":8.28,"ORD_STRA":3}},
{"type":"Feature","geometry":{"type":"LineString","coordinates":[[78.66042,30.43125],[78.63958,30.43125]]},"properties":{"MAIN_RIV":41067217,"LENGTH_KM":2.42,"ORD_STRA":3}},
{"type":"Feature","geometry":{"type":"LineString","coordinates":[[78.79792,30.43125],[78.75625,30.43125]]},"properties":{"MAIN_RIV":41067217,"LENGTH_KM":4.42,"ORD_STRA":2}},
{"type":"Feature","geometry":{"type":"LineString","coordinates":[[78.825,30.43125],[78.79792,30.43125]]},"properties":{"MAIN_RIV":41067217,"LENGTH_KM":3.02,"ORD_STRA":1}},
{"type":"Feature","geometry":{"type":"LineString","coordinates":[[79.07292,30.46042],[79.06875,30.42708]]},"properties":{"MAIN_RIV":41067217,"LENGTH_KM":4.15,"ORD_STRA":5}},
{"type":"Feature","geometry":{"type":"LineString","coordinates":[[79.09792,30.42708],[79.06875,30.42708]]},"properties":{"MAIN_RIV":41067217,"LENGTH_KM":2.8,"ORD_STRA":2}},
{"type":"Feature","geometry":{"type":"LineString","coordinates":[[79.83542,30.42708],[79.79792,30.45625]]},"properties":{"MAIN_RIV":41067217,"LENGTH_KM":5.33,"ORD_STRA":4}},
{"type":"Feature","geometry":{"type":"LineString","coordinates":[[79.84375,30.43125],[79.83542,30.42708]]},"properties":{"MAIN_RIV":41067217,"LENGTH_KM":1.01,"ORD_STRA":4}},
{"type":"Feature","geometry":{"type":"LineString","coordinates":[[79.93333,30.47917],[79.94792,30.45625],[79.93958,30.42708]]},"properties":{"MAIN_RIV":41067217,"LENGTH_KM":6.61,"ORD_STRA":1}},
{"type":"Feature","geometry":{"type":"LineString","coordinates":[[79.97292,30.43542],[79.93958,30.42708]]},"properties":{"MAIN_RIV":41067217,"LENGTH_KM":3.62,"ORD_STRA":3}},
{"type":"Feature","geometry":{"type":"LineString","coordinates":[[79.97708,30.42708],[79.97292,30.43542]]},"properties":{"MAIN_RIV":41067217,"LENGTH_KM":1.07,"ORD_STRA":2}},
{"type":"Feature","geometry":{"type":"LineString","coordinates":[[79.99583,30.4375],[79.97708,30.42708]]},"properties":{"MAIN_RIV":41067217,"LENGTH_KM":2.33,"ORD_STRA":1}},
{"type":"Feature","geometry":{"type":"LineString","coordinates":[[80.13542,30.43958],[80.15208,30.42708]]},"properties":{"MAIN_RIV":41067217,"LENGTH_KM":2.23,"ORD_STRA":3}},
{"type":"Feature","geometry":{"type":"LineString","coordinates":[[80.16875,30.45208],[80.15208,30.42708]]},"properties":{"MAIN_RIV":41067217,"LENGTH_KM":3.37,"ORD_STRA":3}},
{"type":"Feature","geometry":{"type":"LineString","coordinates":[[80.32917,30.42708],[80.33542,30.42708]]},"properties":{"MAIN_RIV":41067217,"LENGTH_KM":0.6,"ORD_STRA":1}},
{"type":"Feature","geometry":{"type":"LineString","coordinates":[[80.33542,30.42708],[80.36875,30.46042]]},"properties":{"MAIN_RIV":41067217,"LENGTH_KM":5.14,"ORD_STRA":2}},
{"type":"Feature","geometry":{"type":"LineString","coordinates":[[80.56875,30.43958],[80.60208,30.44792],[80.62292,30.42708]]},"properties":{"MAIN_RIV":41067217,"LENGTH_KM":6.93,"ORD_STRA":2}},
{"type":"Feature","geometry":{"type":"MultiLineString","coordinates":[[[77.62613,30.43447],[77.61275,30.43125]],[[77.60429,30.42929],[77.59439,30.42645]]]},"properties":{"MAIN_RIV":41067217,"LENGTH_KM":8.09,"ORD_STRA":5}},
{"type":"Feature","geometry":{"type":"LineString","coordinates":[[77.73542,30.42292],[77.71875,30.42708]]},"properties":{"MAIN_RIV":41067217,"LENGTH_KM":1.81,"ORD_STRA":3}},
{"type":"Feature","geometry":{"type":"LineString","coordinates":[[77.8,30.44792],[77.76458,30.44375],[77.73542,30.42292]]},"properties":{"MAIN_RIV":41067217,"LENGTH_KM":7.89,"ORD_STRA":1}},
{"type":"Feature","geometry":{"type":"LineString","coordinates":[[78.42708,30.45625],[78.45625,30.42292]]},"properties":{"MAIN_RIV":41067217,"LENGTH_KM":5.54,"ORD_STRA":5}},
{"type":"Feature","geometry":{"type":"LineString","coordinates":[[79.12292,30.42292],[79.09792,30.42708]]},"properties":{"MAIN_RIV":41067217,"LENGTH_KM":2.61,"ORD_STRA":2}},
{"type":"Feature","geometry":{"type":"LineString","coordinates":[[79.15,30.43125],[79.12292,30.42292]]},"properties":{"MAIN_RIV":41067217,"LENGTH_KM":3.02,"ORD_STRA":1}},
{"type":"Feature","geometry":{"type":"LineString","coordinates":[[79.44375,30.48125],[79.42708,30.46458],[79.42708,30.43125],[79.41875,30.42292]]},"properties":{"MAIN_RIV":41067217,"LENGTH_KM":7.38,"ORD_STRA":5}},
{"type":"Feature","geometry":{"type":"LineString","coordinates":[[79.7125,30.42292],[79.72292,30.42292]]},"properties":{"MAIN_RIV":41067217,"LENGTH_KM":1,"ORD_STRA":1}},
{"type":"Feature","geometry":{"type":"LineString","coordinates":[[79.72292,30.42292],[79.73125,30.43958]]},"properties":{"MAIN_RIV":41067217,"LENGTH_KM":2.15,"ORD_STRA":2}},
{"type":"Feature","geometry":{"type":"LineString","coordinates":[[79.92708,30.44583],[79.92708,30.42292]]},"properties":{"MAIN_RIV":41067217,"LENGTH_KM":2.55,"ORD_STRA":1}},
{"type":"Feature","geometry":{"type":"LineString","coordinates":[[79.93958,30.42708],[79.92708,30.42292]]},"properties":{"MAIN_RIV":41067217,"LENGTH_KM":1.41,"ORD_STRA":3}},
{"type":"Feature","geometry":{"type":"LineString","coordinates":[[79.98125,30.42292],[79.97708,30.42708]]},"properties":{"MAIN_RIV":41067217,"LENGTH_KM":0.61,"ORD_STRA":2}},
{"type":"Feature","geometry":{"type":"LineString","coordinates":[[80.32917,30.42083],[80.33542,30.42708]]},"properties":{"MAIN_RIV":41067217,"LENGTH_KM":0.92,"ORD_STRA":1}},
{"type":"Feature","geometry":{"type":"LineString","coordinates":[[80.47292,30.43125],[80.48125,30.42292]]},"properties":{"MAIN_RIV":41067217,"LENGTH_KM":1.22,"ORD_STRA":3}},
{"type":"Feature","geometry":{"type":"LineString","coordinates":[[80.5,30.43125],[80.48125,30.42292]]},"properties":{"MAIN_RIV":41067217,"LENGTH_KM":2.22,"ORD_STRA":1}},
{"type":"Feature","geometry":{"type":"LineString","coordinates":[[80.62292,30.42708],[80.62292,30.42292]]},"properties":{"MAIN_RIV":41067217,"LENGTH_KM":0.46,"ORD_STRA":2}},
{"type":"Feature","geometry":{"type":"LineString","coordinates":[[80.6625,30.42083],[80.63958,30.43125],[80.62292,30.42708]]},"properties":{"MAIN_RIV":41067217,"LENGTH_KM":4.54,"ORD_STRA":1}},
{"type":"Feature","geometry":{"type":"LineString","coordinates":[[78.45625,30.42292],[78.46458,30.41875]]},"properties":{"MAIN_RIV":41067217,"LENGTH_KM":1.01,"ORD_STRA":5}},
{"type":"Feature","geometry":{"type":"LineString","coordinates":[[78.47083,30.42917],[78.46458,30.41875]]},"properties":{"MAIN_RIV":41067217,"LENGTH_KM":1.38,"ORD_STRA":1}},
{"type":"Feature","geometry":{"type":"LineString","coordinates":[[78.63958,30.43125],[78.63542,30.41875]]},"properties":{"MAIN_RIV":41067217,"LENGTH_KM":1.54,"ORD_STRA":4}},
{"type":"Feature","geometry":{"type":"LineString","coordinates":[[79.10417,30.41667],[79.09792,30.42708]]},"properties":{"MAIN_RIV":41067217,"LENGTH_KM":1.38,"ORD_STRA":1}},
{"type":"Feature","geometry":{"type":"LineString","coordinates":[[79.28125,30.44792],[79.30625,30.41875]]},"properties":{"MAIN_RIV":41067217,"LENGTH_KM":4.13,"ORD_STRA":3}},
{"type":"Feature","geometry":{"type":"LineString","coordinates":[[79.32917,30.45],[79.30625,30.43125],[79.30625,30.41875]]},"properties":{"MAIN_RIV":41067217,"LENGTH_KM":4.54,"ORD_STRA":1}},
{"type":"Feature","geometry":{"type":"LineString","coordinates":[[79.88958,30.41875],[79.87708,30.41875],[79.86458,30.43125],[79.84375,30.43125]]},"properties":{"MAIN_RIV":41067217,"LENGTH_KM":5.03,"ORD_STRA":4}},
{"type":"Feature","geometry":{"type":"LineString","coordinates":[[79.90625,30.41875],[79.88958,30.41875]]},"properties":{"MAIN_RIV":41067217,"LENGTH_KM":1.6,"ORD_STRA":3}},
{"type":"Feature","geometry":{"type":"LineString","coordinates":[[79.90625,30.44167],[79.90625,30.41875]]},"properties":{"MAIN_RIV":41067217,"LENGTH_KM":2.55,"ORD_STRA":1}},
{"type":"Feature","geometry":{"type":"LineString","coordinates":[[79.92708,30.42292],[79.90625,30.41875]]},"properties":{"MAIN_RIV":41067217,"LENGTH_KM":2.21,"ORD_STRA":3}},
{"type":"Feature","geometry":{"type":"LineString","coordinates":[[79.98125,30.41667],[79.98125,30.42292]]},"properties":{"MAIN_RIV":41067217,"LENGTH_KM":0.69,"ORD_STRA":1}},
{"type":"Feature","geometry":{"type":"LineString","coordinates":[[79.98542,30.41875],[79.98125,30.42292]]},"properties":{"MAIN_RIV":41067217,"LENGTH_KM":0.61,"ORD_STRA":2}},
{"type":"Feature","geometry":{"type":"LineString","coordinates":[[80.00417,30.42917],[79.98542,30.41875]]},"properties":{"MAIN_RIV":41067217,"LENGTH_KM":2.33,"ORD_STRA":1}},
{"type":"Feature","geometry":{"type":"LineString","coordinates":[[79.72292,30.41458],[79.72292,30.42292]]},"properties":{"MAIN_RIV":41067217,"LENGTH_KM":0.93,"ORD_STRA":2}},
{"type":"Feature","geometry":{"type":"LineString","coordinates":[[80.40208,30.43125],[80.42708,30.41458]]},"properties":{"MAIN_RIV":41067217,"LENGTH_KM":3.25,"ORD_STRA":3}},
{"type":"Feature","geometry":{"type":"LineString","coordinates":[[77.71875,30.40833],[77.71875,30.42708]]},"properties":{"MAIN_RIV":41067217,"LENGTH_KM":2.08,"ORD_STRA":1}},
{"type":"Feature","geometry":{"type":"LineString","coordinates":[[77.75625,30.41042],[77.73542,30.42292]]},"properties":{"MAIN_RIV":41067217,"LENGTH_KM":2.63,"ORD_STRA":3}},
{"type":"Feature","geometry":{"type":"LineString","coordinates":[[77.76458,30.41042],[77.75625,30.41042]]},"properties":{"MAIN_RIV":41067217,"LENGTH_KM":0.8,"ORD_STRA":3}},
{"type":"Feature","geometry":{"type":"LineString","coordinates":[[78.04167,30.43333],[78.05625,30.41042]]},"properties":{"MAIN_RIV":41067217,"LENGTH_KM":3.07,"ORD_STRA":1}},
{"type":"Feature","geometry":{"type":"LineString","coordinates":[[78.07292,30.4375],[78.05625,30.41042]]},"properties":{"MAIN_RIV":41067217,"LENGTH_KM":3.86,"ORD_STRA":1}},
{"type":"Feature","geometry":{"type":"LineString","coordinates":[[78.9875,30.43958],[79.01875,30.43542],[79.05625,30.41042]]},"properties":{"MAIN_RIV":41067217,"LENGTH_KM":8.33,"ORD_STRA":1}},
{"type":"Feature","geometry":{"type":"LineString","coordinates":[[79.06875,30.42708],[79.05625,30.41042]]},"properties":{"MAIN_RIV":41067217,"LENGTH_KM":2.3,"ORD_STRA":5}},
{"type":"Feature","geometry":{"type":"LineString","coordinates":[[79.19583,30.41042],[79.20625,30.41042]]},"properties":{"MAIN_RIV":41067217,"LENGTH_KM":1,"ORD_STRA":1}},
{"type":"Feature","geometry":{"type":"LineString","coordinates":[[79.20625,30.43958],[79.20625,30.41042]]},"properties":{"MAIN_RIV":41067217,"LENGTH_KM":3.24,"ORD_STRA":2}},
{"type":"Feature","geometry":{"type":"LineString","coordinates":[[79.225,30.41458],[79.21458,30.41875],[79.20625,30.41042]]},"properties":{"MAIN_RIV":41067217,"LENGTH_KM":2.44,"ORD_STRA":1}},
{"type":"Feature","geometry":{"type":"LineString","coordinates":[[79.275,30.40833],[79.28125,30.41458],[79.30625,30.41042]]},"properties":{"MAIN_RIV":41067217,"LENGTH_KM":3.53,"ORD_STRA":1}},
{"type":"Feature","geometry":{"type":"LineString","coordinates":[[79.30625,30.41875],[79.30625,30.41042]]},"properties":{"MAIN_RIV":41067217,"LENGTH_KM":1.22,"ORD_STRA":3}},
{"type":"Feature","geometry":{"type":"LineString","coordinates":[[79.3625,30.44167],[79.35625,30.43542],[79.36458,30.41042]]},"properties":{"MAIN_RIV":41067217,"LENGTH_KM":3.99,"ORD_STRA":1}},
{"type":"Feature","geometry":{"type":"LineString","coordinates":[[79.38958,30.41042],[79.36458,30.41042]]},"properties":{"MAIN_RIV":41067217,"LENGTH_KM":2.82,"ORD_STRA":5}},
{"type":"Feature","geometry":{"type":"LineString","coordinates":[[79.41875,30.42292],[79.38958,30.41042]]},"properties":{"MAIN_RIV":41067217,"LENGTH_KM":3.43,"ORD_STRA":5}},
{"type":"Feature","geometry":{"type":"LineString","coordinates":[[79.45417,30.41042],[79.41875,30.42292]]},"properties":{"MAIN_RIV":41067217,"LENGTH_KM":4.03,"ORD_STRA":1}},
{"type":"Feature","geometry":{"type":"LineString","coordinates":[[79.71667,30.40833],[79.72292,30.41458]]},"properties":{"MAIN_RIV":41067217,"LENGTH_KM":0.92,"ORD_STRA":1}},
{"type":"Feature","geometry":{"type":"LineString","coordinates":[[79.72708,30.41042],[79.72292,30.41458]]},"properties":{"MAIN_RIV":41067217,"LENGTH_KM":0.61,"ORD_STRA":2}},
{"type":"Feature","geometry":{"type":"LineString","coordinates":[[80.41458,30.41042],[80.42708,30.41458]]},"properties":{"MAIN_RIV":41067217,"LENGTH_KM":1.41,"ORD_STRA":2}},
{"type":"Feature","geometry":{"type":"LineString","coordinates":[[77.75625,30.40625],[77.75625,30.41042]]},"properties":{"MAIN_RIV":41067217,"LENGTH_KM":0.46,"ORD_STRA":2}},
{"type":"Feature","geometry":{"type":"LineString","coordinates":[[77.77292,30.40625],[77.76458,30.41042]]},"properties":{"MAIN_RIV":41067217,"LENGTH_KM":1.01,"ORD_STRA":3}},
{"type":"Feature","geometry":{"type":"LineString","coordinates":[[77.84375,30.43542],[77.77292,30.40625]]},"properties":{"MAIN_RIV":41067217,"LENGTH_KM":8.28,"ORD_STRA":2}},
{"type":"Feature","geometry":{"type":"LineString","coordinates":[[78.63542,30.41875],[78.61458,30.41458],[78.61042,30.40625]]},"properties":{"MAIN_RIV":41067217,"LENGTH_KM":3.29,"ORD_STRA":4}},
{"type":"Feature","geometry":{"type":"LineString","coordinates":[[78.67083,30.40625],[78.63542,30.41875]]},"properties":{"MAIN_RIV":41067217,"LENGTH_KM":4.03,"ORD_STRA":1}},
{"type":"Feature","geometry":{"type":"LineString","coordinates":[[79.36458,30.41042],[79.35625,30.40625]]},"properties":{"MAIN_RIV":41067217,"LENGTH_KM":1.01,"ORD_STRA":5}},
{"type":"Feature","geometry":{"type":"LineString","coordinates":[[79.83542,30.40625],[79.83542,30.42708]]},"properties":{"MAIN_RIV":41067217,"LENGTH_KM":2.32,"ORD_STRA":3}},
{"type":"Feature","geometry":{"type":"LineString","coordinates":[[80.5875,30.40625],[80.61042,30.41042],[80.62292,30.42292]]},"properties":{"MAIN_RIV":41067217,"LENGTH_KM":4.25,"ORD_STRA":1}},
{"type":"Feature","geometry":{"type":"LineString","coordinates":[[77.77708,30.40208],[77.77292,30.40625]]},"properties":{"MAIN_RIV":41067217,"LENGTH_KM":0.61,"ORD_STRA":3}},
{"type":"Feature","geometry":{"type":"LineString","coordinates":[[78.11875,30.43333],[78.13542,30.40208]]},"properties":{"MAIN_RIV":41067217,"LENGTH_KM":4.32,"ORD_STRA":1}},
{"type":"Feature","geometry":{"type":"LineString","coordinates":[[78.15417,30.42917],[78.13542,30.40208]]},"properties":{"MAIN_RIV":41067217,"LENGTH_KM":3.68,"ORD_STRA":1}},
{"type":"Feature","geometry":{"type":"LineString","coordinates":[[78.56458,30.44375],[78.60208,30.40208]]},"properties":{"MAIN_RIV":41067217,"LENGTH_KM":6.22,"ORD_STRA":2}},
{"type":"Feature","geometry":{"type":"LineString","coordinates":[[78.61042,30.40625],[78.60208,30.40208]]},"properties":{"MAIN_RIV":41067217,"LENGTH_KM":1.01,"ORD_STRA":4}},
{"type":"Feature","geometry":{"type":"LineString","coordinates":[[78.975,30.40625],[78.99792,30.40208]]},"properties":{"MAIN_RIV":41067217,"LENGTH_KM":2.41,"ORD_STRA":1}},
{"type":"Feature","geometry":{"type":"LineString","coordinates":[[78.97917,30.41458],[78.98958,30.41458],[78.99792,30.40208]]},"properties":{"MAIN_RIV":41067217,"LENGTH_KM":2.69,"ORD_STRA":1}},
{"type":"Feature","geometry":{"type":"LineString","coordinates":[[79.72083,30.4],[79.72708,30.41042]]},"properties":{"MAIN_RIV":41067217,"LENGTH_KM":1.38,"ORD_STRA":1}},
{"type":"Feature","geometry":{"type":"LineString","coordinates":[[80.05833,30.4],[80.12292,30.42292],[80.13542,30.43958]]},"properties":{"MAIN_RIV":41067217,"LENGTH_KM":9.91,"ORD_STRA":1}},
{"type":"Feature","geometry":{"type":"LineString","coordinates":[[80.48125,30.42292],[80.49375,30.40208]]},"properties":{"MAIN_RIV":41067217,"LENGTH_KM":2.76,"ORD_STRA":3}},
{"type":"Feature","geometry":{"type":"LineString","coordinates":[[80.50833,30.40833],[80.49375,30.40208]]},"properties":{"MAIN_RIV":41067217,"LENGTH_KM":1.72,"ORD_STRA":1}},
{"type":"Feature","geometry":{"type":"LineString","coordinates":[[78.625,30.39792],[78.61042,30.40625]]},"properties":{"MAIN_RIV":41067217,"LENGTH_KM":1.82,"ORD_STRA":1}},
{"type":"Feature","geometry":{"type":"LineString","coordinates":[[78.85417,30.40833],[78.87292,30.39792]]},"properties":{"MAIN_RIV":41067217,"LENGTH_KM":2.33,"ORD_STRA":1}},
{"type":"Feature","geometry":{"type":"LineString","coordinates":[[78.86875,30.42917],[78.87292,30.39792]]},"properties":{"MAIN_RIV":41067217,"LENGTH_KM":3.92,"ORD_STRA":1}},
{"type":"Feature","geometry":{"type":"LineString","coordinates":[[79.13958,30.39583],[79.12292,30.42292]]},"properties":{"MAIN_RIV":41067217,"LENGTH_KM":3.61,"ORD_STRA":1}},
{"type":"Feature","geometry":{"type":"LineString","coordinates":[[79.36667,30.39583],[79.35625,30.40625]]},"properties":{"MAIN_RIV":41067217,"LENGTH_KM":1.53,"ORD_STRA":1}},
{"type":"Feature","geometry":{"type":"LineString","coordinates":[[80.15208,30.42708],[80.15625,30.39792]]},"properties":{"MAIN_RIV":41067217,"LENGTH_KM":3.39,"ORD_STRA":4}},
{"type":"Feature","geometry":{"type":"LineString","coordinates":[[80.35833,30.40625],[80.37708,30.39792]]},"properties":{"MAIN_RIV":41067217,"LENGTH_KM":2.22,"ORD_STRA":1}},
{"type":"Feature","geometry":{"type":"LineString","coordinates":[[80.37708,30.39792],[80.41458,30.41042]]},"properties":{"MAIN_RIV":41067217,"LENGTH_KM":4.23,"ORD_STRA":2}},
{"type":"Feature","geometry":{"type":"LineString","coordinates":[[77.78958,30.39375],[77.77708,30.40208]]},"properties":{"MAIN_RIV":41067217,"LENGTH_KM":1.62,"ORD_STRA":3}},
{"type":"Feature","geometry":{"type":"LineString","coordinates":[[77.82083,30.40208],[77.78958,30.39375]]},"properties":{"MAIN_RIV":41067217,"LENGTH_KM":3.85,"ORD_STRA":1}},
{"type":"Feature","geometry":{"type":"LineString","coordinates":[[78.2,30.41875],[78.18958,30.41458],[78.18958,30.39375]]},"properties":{"MAIN_RIV":41067217,"LENGTH_KM":3.83,"ORD_STRA":1}},
{"type":"Feature","geometry":{"type":"LineString","coordinates":[[78.22917,30.40625],[78.18958,30.39375]]},"properties":{"MAIN_RIV":41067217,"LENGTH_KM":4.43,"ORD_STRA":1}},
{"type":"Feature","geometry":{"type":"LineString","coordinates":[[78.42292,30.39375],[78.43958,30.40625],[78.44375,30.40208],[78.45625,30.42292]]},"properties":{"MAIN_RIV":41067217,"LENGTH_KM":5.61,"ORD_STRA":2}},
{"type":"Feature","geometry":{"type":"LineString","coordinates":[[79.07083,30.39167],[79.05625,30.41042]]},"properties":{"MAIN_RIV":41067217,"LENGTH_KM":2.6,"ORD_STRA":1}},
{"type":"Feature","geometry":{"type":"LineString","coordinates":[[79.20625,30.41042],[79.21042,30.39375]]},"properties":{"MAIN_RIV":41067217,"LENGTH_KM":2,"ORD_STRA":2}},
{"type":"Feature","geometry":{"type":"LineString","coordinates":[[79.81667,30.39375],[79.82292,30.39375]]},"properties":{"MAIN_RIV":41067217,"LENGTH_KM":0.6,"ORD_STRA":1}},
{"type":"Feature","geometry":{"type":"LineString","coordinates":[[79.82292,30.39375],[79.83542,30.40625]]},"properties":{"MAIN_RIV":41067217,"LENGTH_KM":1.84,"ORD_STRA":2}},
{"type":"Feature","geometry":{"type":"LineString","coordinates":[[79.99792,30.39375],[79.98542,30.41875]]},"properties":{"MAIN_RIV":41067217,"LENGTH_KM":3.23,"ORD_STRA":2}},
{"type":"Feature","geometry":{"type":"LineString","coordinates":[[80.0125,30.40417],[79.99792,30.39375]]},"properties":{"MAIN_RIV":41067217,"LENGTH_KM":1.93,"ORD_STRA":1}},
{"type":"Feature","geometry":{"type":"LineString","coordinates":[[80.13542,30.39375],[80.14792,30.40208],[80.15625,30.39792]]},"properties":{"MAIN_RIV":41067217,"LENGTH_KM":2.63,"ORD_STRA":2}},
{"type":"Feature","geometry":{"type":"LineString","coordinates":[[80.25208,30.40417],[80.25208,30.39375]]},"properties":{"MAIN_RIV":41067217,"LENGTH_KM":1.16,"ORD_STRA":1}},
{"type":"Feature","geometry":{"type":"LineString","coordinates":[[80.25625,30.40417],[80.25208,30.39375]]},"properties":{"MAIN_RIV":41067217,"LENGTH_KM":1.31,"ORD_STRA":1}},
{"type":"Feature","geometry":{"type":"LineString","coordinates":[[77.7375,30.3875],[77.75625,30.40625]]},"properties":{"MAIN_RIV":41067217,"LENGTH_KM":2.75,"ORD_STRA":1}},
{"type":"Feature","geometry":{"type":"LineString","coordinates":[[77.77708,30.38958],[77.77708,30.40208]]},"properties":{"MAIN_RIV":41067217,"LENGTH_KM":1.69,"ORD_STRA":2}},
{"type":"Feature","geometry":{"type":"LineString","coordinates":[[78.18958,30.39375],[78.18542,30.38958]]},"properties":{"MAIN_RIV":41067217,"LENGTH_KM":0.61,"ORD_STRA":2}},
{"type":"Feature","geometry":{"type":"LineString","coordinates":[[78.4,30.4],[78.41458,30.38958],[78.42292,30.39375]]},"properties":{"MAIN_RIV":41067217,"LENGTH_KM":2.94,"ORD_STRA":1}},
{"type":"Feature","geometry":{"type":"LineString","coordinates":[[79.19583,30.38958],[79.21042,30.39375]]},"properties":{"MAIN_RIV":41067217,"LENGTH_KM":1.61,"ORD_STRA":1}},
{"type":"Feature","geometry":{"type":"LineString","coordinates":[[79.30625,30.41042],[79.32292,30.38958]]},"properties":{"MAIN_RIV":41067217,"LENGTH_KM":3.16,"ORD_STRA":3}},
{"type":"Feature","geometry":{"type":"LineString","coordinates":[[79.35625,30.40625],[79.33542,30.40625],[79.32292,30.38958]]},"properties":{"MAIN_RIV":41067217,"LENGTH_KM":4.3,"ORD_STRA":5}},
{"type":"Feature","geometry":{"type":"LineString","coordinates":[[79.92292,30.38958],[79.88958,30.41875]]},"properties":{"MAIN_RIV":41067217,"LENGTH_KM":4.93,"ORD_STRA":3}},
{"type":"Feature","geometry":{"type":"LineString","coordinates":[[80.13542,30.3875],[80.13542,30.39375]]},"properties":{"MAIN_RIV":41067217,"LENGTH_KM":0.69,"ORD_STRA":1}},
{"type":"Feature","geometry":{"type":"LineString","coordinates":[[80.35417,30.38958],[80.37708,30.39792]]},"properties":{"MAIN_RIV":41067217,"LENGTH_KM":2.87,"ORD_STRA":1}},
{"type":"Feature","geometry":{"type":"LineString","coordinates":[[80.40417,30.3875],[80.41458,30.41042]]},"properties":{"MAIN_RIV":41067217,"LENGTH_KM":3.22,"ORD_STRA":1}},
{"type":"Feature","geometry":{"type":"LineString","coordinates":[[78.50833,30.4125],[78.48958,30.38542]]},"properties":{"MAIN_RIV":41067217,"LENGTH_KM":3.68,"ORD_STRA":1}},
{"type":"Feature","geometry":{"type":"LineString","coordinates":[[78.87292,30.39792],[78.87708,30.38542]]},"properties":{"MAIN_RIV":41067217,"LENGTH_KM":1.54,"ORD_STRA":2}},
{"type":"Feature","geometry":{"type":"LineString","coordinates":[[78.99792,30.40208],[79.01042,30.38542]]},"properties":{"MAIN_RIV":41067217,"LENGTH_KM":2.3,"ORD_STRA":2}},
{"type":"Feature","geometry":{"type":"LineString","coordinates":[[79.01458,30.38542],[79.01042,30.38542]]},"properties":{"MAIN_RIV":41067217,"LENGTH_KM":0.4,"ORD_STRA":5}},
{"type":"Feature","geometry":{"type":"LineString","coordinates":[[79.05625,30.41042],[79.01458,30.38542]]},"properties":{"MAIN_RIV":41067217,"LENGTH_KM":5.52,"ORD_STRA":5}},
{"type":"Feature","geometry":{"type":"LineString","coordinates":[[79.32292,30.38958],[79.32292,30.38542]]},"properties":{"MAIN_RIV":41067217,"LENGTH_KM":0.46,"ORD_STRA":5}},
{"type":"Feature","geometry":{"type":"LineString","coordinates":[[79.41875,30.38542],[79.38958,30.41042]]},"properties":{"MAIN_RIV":41067217,"LENGTH_KM":4.07,"ORD_STRA":3}},
{"type":"Feature","geometry":{"type":"LineString","coordinates":[[79.75625,30.38542],[79.72708,30.41042]]},"properties":{"MAIN_RIV":41067217,"LENGTH_KM":4.07,"ORD_STRA":2}},
{"type":"Feature","geometry":{"type":"LineString","coordinates":[[79.8125,30.38333],[79.82292,30.39375]]},"properties":{"MAIN_RIV":41067217,"LENGTH_KM":1.53,"ORD_STRA":1}},
{"type":"Feature","geometry":{"type":"LineString","coordinates":[[80.00208,30.38333],[79.99792,30.39375]]},"properties":{"MAIN_RIV":41067217,"LENGTH_KM":1.31,"ORD_STRA":1}},
{"type":"Feature","geometry":{"type":"LineString","coordinates":[[80.15625,30.39792],[80.16458,30.38542]]},"properties":{"MAIN_RIV":41067217,"LENGTH_KM":1.69,"ORD_STRA":4}},
{"type":"Feature","geometry":{"type":"LineString","coordinates":[[80.19583,30.40625],[80.16458,30.38542]]},"properties":{"MAIN_RIV":41067217,"LENGTH_KM":4.31,"ORD_STRA":1}},
{"type":"Feature","geometry":{"type":"LineString","coordinates":[[80.7,30.38958],[80.71042,30.38542]]},"properties":{"MAIN_RIV":41067217,"LENGTH_KM":1.21,"ORD_STRA":1}},
{"type":"Feature","geometry":{"type":"LineString","coordinates":[[80.72083,30.39583],[80.71042,30.38542]]},"properties":{"MAIN_RIV":41067217,"LENGTH_KM":1.78,"ORD_STRA":1}},
{"type":"Feature","geometry":{"type":"LineString","coordinates":[[77.80625,30.38125],[77.78958,30.39375]]},"properties":{"MAIN_RIV":41067217,"LENGTH_KM":2.49,"ORD_STRA":3}},
{"type":"Feature","geometry":{"type":"LineString","coordinates":[[77.87083,30.40625],[77.80625,30.38125]]},"properties":{"MAIN_RIV":41067217,"LENGTH_KM":7.47,"ORD_STRA":1}},
{"type":"Feature","geometry":{"type":"LineString","coordinates":[[78.20417,30.37917],[78.18542,30.38958]]},"properties":{"MAIN_RIV":41067217,"LENGTH_KM":2.33,"ORD_STRA":1}},
{"type":"Feature","geometry":{"type":"LineString","coordinates":[[78.46458,30.41875],[78.48125,30.38125]]},"properties":{"MAIN_RIV":41067217,"LENGTH_KM":4.76,"ORD_STRA":5}},
{"type":"Feature","geometry":{"type":"LineString","coordinates":[[78.48958,30.38542],[78.48125,30.38125]]},"properties":{"MAIN_RIV":41067217,"LENGTH_KM":1.01,"ORD_STRA":4}},
{"type":"Feature","geometry":{"type":"LineString","coordinates":[[78.8625,30.38125],[78.87708,30.38542]]},"properties":{"MAIN_RIV":41067217,"LENGTH_KM":1.61,"ORD_STRA":1}},
{"type":"Feature","geometry":{"type":"LineString","coordinates":[[79.41875,30.37917],[79.41875,30.38542]]},"properties":{"MAIN_RIV":41067217,"LENGTH_KM":0.69,"ORD_STRA":1}},
{"type":"Feature","geometry":{"type":"LineString","coordinates":[[79.43125,30.38125],[79.41875,30.38542]]},"properties":{"MAIN_RIV":41067217,"LENGTH_KM":1.41,"ORD_STRA":3}},
{"type":"Feature","geometry":{"type":"LineString","coordinates":[[79.64375,30.38125],[79.63958,30.38125]]},"properties":{"MAIN_RIV":41067217,"LENGTH_KM":0.4,"ORD_STRA":2}},
{"type":"Feature","geometry":{"type":"LineString","coordinates":[[79.64375,30.3875],[79.64375,30.38125]]},"properties":{"MAIN_RIV":41067217,"LENGTH_KM":0.69,"ORD_STRA":1}},
{"type":"Feature","geometry":{"type":"LineString","coordinates":[[80.62292,30.42292],[80.65208,30.38125]]},"properties":{"MAIN_RIV":41067217,"LENGTH_KM":5.92,"ORD_STRA":2}},
{"type":"Feature","geometry":{"type":"LineString","coordinates":[[79.34167,30.37708],[79.32292,30.38542]]},"properties":{"MAIN_RIV":41067217,"LENGTH_KM":2.22,"ORD_STRA":1}},
{"type":"Feature","geometry":{"type":"LineString","coordinates":[[79.53958,30.37708],[79.52708,30.37708]]},"properties":{"MAIN_RIV":41067217,"LENGTH_KM":1.2,"ORD_STRA":2}},
{"type":"Feature","geometry":{"type":"LineString","coordinates":[[79.54792,30.4375],[79.53958,30.37708]]},"properties":{"MAIN_RIV":41067217,"LENGTH_KM":7.01,"ORD_STRA":1}},
{"type":"Feature","geometry":{"type":"LineString","coordinates":[[80.15833,30.37708],[80.16458,30.37708]]},"properties":{"MAIN_RIV":41067217,"LENGTH_KM":0.6,"ORD_STRA":1}},
{"type":"Feature","geometry":{"type":"LineString","coordinates":[[80.16458,30.38542],[80.16458,30.37708]]},"properties":{"MAIN_RIV":41067217,"LENGTH_KM":0.93,"ORD_STRA":4}},
{"type":"Feature","geometry":{"type":"LineString","coordinates":[[80.25208,30.39375],[80.23125,30.37708]]},"properties":{"MAIN_RIV":41067217,"LENGTH_KM":2.85,"ORD_STRA":2}},
{"type":"Feature","geometry":{"type":"LineString","coordinates":[[80.3,30.37708],[80.30625,30.37708]]},"properties":{"MAIN_RIV":41067217,"LENGTH_KM":0.6,"ORD_STRA":1}},
{"type":"Feature","geometry":{"type":"LineString","coordinates":[[80.29167,30.40833],[80.30625,30.37708]]},"properties":{"MAIN_RIV":41067217,"LENGTH_KM":4,"ORD_STRA":1}},
{"type":"Feature","geometry":{"type":"LineString","coordinates":[[80.42708,30.41458],[80.44792,30.37708]]},"properties":{"MAIN_RIV":41067217,"LENGTH_KM":4.91,"ORD_STRA":3}},
{"type":"Feature","geometry":{"type":"LineString","coordinates":[[80.6,30.37708],[80.65208,30.38125]]},"properties":{"MAIN_RIV":41067217,"LENGTH_KM":5.63,"ORD_STRA":1}},
{"type":"Feature","geometry":{"type":"LineString","coordinates":[[77.75,30.37083],[77.76458,30.38958],[77.76458,30.41042]]},"properties":{"MAIN_RIV":41067217,"LENGTH_KM":5.22,"ORD_STRA":1}},
{"type":"Feature","geometry":{"type":"LineString","coordinates":[[77.77292,30.37083],[77.77708,30.38958]]},"properties":{"MAIN_RIV":41067217,"LENGTH_KM":2.23,"ORD_STRA":1}},
{"type":"Feature","geometry":{"type":"LineString","coordinates":[[78.4625,30.37708],[78.47708,30.37292]]},"properties":{"MAIN_RIV":41067217,"LENGTH_KM":1.61,"ORD_STRA":1}},
{"type":"Feature","geometry":{"type":"LineString","coordinates":[[78.48125,30.38125],[78.47708,30.37292]]},"properties":{"MAIN_RIV":41067217,"LENGTH_KM":1.07,"ORD_STRA":5}},
{"type":"Feature","geometry":{"type":"LineString","coordinates":[[78.53958,30.4],[78.55625,30.37292]]},"properties":{"MAIN_RIV":41067217,"LENGTH_KM":3.86,"ORD_STRA":1}},
{"type":"Feature","geometry":{"type":"LineString","coordinates":[[78.57292,30.37292],[78.55625,30.37292]]},"properties":{"MAIN_RIV":41067217,"LENGTH_KM":2.02,"ORD_STRA":4}},
{"type":"Feature","geometry":{"type":"LineString","coordinates":[[78.60208,30.40208],[78.57292,30.37292]]},"properties":{"MAIN_RIV":41067217,"LENGTH_KM":4.53,"ORD_STRA":4}},
{"type":"Feature","geometry":{"type":"LineString","coordinates":[[78.8125,30.37708],[78.77708,30.37292],[78.72292,30.39375],[78.66042,30.43125]]},"properties":{"MAIN_RIV":41067217,"LENGTH_KM":17.77,"ORD_STRA":1}},
{"type":"Feature","geometry":{"type":"LineString","coordinates":[[79.55208,30.37292],[79.53958,30.37708]]},"properties":{"MAIN_RIV":41067217,"LENGTH_KM":1.41,"ORD_STRA":2}},
{"type":"Feature","geometry":{"type":"LineString","coordinates":[[79.55208,30.38333],[79.55208,30.37292]]},"properties":{"MAIN_RIV":41067217,"LENGTH_KM":1.16,"ORD_STRA":1}},
{"type":"Feature","geometry":{"type":"LineString","coordinates":[[79.59167,30.37917],[79.58542,30.37292]]},"properties":{"MAIN_RIV":41067217,"LENGTH_KM":0.92,"ORD_STRA":1}},
{"type":"Feature","geometry":{"type":"LineString","coordinates":[[79.63958,30.38125],[79.61875,30.38542],[79.58542,30.37292]]},"properties":{"MAIN_RIV":41067217,"LENGTH_KM":6.04,"ORD_STRA":2}},
{"type":"Feature","geometry":{"type":"LineString","coordinates":[[80.30625,30.37708],[80.31042,30.37292]]},"properties":{"MAIN_RIV":41067217,"LENGTH_KM":0.61,"ORD_STRA":2}},
{"type":"Feature","geometry":{"type":"LineString","coordinates":[[80.31458,30.38333],[80.31042,30.37292]]},"properties":{"MAIN_RIV":41067217,"LENGTH_KM":1.31,"ORD_STRA":1}},
{"type":"Feature","geometry":{"type":"LineString","coordinates":[[80.49375,30.40208],[80.48958,30.39792],[80.51875,30.37292]]},"properties":{"MAIN_RIV":41067217,"LENGTH_KM":4.93,"ORD_STRA":3}},
{"type":"Feature","geometry":{"type":"LineString","coordinates":[[80.54167,30.4],[80.51875,30.37292]]},"properties":{"MAIN_RIV":41067217,"LENGTH_KM":4.08,"ORD_STRA":1}},
{"type":"Feature","geometry":{"type":"LineString","coordinates":[[80.71042,30.38542],[80.71042,30.37292]]},"properties":{"MAIN_RIV":41067217,"LENGTH_KM":1.39,"ORD_STRA":2}},
{"type":"Feature","geometry":{"type":"LineString","coordinates":[[77.57708,30.41489],[77.5773,30.3977]]},"properties":{"MAIN_RIV":41067217,"LENGTH_KM":6.47,"ORD_STRA":5}},
{"type":"Feature","geometry":{"type":"LineString","coordinates":[[78.40208,30.36667],[78.40208,30.38125],[78.42292,30.39375]]},"properties":{"MAIN_RIV":41067217,"LENGTH_KM":4.51,"ORD_STRA":1}},
{"type":"Feature","geometry":{"type":"LineString","coordinates":[[78.55625,30.37292],[78.54375,30.36875],[78.52708,30.38125],[78.48958,30.38542]]},"properties":{"MAIN_RIV":41067217,"LENGTH_KM":7.88,"ORD_STRA":4}},
{"type":"Feature","geometry":{"type":"LineString","coordinates":[[78.91875,30.43125],[78.91458,30.40625],[78.92708,30.39375],[78.93125,30.36875]]},"properties":{"MAIN_RIV":41067217,"LENGTH_KM":7.69,"ORD_STRA":2}},
{"type":"Feature","geometry":{"type":"LineString","coordinates":[[79.43125,30.36667],[79.43125,30.38125]]},"properties":{"MAIN_RIV":41067217,"LENGTH_KM":1.62,"ORD_STRA":1}},
{"type":"Feature","geometry":{"type":"LineString","coordinates":[[79.46458,30.36875],[79.43125,30.38125]]},"properties":{"MAIN_RIV":41067217,"LENGTH_KM":3.83,"ORD_STRA":3}},
{"type":"Feature","geometry":{"type":"LineString","coordinates":[[79.48542,30.36875],[79.46458,30.36875]]},"properties":{"MAIN_RIV":41067217,"LENGTH_KM":2,"ORD_STRA":2}},
{"type":"Feature","geometry":{"type":"LineString","coordinates":[[79.52708,30.37708],[79.50625,30.38125],[79.48542,30.36875]]},"properties":{"MAIN_RIV":41067217,"LENGTH_KM":4.85,"ORD_STRA":2}},
{"type":"Feature","geometry":{"type":"LineString","coordinates":[[79.52708,30.36667],[79.52708,30.37708]]},"properties":{"MAIN_RIV":41067217,"LENGTH_KM":1.16,"ORD_STRA":1}},
{"type":"Feature","geometry":{"type":"LineString","coordinates":[[79.69583,30.36875],[79.67708,30.38125],[79.64375,30.38125]]},"properties":{"MAIN_RIV":41067217,"LENGTH_KM":5.63,"ORD_STRA":1}},
{"type":"Feature","geometry":{"type":"LineString","coordinates":[[79.93125,30.36875],[79.92292,30.38958]]},"properties":{"MAIN_RIV":41067217,"LENGTH_KM":2.61,"ORD_STRA":3}},
{"type":"Feature","geometry":{"type":"LineString","coordinates":[[80.03333,30.36875],[80.06458,30.37292],[80.12292,30.39792],[80.13542,30.39375]]},"properties":{"MAIN_RIV":41067217,"LENGTH_KM":11.49,"ORD_STRA":1}},
{"type":"Feature","geometry":{"type":"LineString","coordinates":[[80.30625,30.36667],[80.31042,30.37292]]},"properties":{"MAIN_RIV":41067217,"LENGTH_KM":1.09,"ORD_STRA":1}},
{"type":"Feature","geometry":{"type":"LineString","coordinates":[[80.69167,30.36875],[80.71042,30.37292]]},"properties":{"MAIN_RIV":41067217,"LENGTH_KM":2.01,"ORD_STRA":1}},
{"type":"Feature","geometry":{"type":"LineString","coordinates":[[77.73333,30.3625],[77.76042,30.39792],[77.75625,30.40625]]},"properties":{"MAIN_RIV":41067217,"LENGTH_KM":5.98,"ORD_STRA":1}},
{"type":"Feature","geometry":{"type":"LineString","coordinates":[[78.18542,30.38958],[78.17292,30.38125],[78.16458,30.38542],[78.14375,30.36458]]},"properties":{"MAIN_RIV":41067217,"LENGTH_KM":5.7,"ORD_STRA":2}},
{"type":"Feature","geometry":{"type":"LineString","coordinates":[[78.975,30.375],[78.98125,30.36458]]},"properties":{"MAIN_RIV":41067217,"LENGTH_KM":1.38,"ORD_STRA":1}},
{"type":"Feature","geometry":{"type":"LineString","coordinates":[[79.01042,30.38542],[78.98125,30.36458]]},"properties":{"MAIN_RIV":41067217,"LENGTH_KM":4.11,"ORD_STRA":5}},
{"type":"Feature","geometry":{"type":"LineString","coordinates":[[79.56042,30.36458],[79.55208,30.37292]]},"properties":{"MAIN_RIV":41067217,"LENGTH_KM":1.22,"ORD_STRA":2}},
{"type":"Feature","geometry":{"type":"LineString","coordinates":[[79.57708,30.36458],[79.56042,30.36458]]},"properties":{"MAIN_RIV":41067217,"LENGTH_KM":1.6,"ORD_STRA":2}},
{"type":"Feature","geometry":{"type":"LineString","coordinates":[[79.58542,30.37292],[79.57708,30.36458]]},"properties":{"MAIN_RIV":41067217,"LENGTH_KM":1.22,"ORD_STRA":2}},
{"type":"Feature","geometry":{"type":"LineString","coordinates":[[79.75417,30.3625],[79.75625,30.38542]]},"properties":{"MAIN_RIV":41067217,"LENGTH_KM":2.92,"ORD_STRA":1}},
{"type":"Feature","geometry":{"type":"LineString","coordinates":[[79.9,30.3625],[79.92292,30.38958]]},"properties":{"MAIN_RIV":41067217,"LENGTH_KM":3.83,"ORD_STRA":1}},
{"type":"Feature","geometry":{"type":"LineString","coordinates":[[79.93958,30.36458],[79.93125,30.36875]]},"properties":{"MAIN_RIV":41067217,"LENGTH_KM":1.01,"ORD_STRA":2}},
{"type":"Feature","geometry":{"type":"LineString","coordinates":[[79.94583,30.37083],[79.93958,30.36458]]},"properties":{"MAIN_RIV":41067217,"LENGTH_KM":0.92,"ORD_STRA":1}},
{"type":"Feature","geometry":{"type":"LineString","coordinates":[[80.44792,30.37708],[80.45208,30.36458]]},"properties":{"MAIN_RIV":41067217,"LENGTH_KM":1.54,"ORD_STRA":3}},
{"type":"Feature","geometry":{"type":"LineString","coordinates":[[80.51875,30.37292],[80.53958,30.36458]]},"properties":{"MAIN_RIV":41067217,"LENGTH_KM":2.42,"ORD_STRA":3}},
{"type":"Feature","geometry":{"type":"LineString","coordinates":[[77.82292,30.36042],[77.80625,30.38125]]},"properties":{"MAIN_RIV":41067217,"LENGTH_KM":2.91,"ORD_STRA":3}},
{"type":"Feature","geometry":{"type":"LineString","coordinates":[[78.01042,30.4375],[78.00625,30.41458],[78.02708,30.39375],[78.00208,30.36042]]},"properties":{"MAIN_RIV":41067217,"LENGTH_KM":10.61,"ORD_STRA":1}},
{"type":"Feature","geometry":{"type":"LineString","coordinates":[[78.15,30.35833],[78.14375,30.36458]]},"properties":{"MAIN_RIV":41067217,"LENGTH_KM":0.92,"ORD_STRA":1}},
{"type":"Feature","geometry":{"type":"LineString","coordinates":[[78.26667,30.39583],[78.25208,30.38125],[78.26458,30.36042]]},"properties":{"MAIN_RIV":41067217,"LENGTH_KM":4.9,"ORD_STRA":1}},
{"type":"Feature","geometry":{"type":"LineString","coordinates":[[78.28542,30.38333],[78.28542,30.37292],[78.26458,30.36042]]},"properties":{"MAIN_RIV":41067217,"LENGTH_KM":3.79,"ORD_STRA":1}},
{"type":"Feature","geometry":{"type":"LineString","coordinates":[[78.87708,30.38542],[78.91875,30.36042],[78.93125,30.36875]]},"properties":{"MAIN_RIV":41067217,"LENGTH_KM":6.89,"ORD_STRA":2}},
{"type":"Feature","geometry":{"type":"LineString","coordinates":[[79.21042,30.39375],[79.23125,30.36042]]},"properties":{"MAIN_RIV":41067217,"LENGTH_KM":4.45,"ORD_STRA":2}},
{"type":"Feature","geometry":{"type":"LineString","coordinates":[[79.23958,30.38333],[79.23125,30.36042]]},"properties":{"MAIN_RIV":41067217,"LENGTH_KM":2.85,"ORD_STRA":1}},
{"type":"Feature","geometry":{"type":"LineString","coordinates":[[79.275,30.36875],[79.31458,30.36042]]},"properties":{"MAIN_RIV":41067217,"LENGTH_KM":4.22,"ORD_STRA":1}},
{"type":"Feature","geometry":{"type":"LineString","coordinates":[[79.32292,30.38542],[79.31042,30.37292],[79.31458,30.36042]]},"properties":{"MAIN_RIV":41067217,"LENGTH_KM":3.37,"ORD_STRA":5}},
{"type":"Feature","geometry":{"type":"LineString","coordinates":[[79.57708,30.35833],[79.57708,30.36458]]},"properties":{"MAIN_RIV":41067217,"LENGTH_KM":0.69,"ORD_STRA":1}},
{"type":"Feature","geometry":{"type":"LineString","coordinates":[[80.25833,30.35833],[80.23125,30.37708]]},"properties":{"MAIN_RIV":41067217,"LENGTH_KM":3.55,"ORD_STRA":1}},
{"type":"Feature","geometry":{"type":"LineString","coordinates":[[80.52917,30.35833],[80.53958,30.36458]]},"properties":{"MAIN_RIV":41067217,"LENGTH_KM":1.32,"ORD_STRA":1}},
{"type":"Feature","geometry":{"type":"LineString","coordinates":[[77.78542,30.35417],[77.78542,30.38125],[77.77708,30.38958]]},"properties":{"MAIN_RIV":41067217,"LENGTH_KM":4.49,"ORD_STRA":1}},
{"type":"Feature","geometry":{"type":"LineString","coordinates":[[77.83542,30.35625],[77.82292,30.36042]]},"properties":{"MAIN_RIV":41067217,"LENGTH_KM":1.41,"ORD_STRA":3}},
{"type":"Feature","geometry":{"type":"LineString","coordinates":[[78.05625,30.41042],[78.06458,30.39792],[78.05625,30.37292],[78.02292,30.35625],[78.00208,30.36042]]},"properties":{"MAIN_RIV":41067217,"LENGTH_KM":11.02,"ORD_STRA":2}},
{"type":"Feature","geometry":{"type":"LineString","coordinates":[[79.23125,30.36042],[79.23958,30.35625]]},"properties":{"MAIN_RIV":41067217,"LENGTH_KM":1.01,"ORD_STRA":2}},
{"type":"Feature","geometry":{"type":"LineString","coordinates":[[79.45625,30.35625],[79.46458,30.36875]]},"properties":{"MAIN_RIV":41067217,"LENGTH_KM":1.69,"ORD_STRA":2}},
{"type":"Feature","geometry":{"type":"LineString","coordinates":[[80.39583,30.35417],[80.43542,30.38542],[80.44792,30.37708]]},"properties":{"MAIN_RIV":41067217,"LENGTH_KM":7.01,"ORD_STRA":1}},
{"type":"Feature","geometry":{"type":"LineString","coordinates":[[80.62083,30.35417],[80.62708,30.36042],[80.66042,30.35625]]},"properties":{"MAIN_RIV":41067217,"LENGTH_KM":4.33,"ORD_STRA":1}},
{"type":"Feature","geometry":{"type":"LineString","coordinates":[[80.65208,30.38125],[80.66042,30.35625]]},"properties":{"MAIN_RIV":41067217,"LENGTH_KM":3.08,"ORD_STRA":2}},
{"type":"Feature","geometry":{"type":"LineString","coordinates":[[77.84375,30.35208],[77.83542,30.35625]]},"properties":{"MAIN_RIV":41067217,"LENGTH_KM":1.01,"ORD_STRA":3}},
{"type":"Feature","geometry":{"type":"LineString","coordinates":[[77.975,30.44583],[77.93958,30.41458],[77.89792,30.40208],[77.84375,30.35208]]},"properties":{"MAIN_RIV":41067217,"LENGTH_KM":17.86,"ORD_STRA":1}},
{"type":"Feature","geometry":{"type":"LineString","coordinates":[[77.98333,30.40833],[77.98958,30.39375],[77.98125,30.38125],[77.98958,30.36875],[77.98125,30.35208]]},"properties":{"MAIN_RIV":41067217,"LENGTH_KM":7.67,"ORD_STRA":1}},
{"type":"Feature","geometry":{"type":"LineString","coordinates":[[78.00208,30.36042],[77.98125,30.35208]]},"properties":{"MAIN_RIV":41067217,"LENGTH_KM":2.67,"ORD_STRA":2}},
{"type":"Feature","geometry":{"type":"LineString","coordinates":[[78.63333,30.35833],[78.62708,30.35208],[78.61458,30.36042],[78.59792,30.35625],[78.57292,30.37292]]},"properties":{"MAIN_RIV":41067217,"LENGTH_KM":7.85,"ORD_STRA":1}},
{"type":"Feature","geometry":{"type":"LineString","coordinates":[[78.93125,30.36875],[78.97708,30.35208]]},"properties":{"MAIN_RIV":41067217,"LENGTH_KM":5.67,"ORD_STRA":3}},
{"type":"Feature","geometry":{"type":"LineString","coordinates":[[78.98125,30.36458],[78.97708,30.35208]]},"properties":{"MAIN_RIV":41067217,"LENGTH_KM":1.54,"ORD_STRA":5}},
{"type":"Feature","geometry":{"type":"LineString","coordinates":[[79.07917,30.3625],[79.06875,30.35208],[79.05208,30.36458],[79.02708,30.36042],[79.01458,30.38542]]},"properties":{"MAIN_RIV":41067217,"LENGTH_KM":9.6,"ORD_STRA":1}},
{"type":"Feature","geometry":{"type":"LineString","coordinates":[[79.45625,30.35],[79.45625,30.35625]]},"properties":{"MAIN_RIV":41067217,"LENGTH_KM":0.69,"ORD_STRA":1}},
{"type":"Feature","geometry":{"type":"LineString","coordinates":[[79.67083,30.35208],[79.63958,30.38125]]},"properties":{"MAIN_RIV":41067217,"LENGTH_KM":4.74,"ORD_STRA":1}},
{"type":"Feature","geometry":{"type":"LineString","coordinates":[[79.77292,30.35208],[79.75625,30.38542]]},"properties":{"MAIN_RIV":41067217,"LENGTH_KM":4.3,"ORD_STRA":2}},
{"type":"Feature","geometry":{"type":"LineString","coordinates":[[80.31042,30.37292],[80.33542,30.36458],[80.33542,30.35208]]},"properties":{"MAIN_RIV":41067217,"LENGTH_KM":4.51,"ORD_STRA":2}},
{"type":"Feature","geometry":{"type":"LineString","coordinates":[[80.44167,30.35],[80.45208,30.36458]]},"properties":{"MAIN_RIV":41067217,"LENGTH_KM":1.99,"ORD_STRA":1}},
{"type":"Feature","geometry":{"type":"LineString","coordinates":[[80.66042,30.35625],[80.66042,30.35208]]},"properties":{"MAIN_RIV":41067217,"LENGTH_KM":0.46,"ORD_STRA":2}},
{"type":"Feature","geometry":{"type":"LineString","coordinates":[[80.71042,30.37292],[80.72292,30.35208]]},"properties":{"MAIN_RIV":41067217,"LENGTH_KM":2.76,"ORD_STRA":2}},
{"type":"Feature","geometry":{"type":"LineString","coordinates":[[80.7375,30.37083],[80.72292,30.35208]]},"properties":{"MAIN_RIV":41067217,"LENGTH_KM":2.6,"ORD_STRA":1}},
{"type":"Feature","geometry":{"type":"LineString","coordinates":[[77.81458,30.34583],[77.82292,30.36042]]},"properties":{"MAIN_RIV":41067217,"LENGTH_KM":2.17,"ORD_STRA":1}},
{"type":"Feature","geometry":{"type":"LineString","coordinates":[[77.84792,30.34792],[77.84375,30.35208]]},"properties":{"MAIN_RIV":41067217,"LENGTH_KM":0.61,"ORD_STRA":3}},
{"type":"Feature","geometry":{"type":"LineString","coordinates":[[79.125,30.34792],[79.13542,30.34792]]},"properties":{"MAIN_RIV":41067217,"LENGTH_KM":1,"ORD_STRA":1}},
{"type":"Feature","geometry":{"type":"LineString","coordinates":[[79.13125,30.35833],[79.13542,30.34792]]},"properties":{"MAIN_RIV":41067217,"LENGTH_KM":1.31,"ORD_STRA":1}},
{"type":"Feature","geometry":{"type":"LineString","coordinates":[[79.24167,30.34583],[79.23958,30.35625]]},"properties":{"MAIN_RIV":41067217,"LENGTH_KM":1.53,"ORD_STRA":1}},
{"type":"Feature","geometry":{"type":"LineString","coordinates":[[79.46667,30.34583],[79.45625,30.35625]]},"properties":{"MAIN_RIV":41067217,"LENGTH_KM":1.53,"ORD_STRA":1}},
{"type":"Feature","geometry":{"type":"LineString","coordinates":[[79.55625,30.34583],[79.56042,30.36458]]},"properties":{"MAIN_RIV":41067217,"LENGTH_KM":2.23,"ORD_STRA":1}},
{"type":"Feature","geometry":{"type":"LineString","coordinates":[[79.7625,30.34583],[79.77292,30.35208]]},"properties":{"MAIN_RIV":41067217,"LENGTH_KM":1.32,"ORD_STRA":1}},
{"type":"Feature","geometry":{"type":"LineString","coordinates":[[79.77292,30.34583],[79.77292,30.35208]]},"properties":{"MAIN_RIV":41067217,"LENGTH_KM":0.69,"ORD_STRA":1}},
{"type":"Feature","geometry":{"type":"LineString","coordinates":[[80.23125,30.37708],[80.19375,30.37292],[80.18958,30.34792]]},"properties":{"MAIN_RIV":41067217,"LENGTH_KM":6.74,"ORD_STRA":2}},
{"type":"Feature","geometry":{"type":"LineString","coordinates":[[80.53958,30.36458],[80.56042,30.34792]]},"properties":{"MAIN_RIV":41067217,"LENGTH_KM":2.85,"ORD_STRA":3}},
{"type":"Feature","geometry":{"type":"LineString","coordinates":[[77.86042,30.34375],[77.84792,30.34792]]},"properties":{"MAIN_RIV":41067217,"LENGTH_KM":1.41,"ORD_STRA":3}},
{"type":"Feature","geometry":{"type":"LineString","coordinates":[[77.8875,30.36667],[77.86042,30.34375]]},"properties":{"MAIN_RIV":41067217,"LENGTH_KM":4.02,"ORD_STRA":1}},
{"type":"Feature","geometry":{"type":"LineString","coordinates":[[77.9625,30.35833],[77.97292,30.34375]]},"properties":{"MAIN_RIV":41067217,"LENGTH_KM":1.99,"ORD_STRA":1}},
{"type":"Feature","geometry":{"type":"LineString","coordinates":[[77.98125,30.35208],[77.97292,30.34375]]},"properties":{"MAIN_RIV":41067217,"LENGTH_KM":1.22,"ORD_STRA":2}},
{"type":"Feature","geometry":{"type":"LineString","coordinates":[[78.14375,30.36458],[78.13542,30.34375]]},"properties":{"MAIN_RIV":41067217,"LENGTH_KM":2.61,"ORD_STRA":2}},
{"type":"Feature","geometry":{"type":"LineString","coordinates":[[79.1625,30.3625],[79.17708,30.34375]]},"properties":{"MAIN_RIV":41067217,"LENGTH_KM":2.6,"ORD_STRA":1}},
{"type":"Feature","geometry":{"type":"LineString","coordinates":[[79.18333,30.34375],[79.17708,30.34375]]},"properties":{"MAIN_RIV":41067217,"LENGTH_KM":0.6,"ORD_STRA":1}},
{"type":"Feature","geometry":{"type":"LineString","coordinates":[[79.50833,30.34375],[79.48958,30.35208],[79.48542,30.36875]]},"properties":{"MAIN_RIV":41067217,"LENGTH_KM":4.22,"ORD_STRA":1}},
{"type":"Feature","geometry":{"type":"LineString","coordinates":[[79.84792,30.34375],[79.85625,30.38125],[79.83542,30.40625]]},"properties":{"MAIN_RIV":41067217,"LENGTH_KM":7.99,"ORD_STRA":2}},
{"type":"Feature","geometry":{"type":"LineString","coordinates":[[80.16458,30.37708],[80.18542,30.34375]]},"properties":{"MAIN_RIV":41067217,"LENGTH_KM":4.45,"ORD_STRA":4}},
{"type":"Feature","geometry":{"type":"LineString","coordinates":[[80.18958,30.34792],[80.18542,30.34375]]},"properties":{"MAIN_RIV":41067217,"LENGTH_KM":0.61,"ORD_STRA":3}},
{"type":"Feature","geometry":{"type":"LineString","coordinates":[[80.65,30.34167],[80.66042,30.35208]]},"properties":{"MAIN_RIV":41067217,"LENGTH_KM":1.53,"ORD_STRA":1}},
{"type":"Feature","geometry":{"type":"LineString","coordinates":[[80.72292,30.35208],[80.72292,30.34375]]},"properties":{"MAIN_RIV":41067217,"LENGTH_KM":0.93,"ORD_STRA":2}},
{"type":"Feature","geometry":{"type":"LineString","coordinates":[[77.83125,30.3375],[77.83542,30.35625]]},"properties":{"MAIN_RIV":41067217,"LENGTH_KM":2.23,"ORD_STRA":1}},
{"type":"Feature","geometry":{"type":"LineString","coordinates":[[77.95,30.38333],[77.93958,30.33958]]},"properties":{"MAIN_RIV":41067217,"LENGTH_KM":5.53,"ORD_STRA":1}},
{"type":"Feature","geometry":{"type":"LineString","coordinates":[[77.97292,30.34375],[77.93958,30.33958]]},"properties":{"MAIN_RIV":41067217,"LENGTH_KM":4.26,"ORD_STRA":2}},
{"type":"Feature","geometry":{"type":"LineString","coordinates":[[78.13542,30.40208],[78.11458,30.37708],[78.11042,30.35625],[78.11875,30.33958]]},"properties":{"MAIN_RIV":41067217,"LENGTH_KM":8.39,"ORD_STRA":2}},
{"type":"Feature","geometry":{"type":"LineString","coordinates":[[78.13542,30.34375],[78.11875,30.33958]]},"properties":{"MAIN_RIV":41067217,"LENGTH_KM":1.81,"ORD_STRA":3}},
{"type":"Feature","geometry":{"type":"LineString","coordinates":[[78.95,30.34583],[78.96875,30.33958]]},"properties":{"MAIN_RIV":41067217,"LENGTH_KM":2.12,"ORD_STRA":1}},
{"type":"Feature","geometry":{"type":"LineString","coordinates":[[78.97708,30.35208],[78.96875,30.33958]]},"properties":{"MAIN_RIV":41067217,"LENGTH_KM":1.69,"ORD_STRA":5}},
{"type":"Feature","geometry":{"type":"LineString","coordinates":[[79.62917,30.33958],[79.61458,30.33958],[79.57708,30.36458]]},"properties":{"MAIN_RIV":41067217,"LENGTH_KM":6.27,"ORD_STRA":1}},
{"type":"Feature","geometry":{"type":"LineString","coordinates":[[79.85417,30.3375],[79.84792,30.34375]]},"properties":{"MAIN_RIV":41067217,"LENGTH_KM":0.92,"ORD_STRA":1}},
{"type":"Feature","geometry":{"type":"LineString","coordinates":[[79.97292,30.33958],[79.93958,30.36458]]},"properties":{"MAIN_RIV":41067217,"LENGTH_KM":4.47,"ORD_STRA":2}},
{"type":"Feature","geometry":{"type":"LineString","coordinates":[[79.98333,30.34583],[79.97292,30.33958]]},"properties":{"MAIN_RIV":41067217,"LENGTH_KM":1.32,"ORD_STRA":1}},
{"type":"Feature","geometry":{"type":"LineString","coordinates":[[80.07708,30.33958],[80.11875,30.33958]]},"properties":{"MAIN_RIV":41067217,"LENGTH_KM":4.42,"ORD_STRA":2}},
{"type":"Feature","geometry":{"type":"LineString","coordinates":[[80.11875,30.33958],[80.16875,30.34375]]},"properties":{"MAIN_RIV":41067217,"LENGTH_KM":5.01,"ORD_STRA":2}},
{"type":"Feature","geometry":{"type":"LineString","coordinates":[[80.16875,30.34375],[80.17708,30.34792],[80.18542,30.33958]]},"properties":{"MAIN_RIV":41067217,"LENGTH_KM":2.24,"ORD_STRA":3}},
{"type":"Feature","geometry":{"type":"LineString","coordinates":[[80.18542,30.34375],[80.18542,30.33958]]},"properties":{"MAIN_RIV":41067217,"LENGTH_KM":0.46,"ORD_STRA":4}},
{"type":"Feature","geometry":{"type":"LineString","coordinates":[[80.20208,30.33958],[80.18958,30.34792]]},"properties":{"MAIN_RIV":41067217,"LENGTH_KM":1.62,"ORD_STRA":2}},
{"type":"Feature","geometry":{"type":"LineString","coordinates":[[80.2125,30.33958],[80.20208,30.33958]]},"properties":{"MAIN_RIV":41067217,"LENGTH_KM":1,"ORD_STRA":1}},
{"type":"Feature","geometry":{"type":"LineString","coordinates":[[80.54167,30.3375],[80.56042,30.34792]]},"properties":{"MAIN_RIV":41067217,"LENGTH_KM":2.33,"ORD_STRA":1}},
{"type":"Feature","geometry":{"type":"LineString","coordinates":[[80.7625,30.33958],[80.72292,30.34375]]},"properties":{"MAIN_RIV":41067217,"LENGTH_KM":4.01,"ORD_STRA":1}},
{"type":"Feature","geometry":{"type":"LineString","coordinates":[[77.88125,30.33542],[77.86042,30.34375]]},"properties":{"MAIN_RIV":41067217,"LENGTH_KM":2.42,"ORD_STRA":3}},
{"type":"Feature","geometry":{"type":"LineString","coordinates":[[77.91875,30.37083],[77.89375,30.33542]]},"properties":{"MAIN_RIV":41067217,"LENGTH_KM":5.08,"ORD_STRA":1}},
{"type":"Feature","geometry":{"type":"LineString","coordinates":[[78.34167,30.34792],[78.36042,30.33542]]},"properties":{"MAIN_RIV":41067217,"LENGTH_KM":2.69,"ORD_STRA":1}},
{"type":"Feature","geometry":{"type":"LineString","coordinates":[[78.32083,30.39583],[78.36875,30.35208],[78.36042,30.33542]]},"properties":{"MAIN_RIV":41067217,"LENGTH_KM":9.48,"ORD_STRA":1}},
{"type":"Feature","geometry":{"type":"LineString","coordinates":[[78.96875,30.33958],[78.96875,30.33542]]},"properties":{"MAIN_RIV":41067217,"LENGTH_KM":0.46,"ORD_STRA":5}},
{"type":"Feature","geometry":{"type":"LineString","coordinates":[[78.975,30.33542],[78.96875,30.33542]]},"properties":{"MAIN_RIV":41067217,"LENGTH_KM":0.6,"ORD_STRA":1}},
{"type":"Feature","geometry":{"type":"LineString","coordinates":[[79.84375,30.33542],[79.84792,30.34375]]},"properties":{"MAIN_RIV":41067217,"LENGTH_KM":1.07,"ORD_STRA":2}},
{"type":"Feature","geometry":{"type":"LineString","coordinates":[[80.06042,30.33542],[80.07708,30.33958]]},"properties":{"MAIN_RIV":41067217,"LENGTH_KM":1.81,"ORD_STRA":2}},
{"type":"Feature","geometry":{"type":"LineString","coordinates":[[80.11875,30.33333],[80.11875,30.33958]]},"properties":{"MAIN_RIV":41067217,"LENGTH_KM":0.69,"ORD_STRA":1}},
{"type":"Feature","geometry":{"type":"LineString","coordinates":[[80.66042,30.35208],[80.68125,30.33542]]},"properties":{"MAIN_RIV":41067217,"LENGTH_KM":2.85,"ORD_STRA":2}},
{"type":"Feature","geometry":{"type":"LineString","coordinates":[[80.68125,30.33542],[80.69792,30.33542]]},"properties":{"MAIN_RIV":41067217,"LENGTH_KM":1.6,"ORD_STRA":2}},
{"type":"Feature","geometry":{"type":"LineString","coordinates":[[77.88958,30.33125],[77.88125,30.33542]]},"properties":{"MAIN_RIV":41067217,"LENGTH_KM":1.01,"ORD_STRA":3}},
{"type":"Feature","geometry":{"type":"LineString","coordinates":[[77.89375,30.33542],[77.88958,30.33125]]},"properties":{"MAIN_RIV":41067217,"LENGTH_KM":0.61,"ORD_STRA":2}},
{"type":"Feature","geometry":{"type":"LineString","coordinates":[[77.93958,30.33958],[77.90625,30.33125],[77.89375,30.33542]]},"properties":{"MAIN_RIV":41067217,"LENGTH_KM":5.04,"ORD_STRA":2}},
{"type":"Feature","geometry":{"type":"LineString","coordinates":[[78.36042,30.33542],[78.36042,30.33125]]},"properties":{"MAIN_RIV":41067217,"LENGTH_KM":0.46,"ORD_STRA":2}},
{"type":"Feature","geometry":{"type":"LineString","coordinates":[[78.38333,30.33125],[78.36042,30.33125]]},"properties":{"MAIN_RIV":41067217,"LENGTH_KM":2.2,"ORD_STRA":1}},
{"type":"Feature","geometry":{"type":"LineString","coordinates":[[78.47708,30.37292],[78.48958,30.33125]]},"properties":{"MAIN_RIV":41067217,"LENGTH_KM":5.38,"ORD_STRA":5}},
{"type":"Feature","geometry":{"type":"LineString","coordinates":[[79.31458,30.36042],[79.31458,30.33125]]},"properties":{"MAIN_RIV":41067217,"LENGTH_KM":3.84,"ORD_STRA":5}},
{"type":"Feature","geometry":{"type":"LineString","coordinates":[[80.07708,30.32917],[80.07708,30.33958]]},"properties":{"MAIN_RIV":41067217,"LENGTH_KM":1.16,"ORD_STRA":1}},
{"type":"Feature","geometry":{"type":"LineString","coordinates":[[80.21042,30.33125],[80.20208,30.33958]]},"properties":{"MAIN_RIV":41067217,"LENGTH_KM":1.22,"ORD_STRA":2}},
{"type":"Feature","geometry":{"type":"LineString","coordinates":[[80.22083,30.3375],[80.21042,30.33125]]},"properties":{"MAIN_RIV":41067217,"LENGTH_KM":1.32,"ORD_STRA":1}},
{"type":"Feature","geometry":{"type":"LineString","coordinates":[[80.45208,30.36458],[80.48125,30.33125]]},"properties":{"MAIN_RIV":41067217,"LENGTH_KM":4.75,"ORD_STRA":3}},
{"type":"Feature","geometry":{"type":"LineString","coordinates":[[80.56042,30.34792],[80.56458,30.33125]]},"properties":{"MAIN_RIV":41067217,"LENGTH_KM":2,"ORD_STRA":3}},
{"type":"Feature","geometry":{"type":"LineString","coordinates":[[80.69792,30.33542],[80.71458,30.33125]]},"properties":{"MAIN_RIV":41067217,"LENGTH_KM":1.81,"ORD_STRA":2}},
{"type":"Feature","geometry":{"type":"LineString","coordinates":[[80.72292,30.34375],[80.71458,30.33125]]},"properties":{"MAIN_RIV":41067217,"LENGTH_KM":1.69,"ORD_STRA":2}},
{"type":"Feature","geometry":{"type":"LineString","coordinates":[[78.42917,30.32708],[78.48958,30.33125]]},"properties":{"MAIN_RIV":41067217,"LENGTH_KM":6.01,"ORD_STRA":1}},
{"type":"Feature","geometry":{"type":"LineString","coordinates":[[79.13542,30.34792],[79.16042,30.32708]]},"properties":{"MAIN_RIV":41067217,"LENGTH_KM":3.46,"ORD_STRA":2}},
{"type":"Feature","geometry":{"type":"LineString","coordinates":[[79.17708,30.34375],[79.17292,30.33125],[79.16042,30.32708]]},"properties":{"MAIN_RIV":41067217,"LENGTH_KM":2.95,"ORD_STRA":2}},
{"type":"Feature","geometry":{"type":"LineString","coordinates":[[79.92292,30.32708],[79.93125,30.36875]]},"properties":{"MAIN_RIV":41067217,"LENGTH_KM":4.93,"ORD_STRA":2}},
{"type":"Feature","geometry":{"type":"LineString","coordinates":[[80.21458,30.32708],[80.21042,30.33125]]},"properties":{"MAIN_RIV":41067217,"LENGTH_KM":0.61,"ORD_STRA":2}},
{"type":"Feature","geometry":{"type":"LineString","coordinates":[[80.48125,30.33125],[80.48542,30.32708]]},"properties":{"MAIN_RIV":41067217,"LENGTH_KM":0.61,"ORD_STRA":3}},
{"type":"Feature","geometry":{"type":"LineString","coordinates":[[77.90208,30.32292],[77.88958,30.33125]]},"properties":{"MAIN_RIV":41067217,"LENGTH_KM":1.62,"ORD_STRA":2}},
{"type":"Feature","geometry":{"type":"LineString","coordinates":[[79.85833,30.32083],[79.84375,30.33542]]},"properties":{"MAIN_RIV":41067217,"LENGTH_KM":2.14,"ORD_STRA":1}},
{"type":"Feature","geometry":{"type":"LineString","coordinates":[[79.9,30.32292],[79.92292,30.32708]]},"properties":{"MAIN_RIV":41067217,"LENGTH_KM":2.41,"ORD_STRA":1}},
{"type":"Feature","geometry":{"type":"LineString","coordinates":[[80.0125,30.32292],[80.02708,30.33958],[80.06042,30.33542]]},"properties":{"MAIN_RIV":41067217,"LENGTH_KM":6.16,"ORD_STRA":1}},
{"type":"Feature","geometry":{"type":"LineString","coordinates":[[80.23125,30.32292],[80.21458,30.32708]]},"properties":{"MAIN_RIV":41067217,"LENGTH_KM":1.81,"ORD_STRA":2}},
{"type":"Feature","geometry":{"type":"LineString","coordinates":[[80.275,30.3375],[80.23125,30.32292]]},"properties":{"MAIN_RIV":41067217,"LENGTH_KM":4.94,"ORD_STRA":1}},
{"type":"Feature","geometry":{"type":"LineString","coordinates":[[80.58542,30.32292],[80.56458,30.33125]]},"properties":{"MAIN_RIV":41067217,"LENGTH_KM":2.42,"ORD_STRA":2}},
{"type":"Feature","geometry":{"type":"LineString","coordinates":[[80.59792,30.32708],[80.58542,30.32292]]},"properties":{"MAIN_RIV":41067217,"LENGTH_KM":1.41,"ORD_STRA":1}},
{"type":"Feature","geometry":{"type":"LineString","coordinates":[[77.83542,30.31667],[77.84792,30.34792]]},"properties":{"MAIN_RIV":41067217,"LENGTH_KM":3.92,"ORD_STRA":1}},
{"type":"Feature","geometry":{"type":"LineString","coordinates":[[77.85833,30.31667],[77.85208,30.32292],[77.86042,30.34375]]},"properties":{"MAIN_RIV":41067217,"LENGTH_KM":3.83,"ORD_STRA":1}},
{"type":"Feature","geometry":{"type":"LineString","coordinates":[[77.88125,30.31667],[77.88125,30.33542]]},"properties":{"MAIN_RIV":41067217,"LENGTH_KM":2.08,"ORD_STRA":1}},
{"type":"Feature","geometry":{"type":"LineString","coordinates":[[78.81458,30.325],[78.81458,30.31875]]},"properties":{"MAIN_RIV":41067217,"LENGTH_KM":0.69,"ORD_STRA":1}},
{"type":"Feature","geometry":{"type":"LineString","coordinates":[[78.83333,30.32917],[78.81458,30.31875]]},"properties":{"MAIN_RIV":41067217,"LENGTH_KM":2.33,"ORD_STRA":1}},
{"type":"Feature","geometry":{"type":"LineString","coordinates":[[78.95833,30.32292],[78.96875,30.31875]]},"properties":{"MAIN_RIV":41067217,"LENGTH_KM":1.21,"ORD_STRA":1}},
{"type":"Feature","geometry":{"type":"LineString","coordinates":[[78.96875,30.33542],[78.96875,30.31875]]},"properties":{"MAIN_RIV":41067217,"LENGTH_KM":1.85,"ORD_STRA":5}},
{"type":"Feature","geometry":{"type":"LineString","coordinates":[[79.23958,30.35625],[79.28125,30.33958],[79.28958,30.32292],[79.30208,30.31875]]},"properties":{"MAIN_RIV":41067217,"LENGTH_KM":8.41,"ORD_STRA":2}},
{"type":"Feature","geometry":{"type":"LineString","coordinates":[[79.31458,30.33125],[79.30208,30.31875]]},"properties":{"MAIN_RIV":41067217,"LENGTH_KM":2.09,"ORD_STRA":5}},
{"type":"Feature","geometry":{"type":"LineString","coordinates":[[79.73542,30.325],[79.73542,30.31875]]},"properties":{"MAIN_RIV":41067217,"LENGTH_KM":0.69,"ORD_STRA":1}},
{"type":"Feature","geometry":{"type":"LineString","coordinates":[[79.74167,30.325],[79.73542,30.31875]]},"properties":{"MAIN_RIV":41067217,"LENGTH_KM":0.92,"ORD_STRA":1}},
{"type":"Feature","geometry":{"type":"LineString","coordinates":[[80.06042,30.31875],[80.06042,30.33542]]},"properties":{"MAIN_RIV":41067217,"LENGTH_KM":1.85,"ORD_STRA":2}},
{"type":"Feature","geometry":{"type":"LineString","coordinates":[[80.2375,30.31667],[80.23125,30.32292]]},"properties":{"MAIN_RIV":41067217,"LENGTH_KM":0.92,"ORD_STRA":1}},
{"type":"Feature","geometry":{"type":"LineString","coordinates":[[80.40417,30.32917],[80.41458,30.31875]]},"properties":{"MAIN_RIV":41067217,"LENGTH_KM":1.53,"ORD_STRA":1}},
{"type":"Feature","geometry":{"type":"LineString","coordinates":[[80.41458,30.31875],[80.43958,30.33125],[80.48125,30.33125]]},"properties":{"MAIN_RIV":41067217,"LENGTH_KM":7.46,"ORD_STRA":2}},
{"type":"Feature","geometry":{"type":"LineString","coordinates":[[80.48542,30.32708],[80.49375,30.31875]]},"properties":{"MAIN_RIV":41067217,"LENGTH_KM":1.22,"ORD_STRA":3}},
{"type":"Feature","geometry":{"type":"LineString","coordinates":[[80.60833,30.32708],[80.58542,30.32292]]},"properties":{"MAIN_RIV":41067217,"LENGTH_KM":2.84,"ORD_STRA":1}},
{"type":"Feature","geometry":{"type":"LineString","coordinates":[[80.6875,30.31667],[80.69792,30.33542]]},"properties":{"MAIN_RIV":41067217,"LENGTH_KM":2.46,"ORD_STRA":1}},
{"type":"Feature","geometry":{"type":"LineString","coordinates":[[80.71458,30.33125],[80.73125,30.31875]]},"properties":{"MAIN_RIV":41067217,"LENGTH_KM":2.24,"ORD_STRA":3}},
{"type":"Feature","geometry":{"type":"LineString","coordinates":[[78.30417,30.3375],[78.33125,30.31458]]},"properties":{"MAIN_RIV":41067217,"LENGTH_KM":4.02,"ORD_STRA":1}},
{"type":"Feature","geometry":{"type":"LineString","coordinates":[[79.40417,30.325],[79.39792,30.31458]]},"properties":{"MAIN_RIV":41067217,"LENGTH_KM":1.38,"ORD_STRA":1}},
{"type":"Feature","geometry":{"type":"LineString","coordinates":[[79.42917,30.31458],[79.39792,30.31458]]},"properties":{"MAIN_RIV":41067217,"LENGTH_KM":3,"ORD_STRA":1}},
{"type":"Feature","geometry":{"type":"LineString","coordinates":[[79.96667,30.3125],[79.97292,30.33958]]},"properties":{"MAIN_RIV":41067217,"LENGTH_KM":3.53,"ORD_STRA":1}},
{"type":"Feature","geometry":{"type":"LineString","coordinates":[[80.15208,30.31458],[80.16875,30.34375]]},"properties":{"MAIN_RIV":41067217,"LENGTH_KM":3.84,"ORD_STRA":2}},
{"type":"Feature","geometry":{"type":"LineString","coordinates":[[80.33542,30.35208],[80.30208,30.31458]]},"properties":{"MAIN_RIV":41067217,"LENGTH_KM":5.36,"ORD_STRA":2}},
{"type":"Feature","geometry":{"type":"LineString","coordinates":[[80.72708,30.3125],[80.73125,30.31875]]},"properties":{"MAIN_RIV":41067217,"LENGTH_KM":1.09,"ORD_STRA":1}},
{"type":"Feature","geometry":{"type":"LineString","coordinates":[[77.91042,30.31042],[77.90208,30.32292]]},"properties":{"MAIN_RIV":41067217,"LENGTH_KM":1.69,"ORD_STRA":2}},
{"type":"Feature","geometry":{"type":"LineString","coordinates":[[78.10417,30.42083],[78.09792,30.38542],[78.06458,30.34792],[78.06458,30.31042]]},"properties":{"MAIN_RIV":41067217,"LENGTH_KM":14.28,"ORD_STRA":1}},
{"type":"Feature","geometry":{"type":"LineString","coordinates":[[78.09167,30.34167],[78.06458,30.31042]]},"properties":{"MAIN_RIV":41067217,"LENGTH_KM":4.44,"ORD_STRA":1}},
{"type":"Feature","geometry":{"type":"LineString","coordinates":[[78.325,30.30833],[78.33125,30.31458]]},"properties":{"MAIN_RIV":41067217,"LENGTH_KM":0.92,"ORD_STRA":1}},
{"type":"Feature","geometry":{"type":"LineString","coordinates":[[78.33125,30.31458],[78.34375,30.31042]]},"properties":{"MAIN_RIV":41067217,"LENGTH_KM":1.41,"ORD_STRA":2}},
{"type":"Feature","geometry":{"type":"LineString","coordinates":[[78.36042,30.33125],[78.34375,30.31042]]},"properties":{"MAIN_RIV":41067217,"LENGTH_KM":2.91,"ORD_STRA":2}},
{"type":"Feature","geometry":{"type":"LineString","coordinates":[[78.69375,30.35417],[78.71875,30.31042]]},"properties":{"MAIN_RIV":41067217,"LENGTH_KM":6.01,"ORD_STRA":1}},
{"type":"Feature","geometry":{"type":"LineString","coordinates":[[78.73125,30.3375],[78.73125,30.32292],[78.71875,30.31042]]},"properties":{"MAIN_RIV":41067217,"LENGTH_KM":3.46,"ORD_STRA":1}},
{"type":"Feature","geometry":{"type":"LineString","coordinates":[[79.03125,30.32083],[79.03542,30.31042]]},"properties":{"MAIN_RIV":41067217,"LENGTH_KM":1.31,"ORD_STRA":1}},
{"type":"Feature","geometry":{"type":"LineString","coordinates":[[79.32708,30.31042],[79.31458,30.33125]]},"properties":{"MAIN_RIV":41067217,"LENGTH_KM":3.01,"ORD_STRA":3}},
{"type":"Feature","geometry":{"type":"LineString","coordinates":[[79.375,30.35],[79.32708,30.31042]]},"properties":{"MAIN_RIV":41067217,"LENGTH_KM":6.61,"ORD_STRA":1}},
{"type":"Feature","geometry":{"type":"LineString","coordinates":[[80.06042,30.30833],[80.06042,30.31875]]},"properties":{"MAIN_RIV":41067217,"LENGTH_KM":1.16,"ORD_STRA":1}},
{"type":"Feature","geometry":{"type":"LineString","coordinates":[[80.06458,30.30833],[80.06042,30.31875]]},"properties":{"MAIN_RIV":41067217,"LENGTH_KM":1.31,"ORD_STRA":1}},
{"type":"Feature","geometry":{"type":"LineString","coordinates":[[80.40833,30.30833],[80.41458,30.31875]]},"properties":{"MAIN_RIV":41067217,"LENGTH_KM":1.38,"ORD_STRA":1}},
{"type":"Feature","geometry":{"type":"LineString","coordinates":[[80.4625,30.30833],[80.48542,30.32708]]},"properties":{"MAIN_RIV":41067217,"LENGTH_KM":3.4,"ORD_STRA":1}},
{"type":"Feature","geometry":{"type":"LineString","coordinates":[[78.18125,30.30625],[78.16875,30.30625],[78.14792,30.32292],[78.13542,30.34375]]},"properties":{"MAIN_RIV":41067217,"LENGTH_KM":6.81,"ORD_STRA":2}},
{"type":"Feature","geometry":{"type":"LineString","coordinates":[[78.225,30.34792],[78.20208,30.34375],[78.18125,30.30625]]},"properties":{"MAIN_RIV":41067217,"LENGTH_KM":7.33,"ORD_STRA":1}},
{"type":"Feature","geometry":{"type":"LineString","coordinates":[[79.90625,30.30625],[79.92292,30.32708]]},"properties":{"MAIN_RIV":41067217,"LENGTH_KM":2.91,"ORD_STRA":2}},
{"type":"Feature","geometry":{"type":"LineString","coordinates":[[80.14792,30.30417],[80.15208,30.31458]]},"properties":{"MAIN_RIV":41067217,"LENGTH_KM":1.31,"ORD_STRA":1}},
{"type":"Feature","geometry":{"type":"LineString","coordinates":[[80.73125,30.31875],[80.74792,30.30625]]},"properties":{"MAIN_RIV":41067217,"LENGTH_KM":2.49,"ORD_STRA":3}},
{"type":"Feature","geometry":{"type":"LineString","coordinates":[[80.74792,30.30625],[80.75625,30.30625]]},"properties":{"MAIN_RIV":41067217,"LENGTH_KM":1.22,"ORD_STRA":3}},
{"type":"Feature","geometry":{"type":"LineString","coordinates":[[80.77917,30.325],[80.75625,30.30625]]},"properties":{"MAIN_RIV":41067217,"LENGTH_KM":3.15,"ORD_STRA":1}},
{"type":"Feature","geometry":{"type":"LineString","coordinates":[[77.88542,30.3],[77.90208,30.32292]]},"properties":{"MAIN_RIV":41067217,"LENGTH_KM":3.14,"ORD_STRA":1}},
{"type":"Feature","geometry":{"type":"LineString","coordinates":[[77.93958,30.30208],[77.93125,30.31042],[77.91042,30.31042]]},"properties":{"MAIN_RIV":41067217,"LENGTH_KM":3.22,"ORD_STRA":2}},
{"type":"Feature","geometry":{"type":"LineString","coordinates":[[77.95,30.30833],[77.93958,30.30208]]},"properties":{"MAIN_RIV":41067217,"LENGTH_KM":1.32,"ORD_STRA":1}},
{"type":"Feature","geometry":{"type":"LineString","coordinates":[[79.05208,30.30208],[79.04792,30.31042],[79.03542,30.31042]]},"properties":{"MAIN_RIV":41067217,"LENGTH_KM":2.27,"ORD_STRA":5}},
{"type":"Feature","geometry":{"type":"LineString","coordinates":[[79.80417,30.30208],[79.81042,30.30208]]},"properties":{"MAIN_RIV":41067217,"LENGTH_KM":0.6,"ORD_STRA":1}},
{"type":"Feature","geometry":{"type":"LineString","coordinates":[[79.81042,30.30208],[79.84375,30.33542]]},"properties":{"MAIN_RIV":41067217,"LENGTH_KM":5.15,"ORD_STRA":2}},
{"type":"Feature","geometry":{"type":"LineString","coordinates":[[79.9,30.3],[79.90625,30.30625]]},"properties":{"MAIN_RIV":41067217,"LENGTH_KM":0.92,"ORD_STRA":1}},
{"type":"Feature","geometry":{"type":"LineString","coordinates":[[80.37083,30.30208],[80.35208,30.31042],[80.36042,30.35208],[80.35208,30.36042],[80.33542,30.35208]]},"properties":{"MAIN_RIV":41067217,"LENGTH_KM":10.4,"ORD_STRA":1}},
{"type":"Feature","geometry":{"type":"LineString","coordinates":[[80.56458,30.33125],[80.55625,30.30208]]},"properties":{"MAIN_RIV":41067217,"LENGTH_KM":3.54,"ORD_STRA":3}},
{"type":"Feature","geometry":{"type":"LineString","coordinates":[[80.65,30.3],[80.68125,30.33542]]},"properties":{"MAIN_RIV":41067217,"LENGTH_KM":5.3,"ORD_STRA":1}},
{"type":"Feature","geometry":{"type":"LineString","coordinates":[[80.775,30.30833],[80.76875,30.30208]]},"properties":{"MAIN_RIV":41067217,"LENGTH_KM":0.92,"ORD_STRA":1}},
{"type":"Feature","geometry":{"type":"LineString","coordinates":[[80.77917,30.30208],[80.76875,30.30208]]},"properties":{"MAIN_RIV":41067217,"LENGTH_KM":1,"ORD_STRA":1}},
{"type":"Feature","geometry":{"type":"LineString","coordinates":[[78.26458,30.36042],[78.27292,30.33542],[78.25208,30.29792],[78.21458,30.31042],[78.19375,30.30208],[78.18125,30.30625]]},"properties":{"MAIN_RIV":41067217,"LENGTH_KM":17.08,"ORD_STRA":2}},
{"type":"Feature","geometry":{"type":"LineString","coordinates":[[78.525,30.31667],[78.51875,30.29792]]},"properties":{"MAIN_RIV":41067217,"LENGTH_KM":2.31,"ORD_STRA":1}},
{"type":"Feature","geometry":{"type":"LineString","coordinates":[[78.52708,30.29792],[78.51875,30.29792]]},"properties":{"MAIN_RIV":41067217,"LENGTH_KM":0.8,"ORD_STRA":2}},
{"type":"Feature","geometry":{"type":"LineString","coordinates":[[78.53125,30.3125],[78.52708,30.29792]]},"properties":{"MAIN_RIV":41067217,"LENGTH_KM":1.77,"ORD_STRA":1}},
{"type":"Feature","geometry":{"type":"LineString","coordinates":[[78.57083,30.30833],[78.56458,30.29792]]},"properties":{"MAIN_RIV":41067217,"LENGTH_KM":1.38,"ORD_STRA":1}},
{"type":"Feature","geometry":{"type":"LineString","coordinates":[[78.57917,30.29792],[78.56458,30.29792]]},"properties":{"MAIN_RIV":41067217,"LENGTH_KM":1.4,"ORD_STRA":1}},
{"type":"Feature","geometry":{"type":"LineString","coordinates":[[79.08958,30.29792],[79.05208,30.30208]]},"properties":{"MAIN_RIV":41067217,"LENGTH_KM":4.24,"ORD_STRA":5}},
{"type":"Feature","geometry":{"type":"LineString","coordinates":[[79.08958,30.30417],[79.08958,30.29792]]},"properties":{"MAIN_RIV":41067217,"LENGTH_KM":0.69,"ORD_STRA":1}},
{"type":"Feature","geometry":{"type":"LineString","coordinates":[[79.275,30.31042],[79.28958,30.30208],[79.28125,30.29792]]},"properties":{"MAIN_RIV":41067217,"LENGTH_KM":2.84,"ORD_STRA":1}},
{"type":"Feature","geometry":{"type":"LineString","coordinates":[[79.36875,30.29792],[79.32708,30.31042]]},"properties":{"MAIN_RIV":41067217,"LENGTH_KM":4.64,"ORD_STRA":3}},
{"type":"Feature","geometry":{"type":"LineString","coordinates":[[79.39792,30.31458],[79.36875,30.29792]]},"properties":{"MAIN_RIV":41067217,"LENGTH_KM":3.65,"ORD_STRA":2}},
{"type":"Feature","geometry":{"type":"LineString","coordinates":[[79.80417,30.29583],[79.81042,30.30208]]},"properties":{"MAIN_RIV":41067217,"LENGTH_KM":0.92,"ORD_STRA":1}},
{"type":"Feature","geometry":{"type":"LineString","coordinates":[[79.9,30.29583],[79.90625,30.30625]]},"properties":{"MAIN_RIV":41067217,"LENGTH_KM":1.38,"ORD_STRA":1}},
{"type":"Feature","geometry":{"type":"LineString","coordinates":[[80.1125,30.29792],[80.11875,30.29792]]},"properties":{"MAIN_RIV":41067217,"LENGTH_KM":0.6,"ORD_STRA":1}},
{"type":"Feature","geometry":{"type":"LineString","coordinates":[[80.11875,30.29792],[80.15208,30.31458]]},"properties":{"MAIN_RIV":41067217,"LENGTH_KM":4.05,"ORD_STRA":2}},
{"type":"Feature","geometry":{"type":"LineString","coordinates":[[80.54375,30.30833],[80.54375,30.29792],[80.55208,30.29792]]},"properties":{"MAIN_RIV":41067217,"LENGTH_KM":1.96,"ORD_STRA":1}},
{"type":"Feature","geometry":{"type":"LineString","coordinates":[[80.55625,30.30208],[80.55208,30.29792]]},"properties":{"MAIN_RIV":41067217,"LENGTH_KM":0.61,"ORD_STRA":3}},
{"type":"Feature","geometry":{"type":"LineString","coordinates":[[80.75625,30.30625],[80.76042,30.29792]]},"properties":{"MAIN_RIV":41067217,"LENGTH_KM":1.07,"ORD_STRA":3}},
{"type":"Feature","geometry":{"type":"LineString","coordinates":[[80.76875,30.30208],[80.76042,30.29792]]},"properties":{"MAIN_RIV":41067217,"LENGTH_KM":1.01,"ORD_STRA":2}},
{"type":"Feature","geometry":{"type":"LineString","coordinates":[[78.48958,30.33125],[78.49375,30.29375]]},"properties":{"MAIN_RIV":41067217,"LENGTH_KM":4.32,"ORD_STRA":5}},
{"type":"Feature","geometry":{"type":"LineString","coordinates":[[78.51875,30.29792],[78.49375,30.29375]]},"properties":{"MAIN_RIV":41067217,"LENGTH_KM":2.61,"ORD_STRA":2}},
{"type":"Feature","geometry":{"type":"LineString","coordinates":[[78.56458,30.29792],[78.52708,30.29792]]},"properties":{"MAIN_RIV":41067217,"LENGTH_KM":4.03,"ORD_STRA":2}},
{"type":"Feature","geometry":{"type":"LineString","coordinates":[[79.16042,30.32708],[79.14792,30.31875],[79.14792,30.29375]]},"properties":{"MAIN_RIV":41067217,"LENGTH_KM":4.7,"ORD_STRA":3}},
{"type":"Feature","geometry":{"type":"LineString","coordinates":[[79.15208,30.29375],[79.14792,30.29375]]},"properties":{"MAIN_RIV":41067217,"LENGTH_KM":0.4,"ORD_STRA":5}},
{"type":"Feature","geometry":{"type":"LineString","coordinates":[[79.28125,30.29792],[79.27708,30.29375]]},"properties":{"MAIN_RIV":41067217,"LENGTH_KM":0.61,"ORD_STRA":5}},
{"type":"Feature","geometry":{"type":"LineString","coordinates":[[79.29375,30.29375],[79.28125,30.29792]]},"properties":{"MAIN_RIV":41067217,"LENGTH_KM":1.41,"ORD_STRA":5}},
{"type":"Feature","geometry":{"type":"LineString","coordinates":[[79.30208,30.31875],[79.29375,30.29375]]},"properties":{"MAIN_RIV":41067217,"LENGTH_KM":3.08,"ORD_STRA":5}},
{"type":"Feature","geometry":{"type":"LineString","coordinates":[[79.69792,30.32083],[79.69375,30.29375]]},"properties":{"MAIN_RIV":41067217,"LENGTH_KM":3.16,"ORD_STRA":1}},
{"type":"Feature","geometry":{"type":"LineString","coordinates":[[79.73542,30.31875],[79.73542,30.29375]]},"properties":{"MAIN_RIV":41067217,"LENGTH_KM":3.08,"ORD_STRA":2}},
{"type":"Feature","geometry":{"type":"LineString","coordinates":[[80.46875,30.29375],[80.49375,30.31875]]},"properties":{"MAIN_RIV":41067217,"LENGTH_KM":3.92,"ORD_STRA":2}},
{"type":"Feature","geometry":{"type":"LineString","coordinates":[[80.475,30.29375],[80.46875,30.29375]]},"properties":{"MAIN_RIV":41067217,"LENGTH_KM":0.6,"ORD_STRA":1}},
{"type":"Feature","geometry":{"type":"LineString","coordinates":[[77.91458,30.2875],[77.91042,30.31042]]},"properties":{"MAIN_RIV":41067217,"LENGTH_KM":2.7,"ORD_STRA":1}},
{"type":"Feature","geometry":{"type":"LineString","coordinates":[[77.96458,30.28958],[77.93958,30.30208]]},"properties":{"MAIN_RIV":41067217,"LENGTH_KM":3.04,"ORD_STRA":2}},
{"type":"Feature","geometry":{"type":"LineString","coordinates":[[77.97083,30.3],[77.96458,30.28958]]},"properties":{"MAIN_RIV":41067217,"LENGTH_KM":1.38,"ORD_STRA":1}},
{"type":"Feature","geometry":{"type":"LineString","coordinates":[[77.9875,30.3],[77.96458,30.28958]]},"properties":{"MAIN_RIV":41067217,"LENGTH_KM":2.73,"ORD_STRA":1}},
{"type":"Feature","geometry":{"type":"LineString","coordinates":[[78.96875,30.31875],[78.98125,30.31042],[78.98125,30.28958]]},"properties":{"MAIN_RIV":41067217,"LENGTH_KM":4.91,"ORD_STRA":5}},
{"type":"Feature","geometry":{"type":"LineString","coordinates":[[79.03542,30.31042],[79.02708,30.30208],[78.99375,30.30208],[78.98125,30.28958]]},"properties":{"MAIN_RIV":41067217,"LENGTH_KM":6.51,"ORD_STRA":5}},
{"type":"Feature","geometry":{"type":"LineString","coordinates":[[78.34375,30.31042],[78.36875,30.28542]]},"properties":{"MAIN_RIV":41067217,"LENGTH_KM":3.92,"ORD_STRA":3}},
{"type":"Feature","geometry":{"type":"LineString","coordinates":[[78.37917,30.29583],[78.36875,30.28542]]},"properties":{"MAIN_RIV":41067217,"LENGTH_KM":1.53,"ORD_STRA":1}},
{"type":"Feature","geometry":{"type":"LineString","coordinates":[[78.44583,30.28958],[78.48125,30.29375],[78.48958,30.28542]]},"properties":{"MAIN_RIV":41067217,"LENGTH_KM":4.84,"ORD_STRA":1}},
{"type":"Feature","geometry":{"type":"LineString","coordinates":[[78.49375,30.29375],[78.48958,30.28542]]},"properties":{"MAIN_RIV":41067217,"LENGTH_KM":1.07,"ORD_STRA":5}},
{"type":"Feature","geometry":{"type":"LineString","coordinates":[[78.98125,30.28958],[78.97708,30.28542]]},"properties":{"MAIN_RIV":41067217,"LENGTH_KM":0.61,"ORD_STRA":6}},
{"type":"Feature","geometry":{"type":"LineString","coordinates":[[79.14792,30.29375],[79.13958,30.28542],[79.12292,30.28958],[79.11458,30.30625],[79.08958,30.29792]]},"properties":{"MAIN_RIV":41067217,"LENGTH_KM":8.44,"ORD_STRA":5}},
{"type":"Feature","geometry":{"type":"LineString","coordinates":[[79.38958,30.28542],[79.36875,30.29792]]},"properties":{"MAIN_RIV":41067217,"LENGTH_KM":2.64,"ORD_STRA":3}},
{"type":"Feature","geometry":{"type":"LineString","coordinates":[[79.50625,30.30417],[79.50208,30.28542]]},"properties":{"MAIN_RIV":41067217,"LENGTH_KM":2.23,"ORD_STRA":1}},
{"type":"Feature","geometry":{"type":"LineString","coordinates":[[79.52292,30.28542],[79.50208,30.28542]]},"properties":{"MAIN_RIV":41067217,"LENGTH_KM":2,"ORD_STRA":3}},
{"type":"Feature","geometry":{"type":"LineString","coordinates":[[79.52083,30.30417],[79.52292,30.28542]]},"properties":{"MAIN_RIV":41067217,"LENGTH_KM":2.46,"ORD_STRA":1}},
{"type":"Feature","geometry":{"type":"LineString","coordinates":[[79.73542,30.29375],[79.71042,30.28542],[79.69375,30.29375]]},"properties":{"MAIN_RIV":41067217,"LENGTH_KM":4.85,"ORD_STRA":2}},
{"type":"Feature","geometry":{"type":"LineString","coordinates":[[80.26667,30.29583],[80.27292,30.28542]]},"properties":{"MAIN_RIV":41067217,"LENGTH_KM":1.38,"ORD_STRA":1}},
{"type":"Feature","geometry":{"type":"LineString","coordinates":[[80.30208,30.31458],[80.28958,30.31042],[80.27292,30.28542]]},"properties":{"MAIN_RIV":41067217,"LENGTH_KM":4.79,"ORD_STRA":2}},
{"type":"Feature","geometry":{"type":"LineString","coordinates":[[78.04583,30.35],[78.01458,30.31458],[78.01458,30.28125]]},"properties":{"MAIN_RIV":41067217,"LENGTH_KM":9.56,"ORD_STRA":1}},
{"type":"Feature","geometry":{"type":"LineString","coordinates":[[78.03333,30.29583],[78.01458,30.28125]]},"properties":{"MAIN_RIV":41067217,"LENGTH_KM":2.54,"ORD_STRA":1}},
{"type":"Feature","geometry":{"type":"LineString","coordinates":[[78.11875,30.33958],[78.11042,30.32292],[78.12708,30.28125]]},"properties":{"MAIN_RIV":41067217,"LENGTH_KM":7.38,"ORD_STRA":3}},
{"type":"Feature","geometry":{"type":"LineString","coordinates":[[78.12708,30.2875],[78.12708,30.28125]]},"properties":{"MAIN_RIV":41067217,"LENGTH_KM":0.69,"ORD_STRA":1}},
{"type":"Feature","geometry":{"type":"LineString","coordinates":[[78.81458,30.31875],[78.83958,30.28125],[78.87292,30.28125]]},"properties":{"MAIN_RIV":41067217,"LENGTH_KM":8.26,"ORD_STRA":2}},
{"type":"Feature","geometry":{"type":"LineString","coordinates":[[78.85833,30.3],[78.87292,30.28125]]},"properties":{"MAIN_RIV":41067217,"LENGTH_KM":2.61,"ORD_STRA":1}},
{"type":"Feature","geometry":{"type":"LineString","coordinates":[[79.05208,30.27917],[79.05208,30.30208]]},"properties":{"MAIN_RIV":41067217,"LENGTH_KM":2.85,"ORD_STRA":1}},
{"type":"Feature","geometry":{"type":"LineString","coordinates":[[79.17292,30.28125],[79.16458,30.29375],[79.15208,30.29375]]},"properties":{"MAIN_RIV":41067217,"LENGTH_KM":2.89,"ORD_STRA":5}},
{"type":"Feature","geometry":{"type":"LineString","coordinates":[[79.1875,30.3],[79.17292,30.28125]]},"properties":{"MAIN_RIV":41067217,"LENGTH_KM":2.61,"ORD_STRA":1}},
{"type":"Feature","geometry":{"type":"LineString","coordinates":[[79.22708,30.3],[79.23542,30.28125]]},"properties":{"MAIN_RIV":41067217,"LENGTH_KM":2.38,"ORD_STRA":1}},
{"type":"Feature","geometry":{"type":"LineString","coordinates":[[79.27708,30.29375],[79.23542,30.28125]]},"properties":{"MAIN_RIV":41067217,"LENGTH_KM":4.64,"ORD_STRA":5}},
{"type":"Feature","geometry":{"type":"LineString","coordinates":[[79.53958,30.28125],[79.52292,30.28542]]},"properties":{"MAIN_RIV":41067217,"LENGTH_KM":1.81,"ORD_STRA":3}},
{"type":"Feature","geometry":{"type":"LineString","coordinates":[[79.54583,30.29167],[79.53958,30.28125]]},"properties":{"MAIN_RIV":41067217,"LENGTH_KM":1.38,"ORD_STRA":1}},
{"type":"Feature","geometry":{"type":"LineString","coordinates":[[79.75,30.27917],[79.73542,30.29375]]},"properties":{"MAIN_RIV":41067217,"LENGTH_KM":2.14,"ORD_STRA":1}},
{"type":"Feature","geometry":{"type":"LineString","coordinates":[[80.10625,30.28125],[80.11875,30.29792]]},"properties":{"MAIN_RIV":41067217,"LENGTH_KM":2.3,"ORD_STRA":2}},
{"type":"Feature","geometry":{"type":"LineString","coordinates":[[80.18542,30.33958],[80.19792,30.32708],[80.20208,30.28125]]},"properties":{"MAIN_RIV":41067217,"LENGTH_KM":7.08,"ORD_STRA":4}},
{"type":"Feature","geometry":{"type":"LineString","coordinates":[[80.59792,30.28125],[80.56875,30.30208],[80.55625,30.30208]]},"properties":{"MAIN_RIV":41067217,"LENGTH_KM":5.06,"ORD_STRA":2}},
{"type":"Feature","geometry":{"type":"LineString","coordinates":[[80.59792,30.2875],[80.59792,30.28125]]},"properties":{"MAIN_RIV":41067217,"LENGTH_KM":0.69,"ORD_STRA":1}},
{"type":"Feature","geometry":{"type":"LineString","coordinates":[[78.01458,30.28125],[78.01458,30.27708]]},"properties":{"MAIN_RIV":41067217,"LENGTH_KM":0.46,"ORD_STRA":2}},
{"type":"Feature","geometry":{"type":"LineString","coordinates":[[79.33125,30.275],[79.32708,30.28542],[79.29375,30.29375]]},"properties":{"MAIN_RIV":41067217,"LENGTH_KM":4.93,"ORD_STRA":1}},
{"type":"Feature","geometry":{"type":"LineString","coordinates":[[79.37917,30.275],[79.38958,30.28542]]},"properties":{"MAIN_RIV":41067217,"LENGTH_KM":1.78,"ORD_STRA":1}},
{"type":"Feature","geometry":{"type":"LineString","coordinates":[[79.55625,30.27708],[79.53958,30.28125]]},"properties":{"MAIN_RIV":41067217,"LENGTH_KM":1.81,"ORD_STRA":3}},
{"type":"Feature","geometry":{"type":"LineString","coordinates":[[79.60417,30.29583],[79.59792,30.27708]]},"properties":{"MAIN_RIV":41067217,"LENGTH_KM":2.31,"ORD_STRA":1}},
{"type":"Feature","geometry":{"type":"LineString","coordinates":[[80.09167,30.275],[80.10625,30.28125]]},"properties":{"MAIN_RIV":41067217,"LENGTH_KM":1.72,"ORD_STRA":1}},
{"type":"Feature","geometry":{"type":"LineString","coordinates":[[80.3875,30.27708],[80.41458,30.27708]]},"properties":{"MAIN_RIV":41067217,"LENGTH_KM":2.6,"ORD_STRA":1}},
{"type":"Feature","geometry":{"type":"LineString","coordinates":[[80.45208,30.27708],[80.46875,30.29375]]},"properties":{"MAIN_RIV":41067217,"LENGTH_KM":2.45,"ORD_STRA":2}},
{"type":"Feature","geometry":{"type":"LineString","coordinates":[[80.67917,30.27708],[80.71458,30.27708]]},"properties":{"MAIN_RIV":41067217,"LENGTH_KM":3.83,"ORD_STRA":1}},
{"type":"Feature","geometry":{"type":"LineString","coordinates":[[80.71458,30.27708],[80.74792,30.30625]]},"properties":{"MAIN_RIV":41067217,"LENGTH_KM":5.19,"ORD_STRA":2}},
{"type":"Feature","geometry":{"type":"LineString","coordinates":[[80.76042,30.29792],[80.76458,30.27708]]},"properties":{"MAIN_RIV":41067217,"LENGTH_KM":2.46,"ORD_STRA":3}},
{"type":"Feature","geometry":{"type":"LineString","coordinates":[[80.87083,30.27708],[80.87708,30.27708]]},"properties":{"MAIN_RIV":41067217,"LENGTH_KM":0.6,"ORD_STRA":1}},
{"type":"Feature","geometry":{"type":"LineString","coordinates":[[80.86458,30.29583],[80.87708,30.27708]]},"properties":{"MAIN_RIV":41067217,"LENGTH_KM":2.78,"ORD_STRA":1}},
{"type":"Feature","geometry":{"type":"LineString","coordinates":[[78.00833,30.27083],[78.01458,30.27708]]},"properties":{"MAIN_RIV":41067217,"LENGTH_KM":0.92,"ORD_STRA":1}},
{"type":"Feature","geometry":{"type":"LineString","coordinates":[[78.2875,30.29167],[78.28125,30.27292]]},"properties":{"MAIN_RIV":41067217,"LENGTH_KM":2.31,"ORD_STRA":1}},
{"type":"Feature","geometry":{"type":"LineString","coordinates":[[78.63333,30.33542],[78.71042,30.28542],[78.71458,30.27292]]},"properties":{"MAIN_RIV":41067217,"LENGTH_KM":11.78,"ORD_STRA":1}},
{"type":"Feature","geometry":{"type":"LineString","coordinates":[[78.71875,30.31042],[78.72292,30.27708],[78.71458,30.27292]]},"properties":{"MAIN_RIV":41067217,"LENGTH_KM":4.87,"ORD_STRA":2}},
{"type":"Feature","geometry":{"type":"LineString","coordinates":[[79.41458,30.27292],[79.38958,30.28542]]},"properties":{"MAIN_RIV":41067217,"LENGTH_KM":3.04,"ORD_STRA":3}},
{"type":"Feature","geometry":{"type":"LineString","coordinates":[[79.56042,30.27292],[79.55625,30.27708]]},"properties":{"MAIN_RIV":41067217,"LENGTH_KM":0.61,"ORD_STRA":3}},
{"type":"Feature","geometry":{"type":"LineString","coordinates":[[79.56875,30.3],[79.56042,30.27292]]},"properties":{"MAIN_RIV":41067217,"LENGTH_KM":3.31,"ORD_STRA":1}},
{"type":"Feature","geometry":{"type":"LineString","coordinates":[[79.57708,30.27292],[79.56042,30.27292]]},"properties":{"MAIN_RIV":41067217,"LENGTH_KM":1.6,"ORD_STRA":3}},
{"type":"Feature","geometry":{"type":"LineString","coordinates":[[79.6375,30.29583],[79.62708,30.27292]]},"properties":{"MAIN_RIV":41067217,"LENGTH_KM":2.92,"ORD_STRA":1}},
{"type":"Feature","geometry":{"type":"LineString","coordinates":[[79.63125,30.27292],[79.62708,30.27292]]},"properties":{"MAIN_RIV":41067217,"LENGTH_KM":0.4,"ORD_STRA":3}},
{"type":"Feature","geometry":{"type":"LineString","coordinates":[[79.69375,30.29375],[79.63125,30.27292]]},"properties":{"MAIN_RIV":41067217,"LENGTH_KM":7.06,"ORD_STRA":2}},
{"type":"Feature","geometry":{"type":"LineString","coordinates":[[80.01875,30.29583],[80.00625,30.27292]]},"properties":{"MAIN_RIV":41067217,"LENGTH_KM":3,"ORD_STRA":1}},
{"type":"Feature","geometry":{"type":"LineString","coordinates":[[80.02292,30.27292],[80.00625,30.27292]]},"properties":{"MAIN_RIV":41067217,"LENGTH_KM":1.6,"ORD_STRA":2}},
{"type":"Feature","geometry":{"type":"LineString","coordinates":[[80.0375,30.27917],[80.02292,30.27292]]},"properties":{"MAIN_RIV":41067217,"LENGTH_KM":1.72,"ORD_STRA":1}},
{"type":"Feature","geometry":{"type":"LineString","coordinates":[[80.21875,30.27083],[80.21458,30.32708]]},"properties":{"MAIN_RIV":41067217,"LENGTH_KM":6.7,"ORD_STRA":1}},
{"type":"Feature","geometry":{"type":"LineString","coordinates":[[80.34583,30.27292],[80.33542,30.27292],[80.30208,30.31458]]},"properties":{"MAIN_RIV":41067217,"LENGTH_KM":7.08,"ORD_STRA":1}},
{"type":"Feature","geometry":{"type":"LineString","coordinates":[[80.41458,30.27708],[80.45208,30.27708]]},"properties":{"MAIN_RIV":41067217,"LENGTH_KM":4.45,"ORD_STRA":2}},
{"type":"Feature","geometry":{"type":"LineString","coordinates":[[80.45208,30.27083],[80.45208,30.27708]]},"properties":{"MAIN_RIV":41067217,"LENGTH_KM":0.69,"ORD_STRA":1}},
{"type":"Feature","geometry":{"type":"LineString","coordinates":[[80.55208,30.29792],[80.55208,30.27292]]},"properties":{"MAIN_RIV":41067217,"LENGTH_KM":2.78,"ORD_STRA":3}},
{"type":"Feature","geometry":{"type":"LineString","coordinates":[[80.5625,30.27292],[80.55208,30.27292]]},"properties":{"MAIN_RIV":41067217,"LENGTH_KM":1,"ORD_STRA":1}},
{"type":"Feature","geometry":{"type":"LineString","coordinates":[[80.87708,30.27708],[80.89375,30.27292]]},"properties":{"MAIN_RIV":41067217,"LENGTH_KM":2.24,"ORD_STRA":2}},
{"type":"Feature","geometry":{"type":"LineString","coordinates":[[80.89375,30.27917],[80.89375,30.27292]]},"properties":{"MAIN_RIV":41067217,"LENGTH_KM":0.69,"ORD_STRA":1}},
{"type":"Feature","geometry":{"type":"LineString","coordinates":[[78.36875,30.28542],[78.36875,30.26875]]},"properties":{"MAIN_RIV":41067217,"LENGTH_KM":1.85,"ORD_STRA":3}},
{"type":"Feature","geometry":{"type":"LineString","coordinates":[[78.48958,30.28542],[78.48958,30.26875]]},"properties":{"MAIN_RIV":41067217,"LENGTH_KM":2.15,"ORD_STRA":5}},
{"type":"Feature","geometry":{"type":"LineString","coordinates":[[79.17292,30.26875],[79.17292,30.28125]]},"properties":{"MAIN_RIV":41067217,"LENGTH_KM":1.69,"ORD_STRA":5}},
{"type":"Feature","geometry":{"type":"LineString","coordinates":[[79.31042,30.26667],[79.30625,30.28125],[79.27708,30.29375]]},"properties":{"MAIN_RIV":41067217,"LENGTH_KM":5.21,"ORD_STRA":1}},
{"type":"Feature","geometry":{"type":"LineString","coordinates":[[79.43958,30.26875],[79.41458,30.27292]]},"properties":{"MAIN_RIV":41067217,"LENGTH_KM":2.61,"ORD_STRA":3}},
{"type":"Feature","geometry":{"type":"LineString","coordinates":[[79.47083,30.3],[79.43958,30.26875]]},"properties":{"MAIN_RIV":41067217,"LENGTH_KM":4.84,"ORD_STRA":1}},
{"type":"Feature","geometry":{"type":"LineString","coordinates":[[79.59792,30.27708],[79.58958,30.26875],[79.57708,30.27292]]},"properties":{"MAIN_RIV":41067217,"LENGTH_KM":2.64,"ORD_STRA":3}},
{"type":"Feature","geometry":{"type":"LineString","coordinates":[[79.62708,30.27292],[79.61875,30.26875],[79.59792,30.27708]]},"properties":{"MAIN_RIV":41067217,"LENGTH_KM":3.44,"ORD_STRA":3}},
{"type":"Feature","geometry":{"type":"LineString","coordinates":[[80.00208,30.275],[80.00208,30.26875]]},"properties":{"MAIN_RIV":41067217,"LENGTH_KM":0.69,"ORD_STRA":1}},
{"type":"Feature","geometry":{"type":"LineString","coordinates":[[80.00625,30.27292],[80.00208,30.26875]]},"properties":{"MAIN_RIV":41067217,"LENGTH_KM":0.61,"ORD_STRA":2}},
{"type":"Feature","geometry":{"type":"LineString","coordinates":[[80.02292,30.26667],[80.02292,30.27292]]},"properties":{"MAIN_RIV":41067217,"LENGTH_KM":0.69,"ORD_STRA":1}},
{"type":"Feature","geometry":{"type":"LineString","coordinates":[[80.71042,30.26875],[80.71458,30.27708]]},"properties":{"MAIN_RIV":41067217,"LENGTH_KM":1.07,"ORD_STRA":2}},
{"type":"Feature","geometry":{"type":"LineString","coordinates":[[78.29583,30.2625],[78.28125,30.27292]]},"properties":{"MAIN_RIV":41067217,"LENGTH_KM":1.93,"ORD_STRA":1}},
{"type":"Feature","geometry":{"type":"LineString","coordinates":[[78.35417,30.26458],[78.36042,30.26458]]},"properties":{"MAIN_RIV":41067217,"LENGTH_KM":0.6,"ORD_STRA":1}},
{"type":"Feature","geometry":{"type":"LineString","coordinates":[[78.34167,30.27708],[78.36042,30.26458]]},"properties":{"MAIN_RIV":41067217,"LENGTH_KM":2.44,"ORD_STRA":1}},
{"type":"Feature","geometry":{"type":"LineString","coordinates":[[78.36042,30.26458],[78.36875,30.26875]]},"properties":{"MAIN_RIV":41067217,"LENGTH_KM":1.01,"ORD_STRA":2}},
{"type":"Feature","geometry":{"type":"LineString","coordinates":[[79.21875,30.26458],[79.17292,30.26875]]},"properties":{"MAIN_RIV":41067217,"LENGTH_KM":4.61,"ORD_STRA":5}},
{"type":"Feature","geometry":{"type":"LineString","coordinates":[[79.23542,30.28125],[79.21875,30.26458]]},"properties":{"MAIN_RIV":41067217,"LENGTH_KM":2.45,"ORD_STRA":5}},
{"type":"Feature","geometry":{"type":"LineString","coordinates":[[79.55208,30.2625],[79.55625,30.27708]]},"properties":{"MAIN_RIV":41067217,"LENGTH_KM":1.77,"ORD_STRA":1}},
{"type":"Feature","geometry":{"type":"LineString","coordinates":[[79.98333,30.27917],[79.99792,30.26458]]},"properties":{"MAIN_RIV":41067217,"LENGTH_KM":2.14,"ORD_STRA":1}},
{"type":"Feature","geometry":{"type":"LineString","coordinates":[[80.00208,30.26875],[79.99792,30.26458]]},"properties":{"MAIN_RIV":41067217,"LENGTH_KM":0.61,"ORD_STRA":2}},
{"type":"Feature","geometry":{"type":"LineString","coordinates":[[80.03333,30.2625],[80.02292,30.27292]]},"properties":{"MAIN_RIV":41067217,"LENGTH_KM":1.53,"ORD_STRA":1}},
{"type":"Feature","geometry":{"type":"LineString","coordinates":[[80.41875,30.2625],[80.41458,30.27708]]},"properties":{"MAIN_RIV":41067217,"LENGTH_KM":1.77,"ORD_STRA":1}},
{"type":"Feature","geometry":{"type":"LineString","coordinates":[[80.55208,30.27292],[80.55208,30.26458]]},"properties":{"MAIN_RIV":41067217,"LENGTH_KM":0.93,"ORD_STRA":3}},
{"type":"Feature","geometry":{"type":"LineString","coordinates":[[80.56667,30.26458],[80.55208,30.26458]]},"properties":{"MAIN_RIV":41067217,"LENGTH_KM":1.4,"ORD_STRA":1}},
{"type":"Feature","geometry":{"type":"LineString","coordinates":[[78.36875,30.26875],[78.37708,30.26042]]},"properties":{"MAIN_RIV":41067217,"LENGTH_KM":1.22,"ORD_STRA":3}},
{"type":"Feature","geometry":{"type":"LineString","coordinates":[[78.4,30.26458],[78.37708,30.26042]]},"properties":{"MAIN_RIV":41067217,"LENGTH_KM":2.41,"ORD_STRA":1}},
{"type":"Feature","geometry":{"type":"LineString","coordinates":[[78.48958,30.26875],[78.49792,30.26042]]},"properties":{"MAIN_RIV":41067217,"LENGTH_KM":1.22,"ORD_STRA":5}},
{"type":"Feature","geometry":{"type":"LineString","coordinates":[[78.62917,30.275],[78.65625,30.26042]]},"properties":{"MAIN_RIV":41067217,"LENGTH_KM":3.77,"ORD_STRA":1}},
{"type":"Feature","geometry":{"type":"LineString","coordinates":[[78.66042,30.275],[78.65625,30.26042]]},"properties":{"MAIN_RIV":41067217,"LENGTH_KM":1.77,"ORD_STRA":1}},
{"type":"Feature","geometry":{"type":"LineString","coordinates":[[78.87292,30.28125],[78.87708,30.27292],[78.91458,30.26875],[78.91875,30.26042]]},"properties":{"MAIN_RIV":41067217,"LENGTH_KM":5.96,"ORD_STRA":2}},
{"type":"Feature","geometry":{"type":"LineString","coordinates":[[78.89167,30.32708],[78.91458,30.31458],[78.93125,30.26042]]},"properties":{"MAIN_RIV":41067217,"LENGTH_KM":9.75,"ORD_STRA":1}},
{"type":"Feature","geometry":{"type":"LineString","coordinates":[[78.97708,30.28542],[78.96042,30.27292],[78.93958,30.27292],[78.93125,30.26042]]},"properties":{"MAIN_RIV":41067217,"LENGTH_KM":6.35,"ORD_STRA":6}},
{"type":"Feature","geometry":{"type":"LineString","coordinates":[[79.44792,30.26042],[79.43958,30.26875]]},"properties":{"MAIN_RIV":41067217,"LENGTH_KM":1.22,"ORD_STRA":3}},
{"type":"Feature","geometry":{"type":"LineString","coordinates":[[79.47708,30.26042],[79.44792,30.26042]]},"properties":{"MAIN_RIV":41067217,"LENGTH_KM":2.8,"ORD_STRA":3}},
{"type":"Feature","geometry":{"type":"LineString","coordinates":[[79.50208,30.28542],[79.47708,30.26042]]},"properties":{"MAIN_RIV":41067217,"LENGTH_KM":3.67,"ORD_STRA":3}},
{"type":"Feature","geometry":{"type":"LineString","coordinates":[[79.57708,30.26042],[79.57708,30.27292]]},"properties":{"MAIN_RIV":41067217,"LENGTH_KM":1.69,"ORD_STRA":2}},
{"type":"Feature","geometry":{"type":"LineString","coordinates":[[79.9875,30.26042],[79.99375,30.26042]]},"properties":{"MAIN_RIV":41067217,"LENGTH_KM":0.6,"ORD_STRA":1}},
{"type":"Feature","geometry":{"type":"LineString","coordinates":[[79.99792,30.26458],[79.99375,30.26042]]},"properties":{"MAIN_RIV":41067217,"LENGTH_KM":0.61,"ORD_STRA":2}},
{"type":"Feature","geometry":{"type":"LineString","coordinates":[[80.1375,30.26042],[80.16042,30.26042],[80.20208,30.28125]]},"properties":{"MAIN_RIV":41067217,"LENGTH_KM":7.26,"ORD_STRA":1}},
{"type":"Feature","geometry":{"type":"LineString","coordinates":[[80.41042,30.25833],[80.41458,30.27708]]},"properties":{"MAIN_RIV":41067217,"LENGTH_KM":2.23,"ORD_STRA":1}},
{"type":"Feature","geometry":{"type":"LineString","coordinates":[[80.49375,30.31875],[80.51458,30.29792],[80.53542,30.29375],[80.53542,30.26042]]},"properties":{"MAIN_RIV":41067217,"LENGTH_KM":8.98,"ORD_STRA":3}},
{"type":"Feature","geometry":{"type":"LineString","coordinates":[[80.54792,30.26042],[80.53542,30.26042]]},"properties":{"MAIN_RIV":41067217,"LENGTH_KM":1.2,"ORD_STRA":3}},
{"type":"Feature","geometry":{"type":"LineString","coordinates":[[80.55208,30.26458],[80.54792,30.26042]]},"properties":{"MAIN_RIV":41067217,"LENGTH_KM":0.61,"ORD_STRA":3}},
{"type":"Feature","geometry":{"type":"LineString","coordinates":[[80.6375,30.26042],[80.59792,30.28125]]},"properties":{"MAIN_RIV":41067217,"LENGTH_KM":4.86,"ORD_STRA":1}},
{"type":"Feature","geometry":{"type":"LineString","coordinates":[[78.01458,30.27708],[78.02708,30.25625]]},"properties":{"MAIN_RIV":41067217,"LENGTH_KM":2.76,"ORD_STRA":2}},
{"type":"Feature","geometry":{"type":"LineString","coordinates":[[78.06458,30.31042],[78.04375,30.27708],[78.04792,30.26875],[78.02708,30.25625]]},"properties":{"MAIN_RIV":41067217,"LENGTH_KM":8.16,"ORD_STRA":2}},
{"type":"Feature","geometry":{"type":"LineString","coordinates":[[78.2125,30.26667],[78.22292,30.25625]]},"properties":{"MAIN_RIV":41067217,"LENGTH_KM":1.53,"ORD_STRA":1}},
{"type":"Feature","geometry":{"type":"LineString","coordinates":[[78.225,30.26667],[78.23125,30.26042],[78.22292,30.25625]]},"properties":{"MAIN_RIV":41067217,"LENGTH_KM":1.93,"ORD_STRA":1}},
{"type":"Feature","geometry":{"type":"LineString","coordinates":[[78.43333,30.25625],[78.48125,30.26042],[78.48958,30.26875]]},"properties":{"MAIN_RIV":41067217,"LENGTH_KM":6.04,"ORD_STRA":1}},
{"type":"Feature","geometry":{"type":"LineString","coordinates":[[78.92708,30.25625],[78.91875,30.26042]]},"properties":{"MAIN_RIV":41067217,"LENGTH_KM":1.01,"ORD_STRA":6}},
{"type":"Feature","geometry":{"type":"LineString","coordinates":[[78.93125,30.26042],[78.92708,30.25625]]},"properties":{"MAIN_RIV":41067217,"LENGTH_KM":0.61,"ORD_STRA":6}},
{"type":"Feature","geometry":{"type":"LineString","coordinates":[[79.21875,30.25625],[79.21875,30.26458]]},"properties":{"MAIN_RIV":41067217,"LENGTH_KM":0.93,"ORD_STRA":4}},
{"type":"Feature","geometry":{"type":"LineString","coordinates":[[79.66042,30.25625],[79.63125,30.27292]]},"properties":{"MAIN_RIV":41067217,"LENGTH_KM":3.65,"ORD_STRA":2}},
{"type":"Feature","geometry":{"type":"LineString","coordinates":[[79.7125,30.25833],[79.67708,30.26458],[79.66042,30.25625]]},"properties":{"MAIN_RIV":41067217,"LENGTH_KM":5.74,"ORD_STRA":1}},
{"type":"Feature","geometry":{"type":"LineString","coordinates":[[79.67083,30.25625],[79.66042,30.25625]]},"properties":{"MAIN_RIV":41067217,"LENGTH_KM":1,"ORD_STRA":1}},
{"type":"Feature","geometry":{"type":"LineString","coordinates":[[80.2625,30.25625],[80.27292,30.25625]]},"properties":{"MAIN_RIV":41067217,"LENGTH_KM":1,"ORD_STRA":1}},
{"type":"Feature","geometry":{"type":"LineString","coordinates":[[80.27292,30.28542],[80.27292,30.25625]]},"properties":{"MAIN_RIV":41067217,"LENGTH_KM":3.54,"ORD_STRA":2}},
{"type":"Feature","geometry":{"type":"LineString","coordinates":[[80.72083,30.25417],[80.71042,30.26875]]},"properties":{"MAIN_RIV":41067217,"LENGTH_KM":1.99,"ORD_STRA":1}},
{"type":"Feature","geometry":{"type":"LineString","coordinates":[[80.74583,30.25417],[80.76458,30.27708]]},"properties":{"MAIN_RIV":41067217,"LENGTH_KM":3.22,"ORD_STRA":1}},
{"type":"Feature","geometry":{"type":"LineString","coordinates":[[80.76458,30.27708],[80.78542,30.25625]]},"properties":{"MAIN_RIV":41067217,"LENGTH_KM":3.31,"ORD_STRA":3}},
{"type":"Feature","geometry":{"type":"LineString","coordinates":[[80.81875,30.3],[80.81875,30.28958],[80.78542,30.25625]]},"properties":{"MAIN_RIV":41067217,"LENGTH_KM":6.31,"ORD_STRA":1}},
{"type":"Feature","geometry":{"type":"LineString","coordinates":[[78.14375,30.275],[78.15208,30.25208]]},"properties":{"MAIN_RIV":41067217,"LENGTH_KM":2.85,"ORD_STRA":1}},
{"type":"Feature","geometry":{"type":"LineString","coordinates":[[78.175,30.26667],[78.15208,30.25208]]},"properties":{"MAIN_RIV":41067217,"LENGTH_KM":2.94,"ORD_STRA":1}},
{"type":"Feature","geometry":{"type":"LineString","coordinates":[[78.95,30.25208],[78.92708,30.25625]]},"properties":{"MAIN_RIV":41067217,"LENGTH_KM":2.41,"ORD_STRA":1}},
{"type":"Feature","geometry":{"type":"LineString","coordinates":[[78.99792,30.25208],[78.97708,30.28542]]},"properties":{"MAIN_RIV":41067217,"LENGTH_KM":4.45,"ORD_STRA":2}},
{"type":"Feature","geometry":{"type":"LineString","coordinates":[[79.57083,30.25208],[79.57708,30.25208]]},"properties":{"MAIN_RIV":41067217,"LENGTH_KM":0.6,"ORD_STRA":1}},
{"type":"Feature","geometry":{"type":"LineString","coordinates":[[79.57708,30.25208],[79.57708,30.26042]]},"properties":{"MAIN_RIV":41067217,"LENGTH_KM":0.93,"ORD_STRA":2}},
{"type":"Feature","geometry":{"type":"LineString","coordinates":[[79.9125,30.25625],[79.92292,30.25208]]},"properties":{"MAIN_RIV":41067217,"LENGTH_KM":1.21,"ORD_STRA":1}},
{"type":"Feature","geometry":{"type":"LineString","coordinates":[[79.93333,30.275],[79.92292,30.25208]]},"properties":{"MAIN_RIV":41067217,"LENGTH_KM":2.92,"ORD_STRA":1}},
{"type":"Feature","geometry":{"type":"LineString","coordinates":[[80.09167,30.25],[80.11042,30.27292],[80.10625,30.28125]]},"properties":{"MAIN_RIV":41067217,"LENGTH_KM":4.29,"ORD_STRA":1}},
{"type":"Feature","geometry":{"type":"LineString","coordinates":[[77.99167,30.24583],[78.01458,30.26042],[78.02708,30.25625]]},"properties":{"MAIN_RIV":41067217,"LENGTH_KM":4.36,"ORD_STRA":1}},
{"type":"Feature","geometry":{"type":"LineString","coordinates":[[78.4625,30.24792],[78.48958,30.24792],[78.49792,30.26042]]},"properties":{"MAIN_RIV":41067217,"LENGTH_KM":4.71,"ORD_STRA":1}},
{"type":"Feature","geometry":{"type":"LineString","coordinates":[[78.49792,30.26042],[78.50625,30.26458],[78.51458,30.24792],[78.53125,30.24792]]},"properties":{"MAIN_RIV":41067217,"LENGTH_KM":5.19,"ORD_STRA":5}},
{"type":"Feature","geometry":{"type":"LineString","coordinates":[[78.58958,30.25833],[78.58542,30.24792]]},"properties":{"MAIN_RIV":41067217,"LENGTH_KM":1.31,"ORD_STRA":1}},
{"type":"Feature","geometry":{"type":"LineString","coordinates":[[78.59167,30.24792],[78.58542,30.24792]]},"properties":{"MAIN_RIV":41067217,"LENGTH_KM":0.6,"ORD_STRA":1}},
{"type":"Feature","geometry":{"type":"LineString","coordinates":[[78.91875,30.26042],[78.91042,30.24792]]},"properties":{"MAIN_RIV":41067217,"LENGTH_KM":1.94,"ORD_STRA":6}},
{"type":"Feature","geometry":{"type":"LineString","coordinates":[[79.11875,30.24792],[79.15208,30.27292],[79.15208,30.29375]]},"properties":{"MAIN_RIV":41067217,"LENGTH_KM":7.09,"ORD_STRA":2}},
{"type":"Feature","geometry":{"type":"LineString","coordinates":[[79.59583,30.24583],[79.57708,30.26042]]},"properties":{"MAIN_RIV":41067217,"LENGTH_KM":2.54,"ORD_STRA":1}},
{"type":"Feature","geometry":{"type":"LineString","coordinates":[[79.99375,30.26042],[79.99375,30.24792]]},"properties":{"MAIN_RIV":41067217,"LENGTH_KM":1.39,"ORD_STRA":2}},
{"type":"Feature","geometry":{"type":"LineString","coordinates":[[80.27292,30.25625],[80.27708,30.24792]]},"properties":{"MAIN_RIV":41067217,"LENGTH_KM":1.08,"ORD_STRA":2}},
{"type":"Feature","geometry":{"type":"LineString","coordinates":[[80.3,30.25833],[80.27708,30.24792]]},"properties":{"MAIN_RIV":41067217,"LENGTH_KM":2.73,"ORD_STRA":1}},
{"type":"Feature","geometry":{"type":"LineString","coordinates":[[80.35,30.25833],[80.33958,30.24792]]},"properties":{"MAIN_RIV":41067217,"LENGTH_KM":1.53,"ORD_STRA":1}},
{"type":"Feature","geometry":{"type":"LineString","coordinates":[[80.34583,30.24792],[80.33958,30.24792]]},"properties":{"MAIN_RIV":41067217,"LENGTH_KM":0.6,"ORD_STRA":1}},
{"type":"Feature","geometry":{"type":"LineString","coordinates":[[80.53542,30.26042],[80.53542,30.24792]]},"properties":{"MAIN_RIV":41067217,"LENGTH_KM":1.39,"ORD_STRA":4}},
{"type":"Feature","geometry":{"type":"LineString","coordinates":[[80.5625,30.24583],[80.54792,30.26042]]},"properties":{"MAIN_RIV":41067217,"LENGTH_KM":2.39,"ORD_STRA":1}},
{"type":"Feature","geometry":{"type":"LineString","coordinates":[[80.68333,30.24792],[80.69792,30.24792]]},"properties":{"MAIN_RIV":41067217,"LENGTH_KM":1.4,"ORD_STRA":1}},
{"type":"Feature","geometry":{"type":"LineString","coordinates":[[80.69792,30.24792],[80.71042,30.26875]]},"properties":{"MAIN_RIV":41067217,"LENGTH_KM":2.76,"ORD_STRA":2}},
{"type":"Feature","geometry":{"type":"LineString","coordinates":[[80.87917,30.24792],[80.90625,30.24792]]},"properties":{"MAIN_RIV":41067217,"LENGTH_KM":2.6,"ORD_STRA":1}},
{"type":"Feature","geometry":{"type":"LineString","coordinates":[[80.89375,30.27292],[80.90625,30.24792]]},"properties":{"MAIN_RIV":41067217,"LENGTH_KM":3.23,"ORD_STRA":2}},
{"type":"Feature","geometry":{"type":"LineString","coordinates":[[78.15208,30.25208],[78.15208,30.24375]]},"properties":{"MAIN_RIV":41067217,"LENGTH_KM":0.93,"ORD_STRA":2}},
{"type":"Feature","geometry":{"type":"LineString","coordinates":[[78.18333,30.25417],[78.15208,30.24375]]},"properties":{"MAIN_RIV":41067217,"LENGTH_KM":3.53,"ORD_STRA":1}},
{"type":"Feature","geometry":{"type":"LineString","coordinates":[[78.28125,30.27292],[78.25208,30.24375]]},"properties":{"MAIN_RIV":41067217,"LENGTH_KM":4.54,"ORD_STRA":2}},
{"type":"Feature","geometry":{"type":"LineString","coordinates":[[78.65,30.24375],[78.65625,30.24375]]},"properties":{"MAIN_RIV":41067217,"LENGTH_KM":0.6,"ORD_STRA":1}},
{"type":"Feature","geometry":{"type":"LineString","coordinates":[[78.65625,30.26042],[78.65625,30.24375]]},"properties":{"MAIN_RIV":41067217,"LENGTH_KM":2.15,"ORD_STRA":2}},
{"type":"Feature","geometry":{"type":"LineString","coordinates":[[78.86875,30.24792],[78.86042,30.24375]]},"properties":{"MAIN_RIV":41067217,"LENGTH_KM":1.01,"ORD_STRA":6}},
{"type":"Feature","geometry":{"type":"LineString","coordinates":[[78.91042,30.24792],[78.90208,30.24375],[78.88125,30.26042],[78.86875,30.24792]]},"properties":{"MAIN_RIV":41067217,"LENGTH_KM":5.7,"ORD_STRA":6}},
{"type":"Feature","geometry":{"type":"LineString","coordinates":[[79.05833,30.24167],[79.08958,30.27708],[79.08958,30.29792]]},"properties":{"MAIN_RIV":41067217,"LENGTH_KM":7.92,"ORD_STRA":1}},
{"type":"Feature","geometry":{"type":"LineString","coordinates":[[79.10417,30.24167],[79.11875,30.24792]]},"properties":{"MAIN_RIV":41067217,"LENGTH_KM":1.72,"ORD_STRA":1}},
{"type":"Feature","geometry":{"type":"LineString","coordinates":[[79.40208,30.24167],[79.41458,30.27292]]},"properties":{"MAIN_RIV":41067217,"LENGTH_KM":3.92,"ORD_STRA":1}},
{"type":"Feature","geometry":{"type":"LineString","coordinates":[[79.82083,30.26667],[79.84792,30.26042],[79.85625,30.24375]]},"properties":{"MAIN_RIV":41067217,"LENGTH_KM":5.07,"ORD_STRA":1}},
{"type":"Feature","geometry":{"type":"LineString","coordinates":[[79.85625,30.25],[79.85625,30.24375]]},"properties":{"MAIN_RIV":41067217,"LENGTH_KM":0.69,"ORD_STRA":1}},
{"type":"Feature","geometry":{"type":"LineString","coordinates":[[79.97917,30.24167],[79.99375,30.24792]]},"properties":{"MAIN_RIV":41067217,"LENGTH_KM":1.72,"ORD_STRA":1}},
{"type":"Feature","geometry":{"type":"LineString","coordinates":[[80.6875,30.24375],[80.69792,30.24792]]},"properties":{"MAIN_RIV":41067217,"LENGTH_KM":1.21,"ORD_STRA":1}},
{"type":"Feature","geometry":{"type":"LineString","coordinates":[[78.26667,30.23958],[78.25208,30.24375]]},"properties":{"MAIN_RIV":41067217,"LENGTH_KM":1.61,"ORD_STRA":1}},
{"type":"Feature","geometry":{"type":"LineString","coordinates":[[78.37708,30.26042],[78.37292,30.23958]]},"properties":{"MAIN_RIV":41067217,"LENGTH_KM":2.76,"ORD_STRA":3}},
{"type":"Feature","geometry":{"type":"LineString","coordinates":[[78.55833,30.25417],[78.56875,30.23958]]},"properties":{"MAIN_RIV":41067217,"LENGTH_KM":1.99,"ORD_STRA":1}},
{"type":"Feature","geometry":{"type":"LineString","coordinates":[[78.58542,30.24792],[78.56875,30.23958]]},"properties":{"MAIN_RIV":41067217,"LENGTH_KM":2.02,"ORD_STRA":2}},
{"type":"Feature","geometry":{"type":"LineString","coordinates":[[79,30.2375],[78.99792,30.25208]]},"properties":{"MAIN_RIV":41067217,"LENGTH_KM":1.99,"ORD_STRA":1}},
{"type":"Feature","geometry":{"type":"LineString","coordinates":[[79.0125,30.23958],[78.99792,30.25208]]},"properties":{"MAIN_RIV":41067217,"LENGTH_KM":2.29,"ORD_STRA":1}},
{"type":"Feature","geometry":{"type":"LineString","coordinates":[[79.21042,30.2375],[79.21875,30.25625]]},"properties":{"MAIN_RIV":41067217,"LENGTH_KM":2.38,"ORD_STRA":1}},
{"type":"Feature","geometry":{"type":"LineString","coordinates":[[80.47917,30.23958],[80.50625,30.23958]]},"properties":{"MAIN_RIV":41067217,"LENGTH_KM":2.6,"ORD_STRA":1}},
{"type":"Feature","geometry":{"type":"LineString","coordinates":[[80.50625,30.24583],[80.50625,30.23958]]},"properties":{"MAIN_RIV":41067217,"LENGTH_KM":0.69,"ORD_STRA":1}},
{"type":"Feature","geometry":{"type":"LineString","coordinates":[[80.53542,30.24792],[80.53958,30.23958]]},"properties":{"MAIN_RIV":41067217,"LENGTH_KM":1.08,"ORD_STRA":4}},
{"type":"Feature","geometry":{"type":"LineString","coordinates":[[80.95625,30.24583],[80.95625,30.23958]]},"properties":{"MAIN_RIV":41067217,"LENGTH_KM":0.69,"ORD_STRA":1}},
{"type":"Feature","geometry":{"type":"LineString","coordinates":[[80.97292,30.23958],[80.95625,30.23958]]},"properties":{"MAIN_RIV":41067217,"LENGTH_KM":1.6,"ORD_STRA":2}},
{"type":"Feature","geometry":{"type":"LineString","coordinates":[[81.00833,30.2375],[80.99375,30.24792],[80.97292,30.23958]]},"properties":{"MAIN_RIV":41067217,"LENGTH_KM":4.36,"ORD_STRA":1}},
{"type":"Feature","geometry":{"type":"LineString","coordinates":[[78.02708,30.25625],[78.02708,30.23542]]},"properties":{"MAIN_RIV":41067217,"LENGTH_KM":2.32,"ORD_STRA":3}},
{"type":"Feature","geometry":{"type":"LineString","coordinates":[[78.4,30.23333],[78.37292,30.23958]]},"properties":{"MAIN_RIV":41067217,"LENGTH_KM":2.92,"ORD_STRA":1}},
{"type":"Feature","geometry":{"type":"LineString","coordinates":[[78.70625,30.24583],[78.69792,30.23542]]},"properties":{"MAIN_RIV":41067217,"LENGTH_KM":1.71,"ORD_STRA":1}},
{"type":"Feature","geometry":{"type":"LineString","coordinates":[[78.71458,30.27292],[78.71875,30.24792],[78.71042,30.23542]]},"properties":{"MAIN_RIV":41067217,"LENGTH_KM":4.62,"ORD_STRA":2}},
{"type":"Feature","geometry":{"type":"LineString","coordinates":[[79.11875,30.23333],[79.11875,30.24792]]},"properties":{"MAIN_RIV":41067217,"LENGTH_KM":1.62,"ORD_STRA":1}},
{"type":"Feature","geometry":{"type":"LineString","coordinates":[[79.15833,30.23333],[79.17292,30.25208],[79.17292,30.26875]]},"properties":{"MAIN_RIV":41067217,"LENGTH_KM":4.76,"ORD_STRA":1}},
{"type":"Feature","geometry":{"type":"LineString","coordinates":[[79.57708,30.23333],[79.57708,30.25208]]},"properties":{"MAIN_RIV":41067217,"LENGTH_KM":2.08,"ORD_STRA":1}},
{"type":"Feature","geometry":{"type":"LineString","coordinates":[[80.50625,30.23958],[80.51458,30.23542]]},"properties":{"MAIN_RIV":41067217,"LENGTH_KM":1.01,"ORD_STRA":2}},
{"type":"Feature","geometry":{"type":"LineString","coordinates":[[80.51458,30.23542],[80.53542,30.24792]]},"properties":{"MAIN_RIV":41067217,"LENGTH_KM":2.64,"ORD_STRA":3}},
{"type":"Feature","geometry":{"type":"LineString","coordinates":[[80.90625,30.24792],[80.92292,30.23542]]},"properties":{"MAIN_RIV":41067217,"LENGTH_KM":2.24,"ORD_STRA":2}},
{"type":"Feature","geometry":{"type":"LineString","coordinates":[[80.95625,30.23958],[80.92292,30.23542]]},"properties":{"MAIN_RIV":41067217,"LENGTH_KM":3.41,"ORD_STRA":2}},
{"type":"Feature","geometry":{"type":"LineString","coordinates":[[78.00833,30.23542],[78.02708,30.23542]]},"properties":{"MAIN_RIV":41067217,"LENGTH_KM":2.23,"ORD_STRA":1}},
{"type":"Feature","geometry":{"type":"LineString","coordinates":[[78.5,30.23125],[78.53125,30.24792]]},"properties":{"MAIN_RIV":41067217,"LENGTH_KM":4.1,"ORD_STRA":1}},
{"type":"Feature","geometry":{"type":"LineString","coordinates":[[78.71042,30.23542],[78.69792,30.23542]]},"properties":{"MAIN_RIV":41067217,"LENGTH_KM":1.63,"ORD_STRA":6}},
{"type":"Feature","geometry":{"type":"LineString","coordinates":[[79.25625,30.23125],[79.25625,30.23958],[79.21875,30.25625]]},"properties":{"MAIN_RIV":41067217,"LENGTH_KM":5.38,"ORD_STRA":4}},
{"type":"Feature","geometry":{"type":"LineString","coordinates":[[78.53125,30.24792],[78.56042,30.22708]]},"properties":{"MAIN_RIV":41067217,"LENGTH_KM":4.11,"ORD_STRA":5}},
{"type":"Feature","geometry":{"type":"LineString","coordinates":[[78.56875,30.23958],[78.56042,30.22708]]},"properties":{"MAIN_RIV":41067217,"LENGTH_KM":1.94,"ORD_STRA":2}},
{"type":"Feature","geometry":{"type":"LineString","coordinates":[[78.80625,30.26667],[78.81042,30.25625],[78.79375,30.22708]]},"properties":{"MAIN_RIV":41067217,"LENGTH_KM":5.4,"ORD_STRA":1}},
{"type":"Feature","geometry":{"type":"LineString","coordinates":[[79.26458,30.22708],[79.25625,30.23125]]},"properties":{"MAIN_RIV":41067217,"LENGTH_KM":1.01,"ORD_STRA":4}},
{"type":"Feature","geometry":{"type":"LineString","coordinates":[[79.27083,30.2375],[79.26458,30.22708]]},"properties":{"MAIN_RIV":41067217,"LENGTH_KM":1.38,"ORD_STRA":1}},
{"type":"Feature","geometry":{"type":"LineString","coordinates":[[79.44792,30.22708],[79.44792,30.26042]]},"properties":{"MAIN_RIV":41067217,"LENGTH_KM":4,"ORD_STRA":2}},
{"type":"Feature","geometry":{"type":"LineString","coordinates":[[79.52917,30.225],[79.47708,30.26042]]},"properties":{"MAIN_RIV":41067217,"LENGTH_KM":6.8,"ORD_STRA":1}},
{"type":"Feature","geometry":{"type":"LineString","coordinates":[[80.27708,30.24792],[80.28125,30.22708]]},"properties":{"MAIN_RIV":41067217,"LENGTH_KM":2.47,"ORD_STRA":2}},
{"type":"Feature","geometry":{"type":"LineString","coordinates":[[80.33958,30.24792],[80.31042,30.22708]]},"properties":{"MAIN_RIV":41067217,"LENGTH_KM":3.86,"ORD_STRA":2}},
{"type":"Feature","geometry":{"type":"LineString","coordinates":[[80.31667,30.22708],[80.31042,30.22708]]},"properties":{"MAIN_RIV":41067217,"LENGTH_KM":0.6,"ORD_STRA":1}},
{"type":"Feature","geometry":{"type":"LineString","coordinates":[[80.92292,30.23542],[80.91875,30.22708]]},"properties":{"MAIN_RIV":41067217,"LENGTH_KM":1.08,"ORD_STRA":3}},
{"type":"Feature","geometry":{"type":"LineString","coordinates":[[78.12708,30.28125],[78.13958,30.22292]]},"properties":{"MAIN_RIV":41067217,"LENGTH_KM":6.93,"ORD_STRA":3}},
{"type":"Feature","geometry":{"type":"LineString","coordinates":[[78.15208,30.24375],[78.13958,30.22292]]},"properties":{"MAIN_RIV":41067217,"LENGTH_KM":3.02,"ORD_STRA":2}},
{"type":"Feature","geometry":{"type":"LineString","coordinates":[[78.22292,30.25625],[78.21875,30.23958],[78.23125,30.22292]]},"properties":{"MAIN_RIV":41067217,"LENGTH_KM":4.3,"ORD_STRA":2}},
{"type":"Feature","geometry":{"type":"LineString","coordinates":[[78.25208,30.24375],[78.23125,30.22292]]},"properties":{"MAIN_RIV":41067217,"LENGTH_KM":3.06,"ORD_STRA":2}},
{"type":"Feature","geometry":{"type":"LineString","coordinates":[[78.35833,30.22292],[78.36458,30.22292]]},"properties":{"MAIN_RIV":41067217,"LENGTH_KM":0.6,"ORD_STRA":1}},
{"type":"Feature","geometry":{"type":"LineString","coordinates":[[78.37292,30.23958],[78.36458,30.22292]]},"properties":{"MAIN_RIV":41067217,"LENGTH_KM":2.15,"ORD_STRA":3}},
{"type":"Feature","geometry":{"type":"LineString","coordinates":[[78.65625,30.24375],[78.66458,30.22708],[78.68125,30.22292]]},"properties":{"MAIN_RIV":41067217,"LENGTH_KM":3.96,"ORD_STRA":2}},
{"type":"Feature","geometry":{"type":"LineString","coordinates":[[78.69792,30.23542],[78.68542,30.23958],[78.68125,30.22292]]},"properties":{"MAIN_RIV":41067217,"LENGTH_KM":3.42,"ORD_STRA":6}},
{"type":"Feature","geometry":{"type":"LineString","coordinates":[[78.93125,30.22292],[78.91042,30.24792]]},"properties":{"MAIN_RIV":41067217,"LENGTH_KM":3.78,"ORD_STRA":2}},
{"type":"Feature","geometry":{"type":"LineString","coordinates":[[79.35,30.22917],[79.34375,30.22292]]},"properties":{"MAIN_RIV":41067217,"LENGTH_KM":0.92,"ORD_STRA":1}},
{"type":"Feature","geometry":{"type":"LineString","coordinates":[[79.35,30.22292],[79.34375,30.22292]]},"properties":{"MAIN_RIV":41067217,"LENGTH_KM":0.6,"ORD_STRA":1}},
{"type":"Feature","geometry":{"type":"LineString","coordinates":[[79.45417,30.22083],[79.44792,30.22708]]},"properties":{"MAIN_RIV":41067217,"LENGTH_KM":0.92,"ORD_STRA":1}},
{"type":"Feature","geometry":{"type":"LineString","coordinates":[[80.20208,30.28125],[80.22292,30.24792],[80.22292,30.22292]]},"properties":{"MAIN_RIV":41067217,"LENGTH_KM":7.23,"ORD_STRA":4}},
{"type":"Feature","geometry":{"type":"LineString","coordinates":[[80.22917,30.22292],[80.22292,30.22292]]},"properties":{"MAIN_RIV":41067217,"LENGTH_KM":0.6,"ORD_STRA":1}},
{"type":"Feature","geometry":{"type":"LineString","coordinates":[[80.31042,30.22708],[80.28125,30.22708]]},"properties":{"MAIN_RIV":41067217,"LENGTH_KM":3.23,"ORD_STRA":2}},
{"type":"Feature","geometry":{"type":"LineString","coordinates":[[80.44583,30.24167],[80.48125,30.22292]]},"properties":{"MAIN_RIV":41067217,"LENGTH_KM":4.36,"ORD_STRA":1}},
{"type":"Feature","geometry":{"type":"LineString","coordinates":[[80.48125,30.22292],[80.48542,30.22292]]},"properties":{"MAIN_RIV":41067217,"LENGTH_KM":0.4,"ORD_STRA":2}},
{"type":"Feature","geometry":{"type":"LineString","coordinates":[[80.48542,30.22292],[80.51458,30.23542]]},"properties":{"MAIN_RIV":41067217,"LENGTH_KM":3.44,"ORD_STRA":2}},
{"type":"Feature","geometry":{"type":"LineString","coordinates":[[80.52708,30.22083],[80.53958,30.23958]]},"properties":{"MAIN_RIV":41067217,"LENGTH_KM":2.53,"ORD_STRA":1}},
{"type":"Feature","geometry":{"type":"LineString","coordinates":[[78.74375,30.21875],[78.71042,30.23542]]},"properties":{"MAIN_RIV":41067217,"LENGTH_KM":4.05,"ORD_STRA":6}},
{"type":"Feature","geometry":{"type":"LineString","coordinates":[[78.76667,30.32917],[78.75625,30.31875],[78.76875,30.26875],[78.74375,30.21875]]},"properties":{"MAIN_RIV":41067217,"LENGTH_KM":14.59,"ORD_STRA":1}},
{"type":"Feature","geometry":{"type":"LineString","coordinates":[[78.86042,30.24375],[78.85208,30.24792],[78.84375,30.23542],[78.82708,30.24375],[78.80625,30.21875],[78.79375,30.22708]]},"properties":{"MAIN_RIV":41067217,"LENGTH_KM":10.42,"ORD_STRA":6}},
{"type":"Feature","geometry":{"type":"LineString","coordinates":[[78.93125,30.21667],[78.93125,30.22292]]},"properties":{"MAIN_RIV":41067217,"LENGTH_KM":0.69,"ORD_STRA":1}},
{"type":"Feature","geometry":{"type":"LineString","coordinates":[[79.90625,30.225],[79.90625,30.21875]]},"properties":{"MAIN_RIV":41067217,"LENGTH_KM":0.69,"ORD_STRA":1}},
{"type":"Feature","geometry":{"type":"LineString","coordinates":[[80.20208,30.225],[80.20208,30.21875]]},"properties":{"MAIN_RIV":41067217,"LENGTH_KM":0.69,"ORD_STRA":1}},
{"type":"Feature","geometry":{"type":"LineString","coordinates":[[80.20208,30.21875],[80.20625,30.21875]]},"properties":{"MAIN_RIV":41067217,"LENGTH_KM":0.4,"ORD_STRA":2}},
{"type":"Feature","geometry":{"type":"LineString","coordinates":[[80.20625,30.225],[80.20625,30.21875]]},"properties":{"MAIN_RIV":41067217,"LENGTH_KM":0.69,"ORD_STRA":1}},
{"type":"Feature","geometry":{"type":"LineString","coordinates":[[80.46667,30.21875],[80.47292,30.21875]]},"properties":{"MAIN_RIV":41067217,"LENGTH_KM":0.6,"ORD_STRA":1}},
{"type":"Feature","geometry":{"type":"LineString","coordinates":[[80.47292,30.21875],[80.48125,30.22292]]},"properties":{"MAIN_RIV":41067217,"LENGTH_KM":1.01,"ORD_STRA":2}},
{"type":"Feature","geometry":{"type":"LineString","coordinates":[[80.48542,30.21667],[80.48542,30.22292]]},"properties":{"MAIN_RIV":41067217,"LENGTH_KM":0.69,"ORD_STRA":1}},
{"type":"Feature","geometry":{"type":"LineString","coordinates":[[80.63542,30.22917],[80.63958,30.21875]]},"properties":{"MAIN_RIV":41067217,"LENGTH_KM":1.31,"ORD_STRA":1}},
{"type":"Feature","geometry":{"type":"LineString","coordinates":[[80.63958,30.22917],[80.63958,30.21875]]},"properties":{"MAIN_RIV":41067217,"LENGTH_KM":1.16,"ORD_STRA":1}},
{"type":"Feature","geometry":{"type":"LineString","coordinates":[[80.78542,30.25625],[80.81458,30.21875]]},"properties":{"MAIN_RIV":41067217,"LENGTH_KM":5.21,"ORD_STRA":3}},
{"type":"Feature","geometry":{"type":"LineString","coordinates":[[80.82917,30.25],[80.81458,30.21875]]},"properties":{"MAIN_RIV":41067217,"LENGTH_KM":4,"ORD_STRA":1}},
{"type":"Feature","geometry":{"type":"LineString","coordinates":[[80.99375,30.21875],[80.97292,30.23958]]},"properties":{"MAIN_RIV":41067217,"LENGTH_KM":3.06,"ORD_STRA":2}},
{"type":"Feature","geometry":{"type":"LineString","coordinates":[[78.08542,30.28333],[78.08542,30.26042],[78.13958,30.21458]]},"properties":{"MAIN_RIV":41067217,"LENGTH_KM":10.59,"ORD_STRA":1}},
{"type":"Feature","geometry":{"type":"LineString","coordinates":[[78.13958,30.22292],[78.13958,30.21458]]},"properties":{"MAIN_RIV":41067217,"LENGTH_KM":0.93,"ORD_STRA":3}},
{"type":"Feature","geometry":{"type":"LineString","coordinates":[[78.175,30.21875],[78.13958,30.21458]]},"properties":{"MAIN_RIV":41067217,"LENGTH_KM":3.62,"ORD_STRA":1}},
{"type":"Feature","geometry":{"type":"LineString","coordinates":[[78.79375,30.22708],[78.76875,30.22708],[78.75208,30.21458],[78.74375,30.21875]]},"properties":{"MAIN_RIV":41067217,"LENGTH_KM":5.65,"ORD_STRA":6}},
{"type":"Feature","geometry":{"type":"LineString","coordinates":[[78.89792,30.2125],[78.89792,30.23125],[78.86875,30.24792]]},"properties":{"MAIN_RIV":41067217,"LENGTH_KM":5.99,"ORD_STRA":1}},
{"type":"Feature","geometry":{"type":"LineString","coordinates":[[79.85625,30.24375],[79.88542,30.21458]]},"properties":{"MAIN_RIV":41067217,"LENGTH_KM":4.54,"ORD_STRA":2}},
{"type":"Feature","geometry":{"type":"LineString","coordinates":[[79.88542,30.21458],[79.90625,30.21875]]},"properties":{"MAIN_RIV":41067217,"LENGTH_KM":2.21,"ORD_STRA":2}},
{"type":"Feature","geometry":{"type":"LineString","coordinates":[[79.97917,30.21875],[79.99792,30.21458]]},"properties":{"MAIN_RIV":41067217,"LENGTH_KM":2.01,"ORD_STRA":1}},
{"type":"Feature","geometry":{"type":"LineString","coordinates":[[79.99375,30.24792],[79.99792,30.21458]]},"properties":{"MAIN_RIV":41067217,"LENGTH_KM":3.85,"ORD_STRA":2}},
{"type":"Feature","geometry":{"type":"LineString","coordinates":[[80.14375,30.22917],[80.15208,30.21458]]},"properties":{"MAIN_RIV":41067217,"LENGTH_KM":1.92,"ORD_STRA":1}},
{"type":"Feature","geometry":{"type":"LineString","coordinates":[[80.17292,30.21458],[80.20208,30.21875]]},"properties":{"MAIN_RIV":41067217,"LENGTH_KM":3.01,"ORD_STRA":2}},
{"type":"Feature","geometry":{"type":"LineString","coordinates":[[80.20625,30.21875],[80.21042,30.21458]]},"properties":{"MAIN_RIV":41067217,"LENGTH_KM":0.61,"ORD_STRA":2}},
{"type":"Feature","geometry":{"type":"LineString","coordinates":[[80.21042,30.21458],[80.22292,30.21458]]},"properties":{"MAIN_RIV":41067217,"LENGTH_KM":1.2,"ORD_STRA":2}},
{"type":"Feature","geometry":{"type":"LineString","coordinates":[[80.22292,30.22292],[80.22292,30.21458]]},"properties":{"MAIN_RIV":41067217,"LENGTH_KM":0.93,"ORD_STRA":4}},
{"type":"Feature","geometry":{"type":"LineString","coordinates":[[80.46667,30.2125],[80.47292,30.21875]]},"properties":{"MAIN_RIV":41067217,"LENGTH_KM":0.92,"ORD_STRA":1}},
{"type":"Feature","geometry":{"type":"LineString","coordinates":[[80.88333,30.22917],[80.89792,30.21458]]},"properties":{"MAIN_RIV":41067217,"LENGTH_KM":2.14,"ORD_STRA":1}},
{"type":"Feature","geometry":{"type":"MultiLineString","coordinates":[[[80.91875,30.22708],[80.90288,30.21538]],[[80.90184,30.21458],[80.89792,30.21458]]]},"properties":{"MAIN_RIV":41067217,"LENGTH_KM":2.64,"ORD_STRA":3}},
{"type":"Feature","geometry":{"type":"LineString","coordinates":[[81,30.2125],[80.99375,30.21875]]},"properties":{"MAIN_RIV":41067217,"LENGTH_KM":0.92,"ORD_STRA":1}},
{"type":"Feature","geometry":{"type":"LineString","coordinates":[[78.36458,30.22292],[78.36875,30.21042]]},"properties":{"MAIN_RIV":41067217,"LENGTH_KM":1.54,"ORD_STRA":3}},
{"type":"Feature","geometry":{"type":"LineString","coordinates":[[78.37917,30.21042],[78.36875,30.21042]]},"properties":{"MAIN_RIV":41067217,"LENGTH_KM":1,"ORD_STRA":1}},
{"type":"Feature","geometry":{"type":"LineString","coordinates":[[78.73958,30.21042],[78.74375,30.21875]]},"properties":{"MAIN_RIV":41067217,"LENGTH_KM":1.08,"ORD_STRA":3}},
{"type":"Feature","geometry":{"type":"LineString","coordinates":[[79.27708,30.21042],[79.26458,30.22708]]},"properties":{"MAIN_RIV":41067217,"LENGTH_KM":2.55,"ORD_STRA":4}},
{"type":"Feature","geometry":{"type":"LineString","coordinates":[[79.29167,30.225],[79.27708,30.21042]]},"properties":{"MAIN_RIV":41067217,"LENGTH_KM":2.4,"ORD_STRA":1}},
{"type":"Feature","geometry":{"type":"LineString","coordinates":[[79.46042,30.21042],[79.44792,30.22708]]},"properties":{"MAIN_RIV":41067217,"LENGTH_KM":2.3,"ORD_STRA":2}},
{"type":"Feature","geometry":{"type":"LineString","coordinates":[[79.70833,30.22083],[79.71458,30.21042]]},"properties":{"MAIN_RIV":41067217,"LENGTH_KM":1.38,"ORD_STRA":1}},
{"type":"Feature","geometry":{"type":"LineString","coordinates":[[79.72917,30.225],[79.71458,30.21042]]},"properties":{"MAIN_RIV":41067217,"LENGTH_KM":2.14,"ORD_STRA":1}},
{"type":"Feature","geometry":{"type":"LineString","coordinates":[[79.87917,30.20833],[79.88542,30.21458]]},"properties":{"MAIN_RIV":41067217,"LENGTH_KM":0.92,"ORD_STRA":1}},
{"type":"Feature","geometry":{"type":"LineString","coordinates":[[80.13333,30.20833],[80.15208,30.21458]]},"properties":{"MAIN_RIV":41067217,"LENGTH_KM":2.12,"ORD_STRA":1}},
{"type":"Feature","geometry":{"type":"LineString","coordinates":[[80.15208,30.21458],[80.17292,30.21458]]},"properties":{"MAIN_RIV":41067217,"LENGTH_KM":2.43,"ORD_STRA":2}},
{"type":"Feature","geometry":{"type":"LineString","coordinates":[[81.01667,30.21042],[80.99375,30.21875]]},"properties":{"MAIN_RIV":41067217,"LENGTH_KM":2.63,"ORD_STRA":1}},
{"type":"Feature","geometry":{"type":"LineString","coordinates":[[79.27708,30.20625],[79.27708,30.21042]]},"properties":{"MAIN_RIV":41067217,"LENGTH_KM":0.46,"ORD_STRA":4}},
{"type":"Feature","geometry":{"type":"LineString","coordinates":[[79.46458,30.20625],[79.46042,30.21042]]},"properties":{"MAIN_RIV":41067217,"LENGTH_KM":0.61,"ORD_STRA":2}},
{"type":"Feature","geometry":{"type":"LineString","coordinates":[[79.475,30.20625],[79.46458,30.20625]]},"properties":{"MAIN_RIV":41067217,"LENGTH_KM":1,"ORD_STRA":1}},
{"type":"Feature","geometry":{"type":"LineString","coordinates":[[80.20417,30.20417],[80.21042,30.21458]]},"properties":{"MAIN_RIV":41067217,"LENGTH_KM":1.38,"ORD_STRA":1}},
{"type":"Feature","geometry":{"type":"LineString","coordinates":[[80.53958,30.23958],[80.55625,30.20625]]},"properties":{"MAIN_RIV":41067217,"LENGTH_KM":4.3,"ORD_STRA":4}},
{"type":"Feature","geometry":{"type":"LineString","coordinates":[[80.77083,30.2125],[80.77708,30.20625]]},"properties":{"MAIN_RIV":41067217,"LENGTH_KM":0.92,"ORD_STRA":1}},
{"type":"Feature","geometry":{"type":"LineString","coordinates":[[80.77708,30.20625],[80.81458,30.21875]]},"properties":{"MAIN_RIV":41067217,"LENGTH_KM":4.24,"ORD_STRA":2}},
{"type":"Feature","geometry":{"type":"LineString","coordinates":[[78.02708,30.23542],[78.05625,30.20208]]},"properties":{"MAIN_RIV":41067217,"LENGTH_KM":4.75,"ORD_STRA":3}},
{"type":"Feature","geometry":{"type":"LineString","coordinates":[[78.56042,30.22708],[78.56042,30.20208]]},"properties":{"MAIN_RIV":41067217,"LENGTH_KM":3.08,"ORD_STRA":5}},
{"type":"Feature","geometry":{"type":"LineString","coordinates":[[78.86042,30.2],[78.86042,30.24375]]},"properties":{"MAIN_RIV":41067217,"LENGTH_KM":5.16,"ORD_STRA":1}},
{"type":"Feature","geometry":{"type":"LineString","coordinates":[[79.7125,30.20208],[79.71875,30.20208]]},"properties":{"MAIN_RIV":41067217,"LENGTH_KM":0.6,"ORD_STRA":1}},
{"type":"Feature","geometry":{"type":"LineString","coordinates":[[79.71458,30.21042],[79.71875,30.20208]]},"properties":{"MAIN_RIV":41067217,"LENGTH_KM":1.08,"ORD_STRA":2}},
{"type":"Feature","geometry":{"type":"LineString","coordinates":[[79.90625,30.21875],[79.92292,30.20208]]},"properties":{"MAIN_RIV":41067217,"LENGTH_KM":2.7,"ORD_STRA":2}},
{"type":"Feature","geometry":{"type":"LineString","coordinates":[[79.92292,30.25208],[79.92292,30.20208]]},"properties":{"MAIN_RIV":41067217,"LENGTH_KM":5.56,"ORD_STRA":2}},
{"type":"Feature","geometry":{"type":"LineString","coordinates":[[80.76667,30.20833],[80.77292,30.20208]]},"properties":{"MAIN_RIV":41067217,"LENGTH_KM":0.92,"ORD_STRA":1}},
{"type":"Feature","geometry":{"type":"LineString","coordinates":[[80.77292,30.20208],[80.77708,30.20625]]},"properties":{"MAIN_RIV":41067217,"LENGTH_KM":0.61,"ORD_STRA":2}},
{"type":"Feature","geometry":{"type":"LineString","coordinates":[[80.81458,30.21875],[80.82708,30.20208]]},"properties":{"MAIN_RIV":41067217,"LENGTH_KM":2.3,"ORD_STRA":3}},
{"type":"Feature","geometry":{"type":"LineString","coordinates":[[80.95417,30.2],[80.91875,30.22708]]},"properties":{"MAIN_RIV":41067217,"LENGTH_KM":4.78,"ORD_STRA":1}},
{"type":"Feature","geometry":{"type":"LineString","coordinates":[[78.03333,30.19792],[78.05625,30.20208]]},"properties":{"MAIN_RIV":41067217,"LENGTH_KM":2.41,"ORD_STRA":1}},
{"type":"Feature","geometry":{"type":"LineString","coordinates":[[78.53333,30.19792],[78.56042,30.20208]]},"properties":{"MAIN_RIV":41067217,"LENGTH_KM":2.81,"ORD_STRA":1}},
{"type":"Feature","geometry":{"type":"LineString","coordinates":[[79,30.19792],[78.94375,30.21042],[78.93125,30.22292]]},"properties":{"MAIN_RIV":41067217,"LENGTH_KM":7.88,"ORD_STRA":1}},
{"type":"Feature","geometry":{"type":"LineString","coordinates":[[79.29792,30.19792],[79.27708,30.20625]]},"properties":{"MAIN_RIV":41067217,"LENGTH_KM":2.43,"ORD_STRA":4}},
{"type":"Feature","geometry":{"type":"LineString","coordinates":[[79.78125,30.24167],[79.76458,30.19792]]},"properties":{"MAIN_RIV":41067217,"LENGTH_KM":5.46,"ORD_STRA":1}},
{"type":"Feature","geometry":{"type":"LineString","coordinates":[[79.775,30.19583],[79.76458,30.19792]]},"properties":{"MAIN_RIV":41067217,"LENGTH_KM":1.53,"ORD_STRA":1}},
{"type":"Feature","geometry":{"type":"LineString","coordinates":[[79.92292,30.20208],[79.92708,30.19792]]},"properties":{"MAIN_RIV":41067217,"LENGTH_KM":0.61,"ORD_STRA":3}},
{"type":"Feature","geometry":{"type":"LineString","coordinates":[[79.93333,30.20417],[79.92708,30.19792]]},"properties":{"MAIN_RIV":41067217,"LENGTH_KM":0.92,"ORD_STRA":1}},
{"type":"Feature","geometry":{"type":"LineString","coordinates":[[80.34583,30.19792],[80.35208,30.19792]]},"properties":{"MAIN_RIV":41067217,"LENGTH_KM":0.6,"ORD_STRA":1}},
{"type":"Feature","geometry":{"type":"LineString","coordinates":[[80.35208,30.20417],[80.35208,30.19792]]},"properties":{"MAIN_RIV":41067217,"LENGTH_KM":0.69,"ORD_STRA":1}},
{"type":"Feature","geometry":{"type":"LineString","coordinates":[[80.40833,30.23125],[80.38125,30.22292],[80.35208,30.19792]]},"properties":{"MAIN_RIV":41067217,"LENGTH_KM":7.1,"ORD_STRA":1}},
{"type":"Feature","geometry":{"type":"LineString","coordinates":[[80.81667,30.19583],[80.82708,30.20208]]},"properties":{"MAIN_RIV":41067217,"LENGTH_KM":1.32,"ORD_STRA":1}},
{"type":"Feature","geometry":{"type":"LineString","coordinates":[[80.82708,30.20208],[80.83125,30.19792]]},"properties":{"MAIN_RIV":41067217,"LENGTH_KM":0.61,"ORD_STRA":3}},
{"type":"Feature","geometry":{"type":"LineString","coordinates":[[80.8375,30.20417],[80.83125,30.19792]]},"properties":{"MAIN_RIV":41067217,"LENGTH_KM":0.92,"ORD_STRA":1}},
{"type":"Feature","geometry":{"type":"LineString","coordinates":[[78.73542,30.19375],[78.73958,30.21042]]},"properties":{"MAIN_RIV":41067217,"LENGTH_KM":2,"ORD_STRA":2}},
{"type":"Feature","geometry":{"type":"LineString","coordinates":[[78.77708,30.19375],[78.77292,30.20208],[78.73958,30.21042]]},"properties":{"MAIN_RIV":41067217,"LENGTH_KM":4.7,"ORD_STRA":2}},
{"type":"Feature","geometry":{"type":"LineString","coordinates":[[79.46458,30.19167],[79.46042,30.21042]]},"properties":{"MAIN_RIV":41067217,"LENGTH_KM":2.23,"ORD_STRA":1}},
{"type":"Feature","geometry":{"type":"LineString","coordinates":[[79.5125,30.19375],[79.46458,30.20625]]},"properties":{"MAIN_RIV":41067217,"LENGTH_KM":5.24,"ORD_STRA":1}},
{"type":"Feature","geometry":{"type":"LineString","coordinates":[[79.61667,30.19375],[79.62292,30.19375]]},"properties":{"MAIN_RIV":41067217,"LENGTH_KM":0.6,"ORD_STRA":1}},
{"type":"Feature","geometry":{"type":"LineString","coordinates":[[79.60833,30.20625],[79.61875,30.20625],[79.62292,30.19375]]},"properties":{"MAIN_RIV":41067217,"LENGTH_KM":2.54,"ORD_STRA":1}},
{"type":"Feature","geometry":{"type":"LineString","coordinates":[[79.76458,30.19792],[79.76042,30.19375]]},"properties":{"MAIN_RIV":41067217,"LENGTH_KM":0.61,"ORD_STRA":2}},
{"type":"Feature","geometry":{"type":"LineString","coordinates":[[79.77083,30.19375],[79.76042,30.19375]]},"properties":{"MAIN_RIV":41067217,"LENGTH_KM":1,"ORD_STRA":1}},
{"type":"Feature","geometry":{"type":"LineString","coordinates":[[79.92708,30.19792],[79.92708,30.19375]]},"properties":{"MAIN_RIV":41067217,"LENGTH_KM":0.46,"ORD_STRA":3}},
{"type":"Feature","geometry":{"type":"LineString","coordinates":[[79.93333,30.19375],[79.92708,30.19375]]},"properties":{"MAIN_RIV":41067217,"LENGTH_KM":0.6,"ORD_STRA":1}},
{"type":"Feature","geometry":{"type":"LineString","coordinates":[[80.16458,30.19167],[80.17292,30.21458]]},"properties":{"MAIN_RIV":41067217,"LENGTH_KM":2.85,"ORD_STRA":1}},
{"type":"Feature","geometry":{"type":"LineString","coordinates":[[80.37917,30.2],[80.37292,30.19375]]},"properties":{"MAIN_RIV":41067217,"LENGTH_KM":0.92,"ORD_STRA":1}},
{"type":"Feature","geometry":{"type":"LineString","coordinates":[[80.37917,30.19375],[80.37292,30.19375]]},"properties":{"MAIN_RIV":41067217,"LENGTH_KM":0.6,"ORD_STRA":1}},
{"type":"Feature","geometry":{"type":"LineString","coordinates":[[80.83125,30.19792],[80.83542,30.19375]]},"properties":{"MAIN_RIV":41067217,"LENGTH_KM":0.61,"ORD_STRA":3}},
{"type":"Feature","geometry":{"type":"LineString","coordinates":[[80.85,30.19792],[80.83542,30.19375]]},"properties":{"MAIN_RIV":41067217,"LENGTH_KM":1.61,"ORD_STRA":1}},
{"type":"Feature","geometry":{"type":"MultiLineString","coordinates":[[[80.89792,30.21458],[80.89375,30.20502]],[[80.89198,30.20031],[80.88542,30.19375]]]},"properties":{"MAIN_RIV":41067217,"LENGTH_KM":2.76,"ORD_STRA":3}},
{"type":"Feature","geometry":{"type":"LineString","coordinates":[[80.88947,30.19375],[80.88542,30.19375]]},"properties":{"MAIN_RIV":41067217,"LENGTH_KM":1.4,"ORD_STRA":1}},
{"type":"Feature","geometry":{"type":"LineString","coordinates":[[78.05625,30.20208],[78.06458,30.18958]]},"properties":{"MAIN_RIV":41067217,"LENGTH_KM":1.69,"ORD_STRA":3}},
{"type":"Feature","geometry":{"type":"LineString","coordinates":[[78.56042,30.20208],[78.58125,30.18958]]},"properties":{"MAIN_RIV":41067217,"LENGTH_KM":2.64,"ORD_STRA":5}},
{"type":"Feature","geometry":{"type":"LineString","coordinates":[[78.61667,30.20833],[78.63958,30.18958]]},"properties":{"MAIN_RIV":41067217,"LENGTH_KM":3.41,"ORD_STRA":1}},
{"type":"Feature","geometry":{"type":"LineString","coordinates":[[78.68125,30.22292],[78.67708,30.21042],[78.64792,30.20625],[78.63958,30.18958]]},"properties":{"MAIN_RIV":41067217,"LENGTH_KM":7.13,"ORD_STRA":6}},
{"type":"Feature","geometry":{"type":"LineString","coordinates":[[78.72083,30.18958],[78.73542,30.19375]]},"properties":{"MAIN_RIV":41067217,"LENGTH_KM":1.61,"ORD_STRA":1}},
{"type":"Feature","geometry":{"type":"LineString","coordinates":[[78.77708,30.1875],[78.77708,30.19375]]},"properties":{"MAIN_RIV":41067217,"LENGTH_KM":0.69,"ORD_STRA":1}},
{"type":"Feature","geometry":{"type":"LineString","coordinates":[[78.78125,30.18958],[78.77708,30.19375]]},"properties":{"MAIN_RIV":41067217,"LENGTH_KM":0.61,"ORD_STRA":2}},
{"type":"Feature","geometry":{"type":"LineString","coordinates":[[78.79375,30.18958],[78.78125,30.18958]]},"properties":{"MAIN_RIV":41067217,"LENGTH_KM":1.2,"ORD_STRA":2}},
{"type":"Feature","geometry":{"type":"LineString","coordinates":[[79.19583,30.2],[79.22292,30.18958]]},"properties":{"MAIN_RIV":41067217,"LENGTH_KM":3.13,"ORD_STRA":1}},
{"type":"Feature","geometry":{"type":"LineString","coordinates":[[79.22292,30.18958],[79.24792,30.20208],[79.25625,30.23125]]},"properties":{"MAIN_RIV":41067217,"LENGTH_KM":6.58,"ORD_STRA":3}},
{"type":"Feature","geometry":{"type":"LineString","coordinates":[[79.32292,30.18958],[79.29792,30.19792]]},"properties":{"MAIN_RIV":41067217,"LENGTH_KM":3.25,"ORD_STRA":4}},
{"type":"Feature","geometry":{"type":"LineString","coordinates":[[79.34375,30.22292],[79.32292,30.18958]]},"properties":{"MAIN_RIV":41067217,"LENGTH_KM":4.45,"ORD_STRA":2}},
{"type":"Feature","geometry":{"type":"LineString","coordinates":[[78.63958,30.18958],[78.63542,30.18542]]},"properties":{"MAIN_RIV":41067217,"LENGTH_KM":0.61,"ORD_STRA":6}},
{"type":"Feature","geometry":{"type":"LineString","coordinates":[[78.8,30.18333],[78.79375,30.18958]]},"properties":{"MAIN_RIV":41067217,"LENGTH_KM":0.92,"ORD_STRA":1}},
{"type":"Feature","geometry":{"type":"LineString","coordinates":[[78.82083,30.18542],[78.79375,30.18958]]},"properties":{"MAIN_RIV":41067217,"LENGTH_KM":2.81,"ORD_STRA":1}},
{"type":"Feature","geometry":{"type":"LineString","coordinates":[[79.25833,30.18333],[79.27708,30.20625]]},"properties":{"MAIN_RIV":41067217,"LENGTH_KM":3.47,"ORD_STRA":1}},
{"type":"Feature","geometry":{"type":"LineString","coordinates":[[80.22292,30.21458],[80.23125,30.18542]]},"properties":{"MAIN_RIV":41067217,"LENGTH_KM":3.84,"ORD_STRA":4}},
{"type":"Feature","geometry":{"type":"LineString","coordinates":[[80.23125,30.18542],[80.25625,30.18542]]},"properties":{"MAIN_RIV":41067217,"LENGTH_KM":2.83,"ORD_STRA":4}},
{"type":"Feature","geometry":{"type":"LineString","coordinates":[[80.28125,30.22708],[80.25625,30.18542]]},"properties":{"MAIN_RIV":41067217,"LENGTH_KM":5.53,"ORD_STRA":3}},
{"type":"Feature","geometry":{"type":"LineString","coordinates":[[80.3125,30.18542],[80.30208,30.18542]]},"properties":{"MAIN_RIV":41067217,"LENGTH_KM":1,"ORD_STRA":1}},
{"type":"Feature","geometry":{"type":"LineString","coordinates":[[80.7375,30.18958],[80.75625,30.18542]]},"properties":{"MAIN_RIV":41067217,"LENGTH_KM":2.01,"ORD_STRA":1}},
{"type":"Feature","geometry":{"type":"LineString","coordinates":[[80.75625,30.18542],[80.76458,30.18542]]},"properties":{"MAIN_RIV":41067217,"LENGTH_KM":0.8,"ORD_STRA":2}},
{"type":"Feature","geometry":{"type":"LineString","coordinates":[[80.76458,30.18542],[80.77292,30.20208]]},"properties":{"MAIN_RIV":41067217,"LENGTH_KM":2.15,"ORD_STRA":2}},
{"type":"Feature","geometry":{"type":"LineString","coordinates":[[78.0375,30.18125],[78.06458,30.18958]]},"properties":{"MAIN_RIV":41067217,"LENGTH_KM":3.03,"ORD_STRA":1}},
{"type":"Feature","geometry":{"type":"LineString","coordinates":[[78.55417,30.18125],[78.57292,30.18125],[78.58125,30.18958]]},"properties":{"MAIN_RIV":41067217,"LENGTH_KM":3.03,"ORD_STRA":1}},
{"type":"Feature","geometry":{"type":"LineString","coordinates":[[78.73125,30.17917],[78.73542,30.19375]]},"properties":{"MAIN_RIV":41067217,"LENGTH_KM":1.77,"ORD_STRA":1}},
{"type":"Feature","geometry":{"type":"LineString","coordinates":[[79.04583,30.1875],[79.05208,30.18125]]},"properties":{"MAIN_RIV":41067217,"LENGTH_KM":0.92,"ORD_STRA":1}},
{"type":"Feature","geometry":{"type":"LineString","coordinates":[[79.06458,30.19583],[79.05208,30.18125]]},"properties":{"MAIN_RIV":41067217,"LENGTH_KM":2.32,"ORD_STRA":1}},
{"type":"Feature","geometry":{"type":"LineString","coordinates":[[79.125,30.19375],[79.16875,30.18125]]},"properties":{"MAIN_RIV":41067217,"LENGTH_KM":4.84,"ORD_STRA":1}},
{"type":"Feature","geometry":{"type":"LineString","coordinates":[[79.16875,30.1875],[79.16875,30.18125]]},"properties":{"MAIN_RIV":41067217,"LENGTH_KM":0.69,"ORD_STRA":1}},
{"type":"Feature","geometry":{"type":"LineString","coordinates":[[79.62292,30.19375],[79.63125,30.18125]]},"properties":{"MAIN_RIV":41067217,"LENGTH_KM":1.69,"ORD_STRA":2}},
{"type":"Feature","geometry":{"type":"LineString","coordinates":[[79.6625,30.21875],[79.63958,30.20625],[79.63125,30.18125]]},"properties":{"MAIN_RIV":41067217,"LENGTH_KM":5.92,"ORD_STRA":1}},
{"type":"Feature","geometry":{"type":"LineString","coordinates":[[80.02708,30.19583],[80.02708,30.18125]]},"properties":{"MAIN_RIV":41067217,"LENGTH_KM":1.62,"ORD_STRA":1}},
{"type":"Feature","geometry":{"type":"LineString","coordinates":[[80.05625,30.24167],[80.05625,30.20625],[80.02708,30.18125]]},"properties":{"MAIN_RIV":41067217,"LENGTH_KM":8.26,"ORD_STRA":1}},
{"type":"Feature","geometry":{"type":"LineString","coordinates":[[80.22083,30.18125],[80.22708,30.18125]]},"properties":{"MAIN_RIV":41067217,"LENGTH_KM":0.6,"ORD_STRA":1}},
{"type":"Feature","geometry":{"type":"LineString","coordinates":[[80.22708,30.18125],[80.23125,30.18542]]},"properties":{"MAIN_RIV":41067217,"LENGTH_KM":0.61,"ORD_STRA":2}},
{"type":"Feature","geometry":{"type":"LineString","coordinates":[[80.30208,30.17917],[80.30208,30.18542]]},"properties":{"MAIN_RIV":41067217,"LENGTH_KM":0.69,"ORD_STRA":1}},
{"type":"Feature","geometry":{"type":"LineString","coordinates":[[80.35208,30.19792],[80.35208,30.18125]]},"properties":{"MAIN_RIV":41067217,"LENGTH_KM":1.85,"ORD_STRA":2}},
{"type":"Feature","geometry":{"type":"LineString","coordinates":[[80.37292,30.19375],[80.35208,30.18125]]},"properties":{"MAIN_RIV":41067217,"LENGTH_KM":2.64,"ORD_STRA":2}},
{"type":"Feature","geometry":{"type":"LineString","coordinates":[[80.55625,30.20625],[80.57292,30.18958],[80.56875,30.18125]]},"properties":{"MAIN_RIV":41067217,"LENGTH_KM":3.52,"ORD_STRA":4}},
{"type":"Feature","geometry":{"type":"LineString","coordinates":[[80.57917,30.18542],[80.56875,30.18125]]},"properties":{"MAIN_RIV":41067217,"LENGTH_KM":1.21,"ORD_STRA":1}},
{"type":"Feature","geometry":{"type":"LineString","coordinates":[[80.74167,30.18125],[80.75625,30.18542]]},"properties":{"MAIN_RIV":41067217,"LENGTH_KM":1.61,"ORD_STRA":1}},
{"type":"Feature","geometry":{"type":"LineString","coordinates":[[78.13958,30.21458],[78.13125,30.17708]]},"properties":{"MAIN_RIV":41067217,"LENGTH_KM":4.77,"ORD_STRA":3}},
{"type":"Feature","geometry":{"type":"LineString","coordinates":[[78.16667,30.19375],[78.13125,30.17708]]},"properties":{"MAIN_RIV":41067217,"LENGTH_KM":4.25,"ORD_STRA":1}},
{"type":"Feature","geometry":{"type":"LineString","coordinates":[[78.34167,30.175],[78.34792,30.18125],[78.36458,30.17708]]},"properties":{"MAIN_RIV":41067217,"LENGTH_KM":2.73,"ORD_STRA":1}},
{"type":"Feature","geometry":{"type":"LineString","coordinates":[[78.36875,30.21042],[78.36458,30.17708]]},"properties":{"MAIN_RIV":41067217,"LENGTH_KM":4.15,"ORD_STRA":3}},
{"type":"Feature","geometry":{"type":"LineString","coordinates":[[78.42917,30.19583],[78.43958,30.17708]]},"properties":{"MAIN_RIV":41067217,"LENGTH_KM":2.46,"ORD_STRA":1}},
{"type":"Feature","geometry":{"type":"LineString","coordinates":[[78.45833,30.19583],[78.43958,30.17708]]},"properties":{"MAIN_RIV":41067217,"LENGTH_KM":3.01,"ORD_STRA":1}},
{"type":"Feature","geometry":{"type":"LineString","coordinates":[[79.21458,30.17708],[79.22292,30.18958]]},"properties":{"MAIN_RIV":41067217,"LENGTH_KM":1.69,"ORD_STRA":3}},
{"type":"Feature","geometry":{"type":"LineString","coordinates":[[79.71875,30.20208],[79.71875,30.17708]]},"properties":{"MAIN_RIV":41067217,"LENGTH_KM":3.08,"ORD_STRA":2}},
{"type":"Feature","geometry":{"type":"LineString","coordinates":[[79.76042,30.19375],[79.73542,30.17708],[79.71875,30.17708]]},"properties":{"MAIN_RIV":41067217,"LENGTH_KM":5.28,"ORD_STRA":2}},
{"type":"Feature","geometry":{"type":"LineString","coordinates":[[79.99792,30.21458],[79.99792,30.17708]]},"properties":{"MAIN_RIV":41067217,"LENGTH_KM":4.47,"ORD_STRA":2}},
{"type":"Feature","geometry":{"type":"LineString","coordinates":[[80.02708,30.18125],[79.99792,30.17708]]},"properties":{"MAIN_RIV":41067217,"LENGTH_KM":3.02,"ORD_STRA":2}},
{"type":"Feature","geometry":{"type":"LineString","coordinates":[[80.22083,30.175],[80.22708,30.18125]]},"properties":{"MAIN_RIV":41067217,"LENGTH_KM":0.92,"ORD_STRA":1}},
{"type":"Feature","geometry":{"type":"LineString","coordinates":[[80.25625,30.18542],[80.25625,30.17708]]},"properties":{"MAIN_RIV":41067217,"LENGTH_KM":1.23,"ORD_STRA":4}},
{"type":"Feature","geometry":{"type":"LineString","coordinates":[[80.30208,30.18542],[80.28958,30.18958],[80.25625,30.17708]]},"properties":{"MAIN_RIV":41067217,"LENGTH_KM":5.25,"ORD_STRA":2}},
{"type":"Feature","geometry":{"type":"LineString","coordinates":[[80.42292,30.18333],[80.42292,30.17708]]},"properties":{"MAIN_RIV":41067217,"LENGTH_KM":0.69,"ORD_STRA":1}},
{"type":"Feature","geometry":{"type":"LineString","coordinates":[[80.42708,30.17708],[80.42292,30.17708]]},"properties":{"MAIN_RIV":41067217,"LENGTH_KM":0.4,"ORD_STRA":2}},
{"type":"Feature","geometry":{"type":"LineString","coordinates":[[80.44167,30.18125],[80.42708,30.17708]]},"properties":{"MAIN_RIV":41067217,"LENGTH_KM":1.61,"ORD_STRA":1}},
{"type":"Feature","geometry":{"type":"LineString","coordinates":[[80.44167,30.17708],[80.42708,30.17708]]},"properties":{"MAIN_RIV":41067217,"LENGTH_KM":1.4,"ORD_STRA":1}},
{"type":"Feature","geometry":{"type":"LineString","coordinates":[[80.65625,30.19583],[80.65625,30.17708]]},"properties":{"MAIN_RIV":41067217,"LENGTH_KM":2.08,"ORD_STRA":1}},
{"type":"Feature","geometry":{"type":"LineString","coordinates":[[80.76458,30.175],[80.76458,30.18542]]},"properties":{"MAIN_RIV":41067217,"LENGTH_KM":1.16,"ORD_STRA":1}},
{"type":"Feature","geometry":{"type":"LineString","coordinates":[[78.06458,30.18958],[78.08125,30.17292]]},"properties":{"MAIN_RIV":41067217,"LENGTH_KM":2.45,"ORD_STRA":3}},
{"type":"Feature","geometry":{"type":"LineString","coordinates":[[78.075,30.19583],[78.08542,30.18542],[78.08125,30.17292]]},"properties":{"MAIN_RIV":41067217,"LENGTH_KM":3.07,"ORD_STRA":1}},
{"type":"Feature","geometry":{"type":"LineString","coordinates":[[78.66667,30.17083],[78.63542,30.18542]]},"properties":{"MAIN_RIV":41067217,"LENGTH_KM":3.75,"ORD_STRA":1}},
{"type":"Feature","geometry":{"type":"LineString","coordinates":[[79.21458,30.17292],[79.21458,30.17708]]},"properties":{"MAIN_RIV":41067217,"LENGTH_KM":0.46,"ORD_STRA":2}},
{"type":"Feature","geometry":{"type":"LineString","coordinates":[[79.33958,30.17292],[79.32292,30.18958]]},"properties":{"MAIN_RIV":41067217,"LENGTH_KM":2.7,"ORD_STRA":4}},
{"type":"Feature","geometry":{"type":"LineString","coordinates":[[79.35208,30.17292],[79.33958,30.17292]]},"properties":{"MAIN_RIV":41067217,"LENGTH_KM":1.2,"ORD_STRA":4}},
{"type":"Feature","geometry":{"type":"LineString","coordinates":[[79.40833,30.19583],[79.38542,30.17708],[79.35208,30.17292]]},"properties":{"MAIN_RIV":41067217,"LENGTH_KM":7,"ORD_STRA":1}},
{"type":"Feature","geometry":{"type":"LineString","coordinates":[[80.48333,30.17083],[80.51875,30.19792],[80.55625,30.20625]]},"properties":{"MAIN_RIV":41067217,"LENGTH_KM":8.81,"ORD_STRA":1}},
{"type":"Feature","geometry":{"type":"LineString","coordinates":[[80.56875,30.18125],[80.56875,30.17292]]},"properties":{"MAIN_RIV":41067217,"LENGTH_KM":0.93,"ORD_STRA":4}},
{"type":"Feature","geometry":{"type":"LineString","coordinates":[[80.83542,30.19375],[80.84792,30.17292]]},"properties":{"MAIN_RIV":41067217,"LENGTH_KM":2.76,"ORD_STRA":3}},
{"type":"Feature","geometry":{"type":"LineString","coordinates":[[80.88542,30.19375],[80.84792,30.17292]]},"properties":{"MAIN_RIV":41067217,"LENGTH_KM":4.92,"ORD_STRA":3}},
{"type":"Feature","geometry":{"type":"LineString","coordinates":[[78.08125,30.17292],[78.08958,30.16875]]},"properties":{"MAIN_RIV":41067217,"LENGTH_KM":1.01,"ORD_STRA":3}},
{"type":"Feature","geometry":{"type":"LineString","coordinates":[[78.09583,30.17708],[78.08958,30.16875]]},"properties":{"MAIN_RIV":41067217,"LENGTH_KM":1.53,"ORD_STRA":1}},
{"type":"Feature","geometry":{"type":"LineString","coordinates":[[79.05208,30.18125],[79.04792,30.16875]]},"properties":{"MAIN_RIV":41067217,"LENGTH_KM":1.54,"ORD_STRA":2}},
{"type":"Feature","geometry":{"type":"LineString","coordinates":[[79.16875,30.18125],[79.18542,30.16875]]},"properties":{"MAIN_RIV":41067217,"LENGTH_KM":2.24,"ORD_STRA":2}},
{"type":"Feature","geometry":{"type":"LineString","coordinates":[[79.18542,30.16875],[79.21458,30.17708]]},"properties":{"MAIN_RIV":41067217,"LENGTH_KM":3.23,"ORD_STRA":2}},
{"type":"Feature","geometry":{"type":"LineString","coordinates":[[79.97083,30.17708],[79.98542,30.16875]]},"properties":{"MAIN_RIV":41067217,"LENGTH_KM":1.83,"ORD_STRA":1}},
{"type":"Feature","geometry":{"type":"LineString","coordinates":[[79.99792,30.17708],[79.98542,30.16875]]},"properties":{"MAIN_RIV":41067217,"LENGTH_KM":1.63,"ORD_STRA":3}},
{"type":"Feature","geometry":{"type":"LineString","coordinates":[[80.0875,30.17708],[80.10208,30.16875]]},"properties":{"MAIN_RIV":41067217,"LENGTH_KM":1.83,"ORD_STRA":1}},
{"type":"Feature","geometry":{"type":"LineString","coordinates":[[80.1125,30.1875],[80.10208,30.16875]]},"properties":{"MAIN_RIV":41067217,"LENGTH_KM":2.46,"ORD_STRA":1}},
{"type":"Feature","geometry":{"type":"LineString","coordinates":[[80.56875,30.17292],[80.57292,30.16875]]},"properties":{"MAIN_RIV":41067217,"LENGTH_KM":0.61,"ORD_STRA":4}},
{"type":"Feature","geometry":{"type":"LineString","coordinates":[[80.57917,30.16875],[80.57292,30.16875]]},"properties":{"MAIN_RIV":41067217,"LENGTH_KM":0.6,"ORD_STRA":1}},
{"type":"Feature","geometry":{"type":"LineString","coordinates":[[80.63958,30.21875],[80.63125,30.16875]]},"properties":{"MAIN_RIV":41067217,"LENGTH_KM":5.86,"ORD_STRA":2}},
{"type":"Feature","geometry":{"type":"LineString","coordinates":[[80.65625,30.17708],[80.63125,30.16875]]},"properties":{"MAIN_RIV":41067217,"LENGTH_KM":2.83,"ORD_STRA":2}},
{"type":"Feature","geometry":{"type":"LineString","coordinates":[[80.67292,30.16875],[80.65625,30.17708]]},"properties":{"MAIN_RIV":41067217,"LENGTH_KM":2.28,"ORD_STRA":2}},
{"type":"Feature","geometry":{"type":"LineString","coordinates":[[80.7,30.18542],[80.68958,30.18542],[80.67292,30.16875]]},"properties":{"MAIN_RIV":41067217,"LENGTH_KM":3.7,"ORD_STRA":1}},
{"type":"Feature","geometry":{"type":"LineString","coordinates":[[80.84792,30.17292],[80.85208,30.16875]]},"properties":{"MAIN_RIV":41067217,"LENGTH_KM":0.61,"ORD_STRA":4}},
{"type":"Feature","geometry":{"type":"LineString","coordinates":[[78.075,30.16458],[78.08958,30.16458]]},"properties":{"MAIN_RIV":41067217,"LENGTH_KM":1.4,"ORD_STRA":1}},
{"type":"Feature","geometry":{"type":"LineString","coordinates":[[78.08958,30.16875],[78.08958,30.16458]]},"properties":{"MAIN_RIV":41067217,"LENGTH_KM":0.46,"ORD_STRA":3}},
{"type":"Feature","geometry":{"type":"LineString","coordinates":[[78.26458,30.17083],[78.26458,30.16458]]},"properties":{"MAIN_RIV":41067217,"LENGTH_KM":0.69,"ORD_STRA":1}},
{"type":"Feature","geometry":{"type":"LineString","coordinates":[[78.31667,30.23333],[78.27292,30.18958],[78.27708,30.17708],[78.26458,30.16458]]},"properties":{"MAIN_RIV":41067217,"LENGTH_KM":10.31,"ORD_STRA":1}},
{"type":"Feature","geometry":{"type":"LineString","coordinates":[[78.48333,30.175],[78.46458,30.16458]]},"properties":{"MAIN_RIV":41067217,"LENGTH_KM":2.33,"ORD_STRA":1}},
{"type":"Feature","geometry":{"type":"LineString","coordinates":[[79.32917,30.16458],[79.33958,30.17292]]},"properties":{"MAIN_RIV":41067217,"LENGTH_KM":1.68,"ORD_STRA":1}},
{"type":"Feature","geometry":{"type":"LineString","coordinates":[[79.81042,30.175],[79.81042,30.16458]]},"properties":{"MAIN_RIV":41067217,"LENGTH_KM":1.16,"ORD_STRA":1}},
{"type":"Feature","geometry":{"type":"LineString","coordinates":[[79.82083,30.17917],[79.81042,30.16458]]},"properties":{"MAIN_RIV":41067217,"LENGTH_KM":1.99,"ORD_STRA":1}},
{"type":"Feature","geometry":{"type":"LineString","coordinates":[[80.52292,30.16458],[80.56875,30.17292]]},"properties":{"MAIN_RIV":41067217,"LENGTH_KM":4.83,"ORD_STRA":2}},
{"type":"Feature","geometry":{"type":"LineString","coordinates":[[80.57292,30.16875],[80.57708,30.16458]]},"properties":{"MAIN_RIV":41067217,"LENGTH_KM":0.61,"ORD_STRA":4}},
{"type":"Feature","geometry":{"type":"LineString","coordinates":[[80.58333,30.16458],[80.57708,30.16458]]},"properties":{"MAIN_RIV":41067217,"LENGTH_KM":0.6,"ORD_STRA":1}},
{"type":"Feature","geometry":{"type":"LineString","coordinates":[[79.28333,30.15833],[79.29792,30.19792]]},"properties":{"MAIN_RIV":41067217,"LENGTH_KM":4.92,"ORD_STRA":1}},
{"type":"Feature","geometry":{"type":"LineString","coordinates":[[79.7,30.16042],[79.70625,30.16042]]},"properties":{"MAIN_RIV":41067217,"LENGTH_KM":0.6,"ORD_STRA":1}},
{"type":"Feature","geometry":{"type":"LineString","coordinates":[[79.71875,30.17708],[79.70625,30.16042]]},"properties":{"MAIN_RIV":41067217,"LENGTH_KM":2.3,"ORD_STRA":3}},
{"type":"Feature","geometry":{"type":"LineString","coordinates":[[80.51667,30.15833],[80.52292,30.16458]]},"properties":{"MAIN_RIV":41067217,"LENGTH_KM":0.92,"ORD_STRA":1}},
{"type":"Feature","geometry":{"type":"LineString","coordinates":[[80.68125,30.16042],[80.67292,30.16875]]},"properties":{"MAIN_RIV":41067217,"LENGTH_KM":1.23,"ORD_STRA":2}},
{"type":"Feature","geometry":{"type":"LineString","coordinates":[[80.69167,30.16042],[80.68125,30.16042]]},"properties":{"MAIN_RIV":41067217,"LENGTH_KM":1,"ORD_STRA":1}},
{"type":"Feature","geometry":{"type":"LineString","coordinates":[[80.80417,30.15833],[80.83125,30.19792]]},"properties":{"MAIN_RIV":41067217,"LENGTH_KM":5.62,"ORD_STRA":1}},
{"type":"Feature","geometry":{"type":"LineString","coordinates":[[80.87007,30.16042],[80.85208,30.16875]]},"properties":{"MAIN_RIV":41067217,"LENGTH_KM":2.63,"ORD_STRA":1}},
{"type":"Feature","geometry":{"type":"LineString","coordinates":[[77.97083,30.1875],[77.93958,30.16875],[77.93958,30.15625]]},"properties":{"MAIN_RIV":41067217,"LENGTH_KM":5.35,"ORD_STRA":1}},
{"type":"Feature","geometry":{"type":"LineString","coordinates":[[78.425,30.16667],[78.43125,30.15625]]},"properties":{"MAIN_RIV":41067217,"LENGTH_KM":1.38,"ORD_STRA":1}},
{"type":"Feature","geometry":{"type":"LineString","coordinates":[[78.43958,30.17708],[78.43125,30.15625]]},"properties":{"MAIN_RIV":41067217,"LENGTH_KM":2.91,"ORD_STRA":2}},
{"type":"Feature","geometry":{"type":"LineString","coordinates":[[78.48333,30.15625],[78.46458,30.16458]]},"properties":{"MAIN_RIV":41067217,"LENGTH_KM":2.23,"ORD_STRA":1}},
{"type":"Feature","geometry":{"type":"LineString","coordinates":[[79.11875,30.15417],[79.10625,30.17292],[79.04792,30.16875]]},"properties":{"MAIN_RIV":41067217,"LENGTH_KM":8.78,"ORD_STRA":1}},
{"type":"Feature","geometry":{"type":"LineString","coordinates":[[80.08333,30.1625],[80.09792,30.15625]]},"properties":{"MAIN_RIV":41067217,"LENGTH_KM":1.72,"ORD_STRA":1}},
{"type":"Feature","geometry":{"type":"LineString","coordinates":[[80.10208,30.16875],[80.09792,30.15625]]},"properties":{"MAIN_RIV":41067217,"LENGTH_KM":1.54,"ORD_STRA":2}},
{"type":"Feature","geometry":{"type":"LineString","coordinates":[[80.25625,30.17708],[80.25208,30.15625]]},"properties":{"MAIN_RIV":41067217,"LENGTH_KM":2.47,"ORD_STRA":4}},
{"type":"Feature","geometry":{"type":"LineString","coordinates":[[80.42292,30.17708],[80.40208,30.15625]]},"properties":{"MAIN_RIV":41067217,"LENGTH_KM":3.06,"ORD_STRA":2}},
{"type":"Feature","geometry":{"type":"LineString","coordinates":[[80.42083,30.17083],[80.40208,30.15625]]},"properties":{"MAIN_RIV":41067217,"LENGTH_KM":2.54,"ORD_STRA":1}},
{"type":"Feature","geometry":{"type":"LineString","coordinates":[[80.49583,30.15417],[80.52292,30.16458]]},"properties":{"MAIN_RIV":41067217,"LENGTH_KM":3.13,"ORD_STRA":1}},
{"type":"Feature","geometry":{"type":"LineString","coordinates":[[80.57708,30.16458],[80.58542,30.15625]]},"properties":{"MAIN_RIV":41067217,"LENGTH_KM":1.23,"ORD_STRA":4}},
{"type":"Feature","geometry":{"type":"LineString","coordinates":[[80.58542,30.15625],[80.59375,30.15625]]},"properties":{"MAIN_RIV":41067217,"LENGTH_KM":0.8,"ORD_STRA":4}},
{"type":"Feature","geometry":{"type":"LineString","coordinates":[[80.59792,30.16667],[80.59375,30.15625]]},"properties":{"MAIN_RIV":41067217,"LENGTH_KM":1.31,"ORD_STRA":1}},
{"type":"Feature","geometry":{"type":"LineString","coordinates":[[77.96667,30.15625],[77.93958,30.15625]]},"properties":{"MAIN_RIV":41067217,"LENGTH_KM":3.03,"ORD_STRA":1}},
{"type":"Feature","geometry":{"type":"LineString","coordinates":[[78.09167,30.15208],[78.09792,30.15208]]},"properties":{"MAIN_RIV":41067217,"LENGTH_KM":0.6,"ORD_STRA":1}},
{"type":"Feature","geometry":{"type":"LineString","coordinates":[[78.08958,30.16458],[78.09792,30.15208]]},"properties":{"MAIN_RIV":41067217,"LENGTH_KM":1.94,"ORD_STRA":3}},
{"type":"Feature","geometry":{"type":"LineString","coordinates":[[78.63542,30.18542],[78.62292,30.18125],[78.61875,30.15208]]},"properties":{"MAIN_RIV":41067217,"LENGTH_KM":4.81,"ORD_STRA":6}},
{"type":"Feature","geometry":{"type":"LineString","coordinates":[[79.75417,30.15208],[79.73958,30.15208]]},"properties":{"MAIN_RIV":41067217,"LENGTH_KM":1.83,"ORD_STRA":1}},
{"type":"Feature","geometry":{"type":"LineString","coordinates":[[79.9125,30.17083],[79.92708,30.15208]]},"properties":{"MAIN_RIV":41067217,"LENGTH_KM":2.61,"ORD_STRA":1}},
{"type":"Feature","geometry":{"type":"LineString","coordinates":[[79.92708,30.19375],[79.92708,30.15208]]},"properties":{"MAIN_RIV":41067217,"LENGTH_KM":4.63,"ORD_STRA":3}},
{"type":"Feature","geometry":{"type":"LineString","coordinates":[[80.27917,30.15208],[80.25208,30.15625]]},"properties":{"MAIN_RIV":41067217,"LENGTH_KM":2.82,"ORD_STRA":1}},
{"type":"Feature","geometry":{"type":"LineString","coordinates":[[80.68125,30.15],[80.68125,30.16042]]},"properties":{"MAIN_RIV":41067217,"LENGTH_KM":1.16,"ORD_STRA":1}},
{"type":"Feature","geometry":{"type":"LineString","coordinates":[[78.13125,30.17708],[78.13125,30.14792]]},"properties":{"MAIN_RIV":41067217,"LENGTH_KM":3.54,"ORD_STRA":3}},
{"type":"Feature","geometry":{"type":"LineString","coordinates":[[78.17083,30.18333],[78.13125,30.14792]]},"properties":{"MAIN_RIV":41067217,"LENGTH_KM":5.61,"ORD_STRA":1}},
{"type":"Feature","geometry":{"type":"LineString","coordinates":[[78.6375,30.15417],[78.63125,30.14792],[78.61875,30.15208]]},"properties":{"MAIN_RIV":41067217,"LENGTH_KM":2.33,"ORD_STRA":1}},
{"type":"Feature","geometry":{"type":"LineString","coordinates":[[79.04792,30.16875],[79.03542,30.16042],[78.99792,30.16042],[78.98958,30.14792]]},"properties":{"MAIN_RIV":41067217,"LENGTH_KM":7.59,"ORD_STRA":2}},
{"type":"Feature","geometry":{"type":"LineString","coordinates":[[79.53125,30.15833],[79.53542,30.14792]]},"properties":{"MAIN_RIV":41067217,"LENGTH_KM":1.31,"ORD_STRA":1}},
{"type":"Feature","geometry":{"type":"LineString","coordinates":[[79.56458,30.17917],[79.53542,30.14792]]},"properties":{"MAIN_RIV":41067217,"LENGTH_KM":4.77,"ORD_STRA":1}},
{"type":"Feature","geometry":{"type":"LineString","coordinates":[[79.70625,30.16042],[79.70625,30.14792]]},"properties":{"MAIN_RIV":41067217,"LENGTH_KM":1.39,"ORD_STRA":3}},
{"type":"Feature","geometry":{"type":"LineString","coordinates":[[79.73958,30.15208],[79.70625,30.14792]]},"properties":{"MAIN_RIV":41067217,"LENGTH_KM":3.84,"ORD_STRA":2}},
{"type":"Feature","geometry":{"type":"LineString","coordinates":[[79.73958,30.14583],[79.73958,30.15208]]},"properties":{"MAIN_RIV":41067217,"LENGTH_KM":0.69,"ORD_STRA":1}},
{"type":"Feature","geometry":{"type":"LineString","coordinates":[[80.575,30.14583],[80.58542,30.15625]]},"properties":{"MAIN_RIV":41067217,"LENGTH_KM":1.53,"ORD_STRA":1}},
{"type":"Feature","geometry":{"type":"LineString","coordinates":[[80.85208,30.16875],[80.85625,30.14792]]},"properties":{"MAIN_RIV":41067217,"LENGTH_KM":2.47,"ORD_STRA":4}},
{"type":"Feature","geometry":{"type":"LineString","coordinates":[[78.09792,30.15208],[78.10208,30.14375]]},"properties":{"MAIN_RIV":41067217,"LENGTH_KM":1.08,"ORD_STRA":3}},
{"type":"Feature","geometry":{"type":"LineString","coordinates":[[78.43125,30.15625],[78.43542,30.14375]]},"properties":{"MAIN_RIV":41067217,"LENGTH_KM":1.54,"ORD_STRA":2}},
{"type":"Feature","geometry":{"type":"LineString","coordinates":[[78.46458,30.16458],[78.43542,30.14375]]},"properties":{"MAIN_RIV":41067217,"LENGTH_KM":3.86,"ORD_STRA":2}},
{"type":"Feature","geometry":{"type":"LineString","coordinates":[[78.79792,30.14167],[78.78125,30.18958]]},"properties":{"MAIN_RIV":41067217,"LENGTH_KM":5.92,"ORD_STRA":1}},
{"type":"Feature","geometry":{"type":"LineString","coordinates":[[80.1875,30.15417],[80.19375,30.14375]]},"properties":{"MAIN_RIV":41067217,"LENGTH_KM":1.38,"ORD_STRA":1}},
{"type":"Feature","geometry":{"type":"LineString","coordinates":[[80.59375,30.15625],[80.60208,30.14375]]},"properties":{"MAIN_RIV":41067217,"LENGTH_KM":1.69,"ORD_STRA":4}},
{"type":"Feature","geometry":{"type":"LineString","coordinates":[[80.63125,30.16875],[80.60208,30.14375]]},"properties":{"MAIN_RIV":41067217,"LENGTH_KM":4.33,"ORD_STRA":3}},
{"type":"Feature","geometry":{"type":"LineString","coordinates":[[80.85,30.14167],[80.85625,30.14792]]},"properties":{"MAIN_RIV":41067217,"LENGTH_KM":0.92,"ORD_STRA":1}},
{"type":"Feature","geometry":{"type":"LineString","coordinates":[[78.58125,30.18958],[78.60208,30.16458],[78.59792,30.13958]]},"properties":{"MAIN_RIV":41067217,"LENGTH_KM":6.71,"ORD_STRA":5}},
{"type":"Feature","geometry":{"type":"LineString","coordinates":[[78.61875,30.15208],[78.59792,30.13958]]},"properties":{"MAIN_RIV":41067217,"LENGTH_KM":2.64,"ORD_STRA":6}},
{"type":"Feature","geometry":{"type":"LineString","coordinates":[[79.15417,30.13958],[79.16875,30.14375],[79.18542,30.16875]]},"properties":{"MAIN_RIV":41067217,"LENGTH_KM":4.99,"ORD_STRA":1}},
{"type":"Feature","geometry":{"type":"LineString","coordinates":[[79.23958,30.13958],[79.21458,30.17292]]},"properties":{"MAIN_RIV":41067217,"LENGTH_KM":4.6,"ORD_STRA":2}},
{"type":"Feature","geometry":{"type":"LineString","coordinates":[[79.37708,30.13958],[79.35208,30.17292]]},"properties":{"MAIN_RIV":41067217,"LENGTH_KM":4.6,"ORD_STRA":4}},
{"type":"Feature","geometry":{"type":"LineString","coordinates":[[79.70625,30.14792],[79.70208,30.13958]]},"properties":{"MAIN_RIV":41067217,"LENGTH_KM":1.08,"ORD_STRA":3}},
{"type":"Feature","geometry":{"type":"LineString","coordinates":[[79.81042,30.16458],[79.81458,30.13958]]},"properties":{"MAIN_RIV":41067217,"LENGTH_KM":3.23,"ORD_STRA":2}},
{"type":"Feature","geometry":{"type":"LineString","coordinates":[[79.8375,30.15],[79.81458,30.13958]]},"properties":{"MAIN_RIV":41067217,"LENGTH_KM":2.73,"ORD_STRA":1}},
{"type":"Feature","geometry":{"type":"LineString","coordinates":[[79.90833,30.14375],[79.92708,30.13958]]},"properties":{"MAIN_RIV":41067217,"LENGTH_KM":2.02,"ORD_STRA":1}},
{"type":"Feature","geometry":{"type":"LineString","coordinates":[[79.92708,30.15208],[79.92708,30.13958]]},"properties":{"MAIN_RIV":41067217,"LENGTH_KM":1.69,"ORD_STRA":3}},
{"type":"Feature","geometry":{"type":"LineString","coordinates":[[78.075,30.13333],[78.10208,30.14375]]},"properties":{"MAIN_RIV":41067217,"LENGTH_KM":3.38,"ORD_STRA":1}},
{"type":"Feature","geometry":{"type":"LineString","coordinates":[[79.35625,30.13542],[79.37708,30.13958]]},"properties":{"MAIN_RIV":41067217,"LENGTH_KM":2.21,"ORD_STRA":2}},
{"type":"Feature","geometry":{"type":"LineString","coordinates":[[79.53542,30.14792],[79.53125,30.13542]]},"properties":{"MAIN_RIV":41067217,"LENGTH_KM":1.54,"ORD_STRA":2}},
{"type":"Feature","geometry":{"type":"LineString","coordinates":[[80.09167,30.13958],[80.09792,30.13542]]},"properties":{"MAIN_RIV":41067217,"LENGTH_KM":1.06,"ORD_STRA":1}},
{"type":"Feature","geometry":{"type":"LineString","coordinates":[[80.09792,30.15625],[80.09792,30.13542]]},"properties":{"MAIN_RIV":41067217,"LENGTH_KM":2.62,"ORD_STRA":2}},
{"type":"Feature","geometry":{"type":"LineString","coordinates":[[80.125,30.13958],[80.11042,30.13542]]},"properties":{"MAIN_RIV":41067217,"LENGTH_KM":1.61,"ORD_STRA":1}},
{"type":"Feature","geometry":{"type":"LineString","coordinates":[[80.19375,30.14375],[80.24792,30.13542]]},"properties":{"MAIN_RIV":41067217,"LENGTH_KM":5.63,"ORD_STRA":2}},
{"type":"Feature","geometry":{"type":"LineString","coordinates":[[80.25208,30.15625],[80.24792,30.13542]]},"properties":{"MAIN_RIV":41067217,"LENGTH_KM":2.47,"ORD_STRA":4}},
{"type":"Feature","geometry":{"type":"LineString","coordinates":[[80.45,30.14167],[80.43958,30.13542]]},"properties":{"MAIN_RIV":41067217,"LENGTH_KM":1.32,"ORD_STRA":1}},
{"type":"Feature","geometry":{"type":"LineString","coordinates":[[78.36458,30.17708],[78.38958,30.13125]]},"properties":{"MAIN_RIV":41067217,"LENGTH_KM":5.99,"ORD_STRA":3}},
{"type":"Feature","geometry":{"type":"LineString","coordinates":[[78.875,30.14375],[78.89792,30.13125]]},"properties":{"MAIN_RIV":41067217,"LENGTH_KM":2.84,"ORD_STRA":1}},
{"type":"Feature","geometry":{"type":"LineString","coordinates":[[78.89167,30.15],[78.89792,30.13125]]},"properties":{"MAIN_RIV":41067217,"LENGTH_KM":2.31,"ORD_STRA":1}},
{"type":"Feature","geometry":{"type":"LineString","coordinates":[[78.9375,30.15417],[78.95625,30.13125]]},"properties":{"MAIN_RIV":41067217,"LENGTH_KM":3.22,"ORD_STRA":1}},
{"type":"Feature","geometry":{"type":"LineString","coordinates":[[78.98958,30.14792],[78.95625,30.13125]]},"properties":{"MAIN_RIV":41067217,"LENGTH_KM":4.05,"ORD_STRA":3}},
{"type":"Feature","geometry":{"type":"LineString","coordinates":[[79.32083,30.13125],[79.35625,30.13542]]},"properties":{"MAIN_RIV":41067217,"LENGTH_KM":3.62,"ORD_STRA":1}},
{"type":"Feature","geometry":{"type":"LineString","coordinates":[[79.55,30.13125],[79.53125,30.13542]]},"properties":{"MAIN_RIV":41067217,"LENGTH_KM":2.02,"ORD_STRA":1}},
{"type":"Feature","geometry":{"type":"LineString","coordinates":[[79.92083,30.13125],[79.92708,30.13125]]},"properties":{"MAIN_RIV":41067217,"LENGTH_KM":0.6,"ORD_STRA":1}},
{"type":"Feature","geometry":{"type":"LineString","coordinates":[[79.92708,30.13958],[79.92708,30.13125]]},"properties":{"MAIN_RIV":41067217,"LENGTH_KM":1.23,"ORD_STRA":3}},
{"type":"Feature","geometry":{"type":"LineString","coordinates":[[80.09792,30.13542],[80.09792,30.13125]]},"properties":{"MAIN_RIV":41067217,"LENGTH_KM":0.46,"ORD_STRA":2}},
{"type":"Feature","geometry":{"type":"LineString","coordinates":[[80.11042,30.13542],[80.09792,30.13125]]},"properties":{"MAIN_RIV":41067217,"LENGTH_KM":1.41,"ORD_STRA":2}},
{"type":"Feature","geometry":{"type":"LineString","coordinates":[[80.11667,30.12917],[80.11042,30.13542]]},"properties":{"MAIN_RIV":41067217,"LENGTH_KM":0.92,"ORD_STRA":1}},
{"type":"Feature","geometry":{"type":"LineString","coordinates":[[80.16667,30.12917],[80.19375,30.14375]]},"properties":{"MAIN_RIV":41067217,"LENGTH_KM":3.35,"ORD_STRA":1}},
{"type":"Feature","geometry":{"type":"LineString","coordinates":[[77.94583,30.19583],[77.91875,30.17292],[77.91042,30.14375],[77.89792,30.13542],[77.90208,30.12708]]},"properties":{"MAIN_RIV":41067217,"LENGTH_KM":10.01,"ORD_STRA":1}},
{"type":"Feature","geometry":{"type":"LineString","coordinates":[[77.93958,30.15625],[77.90208,30.12708]]},"properties":{"MAIN_RIV":41067217,"LENGTH_KM":5.09,"ORD_STRA":2}},
{"type":"Feature","geometry":{"type":"LineString","coordinates":[[78.31667,30.1375],[78.32292,30.12708]]},"properties":{"MAIN_RIV":41067217,"LENGTH_KM":1.38,"ORD_STRA":1}},
{"type":"Feature","geometry":{"type":"LineString","coordinates":[[79.27083,30.125],[79.23958,30.13958]]},"properties":{"MAIN_RIV":41067217,"LENGTH_KM":3.75,"ORD_STRA":1}},
{"type":"Feature","geometry":{"type":"LineString","coordinates":[[79.72083,30.125],[79.70208,30.13958]]},"properties":{"MAIN_RIV":41067217,"LENGTH_KM":2.54,"ORD_STRA":1}},
{"type":"Feature","geometry":{"type":"LineString","coordinates":[[80.00625,30.13333],[80.00625,30.12708]]},"properties":{"MAIN_RIV":41067217,"LENGTH_KM":0.69,"ORD_STRA":1}},
{"type":"Feature","geometry":{"type":"LineString","coordinates":[[80.02083,30.13125],[80.00625,30.12708]]},"properties":{"MAIN_RIV":41067217,"LENGTH_KM":1.61,"ORD_STRA":1}},
{"type":"Feature","geometry":{"type":"LineString","coordinates":[[80.35208,30.18125],[80.33542,30.12708]]},"properties":{"MAIN_RIV":41067217,"LENGTH_KM":6.62,"ORD_STRA":3}},
{"type":"Feature","geometry":{"type":"LineString","coordinates":[[80.40208,30.15625],[80.37292,30.12708],[80.33542,30.12708]]},"properties":{"MAIN_RIV":41067217,"LENGTH_KM":8.15,"ORD_STRA":2}},
{"type":"Feature","geometry":{"type":"LineString","coordinates":[[80.45,30.125],[80.43958,30.13542]]},"properties":{"MAIN_RIV":41067217,"LENGTH_KM":1.53,"ORD_STRA":1}},
{"type":"Feature","geometry":{"type":"LineString","coordinates":[[78.21458,30.15833],[78.21458,30.13125],[78.22292,30.12292]]},"properties":{"MAIN_RIV":41067217,"LENGTH_KM":4.24,"ORD_STRA":1}},
{"type":"Feature","geometry":{"type":"LineString","coordinates":[[78.22708,30.16667],[78.22292,30.12292]]},"properties":{"MAIN_RIV":41067217,"LENGTH_KM":5.01,"ORD_STRA":1}},
{"type":"Feature","geometry":{"type":"LineString","coordinates":[[79.175,30.12292],[79.19792,30.13958],[79.21458,30.17292]]},"properties":{"MAIN_RIV":41067217,"LENGTH_KM":7.35,"ORD_STRA":1}},
{"type":"Feature","geometry":{"type":"LineString","coordinates":[[79.49583,30.14167],[79.51875,30.12292]]},"properties":{"MAIN_RIV":41067217,"LENGTH_KM":3.16,"ORD_STRA":1}},
{"type":"Feature","geometry":{"type":"LineString","coordinates":[[79.53125,30.13542],[79.51875,30.12292]]},"properties":{"MAIN_RIV":41067217,"LENGTH_KM":2.09,"ORD_STRA":2}},
{"type":"Feature","geometry":{"type":"LineString","coordinates":[[79.67292,30.18333],[79.66458,30.15208],[79.68125,30.13542],[79.68125,30.12292]]},"properties":{"MAIN_RIV":41067217,"LENGTH_KM":7.61,"ORD_STRA":1}},
{"type":"Feature","geometry":{"type":"LineString","coordinates":[[79.70208,30.13958],[79.68125,30.12292]]},"properties":{"MAIN_RIV":41067217,"LENGTH_KM":2.85,"ORD_STRA":3}},
{"type":"Feature","geometry":{"type":"LineString","coordinates":[[79.79167,30.1375],[79.81042,30.12292]]},"properties":{"MAIN_RIV":41067217,"LENGTH_KM":2.54,"ORD_STRA":1}},
{"type":"Feature","geometry":{"type":"LineString","coordinates":[[79.81458,30.13958],[79.81042,30.12292]]},"properties":{"MAIN_RIV":41067217,"LENGTH_KM":2.3,"ORD_STRA":2}},
{"type":"Feature","geometry":{"type":"LineString","coordinates":[[80.24792,30.13542],[80.25208,30.12292]]},"properties":{"MAIN_RIV":41067217,"LENGTH_KM":1.54,"ORD_STRA":4}},
{"type":"Feature","geometry":{"type":"LineString","coordinates":[[80.275,30.125],[80.25625,30.13125],[80.25208,30.12292]]},"properties":{"MAIN_RIV":41067217,"LENGTH_KM":3.2,"ORD_STRA":1}},
{"type":"Feature","geometry":{"type":"LineString","coordinates":[[78.3,30.12917],[78.31042,30.11875]]},"properties":{"MAIN_RIV":41067217,"LENGTH_KM":1.78,"ORD_STRA":1}},
{"type":"Feature","geometry":{"type":"LineString","coordinates":[[78.32292,30.12708],[78.31042,30.11875]]},"properties":{"MAIN_RIV":41067217,"LENGTH_KM":1.63,"ORD_STRA":6}},
{"type":"Feature","geometry":{"type":"LineString","coordinates":[[78.37708,30.11875],[78.34375,30.13542],[78.32292,30.12708]]},"properties":{"MAIN_RIV":41067217,"LENGTH_KM":6.48,"ORD_STRA":6}},
{"type":"Feature","geometry":{"type":"LineString","coordinates":[[78.38958,30.13125],[78.38958,30.12292],[78.37708,30.11875]]},"properties":{"MAIN_RIV":41067217,"LENGTH_KM":2.64,"ORD_STRA":6}},
{"type":"Feature","geometry":{"type":"LineString","coordinates":[[78.89792,30.13125],[78.90208,30.11875]]},"properties":{"MAIN_RIV":41067217,"LENGTH_KM":1.54,"ORD_STRA":2}},
{"type":"Feature","geometry":{"type":"LineString","coordinates":[[78.95625,30.13125],[78.95208,30.12292],[78.92708,30.11875]]},"properties":{"MAIN_RIV":41067217,"LENGTH_KM":3.69,"ORD_STRA":3}},
{"type":"Feature","geometry":{"type":"LineString","coordinates":[[79.41042,30.11875],[79.37708,30.13958]]},"properties":{"MAIN_RIV":41067217,"LENGTH_KM":4.26,"ORD_STRA":4}},
{"type":"Feature","geometry":{"type":"LineString","coordinates":[[79.43333,30.16458],[79.41458,30.15625],[79.41042,30.11875]]},"properties":{"MAIN_RIV":41067217,"LENGTH_KM":6.84,"ORD_STRA":1}},
{"type":"Feature","geometry":{"type":"LineString","coordinates":[[80.00625,30.12708],[80.00208,30.11875]]},"properties":{"MAIN_RIV":41067217,"LENGTH_KM":1.08,"ORD_STRA":2}},
{"type":"Feature","geometry":{"type":"LineString","coordinates":[[80.01667,30.11875],[80.00208,30.11875]]},"properties":{"MAIN_RIV":41067217,"LENGTH_KM":1.4,"ORD_STRA":1}},
{"type":"Feature","geometry":{"type":"LineString","coordinates":[[80.31667,30.13333],[80.32708,30.11875]]},"properties":{"MAIN_RIV":41067217,"LENGTH_KM":2,"ORD_STRA":1}},
{"type":"Feature","geometry":{"type":"LineString","coordinates":[[80.33542,30.12708],[80.32708,30.11875]]},"properties":{"MAIN_RIV":41067217,"LENGTH_KM":1.23,"ORD_STRA":3}},
{"type":"Feature","geometry":{"type":"LineString","coordinates":[[80.65417,30.12708],[80.63125,30.11875]]},"properties":{"MAIN_RIV":41067217,"LENGTH_KM":2.63,"ORD_STRA":1}},
{"type":"Feature","geometry":{"type":"LineString","coordinates":[[80.85625,30.14792],[80.86875,30.13542],[80.86332,30.12165]]},"properties":{"MAIN_RIV":41067217,"LENGTH_KM":3.99,"ORD_STRA":4}},
{"type":"Feature","geometry":{"type":"LineString","coordinates":[[77.98333,30.15417],[77.95208,30.14375],[77.93125,30.12292],[77.93542,30.11458]]},"properties":{"MAIN_RIV":41067217,"LENGTH_KM":7.67,"ORD_STRA":1}},
{"type":"Feature","geometry":{"type":"LineString","coordinates":[[77.99167,30.12917],[77.97708,30.11875],[77.95625,30.12292],[77.93542,30.11458]]},"properties":{"MAIN_RIV":41067217,"LENGTH_KM":6.58,"ORD_STRA":1}},
{"type":"Feature","geometry":{"type":"LineString","coordinates":[[78.23125,30.22292],[78.15208,30.14792],[78.15208,30.12292],[78.16042,30.11458]]},"properties":{"MAIN_RIV":41067217,"LENGTH_KM":16.48,"ORD_STRA":3}},
{"type":"Feature","geometry":{"type":"LineString","coordinates":[[78.17292,30.13333],[78.16042,30.11458]]},"properties":{"MAIN_RIV":41067217,"LENGTH_KM":2.53,"ORD_STRA":1}},
{"type":"Feature","geometry":{"type":"LineString","coordinates":[[78.43542,30.11458],[78.40208,30.13958],[78.38958,30.13125]]},"properties":{"MAIN_RIV":41067217,"LENGTH_KM":6.35,"ORD_STRA":6}},
{"type":"Feature","geometry":{"type":"LineString","coordinates":[[78.43542,30.14375],[78.43542,30.11458]]},"properties":{"MAIN_RIV":41067217,"LENGTH_KM":3.84,"ORD_STRA":3}},
{"type":"Feature","geometry":{"type":"LineString","coordinates":[[78.45,30.11875],[78.43542,30.11458]]},"properties":{"MAIN_RIV":41067217,"LENGTH_KM":1.61,"ORD_STRA":1}},
{"type":"Feature","geometry":{"type":"LineString","coordinates":[[78.59792,30.13958],[78.58958,30.11458]]},"properties":{"MAIN_RIV":41067217,"LENGTH_KM":3.08,"ORD_STRA":6}},
{"type":"Feature","geometry":{"type":"LineString","coordinates":[[78.90625,30.11458],[78.90208,30.11875]]},"properties":{"MAIN_RIV":41067217,"LENGTH_KM":0.61,"ORD_STRA":3}},
{"type":"Feature","geometry":{"type":"LineString","coordinates":[[79.92708,30.13125],[79.92708,30.11458]]},"properties":{"MAIN_RIV":41067217,"LENGTH_KM":1.85,"ORD_STRA":3}},
{"type":"Feature","geometry":{"type":"LineString","coordinates":[[79.93542,30.11458],[79.92708,30.11458]]},"properties":{"MAIN_RIV":41067217,"LENGTH_KM":0.8,"ORD_STRA":3}},
{"type":"Feature","geometry":{"type":"LineString","coordinates":[[79.98542,30.16875],[79.95208,30.12292],[79.93542,30.11458]]},"properties":{"MAIN_RIV":41067217,"LENGTH_KM":8.32,"ORD_STRA":3}},
{"type":"Feature","geometry":{"type":"LineString","coordinates":[[80.25208,30.12292],[80.25208,30.11458]]},"properties":{"MAIN_RIV":41067217,"LENGTH_KM":0.93,"ORD_STRA":4}},
{"type":"Feature","geometry":{"type":"LineString","coordinates":[[80.50417,30.12708],[80.53125,30.11458]]},"properties":{"MAIN_RIV":41067217,"LENGTH_KM":3.24,"ORD_STRA":1}},
{"type":"Feature","geometry":{"type":"LineString","coordinates":[[80.65417,30.11458],[80.63125,30.11875]]},"properties":{"MAIN_RIV":41067217,"LENGTH_KM":2.42,"ORD_STRA":1}},
{"type":"Feature","geometry":{"type":"LineString","coordinates":[[78.7,30.15],[78.68958,30.13958],[78.68958,30.11042]]},"properties":{"MAIN_RIV":41067217,"LENGTH_KM":5.07,"ORD_STRA":1}},
{"type":"Feature","geometry":{"type":"LineString","coordinates":[[78.69375,30.11042],[78.68958,30.11042]]},"properties":{"MAIN_RIV":41067217,"LENGTH_KM":0.4,"ORD_STRA":2}},
{"type":"Feature","geometry":{"type":"LineString","coordinates":[[78.74583,30.13333],[78.71042,30.11042],[78.69375,30.11042]]},"properties":{"MAIN_RIV":41067217,"LENGTH_KM":6.6,"ORD_STRA":1}},
{"type":"Feature","geometry":{"type":"LineString","coordinates":[[78.92708,30.11875],[78.91458,30.11042],[78.90625,30.11458]]},"properties":{"MAIN_RIV":41067217,"LENGTH_KM":2.64,"ORD_STRA":3}},
{"type":"Feature","geometry":{"type":"LineString","coordinates":[[79.68125,30.12292],[79.66875,30.11042]]},"properties":{"MAIN_RIV":41067217,"LENGTH_KM":1.84,"ORD_STRA":3}},
{"type":"Feature","geometry":{"type":"LineString","coordinates":[[79.93542,30.10833],[79.93542,30.11458]]},"properties":{"MAIN_RIV":41067217,"LENGTH_KM":0.69,"ORD_STRA":1}},
{"type":"Feature","geometry":{"type":"LineString","coordinates":[[80.08125,30.12083],[80.08542,30.11042]]},"properties":{"MAIN_RIV":41067217,"LENGTH_KM":1.31,"ORD_STRA":1}},
{"type":"Feature","geometry":{"type":"LineString","coordinates":[[80.09792,30.13125],[80.08542,30.11042]]},"properties":{"MAIN_RIV":41067217,"LENGTH_KM":2.76,"ORD_STRA":3}},
{"type":"Feature","geometry":{"type":"LineString","coordinates":[[80.51667,30.11042],[80.53125,30.11458]]},"properties":{"MAIN_RIV":41067217,"LENGTH_KM":1.61,"ORD_STRA":1}},
{"type":"Feature","geometry":{"type":"LineString","coordinates":[[78.10208,30.14375],[78.12292,30.10625]]},"properties":{"MAIN_RIV":41067217,"LENGTH_KM":5.17,"ORD_STRA":3}},
{"type":"Feature","geometry":{"type":"LineString","coordinates":[[78.26458,30.16458],[78.25208,30.13958],[78.30625,30.10625]]},"properties":{"MAIN_RIV":41067217,"LENGTH_KM":10.13,"ORD_STRA":2}},
{"type":"Feature","geometry":{"type":"LineString","coordinates":[[78.31042,30.11875],[78.30625,30.10625]]},"properties":{"MAIN_RIV":41067217,"LENGTH_KM":1.54,"ORD_STRA":6}},
{"type":"Feature","geometry":{"type":"LineString","coordinates":[[79.22083,30.10417],[79.24375,30.12708],[79.23958,30.13958]]},"properties":{"MAIN_RIV":41067217,"LENGTH_KM":4.91,"ORD_STRA":1}},
{"type":"Feature","geometry":{"type":"LineString","coordinates":[[79.325,30.10417],[79.34375,30.11458],[79.35625,30.13542]]},"properties":{"MAIN_RIV":41067217,"LENGTH_KM":5.1,"ORD_STRA":1}},
{"type":"Feature","geometry":{"type":"LineString","coordinates":[[79.63125,30.18125],[79.62708,30.13958],[79.66458,30.10625]]},"properties":{"MAIN_RIV":41067217,"LENGTH_KM":10.38,"ORD_STRA":2}},
{"type":"Feature","geometry":{"type":"LineString","coordinates":[[79.66875,30.11042],[79.66458,30.10625]]},"properties":{"MAIN_RIV":41067217,"LENGTH_KM":0.61,"ORD_STRA":3}},
{"type":"Feature","geometry":{"type":"LineString","coordinates":[[80.00208,30.11875],[79.99375,30.10625]]},"properties":{"MAIN_RIV":41067217,"LENGTH_KM":1.69,"ORD_STRA":2}},
{"type":"Feature","geometry":{"type":"LineString","coordinates":[[80.00417,30.10625],[79.99375,30.10625]]},"properties":{"MAIN_RIV":41067217,"LENGTH_KM":1,"ORD_STRA":1}},
{"type":"Feature","geometry":{"type":"LineString","coordinates":[[80.05,30.12083],[80.06875,30.11042],[80.07708,30.11458],[80.08125,30.10625]]},"properties":{"MAIN_RIV":41067217,"LENGTH_KM":4.42,"ORD_STRA":1}},
{"type":"Feature","geometry":{"type":"LineString","coordinates":[[80.08542,30.11042],[80.08125,30.10625]]},"properties":{"MAIN_RIV":41067217,"LENGTH_KM":0.61,"ORD_STRA":3}},
{"type":"Feature","geometry":{"type":"LineString","coordinates":[[80.32708,30.11875],[80.32292,30.10625]]},"properties":{"MAIN_RIV":41067217,"LENGTH_KM":1.54,"ORD_STRA":3}},
{"type":"Feature","geometry":{"type":"LineString","coordinates":[[78.09167,30.10208],[78.11875,30.10208]]},"properties":{"MAIN_RIV":41067217,"LENGTH_KM":3.03,"ORD_STRA":1}},
{"type":"Feature","geometry":{"type":"LineString","coordinates":[[78.11875,30.10208],[78.12292,30.10625]]},"properties":{"MAIN_RIV":41067217,"LENGTH_KM":0.61,"ORD_STRA":2}},
{"type":"Feature","geometry":{"type":"LineString","coordinates":[[78.12292,30.10625],[78.12708,30.10208]]},"properties":{"MAIN_RIV":41067217,"LENGTH_KM":0.61,"ORD_STRA":3}},
{"type":"Feature","geometry":{"type":"LineString","coordinates":[[78.13125,30.14792],[78.12708,30.10208]]},"properties":{"MAIN_RIV":41067217,"LENGTH_KM":5.25,"ORD_STRA":3}},
{"type":"Feature","geometry":{"type":"LineString","coordinates":[[78.54167,30.13333],[78.55625,30.11458],[78.57708,30.11042],[78.58125,30.10208]]},"properties":{"MAIN_RIV":41067217,"LENGTH_KM":5.9,"ORD_STRA":1}},
{"type":"Feature","geometry":{"type":"LineString","coordinates":[[78.58958,30.11458],[78.58125,30.10208]]},"properties":{"MAIN_RIV":41067217,"LENGTH_KM":1.69,"ORD_STRA":6}},
{"type":"Feature","geometry":{"type":"LineString","coordinates":[[78.66875,30.10208],[78.65208,30.11042],[78.58958,30.11458]]},"properties":{"MAIN_RIV":41067217,"LENGTH_KM":8.25,"ORD_STRA":2}},
{"type":"Feature","geometry":{"type":"LineString","coordinates":[[78.68958,30.11042],[78.66875,30.10208]]},"properties":{"MAIN_RIV":41067217,"LENGTH_KM":2.43,"ORD_STRA":2}},
{"type":"Feature","geometry":{"type":"LineString","coordinates":[[78.69167,30.1],[78.69375,30.11042]]},"properties":{"MAIN_RIV":41067217,"LENGTH_KM":1.53,"ORD_STRA":1}},
{"type":"Feature","geometry":{"type":"LineString","coordinates":[[79.0875,30.13333],[79.06458,30.12292],[79.04792,30.10208]]},"properties":{"MAIN_RIV":41067217,"LENGTH_KM":5.65,"ORD_STRA":1}},
{"type":"Feature","geometry":{"type":"LineString","coordinates":[[79.43542,30.10208],[79.42292,30.11875],[79.41042,30.11875]]},"properties":{"MAIN_RIV":41067217,"LENGTH_KM":3.5,"ORD_STRA":4}},
{"type":"Feature","geometry":{"type":"LineString","coordinates":[[79.46875,30.15417],[79.43542,30.10208]]},"properties":{"MAIN_RIV":41067217,"LENGTH_KM":7.24,"ORD_STRA":1}},
{"type":"Feature","geometry":{"type":"LineString","coordinates":[[80.30417,30.12083],[80.32292,30.10208]]},"properties":{"MAIN_RIV":41067217,"LENGTH_KM":2.76,"ORD_STRA":1}},
{"type":"Feature","geometry":{"type":"LineString","coordinates":[[80.32292,30.10625],[80.32292,30.10208]]},"properties":{"MAIN_RIV":41067217,"LENGTH_KM":0.46,"ORD_STRA":3}},
{"type":"Feature","geometry":{"type":"LineString","coordinates":[[80.34583,30.1],[80.32292,30.10625]]},"properties":{"MAIN_RIV":41067217,"LENGTH_KM":2.95,"ORD_STRA":1}},
{"type":"Feature","geometry":{"type":"LineString","coordinates":[[80.60208,30.14375],[80.61875,30.10208]]},"properties":{"MAIN_RIV":41067217,"LENGTH_KM":5.23,"ORD_STRA":4}},
{"type":"Feature","geometry":{"type":"LineString","coordinates":[[80.63125,30.11875],[80.61875,30.10208]]},"properties":{"MAIN_RIV":41067217,"LENGTH_KM":2.3,"ORD_STRA":2}},
{"type":"Feature","geometry":{"type":"LineString","coordinates":[[79.04375,30.09792],[79.01875,30.11042],[78.98958,30.14792]]},"properties":{"MAIN_RIV":41067217,"LENGTH_KM":8.51,"ORD_STRA":2}},
{"type":"Feature","geometry":{"type":"LineString","coordinates":[[79.04792,30.10208],[79.04375,30.09792]]},"properties":{"MAIN_RIV":41067217,"LENGTH_KM":0.61,"ORD_STRA":2}},
{"type":"Feature","geometry":{"type":"LineString","coordinates":[[79.43542,30.09792],[79.43542,30.10208]]},"properties":{"MAIN_RIV":41067217,"LENGTH_KM":0.46,"ORD_STRA":4}},
{"type":"Feature","geometry":{"type":"LineString","coordinates":[[79.66458,30.10625],[79.66042,30.09792]]},"properties":{"MAIN_RIV":41067217,"LENGTH_KM":1.08,"ORD_STRA":3}},
{"type":"Feature","geometry":{"type":"LineString","coordinates":[[79.7,30.09792],[79.68542,30.09792],[79.66875,30.11042]]},"properties":{"MAIN_RIV":41067217,"LENGTH_KM":3.89,"ORD_STRA":1}},
{"type":"Feature","geometry":{"type":"LineString","coordinates":[[79.8,30.09792],[79.80625,30.09792]]},"properties":{"MAIN_RIV":41067217,"LENGTH_KM":0.6,"ORD_STRA":1}},
{"type":"Feature","geometry":{"type":"LineString","coordinates":[[79.81042,30.12292],[79.80625,30.09792]]},"properties":{"MAIN_RIV":41067217,"LENGTH_KM":2.93,"ORD_STRA":2}},
{"type":"Feature","geometry":{"type":"LineString","coordinates":[[79.85,30.125],[79.84375,30.11458],[79.85208,30.09792]]},"properties":{"MAIN_RIV":41067217,"LENGTH_KM":3.53,"ORD_STRA":1}},
{"type":"Feature","geometry":{"type":"LineString","coordinates":[[80.08125,30.10625],[80.08542,30.09792]]},"properties":{"MAIN_RIV":41067217,"LENGTH_KM":1.08,"ORD_STRA":3}},
{"type":"Feature","geometry":{"type":"LineString","coordinates":[[80.1,30.09792],[80.08542,30.09792]]},"properties":{"MAIN_RIV":41067217,"LENGTH_KM":1.4,"ORD_STRA":1}},
{"type":"Feature","geometry":{"type":"LineString","coordinates":[[80.25208,30.11458],[80.26042,30.09792]]},"properties":{"MAIN_RIV":41067217,"LENGTH_KM":2.15,"ORD_STRA":4}},
{"type":"Feature","geometry":{"type":"LineString","coordinates":[[80.84598,30.10432],[80.84303,30.10137]]},"properties":{"MAIN_RIV":41067217,"LENGTH_KM":1.23,"ORD_STRA":5}},
{"type":"Feature","geometry":{"type":"LineString","coordinates":[[78.10833,30.09167],[78.11875,30.10208]]},"properties":{"MAIN_RIV":41067217,"LENGTH_KM":1.53,"ORD_STRA":1}},
{"type":"Feature","geometry":{"type":"LineString","coordinates":[[78.6625,30.09167],[78.66875,30.10208]]},"properties":{"MAIN_RIV":41067217,"LENGTH_KM":1.38,"ORD_STRA":1}},
{"type":"Feature","geometry":{"type":"LineString","coordinates":[[78.85,30.12083],[78.88125,30.09375]]},"properties":{"MAIN_RIV":41067217,"LENGTH_KM":4.38,"ORD_STRA":1}},
{"type":"Feature","geometry":{"type":"LineString","coordinates":[[78.90208,30.11875],[78.88125,30.09375]]},"properties":{"MAIN_RIV":41067217,"LENGTH_KM":3.53,"ORD_STRA":3}},
{"type":"Feature","geometry":{"type":"LineString","coordinates":[[79.67083,30.09167],[79.66042,30.09792]]},"properties":{"MAIN_RIV":41067217,"LENGTH_KM":1.32,"ORD_STRA":1}},
{"type":"Feature","geometry":{"type":"LineString","coordinates":[[79.87708,30.14583],[79.88958,30.09375]]},"properties":{"MAIN_RIV":41067217,"LENGTH_KM":6.24,"ORD_STRA":1}},
{"type":"Feature","geometry":{"type":"LineString","coordinates":[[79.92708,30.11458],[79.90625,30.09375],[79.88958,30.09375]]},"properties":{"MAIN_RIV":41067217,"LENGTH_KM":4.67,"ORD_STRA":4}},
{"type":"Feature","geometry":{"type":"LineString","coordinates":[[79.97917,30.1],[79.98542,30.09375]]},"properties":{"MAIN_RIV":41067217,"LENGTH_KM":0.92,"ORD_STRA":1}},
{"type":"Feature","geometry":{"type":"LineString","coordinates":[[79.99375,30.10625],[79.98542,30.09375]]},"properties":{"MAIN_RIV":41067217,"LENGTH_KM":1.69,"ORD_STRA":2}},
{"type":"Feature","geometry":{"type":"LineString","coordinates":[[80.19167,30.09375],[80.20208,30.09375]]},"properties":{"MAIN_RIV":41067217,"LENGTH_KM":1,"ORD_STRA":1}},
{"type":"Feature","geometry":{"type":"LineString","coordinates":[[80.20208,30.09375],[80.25208,30.11458]]},"properties":{"MAIN_RIV":41067217,"LENGTH_KM":5.87,"ORD_STRA":2}},
{"type":"Feature","geometry":{"type":"LineString","coordinates":[[80.53125,30.11458],[80.56458,30.09375]]},"properties":{"MAIN_RIV":41067217,"LENGTH_KM":4.27,"ORD_STRA":2}},
{"type":"Feature","geometry":{"type":"LineString","coordinates":[[80.57292,30.11667],[80.56458,30.09375]]},"properties":{"MAIN_RIV":41067217,"LENGTH_KM":2.85,"ORD_STRA":1}},
{"type":"Feature","geometry":{"type":"LineString","coordinates":[[80.77708,30.14167],[80.81439,30.09395]]},"properties":{"MAIN_RIV":41067217,"LENGTH_KM":6.67,"ORD_STRA":1}},
{"type":"Feature","geometry":{"type":"LineString","coordinates":[[80.81875,30.10417],[80.81785,30.09701]]},"properties":{"MAIN_RIV":41067217,"LENGTH_KM":1.31,"ORD_STRA":1}},
{"type":"Feature","geometry":{"type":"MultiLineString","coordinates":[[[80.83745,30.09792],[80.834,30.09792]],[[80.83256,30.09792],[80.82768,30.09792]]]},"properties":{"MAIN_RIV":41067217,"LENGTH_KM":2.62,"ORD_STRA":5}},
{"type":"Feature","geometry":{"type":"LineString","coordinates":[[77.83542,30.09762],[77.83542,30.08958]]},"properties":{"MAIN_RIV":41067217,"LENGTH_KM":9,"ORD_STRA":1}},
{"type":"Feature","geometry":{"type":"MultiLineString","coordinates":[[[77.93333,30.21458],[77.93234,30.21458]],[[77.92041,30.21207],[77.91458,30.19207]],[[77.91458,30.19106],[77.91186,30.18686]],[[77.90615,30.17699],[77.88017,30.14684]],[[77.87708,30.14132],[77.87691,30.13941]],[[77.85277,30.10693],[77.83542,30.08958]]]},"properties":{"MAIN_RIV":41067217,"LENGTH_KM":18.03,"ORD_STRA":1}},
{"type":"Feature","geometry":{"type":"LineString","coordinates":[[78.12708,30.10208],[78.13958,30.08958]]},"properties":{"MAIN_RIV":41067217,"LENGTH_KM":1.84,"ORD_STRA":4}},
{"type":"Feature","geometry":{"type":"LineString","coordinates":[[79.03958,30.0875],[79.04375,30.09792]]},"properties":{"MAIN_RIV":41067217,"LENGTH_KM":1.31,"ORD_STRA":1}},
{"type":"Feature","geometry":{"type":"LineString","coordinates":[[79.46042,30.08958],[79.43542,30.09792]]},"properties":{"MAIN_RIV":41067217,"LENGTH_KM":2.83,"ORD_STRA":4}},
{"type":"Feature","geometry":{"type":"LineString","coordinates":[[79.60417,30.12917],[79.61042,30.12292],[79.60208,30.10208],[79.61042,30.08958]]},"properties":{"MAIN_RIV":41067217,"LENGTH_KM":5.22,"ORD_STRA":1}},
{"type":"Feature","geometry":{"type":"LineString","coordinates":[[79.66042,30.09792],[79.62292,30.09792],[79.61042,30.08958]]},"properties":{"MAIN_RIV":41067217,"LENGTH_KM":5.66,"ORD_STRA":3}},
{"type":"Feature","geometry":{"type":"LineString","coordinates":[[79.88958,30.09375],[79.86875,30.08958],[79.85208,30.09792]]},"properties":{"MAIN_RIV":41067217,"LENGTH_KM":4.24,"ORD_STRA":4}},
{"type":"Feature","geometry":{"type":"LineString","coordinates":[[79.98542,30.09375],[79.98542,30.08958]]},"properties":{"MAIN_RIV":41067217,"LENGTH_KM":0.46,"ORD_STRA":2}},
{"type":"Feature","geometry":{"type":"LineString","coordinates":[[80.00833,30.08958],[79.98542,30.08958]]},"properties":{"MAIN_RIV":41067217,"LENGTH_KM":2.63,"ORD_STRA":1}},
{"type":"Feature","geometry":{"type":"LineString","coordinates":[[80.14792,30.09583],[80.14792,30.08958]]},"properties":{"MAIN_RIV":41067217,"LENGTH_KM":0.69,"ORD_STRA":1}},
{"type":"Feature","geometry":{"type":"LineString","coordinates":[[80.15208,30.10417],[80.14792,30.08958]]},"properties":{"MAIN_RIV":41067217,"LENGTH_KM":1.77,"ORD_STRA":1}},
{"type":"Feature","geometry":{"type":"LineString","coordinates":[[80.20208,30.0875],[80.20208,30.09375]]},"properties":{"MAIN_RIV":41067217,"LENGTH_KM":0.69,"ORD_STRA":1}},
{"type":"Feature","geometry":{"type":"LineString","coordinates":[[77.93542,30.11458],[77.92292,30.08542]]},"properties":{"MAIN_RIV":41067217,"LENGTH_KM":3.69,"ORD_STRA":2}},
{"type":"Feature","geometry":{"type":"LineString","coordinates":[[78.88125,30.09375],[78.88125,30.08542]]},"properties":{"MAIN_RIV":41067217,"LENGTH_KM":0.93,"ORD_STRA":3}},
{"type":"Feature","geometry":{"type":"LineString","coordinates":[[80.08542,30.09792],[80.08125,30.08542]]},"properties":{"MAIN_RIV":41067217,"LENGTH_KM":1.54,"ORD_STRA":3}},
{"type":"Feature","geometry":{"type":"LineString","coordinates":[[80.32292,30.10208],[80.31875,30.08542]]},"properties":{"MAIN_RIV":41067217,"LENGTH_KM":2,"ORD_STRA":3}},
{"type":"Feature","geometry":{"type":"LineString","coordinates":[[80.32917,30.08333],[80.31875,30.08542]]},"properties":{"MAIN_RIV":41067217,"LENGTH_KM":1.53,"ORD_STRA":1}},
{"type":"Feature","geometry":{"type":"LineString","coordinates":[[77.99167,30.10417],[77.96042,30.08958],[77.92292,30.08542]]},"properties":{"MAIN_RIV":41067217,"LENGTH_KM":8.41,"ORD_STRA":1}},
{"type":"Feature","geometry":{"type":"LineString","coordinates":[[78.85833,30.08542],[78.88125,30.08542]]},"properties":{"MAIN_RIV":41067217,"LENGTH_KM":2.63,"ORD_STRA":1}},
{"type":"Feature","geometry":{"type":"LineString","coordinates":[[79.1125,30.08958],[79.07708,30.08125],[79.06458,30.10208],[79.04792,30.10208]]},"properties":{"MAIN_RIV":41067217,"LENGTH_KM":8.2,"ORD_STRA":1}},
{"type":"Feature","geometry":{"type":"LineString","coordinates":[[79.36667,30.07917],[79.40625,30.10625],[79.41042,30.11875]]},"properties":{"MAIN_RIV":41067217,"LENGTH_KM":6.72,"ORD_STRA":1}},
{"type":"Feature","geometry":{"type":"LineString","coordinates":[[80.04583,30.0875],[80.05208,30.08125],[80.08125,30.08542]]},"properties":{"MAIN_RIV":41067217,"LENGTH_KM":3.94,"ORD_STRA":1}},
{"type":"Feature","geometry":{"type":"LineString","coordinates":[[80.43958,30.13542],[80.38542,30.08125]]},"properties":{"MAIN_RIV":41067217,"LENGTH_KM":8.47,"ORD_STRA":2}},
{"type":"Feature","geometry":{"type":"LineString","coordinates":[[80.47292,30.0875],[80.47292,30.08125]]},"properties":{"MAIN_RIV":41067217,"LENGTH_KM":0.69,"ORD_STRA":1}},
{"type":"Feature","geometry":{"type":"LineString","coordinates":[[80.48125,30.1],[80.47292,30.08125]]},"properties":{"MAIN_RIV":41067217,"LENGTH_KM":2.38,"ORD_STRA":1}},
{"type":"Feature","geometry":{"type":"LineString","coordinates":[[80.50833,30.08125],[80.51875,30.08125]]},"properties":{"MAIN_RIV":41067217,"LENGTH_KM":1,"ORD_STRA":1}},
{"type":"Feature","geometry":{"type":"LineString","coordinates":[[80.5125,30.0875],[80.51875,30.08125]]},"properties":{"MAIN_RIV":41067217,"LENGTH_KM":0.92,"ORD_STRA":1}},
{"type":"Feature","geometry":{"type":"LineString","coordinates":[[78.22292,30.12292],[78.22708,30.07708]]},"properties":{"MAIN_RIV":41067217,"LENGTH_KM":5.54,"ORD_STRA":2}},
{"type":"Feature","geometry":{"type":"LineString","coordinates":[[78.27917,30.08125],[78.28958,30.07708]]},"properties":{"MAIN_RIV":41067217,"LENGTH_KM":1.21,"ORD_STRA":1}},
{"type":"Feature","geometry":{"type":"LineString","coordinates":[[78.30625,30.10625],[78.28958,30.09792],[78.28958,30.07708]]},"properties":{"MAIN_RIV":41067217,"LENGTH_KM":4.64,"ORD_STRA":6}},
{"type":"Feature","geometry":{"type":"LineString","coordinates":[[78.36667,30.08333],[78.37292,30.07708]]},"properties":{"MAIN_RIV":41067217,"LENGTH_KM":0.92,"ORD_STRA":1}},
{"type":"Feature","geometry":{"type":"LineString","coordinates":[[78.37292,30.07708],[78.38542,30.08542],[78.37708,30.11875]]},"properties":{"MAIN_RIV":41067217,"LENGTH_KM":5.63,"ORD_STRA":3}},
{"type":"Feature","geometry":{"type":"LineString","coordinates":[[79.42083,30.07708],[79.42708,30.07708]]},"properties":{"MAIN_RIV":41067217,"LENGTH_KM":0.6,"ORD_STRA":1}},
{"type":"Feature","geometry":{"type":"LineString","coordinates":[[79.42708,30.07708],[79.43542,30.09792]]},"properties":{"MAIN_RIV":41067217,"LENGTH_KM":2.62,"ORD_STRA":2}},
{"type":"Feature","geometry":{"type":"LineString","coordinates":[[79.49792,30.07708],[79.48125,30.08958],[79.46042,30.08958]]},"properties":{"MAIN_RIV":41067217,"LENGTH_KM":4.67,"ORD_STRA":4}},
{"type":"Feature","geometry":{"type":"LineString","coordinates":[[79.51875,30.12292],[79.50625,30.10625],[79.51042,30.08958],[79.49792,30.07708]]},"properties":{"MAIN_RIV":41067217,"LENGTH_KM":6.39,"ORD_STRA":2}},
{"type":"Feature","geometry":{"type":"LineString","coordinates":[[79.80625,30.09792],[79.81458,30.07708]]},"properties":{"MAIN_RIV":41067217,"LENGTH_KM":2.62,"ORD_STRA":2}},
{"type":"Feature","geometry":{"type":"LineString","coordinates":[[79.85208,30.09792],[79.81458,30.07708]]},"properties":{"MAIN_RIV":41067217,"LENGTH_KM":4.67,"ORD_STRA":4}},
{"type":"Feature","geometry":{"type":"LineString","coordinates":[[80.2375,30.07708],[80.26042,30.09792]]},"properties":{"MAIN_RIV":41067217,"LENGTH_KM":3.52,"ORD_STRA":1}},
{"type":"Feature","geometry":{"type":"LineString","coordinates":[[80.26042,30.09792],[80.28125,30.07708]]},"properties":{"MAIN_RIV":41067217,"LENGTH_KM":3.06,"ORD_STRA":4}},
{"type":"Feature","geometry":{"type":"LineString","coordinates":[[80.39583,30.075],[80.38542,30.08125]]},"properties":{"MAIN_RIV":41067217,"LENGTH_KM":1.32,"ORD_STRA":1}},
{"type":"Feature","geometry":{"type":"LineString","coordinates":[[80.61875,30.10208],[80.62292,30.07708]]},"properties":{"MAIN_RIV":41067217,"LENGTH_KM":2.93,"ORD_STRA":4}},
{"type":"Feature","geometry":{"type":"LineString","coordinates":[[80.7,30.11042],[80.62292,30.07708]]},"properties":{"MAIN_RIV":41067217,"LENGTH_KM":9.11,"ORD_STRA":1}},
{"type":"Feature","geometry":{"type":"LineString","coordinates":[[77.83542,30.08958],[77.81458,30.08125],[77.81458,30.07292]]},"properties":{"MAIN_RIV":41067217,"LENGTH_KM":3.35,"ORD_STRA":2}},
{"type":"Feature","geometry":{"type":"LineString","coordinates":[[77.90208,30.12708],[77.87292,30.08958],[77.83958,30.07292],[77.81458,30.07292]]},"properties":{"MAIN_RIV":41067217,"LENGTH_KM":12.52,"ORD_STRA":2}},
{"type":"Feature","geometry":{"type":"LineString","coordinates":[[78.1125,30.07083],[78.13958,30.08958]]},"properties":{"MAIN_RIV":41067217,"LENGTH_KM":3.81,"ORD_STRA":1}},
{"type":"Feature","geometry":{"type":"LineString","coordinates":[[78.13958,30.08958],[78.17292,30.07292]]},"properties":{"MAIN_RIV":41067217,"LENGTH_KM":4.05,"ORD_STRA":4}},
{"type":"Feature","geometry":{"type":"LineString","coordinates":[[78.16042,30.11458],[78.17292,30.07292]]},"properties":{"MAIN_RIV":41067217,"LENGTH_KM":5.08,"ORD_STRA":3}},
{"type":"Feature","geometry":{"type":"LineString","coordinates":[[78.20417,30.10833],[78.21458,30.08125],[78.22708,30.07708]]},"properties":{"MAIN_RIV":41067217,"LENGTH_KM":5.22,"ORD_STRA":1}},
{"type":"Feature","geometry":{"type":"LineString","coordinates":[[78.48958,30.10833],[78.48542,30.08542],[78.49375,30.07292]]},"properties":{"MAIN_RIV":41067217,"LENGTH_KM":4.39,"ORD_STRA":1}},
{"type":"Feature","geometry":{"type":"LineString","coordinates":[[78.50625,30.11667],[78.51875,30.08542],[78.50625,30.07292],[78.49375,30.07292]]},"properties":{"MAIN_RIV":41067217,"LENGTH_KM":7.39,"ORD_STRA":1}},
{"type":"Feature","geometry":{"type":"LineString","coordinates":[[78.99583,30.07292],[78.95625,30.07708],[78.92708,30.11875]]},"properties":{"MAIN_RIV":41067217,"LENGTH_KM":10.12,"ORD_STRA":1}},
{"type":"Feature","geometry":{"type":"LineString","coordinates":[[79.57708,30.09583],[79.59375,30.07292]]},"properties":{"MAIN_RIV":41067217,"LENGTH_KM":3.4,"ORD_STRA":1}},
{"type":"Feature","geometry":{"type":"LineString","coordinates":[[79.61042,30.08958],[79.60208,30.08958],[79.59375,30.07292]]},"properties":{"MAIN_RIV":41067217,"LENGTH_KM":2.95,"ORD_STRA":3}},
{"type":"Feature","geometry":{"type":"LineString","coordinates":[[80.31875,30.08542],[80.31458,30.07292]]},"properties":{"MAIN_RIV":41067217,"LENGTH_KM":1.54,"ORD_STRA":3}},
{"type":"Feature","geometry":{"type":"LineString","coordinates":[[80.32083,30.07292],[80.31458,30.07292]]},"properties":{"MAIN_RIV":41067217,"LENGTH_KM":0.6,"ORD_STRA":1}},
{"type":"Feature","geometry":{"type":"LineString","coordinates":[[78.17292,30.07292],[78.19375,30.06875]]},"properties":{"MAIN_RIV":41067217,"LENGTH_KM":2.22,"ORD_STRA":4}},
{"type":"Feature","geometry":{"type":"LineString","coordinates":[[78.18542,30.09167],[78.19375,30.06875]]},"properties":{"MAIN_RIV":41067217,"LENGTH_KM":2.85,"ORD_STRA":1}},
{"type":"Feature","geometry":{"type":"LineString","coordinates":[[78.22708,30.07708],[78.23542,30.06875]]},"properties":{"MAIN_RIV":41067217,"LENGTH_KM":1.23,"ORD_STRA":2}},
{"type":"Feature","geometry":{"type":"LineString","coordinates":[[78.23958,30.17083],[78.23542,30.12292],[78.24375,30.08125],[78.23542,30.06875]]},"properties":{"MAIN_RIV":41067217,"LENGTH_KM":12.1,"ORD_STRA":1}},
{"type":"Feature","geometry":{"type":"LineString","coordinates":[[78.37708,30.06875],[78.37292,30.07708]]},"properties":{"MAIN_RIV":41067217,"LENGTH_KM":1.08,"ORD_STRA":3}},
{"type":"Feature","geometry":{"type":"LineString","coordinates":[[78.49375,30.07292],[78.49375,30.06875]]},"properties":{"MAIN_RIV":41067217,"LENGTH_KM":0.46,"ORD_STRA":2}},
{"type":"Feature","geometry":{"type":"LineString","coordinates":[[78.58125,30.10208],[78.59375,30.08542],[78.58542,30.07708],[78.59792,30.06875]]},"properties":{"MAIN_RIV":41067217,"LENGTH_KM":5.15,"ORD_STRA":6}},
{"type":"Feature","geometry":{"type":"LineString","coordinates":[[78.60208,30.06875],[78.59792,30.06875]]},"properties":{"MAIN_RIV":41067217,"LENGTH_KM":0.4,"ORD_STRA":2}},
{"type":"Feature","geometry":{"type":"LineString","coordinates":[[78.625,30.06875],[78.60208,30.06875]]},"properties":{"MAIN_RIV":41067217,"LENGTH_KM":2.21,"ORD_STRA":1}},
{"type":"Feature","geometry":{"type":"LineString","coordinates":[[78.88125,30.08542],[78.87708,30.06875]]},"properties":{"MAIN_RIV":41067217,"LENGTH_KM":2,"ORD_STRA":3}},
{"type":"Feature","geometry":{"type":"LineString","coordinates":[[79.225,30.07917],[79.23542,30.08542],[79.27708,30.06875]]},"properties":{"MAIN_RIV":41067217,"LENGTH_KM":6.18,"ORD_STRA":1}},
{"type":"Feature","geometry":{"type":"LineString","coordinates":[[79.27708,30.075],[79.27708,30.06875]]},"properties":{"MAIN_RIV":41067217,"LENGTH_KM":0.69,"ORD_STRA":1}},
{"type":"Feature","geometry":{"type":"LineString","coordinates":[[79.42708,30.06667],[79.42708,30.07708]]},"properties":{"MAIN_RIV":41067217,"LENGTH_KM":1.16,"ORD_STRA":1}},
{"type":"Feature","geometry":{"type":"LineString","coordinates":[[80.08125,30.08542],[80.08542,30.06875]]},"properties":{"MAIN_RIV":41067217,"LENGTH_KM":2,"ORD_STRA":3}},
{"type":"Feature","geometry":{"type":"LineString","coordinates":[[80.09583,30.075],[80.08542,30.06875]]},"properties":{"MAIN_RIV":41067217,"LENGTH_KM":1.32,"ORD_STRA":1}},
{"type":"Feature","geometry":{"type":"LineString","coordinates":[[80.38542,30.08125],[80.37292,30.06875]]},"properties":{"MAIN_RIV":41067217,"LENGTH_KM":1.84,"ORD_STRA":2}},
{"type":"Feature","geometry":{"type":"LineString","coordinates":[[80.37917,30.06875],[80.37292,30.06875]]},"properties":{"MAIN_RIV":41067217,"LENGTH_KM":0.6,"ORD_STRA":1}},
{"type":"Feature","geometry":{"type":"LineString","coordinates":[[80.56458,30.09375],[80.56458,30.06875]]},"properties":{"MAIN_RIV":41067217,"LENGTH_KM":2.78,"ORD_STRA":2}},
{"type":"Feature","geometry":{"type":"LineString","coordinates":[[80.56458,30.06875],[80.56875,30.06875]]},"properties":{"MAIN_RIV":41067217,"LENGTH_KM":0.4,"ORD_STRA":3}},
{"type":"Feature","geometry":{"type":"LineString","coordinates":[[80.57292,30.10208],[80.56875,30.06875]]},"properties":{"MAIN_RIV":41067217,"LENGTH_KM":3.86,"ORD_STRA":1}},
{"type":"Feature","geometry":{"type":"LineString","coordinates":[[80.62292,30.07708],[80.61875,30.06875]]},"properties":{"MAIN_RIV":41067217,"LENGTH_KM":1.08,"ORD_STRA":4}},
{"type":"Feature","geometry":{"type":"LineString","coordinates":[[77.90833,30.1],[77.89792,30.07708],[77.91042,30.06458]]},"properties":{"MAIN_RIV":41067217,"LENGTH_KM":4.76,"ORD_STRA":1}},
{"type":"Feature","geometry":{"type":"LineString","coordinates":[[77.92292,30.08542],[77.91042,30.06458]]},"properties":{"MAIN_RIV":41067217,"LENGTH_KM":2.77,"ORD_STRA":2}},
{"type":"Feature","geometry":{"type":"LineString","coordinates":[[78.37083,30.06458],[78.37708,30.06875]]},"properties":{"MAIN_RIV":41067217,"LENGTH_KM":1.06,"ORD_STRA":1}},
{"type":"Feature","geometry":{"type":"LineString","coordinates":[[78.59792,30.06875],[78.59375,30.06458]]},"properties":{"MAIN_RIV":41067217,"LENGTH_KM":0.61,"ORD_STRA":6}},
{"type":"Feature","geometry":{"type":"LineString","coordinates":[[78.8,30.09583],[78.78125,30.07708],[78.78125,30.06458]]},"properties":{"MAIN_RIV":41067217,"LENGTH_KM":4.15,"ORD_STRA":1}},
{"type":"Feature","geometry":{"type":"LineString","coordinates":[[78.79583,30.075],[78.78125,30.06458]]},"properties":{"MAIN_RIV":41067217,"LENGTH_KM":1.93,"ORD_STRA":1}},
{"type":"Feature","geometry":{"type":"LineString","coordinates":[[78.87708,30.06875],[78.86458,30.06458]]},"properties":{"MAIN_RIV":41067217,"LENGTH_KM":1.42,"ORD_STRA":3}},
{"type":"Feature","geometry":{"type":"LineString","coordinates":[[78.89167,30.0625],[78.87708,30.06875]]},"properties":{"MAIN_RIV":41067217,"LENGTH_KM":1.72,"ORD_STRA":1}},
{"type":"Feature","geometry":{"type":"LineString","coordinates":[[79.45208,30.0625],[79.46042,30.08958]]},"properties":{"MAIN_RIV":41067217,"LENGTH_KM":3.31,"ORD_STRA":1}},
{"type":"Feature","geometry":{"type":"LineString","coordinates":[[79.51042,30.06458],[79.49792,30.07708]]},"properties":{"MAIN_RIV":41067217,"LENGTH_KM":1.84,"ORD_STRA":4}},
{"type":"Feature","geometry":{"type":"LineString","coordinates":[[79.98542,30.08958],[79.98125,30.06458]]},"properties":{"MAIN_RIV":41067217,"LENGTH_KM":2.93,"ORD_STRA":2}},
{"type":"Feature","geometry":{"type":"LineString","coordinates":[[80.00833,30.06458],[79.98125,30.06458]]},"properties":{"MAIN_RIV":41067217,"LENGTH_KM":2.61,"ORD_STRA":1}},
{"type":"Feature","geometry":{"type":"LineString","coordinates":[[80.51875,30.08125],[80.52708,30.06458]]},"properties":{"MAIN_RIV":41067217,"LENGTH_KM":2.15,"ORD_STRA":2}},
{"type":"Feature","geometry":{"type":"LineString","coordinates":[[80.56875,30.06875],[80.58125,30.06458]]},"properties":{"MAIN_RIV":41067217,"LENGTH_KM":1.42,"ORD_STRA":3}},
{"type":"Feature","geometry":{"type":"LineString","coordinates":[[80.58125,30.07083],[80.58125,30.06458]]},"properties":{"MAIN_RIV":41067217,"LENGTH_KM":0.69,"ORD_STRA":1}},
{"type":"Feature","geometry":{"type":"LineString","coordinates":[[80.61875,30.06875],[80.61458,30.06458]]},"properties":{"MAIN_RIV":41067217,"LENGTH_KM":0.61,"ORD_STRA":4}},
{"type":"Feature","geometry":{"type":"LineString","coordinates":[[80.61875,30.06458],[80.61458,30.06458]]},"properties":{"MAIN_RIV":41067217,"LENGTH_KM":0.4,"ORD_STRA":2}},
{"type":"Feature","geometry":{"type":"LineString","coordinates":[[80.64167,30.06458],[80.61875,30.06875]]},"properties":{"MAIN_RIV":41067217,"LENGTH_KM":2.42,"ORD_STRA":1}},
{"type":"Feature","geometry":{"type":"LineString","coordinates":[[78.39792,30.06042],[78.37708,30.06875]]},"properties":{"MAIN_RIV":41067217,"LENGTH_KM":2.43,"ORD_STRA":3}},
{"type":"Feature","geometry":{"type":"LineString","coordinates":[[78.49375,30.06875],[78.48125,30.06042],[78.43958,30.07708],[78.43542,30.11458]]},"properties":{"MAIN_RIV":41067217,"LENGTH_KM":11.1,"ORD_STRA":6}},
{"type":"Feature","geometry":{"type":"LineString","coordinates":[[78.625,30.06042],[78.60208,30.06875]]},"properties":{"MAIN_RIV":41067217,"LENGTH_KM":2.63,"ORD_STRA":1}},
{"type":"Feature","geometry":{"type":"LineString","coordinates":[[78.7625,30.09583],[78.78125,30.06042]]},"properties":{"MAIN_RIV":41067217,"LENGTH_KM":5.16,"ORD_STRA":1}},
{"type":"Feature","geometry":{"type":"LineString","coordinates":[[78.78125,30.06458],[78.78125,30.06042]]},"properties":{"MAIN_RIV":41067217,"LENGTH_KM":0.46,"ORD_STRA":2}},
{"type":"Feature","geometry":{"type":"LineString","coordinates":[[79.51458,30.06042],[79.51042,30.06458]]},"properties":{"MAIN_RIV":41067217,"LENGTH_KM":0.61,"ORD_STRA":4}},
{"type":"Feature","geometry":{"type":"LineString","coordinates":[[79.52708,30.08333],[79.52708,30.06875],[79.51458,30.06042]]},"properties":{"MAIN_RIV":41067217,"LENGTH_KM":3.25,"ORD_STRA":1}},
{"type":"Feature","geometry":{"type":"LineString","coordinates":[[79.97083,30.07083],[79.97708,30.06042]]},"properties":{"MAIN_RIV":41067217,"LENGTH_KM":1.38,"ORD_STRA":1}},
{"type":"Feature","geometry":{"type":"LineString","coordinates":[[79.98125,30.06458],[79.97708,30.06042]]},"properties":{"MAIN_RIV":41067217,"LENGTH_KM":0.61,"ORD_STRA":2}},
{"type":"Feature","geometry":{"type":"LineString","coordinates":[[80.26042,30.06042],[80.28125,30.07708]]},"properties":{"MAIN_RIV":41067217,"LENGTH_KM":2.85,"ORD_STRA":2}},
{"type":"Feature","geometry":{"type":"LineString","coordinates":[[80.37292,30.06875],[80.36875,30.06042]]},"properties":{"MAIN_RIV":41067217,"LENGTH_KM":1.08,"ORD_STRA":2}},
{"type":"Feature","geometry":{"type":"LineString","coordinates":[[80.49167,30.06042],[80.51042,30.06042]]},"properties":{"MAIN_RIV":41067217,"LENGTH_KM":1.8,"ORD_STRA":1}},
{"type":"Feature","geometry":{"type":"LineString","coordinates":[[80.51042,30.06042],[80.52708,30.06458]]},"properties":{"MAIN_RIV":41067217,"LENGTH_KM":1.82,"ORD_STRA":2}},
{"type":"Feature","geometry":{"type":"LineString","coordinates":[[80.52708,30.06458],[80.53958,30.06875],[80.55208,30.06042]]},"properties":{"MAIN_RIV":41067217,"LENGTH_KM":3.04,"ORD_STRA":3}},
{"type":"Feature","geometry":{"type":"LineString","coordinates":[[80.55208,30.06042],[80.56458,30.06875]]},"properties":{"MAIN_RIV":41067217,"LENGTH_KM":1.63,"ORD_STRA":3}},
{"type":"Feature","geometry":{"type":"LineString","coordinates":[[80.58125,30.06458],[80.58958,30.06042]]},"properties":{"MAIN_RIV":41067217,"LENGTH_KM":1.01,"ORD_STRA":3}},
{"type":"Feature","geometry":{"type":"LineString","coordinates":[[80.61458,30.06458],[80.58958,30.06042]]},"properties":{"MAIN_RIV":41067217,"LENGTH_KM":2.62,"ORD_STRA":4}},
{"type":"Feature","geometry":{"type":"LineString","coordinates":[[80.61875,30.05833],[80.61875,30.06458]]},"properties":{"MAIN_RIV":41067217,"LENGTH_KM":0.69,"ORD_STRA":1}},
{"type":"Feature","geometry":{"type":"LineString","coordinates":[[78.39792,30.05417],[78.39792,30.06042]]},"properties":{"MAIN_RIV":41067217,"LENGTH_KM":0.69,"ORD_STRA":1}},
{"type":"Feature","geometry":{"type":"LineString","coordinates":[[78.51042,30.05625],[78.49375,30.06875]]},"properties":{"MAIN_RIV":41067217,"LENGTH_KM":2.24,"ORD_STRA":6}},
{"type":"Feature","geometry":{"type":"LineString","coordinates":[[78.52292,30.06875],[78.51042,30.05625]]},"properties":{"MAIN_RIV":41067217,"LENGTH_KM":2.09,"ORD_STRA":6}},
{"type":"Feature","geometry":{"type":"LineString","coordinates":[[78.58542,30.05625],[78.53542,30.07708],[78.52292,30.06875]]},"properties":{"MAIN_RIV":41067217,"LENGTH_KM":7.75,"ORD_STRA":6}},
{"type":"Feature","geometry":{"type":"LineString","coordinates":[[78.59375,30.06458],[78.58542,30.05625]]},"properties":{"MAIN_RIV":41067217,"LENGTH_KM":1.23,"ORD_STRA":6}},
{"type":"Feature","geometry":{"type":"LineString","coordinates":[[78.74583,30.05625],[78.76458,30.05625]]},"properties":{"MAIN_RIV":41067217,"LENGTH_KM":2.23,"ORD_STRA":1}},
{"type":"Feature","geometry":{"type":"LineString","coordinates":[[78.76042,30.07083],[78.76458,30.05625]]},"properties":{"MAIN_RIV":41067217,"LENGTH_KM":1.77,"ORD_STRA":1}},
{"type":"Feature","geometry":{"type":"LineString","coordinates":[[79.27708,30.06875],[79.28542,30.05625]]},"properties":{"MAIN_RIV":41067217,"LENGTH_KM":1.69,"ORD_STRA":2}},
{"type":"Feature","geometry":{"type":"LineString","coordinates":[[79.3,30.06667],[79.28542,30.05625]]},"properties":{"MAIN_RIV":41067217,"LENGTH_KM":1.93,"ORD_STRA":1}},
{"type":"Feature","geometry":{"type":"LineString","coordinates":[[80.08542,30.06875],[80.08125,30.05625]]},"properties":{"MAIN_RIV":41067217,"LENGTH_KM":1.54,"ORD_STRA":3}},
{"type":"Feature","geometry":{"type":"LineString","coordinates":[[80.24167,30.05625],[80.26042,30.06042]]},"properties":{"MAIN_RIV":41067217,"LENGTH_KM":2.02,"ORD_STRA":1}},
{"type":"Feature","geometry":{"type":"LineString","coordinates":[[80.26042,30.05417],[80.26042,30.06042]]},"properties":{"MAIN_RIV":41067217,"LENGTH_KM":0.69,"ORD_STRA":1}},
{"type":"Feature","geometry":{"type":"LineString","coordinates":[[80.50625,30.05625],[80.51042,30.06042]]},"properties":{"MAIN_RIV":41067217,"LENGTH_KM":0.61,"ORD_STRA":2}},
{"type":"Feature","geometry":{"type":"LineString","coordinates":[[80.62917,30.05417],[80.61875,30.06458]]},"properties":{"MAIN_RIV":41067217,"LENGTH_KM":1.53,"ORD_STRA":1}},
{"type":"Feature","geometry":{"type":"LineString","coordinates":[[78.19375,30.06875],[78.21458,30.05208],[78.22708,30.05208]]},"properties":{"MAIN_RIV":41067217,"LENGTH_KM":4.05,"ORD_STRA":4}},
{"type":"Feature","geometry":{"type":"LineString","coordinates":[[78.23542,30.06875],[78.22708,30.05208]]},"properties":{"MAIN_RIV":41067217,"LENGTH_KM":2.15,"ORD_STRA":2}},
{"type":"Feature","geometry":{"type":"LineString","coordinates":[[78.52083,30.05],[78.51042,30.05625]]},"properties":{"MAIN_RIV":41067217,"LENGTH_KM":1.32,"ORD_STRA":1}},
{"type":"Feature","geometry":{"type":"LineString","coordinates":[[78.5375,30.05],[78.52292,30.06875]]},"properties":{"MAIN_RIV":41067217,"LENGTH_KM":2.61,"ORD_STRA":1}},
{"type":"Feature","geometry":{"type":"LineString","coordinates":[[78.84792,30.05833],[78.84792,30.05208]]},"properties":{"MAIN_RIV":41067217,"LENGTH_KM":0.69,"ORD_STRA":1}},
{"type":"Feature","geometry":{"type":"LineString","coordinates":[[78.86458,30.06458],[78.84792,30.05208]]},"properties":{"MAIN_RIV":41067217,"LENGTH_KM":2.24,"ORD_STRA":3}},
{"type":"Feature","geometry":{"type":"LineString","coordinates":[[79.59375,30.07292],[79.58542,30.05208]]},"properties":{"MAIN_RIV":41067217,"LENGTH_KM":2.62,"ORD_STRA":3}},
{"type":"Feature","geometry":{"type":"LineString","coordinates":[[79.97708,30.06042],[79.97292,30.05208]]},"properties":{"MAIN_RIV":41067217,"LENGTH_KM":1.08,"ORD_STRA":2}},
{"type":"Feature","geometry":{"type":"LineString","coordinates":[[80.0625,30.05625],[80.07708,30.05208]]},"properties":{"MAIN_RIV":41067217,"LENGTH_KM":1.61,"ORD_STRA":1}},
{"type":"Feature","geometry":{"type":"LineString","coordinates":[[80.08125,30.05625],[80.07708,30.05208]]},"properties":{"MAIN_RIV":41067217,"LENGTH_KM":0.61,"ORD_STRA":3}},
{"type":"Feature","geometry":{"type":"LineString","coordinates":[[80.09583,30.05208],[80.08125,30.05625]]},"properties":{"MAIN_RIV":41067217,"LENGTH_KM":1.61,"ORD_STRA":1}},
{"type":"Feature","geometry":{"type":"LineString","coordinates":[[80.28125,30.07708],[80.28958,30.05208]]},"properties":{"MAIN_RIV":41067217,"LENGTH_KM":3.08,"ORD_STRA":4}},
{"type":"Feature","geometry":{"type":"LineString","coordinates":[[80.39167,30.05208],[80.36875,30.06042]]},"properties":{"MAIN_RIV":41067217,"LENGTH_KM":2.63,"ORD_STRA":1}},
{"type":"Feature","geometry":{"type":"LineString","coordinates":[[80.49583,30.05208],[80.50625,30.05625]]},"properties":{"MAIN_RIV":41067217,"LENGTH_KM":1.21,"ORD_STRA":1}},
{"type":"Feature","geometry":{"type":"LineString","coordinates":[[80.50625,30.05],[80.50625,30.05625]]},"properties":{"MAIN_RIV":41067217,"LENGTH_KM":0.69,"ORD_STRA":1}},
{"type":"Feature","geometry":{"type":"LineString","coordinates":[[80.54167,30.05],[80.55208,30.06042]]},"properties":{"MAIN_RIV":41067217,"LENGTH_KM":1.53,"ORD_STRA":1}},
{"type":"Feature","geometry":{"type":"LineString","coordinates":[[80.69792,30.075],[80.69375,30.05208]]},"properties":{"MAIN_RIV":41067217,"LENGTH_KM":2.7,"ORD_STRA":1}},
{"type":"Feature","geometry":{"type":"LineString","coordinates":[[80.70417,30.0625],[80.69375,30.05208]]},"properties":{"MAIN_RIV":41067217,"LENGTH_KM":1.53,"ORD_STRA":1}},
{"type":"Feature","geometry":{"type":"LineString","coordinates":[[80.72917,30.14167],[80.76042,30.10625],[80.77292,30.05425]]},"properties":{"MAIN_RIV":41067217,"LENGTH_KM":11.53,"ORD_STRA":1}},
{"type":"Feature","geometry":{"type":"LineString","coordinates":[[80.78527,30.06443],[80.77503,30.0542]]},"properties":{"MAIN_RIV":41067217,"LENGTH_KM":6.13,"ORD_STRA":5}},
{"type":"Feature","geometry":{"type":"LineString","coordinates":[[77.80625,30.09337],[77.78958,30.06458],[77.79792,30.04792]]},"properties":{"MAIN_RIV":41067217,"LENGTH_KM":8.77,"ORD_STRA":3}},
{"type":"Feature","geometry":{"type":"LineString","coordinates":[[77.81458,30.07292],[77.79792,30.04792]]},"properties":{"MAIN_RIV":41067217,"LENGTH_KM":3.63,"ORD_STRA":3}},
{"type":"Feature","geometry":{"type":"LineString","coordinates":[[78.28958,30.07708],[78.27292,30.04792]]},"properties":{"MAIN_RIV":41067217,"LENGTH_KM":3.84,"ORD_STRA":6}},
{"type":"Feature","geometry":{"type":"LineString","coordinates":[[79.16667,30.08333],[79.14375,30.06875],[79.13958,30.04792]]},"properties":{"MAIN_RIV":41067217,"LENGTH_KM":5.41,"ORD_STRA":1}},
{"type":"Feature","geometry":{"type":"LineString","coordinates":[[79.28542,30.05625],[79.28542,30.04792]]},"properties":{"MAIN_RIV":41067217,"LENGTH_KM":0.93,"ORD_STRA":2}},
{"type":"Feature","geometry":{"type":"LineString","coordinates":[[79.30417,30.04792],[79.28542,30.04792]]},"properties":{"MAIN_RIV":41067217,"LENGTH_KM":1.8,"ORD_STRA":1}},
{"type":"Feature","geometry":{"type":"LineString","coordinates":[[79.50208,30.04583],[79.51042,30.06458]]},"properties":{"MAIN_RIV":41067217,"LENGTH_KM":2.38,"ORD_STRA":1}},
{"type":"Feature","geometry":{"type":"LineString","coordinates":[[79.53542,30.04792],[79.51458,30.06042]]},"properties":{"MAIN_RIV":41067217,"LENGTH_KM":2.64,"ORD_STRA":4}},
{"type":"Feature","geometry":{"type":"LineString","coordinates":[[79.75417,30.1],[79.77708,30.06875],[79.77292,30.04792]]},"properties":{"MAIN_RIV":41067217,"LENGTH_KM":6.76,"ORD_STRA":1}},
{"type":"Feature","geometry":{"type":"LineString","coordinates":[[79.77708,30.04792],[79.77292,30.04792]]},"properties":{"MAIN_RIV":41067217,"LENGTH_KM":0.4,"ORD_STRA":4}},
{"type":"Feature","geometry":{"type":"LineString","coordinates":[[79.81458,30.07708],[79.77708,30.04792]]},"properties":{"MAIN_RIV":41067217,"LENGTH_KM":5.34,"ORD_STRA":4}},
{"type":"Feature","geometry":{"type":"LineString","coordinates":[[79.99167,30.04792],[79.97292,30.05208]]},"properties":{"MAIN_RIV":41067217,"LENGTH_KM":2.02,"ORD_STRA":1}},
{"type":"Feature","geometry":{"type":"LineString","coordinates":[[80.68333,30.04792],[80.69375,30.04792]]},"properties":{"MAIN_RIV":41067217,"LENGTH_KM":1,"ORD_STRA":1}},
{"type":"Feature","geometry":{"type":"LineString","coordinates":[[80.69375,30.05208],[80.69375,30.04792]]},"properties":{"MAIN_RIV":41067217,"LENGTH_KM":0.46,"ORD_STRA":2}},
{"type":"Feature","geometry":{"type":"LineString","coordinates":[[78.00833,30.08542],[77.96875,30.05625],[77.97292,30.04375]]},"properties":{"MAIN_RIV":41067217,"LENGTH_KM":6.83,"ORD_STRA":1}},
{"type":"Feature","geometry":{"type":"LineString","coordinates":[[77.9875,30.05833],[77.97292,30.04375]]},"properties":{"MAIN_RIV":41067217,"LENGTH_KM":2.15,"ORD_STRA":1}},
{"type":"Feature","geometry":{"type":"LineString","coordinates":[[78.29583,30.04167],[78.27292,30.04792]]},"properties":{"MAIN_RIV":41067217,"LENGTH_KM":2.95,"ORD_STRA":1}},
{"type":"Feature","geometry":{"type":"LineString","coordinates":[[79.1625,30.05],[79.15625,30.04375],[79.13958,30.04792]]},"properties":{"MAIN_RIV":41067217,"LENGTH_KM":2.73,"ORD_STRA":1}},
{"type":"Feature","geometry":{"type":"LineString","coordinates":[[79.9375,30.05833],[79.96042,30.04375]]},"properties":{"MAIN_RIV":41067217,"LENGTH_KM":2.95,"ORD_STRA":1}},
{"type":"Feature","geometry":{"type":"LineString","coordinates":[[79.97292,30.05208],[79.96042,30.04375]]},"properties":{"MAIN_RIV":41067217,"LENGTH_KM":1.63,"ORD_STRA":2}},
{"type":"Feature","geometry":{"type":"LineString","coordinates":[[80.14167,30.04375],[80.15208,30.04375]]},"properties":{"MAIN_RIV":41067217,"LENGTH_KM":1,"ORD_STRA":1}},
{"type":"Feature","geometry":{"type":"LineString","coordinates":[[80.14792,30.08958],[80.15208,30.04375]]},"properties":{"MAIN_RIV":41067217,"LENGTH_KM":5.25,"ORD_STRA":2}},
{"type":"Feature","geometry":{"type":"LineString","coordinates":[[80.28333,30.04167],[80.28958,30.05208]]},"properties":{"MAIN_RIV":41067217,"LENGTH_KM":1.38,"ORD_STRA":1}},
{"type":"Feature","geometry":{"type":"LineString","coordinates":[[80.28958,30.05208],[80.29792,30.04375]]},"properties":{"MAIN_RIV":41067217,"LENGTH_KM":1.23,"ORD_STRA":4}},
{"type":"Feature","geometry":{"type":"LineString","coordinates":[[80.31458,30.07292],[80.29792,30.06042],[80.29792,30.04375]]},"properties":{"MAIN_RIV":41067217,"LENGTH_KM":4.09,"ORD_STRA":3}},
{"type":"Feature","geometry":{"type":"LineString","coordinates":[[78.27292,30.04792],[78.26042,30.03958]]},"properties":{"MAIN_RIV":41067217,"LENGTH_KM":1.63,"ORD_STRA":6}},
{"type":"Feature","geometry":{"type":"LineString","coordinates":[[78.96667,30.0375],[78.90625,30.11458]]},"properties":{"MAIN_RIV":41067217,"LENGTH_KM":10.99,"ORD_STRA":1}},
{"type":"Feature","geometry":{"type":"LineString","coordinates":[[79.13958,30.04792],[79.12292,30.03958]]},"properties":{"MAIN_RIV":41067217,"LENGTH_KM":2.03,"ORD_STRA":2}},
{"type":"Feature","geometry":{"type":"LineString","coordinates":[[79.63125,30.03958],[79.58542,30.05208]]},"properties":{"MAIN_RIV":41067217,"LENGTH_KM":5.05,"ORD_STRA":4}},
{"type":"Feature","geometry":{"type":"LineString","coordinates":[[79.6375,30.03958],[79.63125,30.03958]]},"properties":{"MAIN_RIV":41067217,"LENGTH_KM":0.6,"ORD_STRA":1}},
{"type":"Feature","geometry":{"type":"LineString","coordinates":[[79.78333,30.0375],[79.77708,30.04792]]},"properties":{"MAIN_RIV":41067217,"LENGTH_KM":1.38,"ORD_STRA":1}},
{"type":"Feature","geometry":{"type":"LineString","coordinates":[[80.29792,30.04375],[80.30208,30.03958]]},"properties":{"MAIN_RIV":41067217,"LENGTH_KM":0.61,"ORD_STRA":4}},
{"type":"Feature","geometry":{"type":"LineString","coordinates":[[80.69375,30.04792],[80.69792,30.03958]]},"properties":{"MAIN_RIV":41067217,"LENGTH_KM":1.08,"ORD_STRA":2}},
{"type":"Feature","geometry":{"type":"LineString","coordinates":[[80.70833,30.05],[80.69792,30.03958]]},"properties":{"MAIN_RIV":41067217,"LENGTH_KM":1.53,"ORD_STRA":1}},
{"type":"Feature","geometry":{"type":"LineString","coordinates":[[78.12917,30.04792],[78.16042,30.03542]]},"properties":{"MAIN_RIV":41067217,"LENGTH_KM":3.64,"ORD_STRA":1}},
{"type":"Feature","geometry":{"type":"LineString","coordinates":[[79.13333,30.03333],[79.12292,30.03958]]},"properties":{"MAIN_RIV":41067217,"LENGTH_KM":1.32,"ORD_STRA":1}},
{"type":"Feature","geometry":{"type":"LineString","coordinates":[[79.2125,30.03958],[79.23542,30.03542],[79.26458,30.05625],[79.28542,30.04792]]},"properties":{"MAIN_RIV":41067217,"LENGTH_KM":8.71,"ORD_STRA":1}},
{"type":"Feature","geometry":{"type":"LineString","coordinates":[[79.275,30.03542],[79.28542,30.03542]]},"properties":{"MAIN_RIV":41067217,"LENGTH_KM":1,"ORD_STRA":1}},
{"type":"Feature","geometry":{"type":"LineString","coordinates":[[79.28542,30.04792],[79.28542,30.03542]]},"properties":{"MAIN_RIV":41067217,"LENGTH_KM":1.39,"ORD_STRA":2}},
{"type":"Feature","geometry":{"type":"LineString","coordinates":[[79.525,30.03333],[79.53542,30.04792]]},"properties":{"MAIN_RIV":41067217,"LENGTH_KM":2,"ORD_STRA":1}},
{"type":"Feature","geometry":{"type":"LineString","coordinates":[[80.47292,30.08125],[80.44375,30.03542]]},"properties":{"MAIN_RIV":41067217,"LENGTH_KM":6.14,"ORD_STRA":2}},
{"type":"Feature","geometry":{"type":"LineString","coordinates":[[80.58958,30.06042],[80.58542,30.03542]]},"properties":{"MAIN_RIV":41067217,"LENGTH_KM":2.93,"ORD_STRA":4}},
{"type":"Feature","geometry":{"type":"LineString","coordinates":[[77.91042,30.06458],[77.91042,30.03958],[77.91875,30.03125]]},"properties":{"MAIN_RIV":41067217,"LENGTH_KM":4,"ORD_STRA":2}},
{"type":"Feature","geometry":{"type":"LineString","coordinates":[[77.92292,30.04583],[77.91875,30.03125]]},"properties":{"MAIN_RIV":41067217,"LENGTH_KM":1.77,"ORD_STRA":1}},
{"type":"Feature","geometry":{"type":"LineString","coordinates":[[77.97292,30.04375],[77.97292,30.03125]]},"properties":{"MAIN_RIV":41067217,"LENGTH_KM":1.69,"ORD_STRA":2}},
{"type":"Feature","geometry":{"type":"LineString","coordinates":[[77.99583,30.04583],[77.97292,30.03125]]},"properties":{"MAIN_RIV":41067217,"LENGTH_KM":2.95,"ORD_STRA":1}},
{"type":"Feature","geometry":{"type":"LineString","coordinates":[[78.22708,30.05208],[78.25208,30.03125]]},"properties":{"MAIN_RIV":41067217,"LENGTH_KM":3.46,"ORD_STRA":4}},
{"type":"Feature","geometry":{"type":"LineString","coordinates":[[78.26042,30.03958],[78.25208,30.03125]]},"properties":{"MAIN_RIV":41067217,"LENGTH_KM":1.23,"ORD_STRA":6}},
{"type":"Feature","geometry":{"type":"LineString","coordinates":[[78.84792,30.05208],[78.83542,30.03125]]},"properties":{"MAIN_RIV":41067217,"LENGTH_KM":2.77,"ORD_STRA":3}},
{"type":"Feature","geometry":{"type":"LineString","coordinates":[[79.56042,30.03125],[79.53542,30.04792]]},"properties":{"MAIN_RIV":41067217,"LENGTH_KM":3.25,"ORD_STRA":4}},
{"type":"Feature","geometry":{"type":"LineString","coordinates":[[79.56458,30.03125],[79.56042,30.03125]]},"properties":{"MAIN_RIV":41067217,"LENGTH_KM":0.4,"ORD_STRA":4}},
{"type":"Feature","geometry":{"type":"LineString","coordinates":[[79.58542,30.05208],[79.56458,30.03125]]},"properties":{"MAIN_RIV":41067217,"LENGTH_KM":3.32,"ORD_STRA":4}},
{"type":"Feature","geometry":{"type":"LineString","coordinates":[[79.65208,30.03125],[79.63125,30.03958]]},"properties":{"MAIN_RIV":41067217,"LENGTH_KM":2.43,"ORD_STRA":4}},
{"type":"Feature","geometry":{"type":"LineString","coordinates":[[79.65833,30.0375],[79.65208,30.03125]]},"properties":{"MAIN_RIV":41067217,"LENGTH_KM":0.92,"ORD_STRA":1}},
{"type":"Feature","geometry":{"type":"LineString","coordinates":[[79.8375,30.04167],[79.86458,30.03125]]},"properties":{"MAIN_RIV":41067217,"LENGTH_KM":3.14,"ORD_STRA":1}},
{"type":"Feature","geometry":{"type":"LineString","coordinates":[[79.86042,30.04583],[79.86458,30.03125]]},"properties":{"MAIN_RIV":41067217,"LENGTH_KM":1.77,"ORD_STRA":1}},
{"type":"Feature","geometry":{"type":"LineString","coordinates":[[80.15208,30.04375],[80.15625,30.03125]]},"properties":{"MAIN_RIV":41067217,"LENGTH_KM":1.54,"ORD_STRA":2}},
{"type":"Feature","geometry":{"type":"LineString","coordinates":[[80.17083,30.04583],[80.15625,30.03125]]},"properties":{"MAIN_RIV":41067217,"LENGTH_KM":2.15,"ORD_STRA":1}},
{"type":"Feature","geometry":{"type":"LineString","coordinates":[[80.29167,30.03125],[80.30208,30.03958]]},"properties":{"MAIN_RIV":41067217,"LENGTH_KM":1.68,"ORD_STRA":1}},
{"type":"Feature","geometry":{"type":"LineString","coordinates":[[80.36875,30.06042],[80.35208,30.04792],[80.34792,30.03125]]},"properties":{"MAIN_RIV":41067217,"LENGTH_KM":4.54,"ORD_STRA":2}},
{"type":"Feature","geometry":{"type":"LineString","coordinates":[[80.44792,30.09167],[80.41875,30.05208],[80.41458,30.03125]]},"properties":{"MAIN_RIV":41067217,"LENGTH_KM":7.91,"ORD_STRA":1}},
{"type":"Feature","geometry":{"type":"LineString","coordinates":[[80.44375,30.03542],[80.41458,30.03125]]},"properties":{"MAIN_RIV":41067217,"LENGTH_KM":3.02,"ORD_STRA":2}},
{"type":"Feature","geometry":{"type":"LineString","coordinates":[[80.60417,30.02917],[80.58542,30.03542]]},"properties":{"MAIN_RIV":41067217,"LENGTH_KM":2.12,"ORD_STRA":1}},
{"type":"Feature","geometry":{"type":"LineString","coordinates":[[78.13333,30.02708],[78.16042,30.03542]]},"properties":{"MAIN_RIV":41067217,"LENGTH_KM":3.03,"ORD_STRA":1}},
{"type":"Feature","geometry":{"type":"LineString","coordinates":[[78.43958,30.02708],[78.41875,30.06042],[78.39792,30.06042]]},"properties":{"MAIN_RIV":41067217,"LENGTH_KM":7.18,"ORD_STRA":3}},
{"type":"Feature","geometry":{"type":"LineString","coordinates":[[78.58958,30.025],[78.59375,30.04792],[78.58542,30.05625]]},"properties":{"MAIN_RIV":41067217,"LENGTH_KM":4.17,"ORD_STRA":1}},
{"type":"Feature","geometry":{"type":"LineString","coordinates":[[78.91667,30.025],[78.86458,30.06458]]},"properties":{"MAIN_RIV":41067217,"LENGTH_KM":7.53,"ORD_STRA":1}},
{"type":"Feature","geometry":{"type":"LineString","coordinates":[[79.09792,30.03333],[79.09792,30.02708]]},"properties":{"MAIN_RIV":41067217,"LENGTH_KM":0.69,"ORD_STRA":1}},
{"type":"Feature","geometry":{"type":"LineString","coordinates":[[79.12292,30.03958],[79.09792,30.02708]]},"properties":{"MAIN_RIV":41067217,"LENGTH_KM":3.04,"ORD_STRA":2}},
{"type":"Feature","geometry":{"type":"LineString","coordinates":[[79.56042,30.025],[79.56042,30.03125]]},"properties":{"MAIN_RIV":41067217,"LENGTH_KM":0.69,"ORD_STRA":1}},
{"type":"Feature","geometry":{"type":"LineString","coordinates":[[79.77292,30.04792],[79.74792,30.02708]]},"properties":{"MAIN_RIV":41067217,"LENGTH_KM":3.72,"ORD_STRA":4}},
{"type":"Feature","geometry":{"type":"LineString","coordinates":[[79.75417,30.02708],[79.74792,30.02708]]},"properties":{"MAIN_RIV":41067217,"LENGTH_KM":0.6,"ORD_STRA":1}},
{"type":"Feature","geometry":{"type":"LineString","coordinates":[[79.96042,30.04375],[79.95625,30.02708]]},"properties":{"MAIN_RIV":41067217,"LENGTH_KM":2,"ORD_STRA":2}},
{"type":"Feature","geometry":{"type":"LineString","coordinates":[[80.05625,30.0375],[80.06875,30.02708]]},"properties":{"MAIN_RIV":41067217,"LENGTH_KM":2.11,"ORD_STRA":1}},
{"type":"Feature","geometry":{"type":"LineString","coordinates":[[80.07708,30.05208],[80.06875,30.02708]]},"properties":{"MAIN_RIV":41067217,"LENGTH_KM":3.08,"ORD_STRA":3}},
{"type":"Feature","geometry":{"type":"LineString","coordinates":[[80.41458,30.03125],[80.40625,30.02708]]},"properties":{"MAIN_RIV":41067217,"LENGTH_KM":1.01,"ORD_STRA":2}},
{"type":"Feature","geometry":{"type":"LineString","coordinates":[[80.56667,30.03125],[80.57708,30.02708]]},"properties":{"MAIN_RIV":41067217,"LENGTH_KM":1.21,"ORD_STRA":1}},
{"type":"Feature","geometry":{"type":"LineString","coordinates":[[80.58542,30.03542],[80.57708,30.02708]]},"properties":{"MAIN_RIV":41067217,"LENGTH_KM":1.23,"ORD_STRA":4}},
{"type":"Feature","geometry":{"type":"LineString","coordinates":[[78.85833,30.02292],[78.83958,30.03542],[78.83542,30.03125]]},"properties":{"MAIN_RIV":41067217,"LENGTH_KM":3.05,"ORD_STRA":1}},
{"type":"Feature","geometry":{"type":"LineString","coordinates":[[79.02917,30.02292],[79.04375,30.02292]]},"properties":{"MAIN_RIV":41067217,"LENGTH_KM":1.4,"ORD_STRA":1}},
{"type":"Feature","geometry":{"type":"LineString","coordinates":[[79.05,30.03333],[79.04375,30.02292]]},"properties":{"MAIN_RIV":41067217,"LENGTH_KM":1.38,"ORD_STRA":1}},
{"type":"Feature","geometry":{"type":"LineString","coordinates":[[79.57083,30.02083],[79.56458,30.03125]]},"properties":{"MAIN_RIV":41067217,"LENGTH_KM":1.38,"ORD_STRA":1}},
{"type":"Feature","geometry":{"type":"LineString","coordinates":[[79.67708,30.04167],[79.68125,30.02292]]},"properties":{"MAIN_RIV":41067217,"LENGTH_KM":2.23,"ORD_STRA":1}},
{"type":"Feature","geometry":{"type":"LineString","coordinates":[[79.725,30.06667],[79.72292,30.02292]]},"properties":{"MAIN_RIV":41067217,"LENGTH_KM":5.54,"ORD_STRA":1}},
{"type":"Feature","geometry":{"type":"LineString","coordinates":[[79.74792,30.02708],[79.72292,30.02292]]},"properties":{"MAIN_RIV":41067217,"LENGTH_KM":2.62,"ORD_STRA":4}},
{"type":"Feature","geometry":{"type":"LineString","coordinates":[[79.86458,30.03125],[79.87708,30.02292]]},"properties":{"MAIN_RIV":41067217,"LENGTH_KM":1.63,"ORD_STRA":2}},
{"type":"Feature","geometry":{"type":"LineString","coordinates":[[79.89375,30.05],[79.87708,30.02292]]},"properties":{"MAIN_RIV":41067217,"LENGTH_KM":3.61,"ORD_STRA":1}},
{"type":"Feature","geometry":{"type":"LineString","coordinates":[[79.975,30.02292],[79.95625,30.02708]]},"properties":{"MAIN_RIV":41067217,"LENGTH_KM":2.02,"ORD_STRA":1}},
{"type":"Feature","geometry":{"type":"LineString","coordinates":[[80.15625,30.03125],[80.15625,30.02292]]},"properties":{"MAIN_RIV":41067217,"LENGTH_KM":0.93,"ORD_STRA":2}},
{"type":"Feature","geometry":{"type":"LineString","coordinates":[[80.18333,30.03125],[80.15625,30.02292]]},"properties":{"MAIN_RIV":41067217,"LENGTH_KM":3.03,"ORD_STRA":1}},
{"type":"Feature","geometry":{"type":"LineString","coordinates":[[80.21667,30.02292],[80.22708,30.02292]]},"properties":{"MAIN_RIV":41067217,"LENGTH_KM":1,"ORD_STRA":1}},
{"type":"Feature","geometry":{"type":"LineString","coordinates":[[80.20833,30.04375],[80.23125,30.03542],[80.22708,30.02292]]},"properties":{"MAIN_RIV":41067217,"LENGTH_KM":4.17,"ORD_STRA":1}},
{"type":"Feature","geometry":{"type":"LineString","coordinates":[[80.23333,30.02917],[80.22708,30.02292]]},"properties":{"MAIN_RIV":41067217,"LENGTH_KM":0.92,"ORD_STRA":1}},
{"type":"Feature","geometry":{"type":"LineString","coordinates":[[80.37708,30.02292],[80.34792,30.03125]]},"properties":{"MAIN_RIV":41067217,"LENGTH_KM":3.23,"ORD_STRA":3}},
{"type":"Feature","geometry":{"type":"LineString","coordinates":[[78.33958,30.02917],[78.33958,30.01875]]},"properties":{"MAIN_RIV":41067217,"LENGTH_KM":1.16,"ORD_STRA":1}},
{"type":"Feature","geometry":{"type":"LineString","coordinates":[[78.34375,30.01875],[78.33958,30.01875]]},"properties":{"MAIN_RIV":41067217,"LENGTH_KM":0.4,"ORD_STRA":2}},
{"type":"Feature","geometry":{"type":"LineString","coordinates":[[78.35417,30.025],[78.34375,30.01875]]},"properties":{"MAIN_RIV":41067217,"LENGTH_KM":1.32,"ORD_STRA":1}},
{"type":"Feature","geometry":{"type":"LineString","coordinates":[[78.425,30.01875],[78.43958,30.02708]]},"properties":{"MAIN_RIV":41067217,"LENGTH_KM":1.83,"ORD_STRA":1}},
{"type":"Feature","geometry":{"type":"LineString","coordinates":[[78.63125,30.01875],[78.59375,30.06458]]},"properties":{"MAIN_RIV":41067217,"LENGTH_KM":6.95,"ORD_STRA":4}},
{"type":"Feature","geometry":{"type":"LineString","coordinates":[[78.69167,30.04583],[78.66875,30.02708],[78.63125,30.01875]]},"properties":{"MAIN_RIV":41067217,"LENGTH_KM":7.19,"ORD_STRA":1}},
{"type":"Feature","geometry":{"type":"LineString","coordinates":[[79.09792,30.02708],[79.08125,30.01875]]},"properties":{"MAIN_RIV":41067217,"LENGTH_KM":2.03,"ORD_STRA":2}},
{"type":"Feature","geometry":{"type":"LineString","coordinates":[[79.68125,30.02292],[79.67292,30.01875],[79.65208,30.03125]]},"properties":{"MAIN_RIV":41067217,"LENGTH_KM":3.65,"ORD_STRA":4}},
{"type":"Feature","geometry":{"type":"LineString","coordinates":[[79.72292,30.02292],[79.68125,30.02292]]},"properties":{"MAIN_RIV":41067217,"LENGTH_KM":4.43,"ORD_STRA":4}},
{"type":"Feature","geometry":{"type":"LineString","coordinates":[[80.40625,30.02708],[80.39375,30.01875],[80.37708,30.02292]]},"properties":{"MAIN_RIV":41067217,"LENGTH_KM":3.44,"ORD_STRA":3}},
{"type":"Feature","geometry":{"type":"LineString","coordinates":[[77.91875,30.03125],[77.92292,30.01458]]},"properties":{"MAIN_RIV":41067217,"LENGTH_KM":2,"ORD_STRA":2}},
{"type":"Feature","geometry":{"type":"LineString","coordinates":[[77.96667,30.07083],[77.93542,30.03958],[77.93542,30.01875],[77.92292,30.01458]]},"properties":{"MAIN_RIV":41067217,"LENGTH_KM":8.33,"ORD_STRA":1}},
{"type":"Feature","geometry":{"type":"LineString","coordinates":[[78.83542,30.03125],[78.82292,30.01458]]},"properties":{"MAIN_RIV":41067217,"LENGTH_KM":2.55,"ORD_STRA":3}},
{"type":"Feature","geometry":{"type":"LineString","coordinates":[[79.925,30.025],[79.93958,30.01458]]},"properties":{"MAIN_RIV":41067217,"LENGTH_KM":1.93,"ORD_STRA":1}},
{"type":"Feature","geometry":{"type":"LineString","coordinates":[[79.95625,30.02708],[79.93958,30.01458]]},"properties":{"MAIN_RIV":41067217,"LENGTH_KM":2.24,"ORD_STRA":2}},
{"type":"Feature","geometry":{"type":"LineString","coordinates":[[80.15625,30.02292],[80.15625,30.01458]]},"properties":{"MAIN_RIV":41067217,"LENGTH_KM":0.93,"ORD_STRA":2}},
{"type":"Feature","geometry":{"type":"LineString","coordinates":[[80.16667,30.01458],[80.15625,30.01458]]},"properties":{"MAIN_RIV":41067217,"LENGTH_KM":1,"ORD_STRA":1}},
{"type":"Feature","geometry":{"type":"LineString","coordinates":[[80.49583,30.01875],[80.56875,30.01458]]},"properties":{"MAIN_RIV":41067217,"LENGTH_KM":7.66,"ORD_STRA":1}},
{"type":"Feature","geometry":{"type":"LineString","coordinates":[[80.57708,30.02708],[80.56875,30.01458]]},"properties":{"MAIN_RIV":41067217,"LENGTH_KM":1.69,"ORD_STRA":4}},
{"type":"Feature","geometry":{"type":"LineString","coordinates":[[80.69792,30.03958],[80.71875,30.01458]]},"properties":{"MAIN_RIV":41067217,"LENGTH_KM":3.53,"ORD_STRA":2}},
{"type":"Feature","geometry":{"type":"LineString","coordinates":[[80.72917,30.10417],[80.73542,30.03542],[80.71875,30.01458]]},"properties":{"MAIN_RIV":41067217,"LENGTH_KM":10.78,"ORD_STRA":1}},
{"type":"Feature","geometry":{"type":"LineString","coordinates":[[77.775,30.01667],[77.78125,30.01042]]},"properties":{"MAIN_RIV":41067217,"LENGTH_KM":0.92,"ORD_STRA":1}},
{"type":"Feature","geometry":{"type":"LineString","coordinates":[[77.79792,30.04792],[77.78125,30.01042]]},"properties":{"MAIN_RIV":41067217,"LENGTH_KM":4.77,"ORD_STRA":4}},
{"type":"Feature","geometry":{"type":"LineString","coordinates":[[78.78125,30.06042],[78.81875,30.02708],[78.81875,30.01042]]},"properties":{"MAIN_RIV":41067217,"LENGTH_KM":7.46,"ORD_STRA":2}},
{"type":"Feature","geometry":{"type":"LineString","coordinates":[[78.82292,30.01458],[78.81875,30.01042]]},"properties":{"MAIN_RIV":41067217,"LENGTH_KM":0.61,"ORD_STRA":3}},
{"type":"Feature","geometry":{"type":"LineString","coordinates":[[79.04375,30.02292],[79.04375,30.01042]]},"properties":{"MAIN_RIV":41067217,"LENGTH_KM":1.39,"ORD_STRA":2}},
{"type":"Feature","geometry":{"type":"LineString","coordinates":[[79.85,30.01042],[79.87292,30.01042]]},"properties":{"MAIN_RIV":41067217,"LENGTH_KM":2.21,"ORD_STRA":1}},
{"type":"Feature","geometry":{"type":"LineString","coordinates":[[79.87708,30.02292],[79.87292,30.01042]]},"properties":{"MAIN_RIV":41067217,"LENGTH_KM":1.54,"ORD_STRA":2}},
{"type":"Feature","geometry":{"type":"LineString","coordinates":[[80.06875,30.02708],[80.06875,30.01042]]},"properties":{"MAIN_RIV":41067217,"LENGTH_KM":1.85,"ORD_STRA":3}},
{"type":"Feature","geometry":{"type":"LineString","coordinates":[[80.30208,30.03958],[80.32708,30.01042]]},"properties":{"MAIN_RIV":41067217,"LENGTH_KM":4.14,"ORD_STRA":4}},
{"type":"Feature","geometry":{"type":"LineString","coordinates":[[80.34792,30.03125],[80.32708,30.01042]]},"properties":{"MAIN_RIV":41067217,"LENGTH_KM":3.06,"ORD_STRA":3}},
{"type":"Feature","geometry":{"type":"LineString","coordinates":[[80.75203,30.01453],[80.74792,30.01042]]},"properties":{"MAIN_RIV":41067217,"LENGTH_KM":2.45,"ORD_STRA":5}},
{"type":"Feature","geometry":{"type":"LineString","coordinates":[[78.375,30.00625],[78.35208,30.00625],[78.34375,30.01875]]},"properties":{"MAIN_RIV":41067217,"LENGTH_KM":3.9,"ORD_STRA":1}},
{"type":"Feature","geometry":{"type":"LineString","coordinates":[[78.46458,30.00625],[78.43958,30.02708]]},"properties":{"MAIN_RIV":41067217,"LENGTH_KM":3.72,"ORD_STRA":3}},
{"type":"Feature","geometry":{"type":"LineString","coordinates":[[79.08125,30.01875],[79.06042,30.00625],[79.05208,30.01458],[79.04375,30.01042]]},"properties":{"MAIN_RIV":41067217,"LENGTH_KM":4.88,"ORD_STRA":2}},
{"type":"Feature","geometry":{"type":"LineString","coordinates":[[80.02917,30.02917],[80.06042,30.00625],[80.06875,30.01042]]},"properties":{"MAIN_RIV":41067217,"LENGTH_KM":5.19,"ORD_STRA":1}},
{"type":"Feature","geometry":{"type":"LineString","coordinates":[[80.06875,30.01042],[80.07292,30.00625]]},"properties":{"MAIN_RIV":41067217,"LENGTH_KM":0.61,"ORD_STRA":3}},
{"type":"Feature","geometry":{"type":"LineString","coordinates":[[80.0875,30.01667],[80.07292,30.00625]]},"properties":{"MAIN_RIV":41067217,"LENGTH_KM":2.19,"ORD_STRA":1}},
{"type":"Feature","geometry":{"type":"LineString","coordinates":[[80.22708,30.02292],[80.23542,30.00625]]},"properties":{"MAIN_RIV":41067217,"LENGTH_KM":2.15,"ORD_STRA":2}},
{"type":"Feature","geometry":{"type":"LineString","coordinates":[[80.24583,30.00625],[80.23542,30.00625]]},"properties":{"MAIN_RIV":41067217,"LENGTH_KM":1,"ORD_STRA":1}},
{"type":"Feature","geometry":{"type":"LineString","coordinates":[[80.75006,30.01042],[80.74792,30.01042]]},"properties":{"MAIN_RIV":41067217,"LENGTH_KM":1.01,"ORD_STRA":2}},
{"type":"Feature","geometry":{"type":"LineString","coordinates":[[77.92292,30.01458],[77.92708,30.00208]]},"properties":{"MAIN_RIV":41067217,"LENGTH_KM":1.54,"ORD_STRA":2}},
{"type":"Feature","geometry":{"type":"LineString","coordinates":[[77.97292,30.03125],[77.92708,30.00208]]},"properties":{"MAIN_RIV":41067217,"LENGTH_KM":5.89,"ORD_STRA":2}},
{"type":"Feature","geometry":{"type":"LineString","coordinates":[[78.03958,30.07083],[78.02292,30.04375],[78.01875,30.00208]]},"properties":{"MAIN_RIV":41067217,"LENGTH_KM":8.69,"ORD_STRA":1}},
{"type":"Feature","geometry":{"type":"LineString","coordinates":[[79.07917,30],[79.08125,30.01875]]},"properties":{"MAIN_RIV":41067217,"LENGTH_KM":2.46,"ORD_STRA":1}},
{"type":"Feature","geometry":{"type":"LineString","coordinates":[[80.45625,30],[80.45625,30.01875],[80.44375,30.03542]]},"properties":{"MAIN_RIV":41067217,"LENGTH_KM":4.64,"ORD_STRA":1}},
{"type":"Feature","geometry":{"type":"LineString","coordinates":[[80.56875,30.01458],[80.56458,30.00208]]},"properties":{"MAIN_RIV":41067217,"LENGTH_KM":1.54,"ORD_STRA":4}},
{"type":"Feature","geometry":{"type":"LineString","coordinates":[[78.05,30.02917],[78.02708,29.99792],[78.01875,30.00208]]},"properties":{"MAIN_RIV":41067217,"LENGTH_KM":5.61,"ORD_STRA":1}},
{"type":"Feature","geometry":{"type":"LineString","coordinates":[[78.25208,30.03125],[78.23542,30.01458],[78.23542,29.99792]]},"properties":{"MAIN_RIV":41067217,"LENGTH_KM":4.56,"ORD_STRA":6}},
{"type":"Feature","geometry":{"type":"LineString","coordinates":[[78.33958,30.01875],[78.31875,29.99792]]},"properties":{"MAIN_RIV":41067217,"LENGTH_KM":3.32,"ORD_STRA":2}},
{"type":"Feature","geometry":{"type":"LineString","coordinates":[[79.35833,30.03542],[79.34792,30.03125],[79.34375,29.99792]]},"properties":{"MAIN_RIV":41067217,"LENGTH_KM":5.07,"ORD_STRA":1}},
{"type":"Feature","geometry":{"type":"LineString","coordinates":[[79.3625,30.00208],[79.34375,29.99792]]},"properties":{"MAIN_RIV":41067217,"LENGTH_KM":2.02,"ORD_STRA":1}},
{"type":"Feature","geometry":{"type":"LineString","coordinates":[[79.93958,30.01458],[79.92708,29.99792]]},"properties":{"MAIN_RIV":41067217,"LENGTH_KM":2.3,"ORD_STRA":2}},
{"type":"Feature","geometry":{"type":"LineString","coordinates":[[80.125,30.02083],[80.14792,29.99792]]},"properties":{"MAIN_RIV":41067217,"LENGTH_KM":3.62,"ORD_STRA":1}},
{"type":"Feature","geometry":{"type":"LineString","coordinates":[[80.15625,30.01458],[80.14792,29.99792]]},"properties":{"MAIN_RIV":41067217,"LENGTH_KM":2.15,"ORD_STRA":2}},
{"type":"Feature","geometry":{"type":"LineString","coordinates":[[80.32708,30.01042],[80.31875,29.99792]]},"properties":{"MAIN_RIV":41067217,"LENGTH_KM":1.69,"ORD_STRA":4}},
{"type":"Feature","geometry":{"type":"LineString","coordinates":[[80.42292,29.99792],[80.41875,30.02292],[80.40625,30.02708]]},"properties":{"MAIN_RIV":41067217,"LENGTH_KM":4.34,"ORD_STRA":2}},
{"type":"Feature","geometry":{"type":"LineString","coordinates":[[80.54167,30.00208],[80.56458,30.00208]]},"properties":{"MAIN_RIV":41067217,"LENGTH_KM":2.63,"ORD_STRA":1}},
{"type":"Feature","geometry":{"type":"LineString","coordinates":[[80.71875,30.01458],[80.73379,29.99954]]},"properties":{"MAIN_RIV":41067217,"LENGTH_KM":2.45,"ORD_STRA":2}},
{"type":"Feature","geometry":{"type":"LineString","coordinates":[[80.74792,30.01042],[80.73687,29.99937]]},"properties":{"MAIN_RIV":41067217,"LENGTH_KM":1.84,"ORD_STRA":5}},
{"type":"Feature","geometry":{"type":"LineString","coordinates":[[78.31875,29.99792],[78.29375,30.00208],[78.28958,30.01875],[78.26042,30.03958]]},"properties":{"MAIN_RIV":41067217,"LENGTH_KM":9.21,"ORD_STRA":2}},
{"type":"Feature","geometry":{"type":"LineString","coordinates":[[78.45833,29.99167],[78.46458,30.00625]]},"properties":{"MAIN_RIV":41067217,"LENGTH_KM":1.85,"ORD_STRA":1}},
{"type":"Feature","geometry":{"type":"LineString","coordinates":[[78.81875,30.01042],[78.80208,29.99375]]},"properties":{"MAIN_RIV":41067217,"LENGTH_KM":2.7,"ORD_STRA":3}},
{"type":"Feature","geometry":{"type":"LineString","coordinates":[[79.87292,30.01042],[79.91042,29.99375]]},"properties":{"MAIN_RIV":41067217,"LENGTH_KM":4.46,"ORD_STRA":2}},
{"type":"Feature","geometry":{"type":"LineString","coordinates":[[79.92708,29.99792],[79.91042,29.99375]]},"properties":{"MAIN_RIV":41067217,"LENGTH_KM":1.82,"ORD_STRA":3}},
{"type":"Feature","geometry":{"type":"LineString","coordinates":[[80.29167,29.99792],[80.31458,29.99375]]},"properties":{"MAIN_RIV":41067217,"LENGTH_KM":2.67,"ORD_STRA":1}},
{"type":"Feature","geometry":{"type":"LineString","coordinates":[[80.31875,29.99792],[80.31458,29.99375]]},"properties":{"MAIN_RIV":41067217,"LENGTH_KM":0.61,"ORD_STRA":4}},
{"type":"Feature","geometry":{"type":"LineString","coordinates":[[80.42917,29.99167],[80.42292,29.99792]]},"properties":{"MAIN_RIV":41067217,"LENGTH_KM":0.92,"ORD_STRA":1}},
{"type":"Feature","geometry":{"type":"LineString","coordinates":[[78.76458,30.05625],[78.78542,29.98958]]},"properties":{"MAIN_RIV":41067217,"LENGTH_KM":8.46,"ORD_STRA":2}},
{"type":"Feature","geometry":{"type":"LineString","coordinates":[[78.80208,29.99375],[78.78542,29.98958]]},"properties":{"MAIN_RIV":41067217,"LENGTH_KM":1.82,"ORD_STRA":3}},
{"type":"Feature","geometry":{"type":"LineString","coordinates":[[79.28542,30.03542],[79.31458,30.01042],[79.31875,29.98958]]},"properties":{"MAIN_RIV":41067217,"LENGTH_KM":6.54,"ORD_STRA":2}},
{"type":"Feature","geometry":{"type":"LineString","coordinates":[[79.34375,29.99792],[79.34792,29.98958]]},"properties":{"MAIN_RIV":41067217,"LENGTH_KM":1.08,"ORD_STRA":2}},
{"type":"Feature","geometry":{"type":"LineString","coordinates":[[79.35833,29.98958],[79.34792,29.98958]]},"properties":{"MAIN_RIV":41067217,"LENGTH_KM":1,"ORD_STRA":1}},
{"type":"Feature","geometry":{"type":"LineString","coordinates":[[79.41042,30.02917],[79.41875,29.99792],[79.43125,29.98958]]},"properties":{"MAIN_RIV":41067217,"LENGTH_KM":5.4,"ORD_STRA":1}},
{"type":"Feature","geometry":{"type":"LineString","coordinates":[[79.45833,30.01458],[79.46875,30.00625],[79.45625,29.99375],[79.43125,29.98958]]},"properties":{"MAIN_RIV":41067217,"LENGTH_KM":6.56,"ORD_STRA":1}},
{"type":"Feature","geometry":{"type":"LineString","coordinates":[[80.125,30],[80.14375,29.98958]]},"properties":{"MAIN_RIV":41067217,"LENGTH_KM":2.33,"ORD_STRA":1}},
{"type":"Feature","geometry":{"type":"LineString","coordinates":[[80.14792,29.99792],[80.14375,29.98958]]},"properties":{"MAIN_RIV":41067217,"LENGTH_KM":1.08,"ORD_STRA":2}},
{"type":"Feature","geometry":{"type":"LineString","coordinates":[[80.15,29.98958],[80.14375,29.98958]]},"properties":{"MAIN_RIV":41067217,"LENGTH_KM":0.6,"ORD_STRA":1}},
{"type":"Feature","geometry":{"type":"LineString","coordinates":[[77.83542,30.0375],[77.82292,30.00625],[77.83542,29.98542]]},"properties":{"MAIN_RIV":41067217,"LENGTH_KM":6.94,"ORD_STRA":1}},
{"type":"Feature","geometry":{"type":"LineString","coordinates":[[77.86667,30.05],[77.84792,30.01042],[77.83542,30.00208],[77.83542,29.98542]]},"properties":{"MAIN_RIV":41067217,"LENGTH_KM":8.55,"ORD_STRA":1}},
{"type":"Feature","geometry":{"type":"LineString","coordinates":[[78.05,30],[78.03958,29.98542]]},"properties":{"MAIN_RIV":41067217,"LENGTH_KM":2,"ORD_STRA":1}},
{"type":"Feature","geometry":{"type":"LineString","coordinates":[[78.07292,30.0125],[78.07292,29.99792],[78.03958,29.98542]]},"properties":{"MAIN_RIV":41067217,"LENGTH_KM":5.47,"ORD_STRA":1}},
{"type":"Feature","geometry":{"type":"LineString","coordinates":[[78.27917,29.98333],[78.26875,29.99792],[78.24792,30.00625],[78.23542,29.99792]]},"properties":{"MAIN_RIV":41067217,"LENGTH_KM":6.05,"ORD_STRA":1}},
{"type":"Feature","geometry":{"type":"LineString","coordinates":[[78.64375,29.98542],[78.63125,29.99792],[78.63125,30.01875]]},"properties":{"MAIN_RIV":41067217,"LENGTH_KM":4.45,"ORD_STRA":4}},
{"type":"Feature","geometry":{"type":"LineString","coordinates":[[78.84792,29.98542],[78.82292,30.01458]]},"properties":{"MAIN_RIV":41067217,"LENGTH_KM":4.39,"ORD_STRA":2}},
{"type":"Feature","geometry":{"type":"LineString","coordinates":[[78.85417,29.99167],[78.84792,29.98542]]},"properties":{"MAIN_RIV":41067217,"LENGTH_KM":0.92,"ORD_STRA":1}},
{"type":"Feature","geometry":{"type":"LineString","coordinates":[[79.64583,29.99583],[79.66458,29.98542]]},"properties":{"MAIN_RIV":41067217,"LENGTH_KM":2.33,"ORD_STRA":1}},
{"type":"Feature","geometry":{"type":"LineString","coordinates":[[79.66458,29.99167],[79.66458,29.98542]]},"properties":{"MAIN_RIV":41067217,"LENGTH_KM":0.69,"ORD_STRA":1}},
{"type":"Feature","geometry":{"type":"LineString","coordinates":[[80.00833,30],[79.99792,29.98542]]},"properties":{"MAIN_RIV":41067217,"LENGTH_KM":2,"ORD_STRA":1}},
{"type":"Feature","geometry":{"type":"LineString","coordinates":[[80.39583,29.98333],[80.37708,29.99792],[80.37708,30.02292]]},"properties":{"MAIN_RIV":41067217,"LENGTH_KM":5.63,"ORD_STRA":1}},
{"type":"Feature","geometry":{"type":"LineString","coordinates":[[80.42917,29.98333],[80.42292,29.99792]]},"properties":{"MAIN_RIV":41067217,"LENGTH_KM":1.85,"ORD_STRA":1}},
{"type":"Feature","geometry":{"type":"LineString","coordinates":[[78.16042,30.03542],[78.21042,29.99792],[78.20625,29.98125]]},"properties":{"MAIN_RIV":41067217,"LENGTH_KM":8.97,"ORD_STRA":2}},
{"type":"Feature","geometry":{"type":"LineString","coordinates":[[78.23542,29.99792],[78.22708,29.98542],[78.20625,29.98125]]},"properties":{"MAIN_RIV":41067217,"LENGTH_KM":3.91,"ORD_STRA":6}},
{"type":"Feature","geometry":{"type":"LineString","coordinates":[[78.78542,29.98958],[78.78125,29.98125]]},"properties":{"MAIN_RIV":41067217,"LENGTH_KM":1.08,"ORD_STRA":3}},
{"type":"Feature","geometry":{"type":"LineString","coordinates":[[78.8125,29.97917],[78.80208,29.99375]]},"properties":{"MAIN_RIV":41067217,"LENGTH_KM":2,"ORD_STRA":1}},
{"type":"Feature","geometry":{"type":"LineString","coordinates":[[79.24167,30.00417],[79.26042,29.98125],[79.27708,29.98958],[79.31875,29.98958]]},"properties":{"MAIN_RIV":41067217,"LENGTH_KM":10.36,"ORD_STRA":1}},
{"type":"Feature","geometry":{"type":"LineString","coordinates":[[79.31875,29.98958],[79.34792,29.98125]]},"properties":{"MAIN_RIV":41067217,"LENGTH_KM":3.23,"ORD_STRA":2}},
{"type":"Feature","geometry":{"type":"LineString","coordinates":[[79.34792,29.98958],[79.34792,29.98125]]},"properties":{"MAIN_RIV":41067217,"LENGTH_KM":0.93,"ORD_STRA":2}},
{"type":"Feature","geometry":{"type":"LineString","coordinates":[[79.49167,29.99583],[79.51875,29.98125]]},"properties":{"MAIN_RIV":41067217,"LENGTH_KM":3.35,"ORD_STRA":1}},
{"type":"Feature","geometry":{"type":"LineString","coordinates":[[79.51875,29.98125],[79.52292,29.98125]]},"properties":{"MAIN_RIV":41067217,"LENGTH_KM":0.4,"ORD_STRA":2}},
{"type":"Feature","geometry":{"type":"LineString","coordinates":[[79.52292,29.99167],[79.52292,29.98125]]},"properties":{"MAIN_RIV":41067217,"LENGTH_KM":1.16,"ORD_STRA":1}},
{"type":"Feature","geometry":{"type":"LineString","coordinates":[[79.98542,29.98125],[79.96458,29.98125],[79.92708,29.99792]]},"properties":{"MAIN_RIV":41067217,"LENGTH_KM":6.46,"ORD_STRA":2}},
{"type":"Feature","geometry":{"type":"LineString","coordinates":[[79.99792,29.98542],[79.98542,29.98125]]},"properties":{"MAIN_RIV":41067217,"LENGTH_KM":1.42,"ORD_STRA":2}},
{"type":"Feature","geometry":{"type":"LineString","coordinates":[[80.2,29.98958],[80.22708,29.98125]]},"properties":{"MAIN_RIV":41067217,"LENGTH_KM":3.28,"ORD_STRA":1}},
{"type":"Feature","geometry":{"type":"LineString","coordinates":[[80.23542,30.00625],[80.22708,29.98125]]},"properties":{"MAIN_RIV":41067217,"LENGTH_KM":3.08,"ORD_STRA":2}},
{"type":"Feature","geometry":{"type":"LineString","coordinates":[[80.56458,30.00208],[80.57292,29.98125]]},"properties":{"MAIN_RIV":41067217,"LENGTH_KM":2.62,"ORD_STRA":4}},
{"type":"Feature","geometry":{"type":"LineString","coordinates":[[78.50625,29.97708],[78.48125,30.00625],[78.46458,30.00625]]},"properties":{"MAIN_RIV":41067217,"LENGTH_KM":6.42,"ORD_STRA":3}},
{"type":"Feature","geometry":{"type":"LineString","coordinates":[[78.5375,30],[78.50625,29.97708]]},"properties":{"MAIN_RIV":41067217,"LENGTH_KM":4.68,"ORD_STRA":1}},
{"type":"Feature","geometry":{"type":"LineString","coordinates":[[78.625,29.97708],[78.63542,29.97708]]},"properties":{"MAIN_RIV":41067217,"LENGTH_KM":1,"ORD_STRA":1}},
{"type":"Feature","geometry":{"type":"LineString","coordinates":[[78.63542,29.97708],[78.64375,29.98542]]},"properties":{"MAIN_RIV":41067217,"LENGTH_KM":1.48,"ORD_STRA":2}},
{"type":"Feature","geometry":{"type":"LineString","coordinates":[[79.66458,29.98542],[79.67292,29.97708]]},"properties":{"MAIN_RIV":41067217,"LENGTH_KM":1.48,"ORD_STRA":2}},
{"type":"Feature","geometry":{"type":"LineString","coordinates":[[79.69167,29.98125],[79.67292,29.97708]]},"properties":{"MAIN_RIV":41067217,"LENGTH_KM":2.02,"ORD_STRA":1}},
{"type":"Feature","geometry":{"type":"LineString","coordinates":[[79.79792,29.99583],[79.80208,29.97708]]},"properties":{"MAIN_RIV":41067217,"LENGTH_KM":2.23,"ORD_STRA":1}},
{"type":"Feature","geometry":{"type":"LineString","coordinates":[[79.8125,29.9875],[79.80208,29.97708]]},"properties":{"MAIN_RIV":41067217,"LENGTH_KM":1.53,"ORD_STRA":1}},
{"type":"Feature","geometry":{"type":"LineString","coordinates":[[80.49167,29.98542],[80.50625,29.97708],[80.57292,29.98125]]},"properties":{"MAIN_RIV":41067217,"LENGTH_KM":8.46,"ORD_STRA":1}},
{"type":"Feature","geometry":{"type":"LineString","coordinates":[[78.20625,29.98125],[78.19375,29.97292]]},"properties":{"MAIN_RIV":41067217,"LENGTH_KM":1.63,"ORD_STRA":6}},
{"type":"Feature","geometry":{"type":"LineString","coordinates":[[78.63125,29.97292],[78.63542,29.97708]]},"properties":{"MAIN_RIV":41067217,"LENGTH_KM":0.61,"ORD_STRA":2}},
{"type":"Feature","geometry":{"type":"LineString","coordinates":[[78.86667,29.97292],[78.84792,29.98542]]},"properties":{"MAIN_RIV":41067217,"LENGTH_KM":2.44,"ORD_STRA":1}},
{"type":"Feature","geometry":{"type":"LineString","coordinates":[[79.12917,29.98125],[79.16042,29.97292]]},"properties":{"MAIN_RIV":41067217,"LENGTH_KM":3.43,"ORD_STRA":1}},
{"type":"Feature","geometry":{"type":"LineString","coordinates":[[79.17917,29.99167],[79.16042,29.97292]]},"properties":{"MAIN_RIV":41067217,"LENGTH_KM":3.01,"ORD_STRA":1}},
{"type":"Feature","geometry":{"type":"LineString","coordinates":[[79.40833,29.97917],[79.41875,29.97292]]},"properties":{"MAIN_RIV":41067217,"LENGTH_KM":1.32,"ORD_STRA":1}},
{"type":"Feature","geometry":{"type":"LineString","coordinates":[[79.43125,29.98958],[79.41875,29.97292]]},"properties":{"MAIN_RIV":41067217,"LENGTH_KM":2.55,"ORD_STRA":2}},
{"type":"Feature","geometry":{"type":"LineString","coordinates":[[79.50833,29.97083],[79.51875,29.98125]]},"properties":{"MAIN_RIV":41067217,"LENGTH_KM":1.53,"ORD_STRA":1}},
{"type":"Feature","geometry":{"type":"LineString","coordinates":[[79.99167,29.97083],[79.98542,29.98125]]},"properties":{"MAIN_RIV":41067217,"LENGTH_KM":1.38,"ORD_STRA":1}},
{"type":"Feature","geometry":{"type":"LineString","coordinates":[[80.02917,29.97292],[79.99792,29.98542]]},"properties":{"MAIN_RIV":41067217,"LENGTH_KM":3.65,"ORD_STRA":1}},
{"type":"Feature","geometry":{"type":"LineString","coordinates":[[80.14375,29.98958],[80.13542,29.97292]]},"properties":{"MAIN_RIV":41067217,"LENGTH_KM":2.15,"ORD_STRA":2}},
{"type":"Feature","geometry":{"type":"LineString","coordinates":[[80.67292,30.00833],[80.68958,29.97329]]},"properties":{"MAIN_RIV":41067217,"LENGTH_KM":4.54,"ORD_STRA":1}},
{"type":"Feature","geometry":{"type":"LineString","coordinates":[[80.70104,29.98125],[80.6925,29.97583]]},"properties":{"MAIN_RIV":41067217,"LENGTH_KM":2.03,"ORD_STRA":5}},
{"type":"Feature","geometry":{"type":"LineString","coordinates":[[77.98542,30.00417],[77.95208,29.96875]]},"properties":{"MAIN_RIV":41067217,"LENGTH_KM":6.57,"ORD_STRA":1}},
{"type":"Feature","geometry":{"type":"LineString","coordinates":[[78.62083,29.96875],[78.63125,29.97292]]},"properties":{"MAIN_RIV":41067217,"LENGTH_KM":1.22,"ORD_STRA":1}},
{"type":"Feature","geometry":{"type":"LineString","coordinates":[[78.79583,29.96667],[78.78125,29.98125]]},"properties":{"MAIN_RIV":41067217,"LENGTH_KM":2.4,"ORD_STRA":1}},
{"type":"Feature","geometry":{"type":"LineString","coordinates":[[78.9875,29.99167],[79.02292,29.96875]]},"properties":{"MAIN_RIV":41067217,"LENGTH_KM":4.58,"ORD_STRA":1}},
{"type":"Feature","geometry":{"type":"LineString","coordinates":[[79.04375,30.01042],[79.02292,29.96875]]},"properties":{"MAIN_RIV":41067217,"LENGTH_KM":6.18,"ORD_STRA":3}},
{"type":"Feature","geometry":{"type":"LineString","coordinates":[[79.7625,29.98333],[79.75625,29.96875]]},"properties":{"MAIN_RIV":41067217,"LENGTH_KM":1.85,"ORD_STRA":1}},
{"type":"Feature","geometry":{"type":"LineString","coordinates":[[80.15833,29.96875],[80.13542,29.97292]]},"properties":{"MAIN_RIV":41067217,"LENGTH_KM":2.42,"ORD_STRA":1}},
{"type":"Feature","geometry":{"type":"LineString","coordinates":[[80.19583,29.97292],[80.22292,29.96875]]},"properties":{"MAIN_RIV":41067217,"LENGTH_KM":2.82,"ORD_STRA":1}},
{"type":"Feature","geometry":{"type":"LineString","coordinates":[[80.22708,29.98125],[80.22292,29.96875]]},"properties":{"MAIN_RIV":41067217,"LENGTH_KM":1.54,"ORD_STRA":2}},
{"type":"Feature","geometry":{"type":"LineString","coordinates":[[80.31458,29.99375],[80.31042,29.96875]]},"properties":{"MAIN_RIV":41067217,"LENGTH_KM":2.93,"ORD_STRA":4}},
{"type":"Feature","geometry":{"type":"LineString","coordinates":[[80.32083,29.97292],[80.31042,29.96875]]},"properties":{"MAIN_RIV":41067217,"LENGTH_KM":1.22,"ORD_STRA":1}},
{"type":"Feature","geometry":{"type":"LineString","coordinates":[[78.01875,30.00208],[77.97708,29.96875],[77.95208,29.96875]]},"properties":{"MAIN_RIV":41067217,"LENGTH_KM":8.79,"ORD_STRA":2}},
{"type":"Feature","geometry":{"type":"LineString","coordinates":[[79.7375,29.97917],[79.75208,29.96458]]},"properties":{"MAIN_RIV":41067217,"LENGTH_KM":2.15,"ORD_STRA":1}},
{"type":"Feature","geometry":{"type":"LineString","coordinates":[[79.75625,29.96875],[79.75208,29.96458]]},"properties":{"MAIN_RIV":41067217,"LENGTH_KM":0.61,"ORD_STRA":2}},
{"type":"Feature","geometry":{"type":"LineString","coordinates":[[79.80208,29.97708],[79.77708,29.96458],[79.75625,29.96875]]},"properties":{"MAIN_RIV":41067217,"LENGTH_KM":5.26,"ORD_STRA":2}},
{"type":"Feature","geometry":{"type":"LineString","coordinates":[[80.21667,29.9625],[80.22292,29.96875]]},"properties":{"MAIN_RIV":41067217,"LENGTH_KM":0.92,"ORD_STRA":1}},
{"type":"Feature","geometry":{"type":"LineString","coordinates":[[80.65,30.025],[80.62708,30.00208],[80.61875,29.96458]]},"properties":{"MAIN_RIV":41067217,"LENGTH_KM":8.09,"ORD_STRA":1}},
{"type":"Feature","geometry":{"type":"LineString","coordinates":[[77.92708,30.00208],[77.93958,29.96042]]},"properties":{"MAIN_RIV":41067217,"LENGTH_KM":5.08,"ORD_STRA":3}},
{"type":"Feature","geometry":{"type":"LineString","coordinates":[[77.95208,29.96875],[77.93958,29.96042]]},"properties":{"MAIN_RIV":41067217,"LENGTH_KM":1.63,"ORD_STRA":2}},
{"type":"Feature","geometry":{"type":"LineString","coordinates":[[78.15417,29.97292],[78.17292,29.97292],[78.18542,29.96042]]},"properties":{"MAIN_RIV":41067217,"LENGTH_KM":3.65,"ORD_STRA":1}},
{"type":"Feature","geometry":{"type":"LineString","coordinates":[[78.19375,29.97292],[78.18542,29.96042]]},"properties":{"MAIN_RIV":41067217,"LENGTH_KM":1.94,"ORD_STRA":6}},
{"type":"Feature","geometry":{"type":"LineString","coordinates":[[78.51875,29.96042],[78.50625,29.97708]]},"properties":{"MAIN_RIV":41067217,"LENGTH_KM":2.3,"ORD_STRA":3}},
{"type":"Feature","geometry":{"type":"LineString","coordinates":[[78.63125,29.95833],[78.63125,29.97292]]},"properties":{"MAIN_RIV":41067217,"LENGTH_KM":1.62,"ORD_STRA":1}},
{"type":"Feature","geometry":{"type":"LineString","coordinates":[[78.75417,29.97083],[78.76042,29.96042]]},"properties":{"MAIN_RIV":41067217,"LENGTH_KM":1.38,"ORD_STRA":1}},
{"type":"Feature","geometry":{"type":"LineString","coordinates":[[78.78125,29.98125],[78.76042,29.96042]]},"properties":{"MAIN_RIV":41067217,"LENGTH_KM":3.32,"ORD_STRA":3}},
{"type":"Feature","geometry":{"type":"LineString","coordinates":[[79.575,29.97917],[79.58958,29.96042]]},"properties":{"MAIN_RIV":41067217,"LENGTH_KM":2.61,"ORD_STRA":1}},
{"type":"Feature","geometry":{"type":"LineString","coordinates":[[79.59375,29.97917],[79.58958,29.96042]]},"properties":{"MAIN_RIV":41067217,"LENGTH_KM":2.23,"ORD_STRA":1}},
{"type":"Feature","geometry":{"type":"LineString","coordinates":[[79.85417,29.97917],[79.86458,29.96875],[79.88958,29.96875],[79.89792,29.96042]]},"properties":{"MAIN_RIV":41067217,"LENGTH_KM":5.17,"ORD_STRA":1}},
{"type":"Feature","geometry":{"type":"LineString","coordinates":[[79.91042,29.99375],[79.91458,29.98125],[79.89792,29.96042]]},"properties":{"MAIN_RIV":41067217,"LENGTH_KM":4.46,"ORD_STRA":3}},
{"type":"Feature","geometry":{"type":"LineString","coordinates":[[80.38333,29.95833],[80.35625,29.98958],[80.31875,29.99792]]},"properties":{"MAIN_RIV":41067217,"LENGTH_KM":8.48,"ORD_STRA":1}},
{"type":"Feature","geometry":{"type":"LineString","coordinates":[[80.57292,29.98125],[80.59375,29.97708],[80.60208,29.96042]]},"properties":{"MAIN_RIV":41067217,"LENGTH_KM":4.37,"ORD_STRA":4}},
{"type":"Feature","geometry":{"type":"MultiLineString","coordinates":[[[80.61875,29.96458],[80.61571,29.96154]],[[80.61234,29.96042],[80.60208,29.96042]]]},"properties":{"MAIN_RIV":41067217,"LENGTH_KM":1.82,"ORD_STRA":5}},
{"type":"Feature","geometry":{"type":"LineString","coordinates":[[78.68125,29.95625],[78.64375,29.98542]]},"properties":{"MAIN_RIV":41067217,"LENGTH_KM":5.34,"ORD_STRA":4}},
{"type":"Feature","geometry":{"type":"LineString","coordinates":[[78.93333,29.99167],[78.92292,29.97708],[78.92708,29.96875],[78.91042,29.95625]]},"properties":{"MAIN_RIV":41067217,"LENGTH_KM":5.31,"ORD_STRA":1}},
{"type":"Feature","geometry":{"type":"LineString","coordinates":[[79.02292,29.96875],[79.02708,29.95625]]},"properties":{"MAIN_RIV":41067217,"LENGTH_KM":1.54,"ORD_STRA":3}},
{"type":"Feature","geometry":{"type":"LineString","coordinates":[[80.30208,29.9625],[80.30208,29.95625]]},"properties":{"MAIN_RIV":41067217,"LENGTH_KM":0.69,"ORD_STRA":1}},
{"type":"Feature","geometry":{"type":"LineString","coordinates":[[80.31042,29.96875],[80.30208,29.95625]]},"properties":{"MAIN_RIV":41067217,"LENGTH_KM":1.69,"ORD_STRA":4}},
{"type":"Feature","geometry":{"type":"MultiLineString","coordinates":[[[80.64792,29.95625],[80.63975,29.96042]],[[80.63623,29.96377],[80.63357,29.96458]],[[80.62617,29.96458],[80.61875,29.96458]]]},"properties":{"MAIN_RIV":41067217,"LENGTH_KM":3.23,"ORD_STRA":5}},
{"type":"Feature","geometry":{"type":"LineString","coordinates":[[80.66191,29.95625],[80.64792,29.95625]]},"properties":{"MAIN_RIV":41067217,"LENGTH_KM":2.41,"ORD_STRA":5}},
{"type":"Feature","geometry":{"type":"LineString","coordinates":[[80.68766,29.97099],[80.67367,29.95701]]},"properties":{"MAIN_RIV":41067217,"LENGTH_KM":2.45,"ORD_STRA":5}},
{"type":"Feature","geometry":{"type":"LineString","coordinates":[[77.83542,29.98542],[77.85625,29.95625],[77.87708,29.95208]]},"properties":{"MAIN_RIV":41067217,"LENGTH_KM":6.21,"ORD_STRA":2}},
{"type":"Feature","geometry":{"type":"LineString","coordinates":[[77.89375,30.02083],[77.88958,29.99375],[77.89792,29.96875],[77.87708,29.95208]]},"properties":{"MAIN_RIV":41067217,"LENGTH_KM":9.09,"ORD_STRA":1}},
{"type":"Feature","geometry":{"type":"LineString","coordinates":[[77.92917,29.9625],[77.93958,29.95208]]},"properties":{"MAIN_RIV":41067217,"LENGTH_KM":1.53,"ORD_STRA":1}},
{"type":"Feature","geometry":{"type":"LineString","coordinates":[[77.93958,29.96042],[77.93958,29.95208]]},"properties":{"MAIN_RIV":41067217,"LENGTH_KM":0.93,"ORD_STRA":3}},
{"type":"Feature","geometry":{"type":"LineString","coordinates":[[78.38125,29.95],[78.34375,29.98958],[78.31875,29.99792]]},"properties":{"MAIN_RIV":41067217,"LENGTH_KM":8.83,"ORD_STRA":1}},
{"type":"Feature","geometry":{"type":"LineString","coordinates":[[78.53542,29.95208],[78.51875,29.96042]]},"properties":{"MAIN_RIV":41067217,"LENGTH_KM":2.03,"ORD_STRA":2}},
{"type":"Feature","geometry":{"type":"LineString","coordinates":[[78.55,29.975],[78.53542,29.95208]]},"properties":{"MAIN_RIV":41067217,"LENGTH_KM":3.07,"ORD_STRA":1}},
{"type":"Feature","geometry":{"type":"LineString","coordinates":[[78.56667,29.96042],[78.53542,29.95208]]},"properties":{"MAIN_RIV":41067217,"LENGTH_KM":3.43,"ORD_STRA":1}},
{"type":"Feature","geometry":{"type":"LineString","coordinates":[[78.94167,29.95208],[78.91042,29.95625]]},"properties":{"MAIN_RIV":41067217,"LENGTH_KM":3.22,"ORD_STRA":1}},
{"type":"Feature","geometry":{"type":"LineString","coordinates":[[79.05833,29.95625],[79.02708,29.95625]]},"properties":{"MAIN_RIV":41067217,"LENGTH_KM":3.43,"ORD_STRA":1}},
{"type":"Feature","geometry":{"type":"LineString","coordinates":[[80.07292,30.00625],[80.09792,29.96458],[80.12708,29.95208]]},"properties":{"MAIN_RIV":41067217,"LENGTH_KM":8.98,"ORD_STRA":3}},
{"type":"Feature","geometry":{"type":"LineString","coordinates":[[80.13542,29.97292],[80.12708,29.95208]]},"properties":{"MAIN_RIV":41067217,"LENGTH_KM":2.62,"ORD_STRA":2}},
{"type":"Feature","geometry":{"type":"LineString","coordinates":[[80.22292,29.96875],[80.23958,29.95208]]},"properties":{"MAIN_RIV":41067217,"LENGTH_KM":2.45,"ORD_STRA":2}},
{"type":"Feature","geometry":{"type":"LineString","coordinates":[[80.26667,29.96458],[80.23958,29.95208]]},"properties":{"MAIN_RIV":41067217,"LENGTH_KM":3.24,"ORD_STRA":1}},
{"type":"Feature","geometry":{"type":"LineString","coordinates":[[80.28333,29.95208],[80.30208,29.95208]]},"properties":{"MAIN_RIV":41067217,"LENGTH_KM":1.81,"ORD_STRA":1}},
{"type":"Feature","geometry":{"type":"LineString","coordinates":[[80.30208,29.95625],[80.30208,29.95208]]},"properties":{"MAIN_RIV":41067217,"LENGTH_KM":0.46,"ORD_STRA":4}},
{"type":"Feature","geometry":{"type":"LineString","coordinates":[[80.64792,29.95606],[80.64792,29.95625]]},"properties":{"MAIN_RIV":41067217,"LENGTH_KM":0.69,"ORD_STRA":1}},
{"type":"Feature","geometry":{"type":"LineString","coordinates":[[78.09167,29.98333],[78.08125,29.96875],[78.08542,29.94792]]},"properties":{"MAIN_RIV":41067217,"LENGTH_KM":4.46,"ORD_STRA":1}},
{"type":"Feature","geometry":{"type":"LineString","coordinates":[[78.11667,29.95417],[78.10625,29.96458],[78.08542,29.94792]]},"properties":{"MAIN_RIV":41067217,"LENGTH_KM":4.39,"ORD_STRA":1}},
{"type":"Feature","geometry":{"type":"LineString","coordinates":[[78.66667,29.94583],[78.68125,29.95625]]},"properties":{"MAIN_RIV":41067217,"LENGTH_KM":1.93,"ORD_STRA":1}},
{"type":"Feature","geometry":{"type":"LineString","coordinates":[[78.69375,29.94792],[78.68125,29.95625]]},"properties":{"MAIN_RIV":41067217,"LENGTH_KM":1.63,"ORD_STRA":4}},
{"type":"Feature","geometry":{"type":"LineString","coordinates":[[78.72083,30.02917],[78.69792,29.99375],[78.70208,29.95208],[78.69375,29.94792]]},"properties":{"MAIN_RIV":41067217,"LENGTH_KM":10.56,"ORD_STRA":1}},
{"type":"Feature","geometry":{"type":"LineString","coordinates":[[79.34792,29.98125],[79.37708,29.94792],[79.41042,29.94792]]},"properties":{"MAIN_RIV":41067217,"LENGTH_KM":9.06,"ORD_STRA":3}},
{"type":"Feature","geometry":{"type":"LineString","coordinates":[[79.41875,29.97292],[79.41042,29.94792]]},"properties":{"MAIN_RIV":41067217,"LENGTH_KM":3.08,"ORD_STRA":2}},
{"type":"Feature","geometry":{"type":"LineString","coordinates":[[80.475,29.97083],[80.49375,29.94792]]},"properties":{"MAIN_RIV":41067217,"LENGTH_KM":3.22,"ORD_STRA":1}},
{"type":"Feature","geometry":{"type":"LineString","coordinates":[[79.52292,29.98125],[79.56458,29.94375]]},"properties":{"MAIN_RIV":41067217,"LENGTH_KM":6.42,"ORD_STRA":2}},
{"type":"Feature","geometry":{"type":"LineString","coordinates":[[79.56458,29.95833],[79.56458,29.94375]]},"properties":{"MAIN_RIV":41067217,"LENGTH_KM":1.62,"ORD_STRA":1}},
{"type":"Feature","geometry":{"type":"LineString","coordinates":[[79.89792,29.96042],[79.90208,29.94375]]},"properties":{"MAIN_RIV":41067217,"LENGTH_KM":2,"ORD_STRA":3}},
{"type":"Feature","geometry":{"type":"LineString","coordinates":[[79.94792,29.94375],[79.90208,29.94375]]},"properties":{"MAIN_RIV":41067217,"LENGTH_KM":5.26,"ORD_STRA":2}},
{"type":"Feature","geometry":{"type":"LineString","coordinates":[[79.99167,29.94583],[79.96042,29.95625],[79.94792,29.94375]]},"properties":{"MAIN_RIV":41067217,"LENGTH_KM":5.38,"ORD_STRA":1}},
{"type":"Feature","geometry":{"type":"LineString","coordinates":[[80.45833,29.95833],[80.47708,29.94375],[80.49375,29.94792]]},"properties":{"MAIN_RIV":41067217,"LENGTH_KM":4.37,"ORD_STRA":1}},
{"type":"Feature","geometry":{"type":"LineString","coordinates":[[78.24167,29.93958],[78.19375,29.97292]]},"properties":{"MAIN_RIV":41067217,"LENGTH_KM":6.31,"ORD_STRA":1}},
{"type":"Feature","geometry":{"type":"LineString","coordinates":[[78.30417,29.95833],[78.27292,29.93958],[78.24375,29.96875],[78.20625,29.98125]]},"properties":{"MAIN_RIV":41067217,"LENGTH_KM":13.43,"ORD_STRA":1}},
{"type":"Feature","geometry":{"type":"LineString","coordinates":[[79.2,30.00833],[79.19792,29.95625],[79.21875,29.93958]]},"properties":{"MAIN_RIV":41067217,"LENGTH_KM":9.27,"ORD_STRA":1}},
{"type":"Feature","geometry":{"type":"LineString","coordinates":[[79.22917,29.95],[79.21875,29.93958]]},"properties":{"MAIN_RIV":41067217,"LENGTH_KM":1.53,"ORD_STRA":1}},
{"type":"Feature","geometry":{"type":"LineString","coordinates":[[79.56458,29.94375],[79.58958,29.93958]]},"properties":{"MAIN_RIV":41067217,"LENGTH_KM":2.62,"ORD_STRA":2}},
{"type":"Feature","geometry":{"type":"LineString","coordinates":[[79.58958,29.96042],[79.59792,29.94375],[79.58958,29.93958]]},"properties":{"MAIN_RIV":41067217,"LENGTH_KM":3.17,"ORD_STRA":2}},
{"type":"Feature","geometry":{"type":"LineString","coordinates":[[77.93958,29.95208],[77.95625,29.93542]]},"properties":{"MAIN_RIV":41067217,"LENGTH_KM":2.7,"ORD_STRA":3}},
{"type":"Feature","geometry":{"type":"LineString","coordinates":[[77.9875,29.95417],[77.95625,29.93542]]},"properties":{"MAIN_RIV":41067217,"LENGTH_KM":3.96,"ORD_STRA":1}},
{"type":"Feature","geometry":{"type":"LineString","coordinates":[[78.70208,29.93542],[78.69375,29.94792]]},"properties":{"MAIN_RIV":41067217,"LENGTH_KM":1.69,"ORD_STRA":4}},
{"type":"Feature","geometry":{"type":"LineString","coordinates":[[79.725,29.94167],[79.73125,29.93542]]},"properties":{"MAIN_RIV":41067217,"LENGTH_KM":0.92,"ORD_STRA":1}},
{"type":"Feature","geometry":{"type":"LineString","coordinates":[[79.67292,29.97708],[79.68542,29.95625],[79.71042,29.95625],[79.73125,29.93542]]},"properties":{"MAIN_RIV":41067217,"LENGTH_KM":8.91,"ORD_STRA":2}},
{"type":"Feature","geometry":{"type":"LineString","coordinates":[[79.90208,29.94375],[79.89375,29.93542]]},"properties":{"MAIN_RIV":41067217,"LENGTH_KM":1.23,"ORD_STRA":3}},
{"type":"Feature","geometry":{"type":"LineString","coordinates":[[80.30208,29.95208],[80.30208,29.93542]]},"properties":{"MAIN_RIV":41067217,"LENGTH_KM":1.85,"ORD_STRA":4}},
{"type":"Feature","geometry":{"type":"LineString","coordinates":[[78.76042,29.96042],[78.73958,29.93125]]},"properties":{"MAIN_RIV":41067217,"LENGTH_KM":4.24,"ORD_STRA":3}},
{"type":"Feature","geometry":{"type":"LineString","coordinates":[[79.3125,29.94375],[79.32708,29.94375],[79.34375,29.93125]]},"properties":{"MAIN_RIV":41067217,"LENGTH_KM":3.65,"ORD_STRA":1}},
{"type":"Feature","geometry":{"type":"LineString","coordinates":[[79.34375,29.94167],[79.34375,29.93125]]},"properties":{"MAIN_RIV":41067217,"LENGTH_KM":1.16,"ORD_STRA":1}},
{"type":"Feature","geometry":{"type":"LineString","coordinates":[[79.58958,29.93958],[79.60208,29.93125]]},"properties":{"MAIN_RIV":41067217,"LENGTH_KM":1.63,"ORD_STRA":3}},
{"type":"Feature","geometry":{"type":"LineString","coordinates":[[79.61875,29.99167],[79.62292,29.96458],[79.60208,29.93125]]},"properties":{"MAIN_RIV":41067217,"LENGTH_KM":7.62,"ORD_STRA":1}},
{"type":"Feature","geometry":{"type":"LineString","coordinates":[[79.9125,29.93125],[79.89375,29.93542]]},"properties":{"MAIN_RIV":41067217,"LENGTH_KM":2.02,"ORD_STRA":1}},
{"type":"Feature","geometry":{"type":"LineString","coordinates":[[79.96667,29.92917],[79.94792,29.94375]]},"properties":{"MAIN_RIV":41067217,"LENGTH_KM":2.55,"ORD_STRA":1}},
{"type":"Feature","geometry":{"type":"LineString","coordinates":[[80.17292,29.94167],[80.17708,29.93125]]},"properties":{"MAIN_RIV":41067217,"LENGTH_KM":1.31,"ORD_STRA":1}},
{"type":"Feature","geometry":{"type":"LineString","coordinates":[[80.17708,29.9375],[80.17708,29.93125]]},"properties":{"MAIN_RIV":41067217,"LENGTH_KM":0.69,"ORD_STRA":1}},
{"type":"Feature","geometry":{"type":"LineString","coordinates":[[80.575,29.94167],[80.58078,29.93589]]},"properties":{"MAIN_RIV":41067217,"LENGTH_KM":1.38,"ORD_STRA":1}},
{"type":"Feature","geometry":{"type":"MultiLineString","coordinates":[[[80.60208,29.96042],[80.59211,29.95044]],[[80.59089,29.94922],[80.58958,29.94757]]]},"properties":{"MAIN_RIV":41067217,"LENGTH_KM":3.99,"ORD_STRA":5}},
{"type":"Feature","geometry":{"type":"LineString","coordinates":[[78.72292,29.92708],[78.70208,29.93542]]},"properties":{"MAIN_RIV":41067217,"LENGTH_KM":2.43,"ORD_STRA":3}},
{"type":"Feature","geometry":{"type":"LineString","coordinates":[[78.72917,29.98333],[78.71875,29.96458],[78.73125,29.94375],[78.72292,29.92708]]},"properties":{"MAIN_RIV":41067217,"LENGTH_KM":7.38,"ORD_STRA":1}},
{"type":"Feature","geometry":{"type":"LineString","coordinates":[[79.02708,29.95625],[79.03125,29.93125],[79.03958,29.92708]]},"properties":{"MAIN_RIV":41067217,"LENGTH_KM":4.54,"ORD_STRA":3}},
{"type":"Feature","geometry":{"type":"LineString","coordinates":[[79.15625,29.93333],[79.15625,29.92708]]},"properties":{"MAIN_RIV":41067217,"LENGTH_KM":0.69,"ORD_STRA":1}},
{"type":"Feature","geometry":{"type":"LineString","coordinates":[[79.15625,29.92708],[79.18125,29.92708]]},"properties":{"MAIN_RIV":41067217,"LENGTH_KM":2.83,"ORD_STRA":2}},
{"type":"Feature","geometry":{"type":"LineString","coordinates":[[79.16042,29.97292],[79.17708,29.95625],[79.17292,29.93958],[79.18125,29.92708]]},"properties":{"MAIN_RIV":41067217,"LENGTH_KM":6.14,"ORD_STRA":2}},
{"type":"Feature","geometry":{"type":"LineString","coordinates":[[79.21875,29.93958],[79.23542,29.92708]]},"properties":{"MAIN_RIV":41067217,"LENGTH_KM":2.24,"ORD_STRA":2}},
{"type":"Feature","geometry":{"type":"LineString","coordinates":[[79.25833,29.93542],[79.23542,29.92708]]},"properties":{"MAIN_RIV":41067217,"LENGTH_KM":2.63,"ORD_STRA":1}},
{"type":"Feature","geometry":{"type":"LineString","coordinates":[[79.46667,29.95],[79.44375,29.92708]]},"properties":{"MAIN_RIV":41067217,"LENGTH_KM":3.88,"ORD_STRA":1}},
{"type":"Feature","geometry":{"type":"LineString","coordinates":[[79.87083,29.94167],[79.88125,29.92708]]},"properties":{"MAIN_RIV":41067217,"LENGTH_KM":2,"ORD_STRA":1}},
{"type":"Feature","geometry":{"type":"LineString","coordinates":[[79.89375,29.93542],[79.88125,29.92708]]},"properties":{"MAIN_RIV":41067217,"LENGTH_KM":1.63,"ORD_STRA":3}},
{"type":"Feature","geometry":{"type":"LineString","coordinates":[[80.0375,29.94167],[80.04375,29.94792],[80.05625,29.94375],[80.06458,29.92708]]},"properties":{"MAIN_RIV":41067217,"LENGTH_KM":4.49,"ORD_STRA":1}},
{"type":"Feature","geometry":{"type":"LineString","coordinates":[[80.23958,29.95208],[80.23125,29.92708]]},"properties":{"MAIN_RIV":41067217,"LENGTH_KM":3.08,"ORD_STRA":2}},
{"type":"Feature","geometry":{"type":"LineString","coordinates":[[80.24375,29.92708],[80.23125,29.92708]]},"properties":{"MAIN_RIV":41067217,"LENGTH_KM":1.21,"ORD_STRA":2}},
{"type":"Feature","geometry":{"type":"LineString","coordinates":[[80.26667,29.92708],[80.24375,29.92708]]},"properties":{"MAIN_RIV":41067217,"LENGTH_KM":2.21,"ORD_STRA":1}},
{"type":"Feature","geometry":{"type":"LineString","coordinates":[[80.33542,29.92708],[80.30208,29.93542]]},"properties":{"MAIN_RIV":41067217,"LENGTH_KM":4.06,"ORD_STRA":2}},
{"type":"Feature","geometry":{"type":"LineString","coordinates":[[80.35417,29.92708],[80.33542,29.92708]]},"properties":{"MAIN_RIV":41067217,"LENGTH_KM":1.81,"ORD_STRA":1}},
{"type":"Feature","geometry":{"type":"LineString","coordinates":[[78.41875,29.98333],[78.43125,29.92292]]},"properties":{"MAIN_RIV":41067217,"LENGTH_KM":7.17,"ORD_STRA":1}},
{"type":"Feature","geometry":{"type":"LineString","coordinates":[[78.44583,29.92917],[78.43125,29.92292]]},"properties":{"MAIN_RIV":41067217,"LENGTH_KM":1.72,"ORD_STRA":1}},
{"type":"Feature","geometry":{"type":"LineString","coordinates":[[78.73958,29.93125],[78.72292,29.92708]]},"properties":{"MAIN_RIV":41067217,"LENGTH_KM":2.24,"ORD_STRA":3}},
{"type":"Feature","geometry":{"type":"LineString","coordinates":[[78.76667,29.92292],[78.73958,29.93125]]},"properties":{"MAIN_RIV":41067217,"LENGTH_KM":3.03,"ORD_STRA":1}},
{"type":"Feature","geometry":{"type":"LineString","coordinates":[[79.14583,29.92083],[79.15625,29.92708]]},"properties":{"MAIN_RIV":41067217,"LENGTH_KM":1.32,"ORD_STRA":1}},
{"type":"Feature","geometry":{"type":"LineString","coordinates":[[79.45,29.92083],[79.44375,29.92708]]},"properties":{"MAIN_RIV":41067217,"LENGTH_KM":0.92,"ORD_STRA":1}},
{"type":"Feature","geometry":{"type":"LineString","coordinates":[[79.48333,29.92292],[79.44375,29.92708]]},"properties":{"MAIN_RIV":41067217,"LENGTH_KM":4.03,"ORD_STRA":1}},
{"type":"Feature","geometry":{"type":"LineString","coordinates":[[80.075,29.9625],[80.09792,29.92292]]},"properties":{"MAIN_RIV":41067217,"LENGTH_KM":5.22,"ORD_STRA":1}},
{"type":"Feature","geometry":{"type":"LineString","coordinates":[[78.43125,29.92292],[78.42708,29.91875]]},"properties":{"MAIN_RIV":41067217,"LENGTH_KM":0.61,"ORD_STRA":2}},
{"type":"Feature","geometry":{"type":"LineString","coordinates":[[79.06458,29.91875],[79.03958,29.92708]]},"properties":{"MAIN_RIV":41067217,"LENGTH_KM":2.83,"ORD_STRA":2}},
{"type":"Feature","geometry":{"type":"LineString","coordinates":[[79.07083,29.925],[79.06458,29.91875]]},"properties":{"MAIN_RIV":41067217,"LENGTH_KM":0.92,"ORD_STRA":1}},
{"type":"Feature","geometry":{"type":"LineString","coordinates":[[79.23542,29.92708],[79.23542,29.91875]]},"properties":{"MAIN_RIV":41067217,"LENGTH_KM":0.93,"ORD_STRA":2}},
{"type":"Feature","geometry":{"type":"LineString","coordinates":[[79.41042,29.94792],[79.42292,29.91875]]},"properties":{"MAIN_RIV":41067217,"LENGTH_KM":3.99,"ORD_STRA":3}},
{"type":"Feature","geometry":{"type":"LineString","coordinates":[[79.44375,29.92708],[79.42292,29.91875]]},"properties":{"MAIN_RIV":41067217,"LENGTH_KM":2.43,"ORD_STRA":2}},
{"type":"Feature","geometry":{"type":"LineString","coordinates":[[79.75208,29.96458],[79.76042,29.93958],[79.78125,29.92292],[79.80208,29.91875]]},"properties":{"MAIN_RIV":41067217,"LENGTH_KM":8.15,"ORD_STRA":2}},
{"type":"Feature","geometry":{"type":"LineString","coordinates":[[79.81042,29.94167],[79.80208,29.91875]]},"properties":{"MAIN_RIV":41067217,"LENGTH_KM":2.85,"ORD_STRA":1}},
{"type":"Feature","geometry":{"type":"LineString","coordinates":[[79.8375,29.94167],[79.83958,29.91875]]},"properties":{"MAIN_RIV":41067217,"LENGTH_KM":2.92,"ORD_STRA":1}},
{"type":"Feature","geometry":{"type":"LineString","coordinates":[[79.87292,29.91875],[79.83958,29.91875]]},"properties":{"MAIN_RIV":41067217,"LENGTH_KM":3.21,"ORD_STRA":3}},
{"type":"Feature","geometry":{"type":"LineString","coordinates":[[79.88125,29.92708],[79.87292,29.91875]]},"properties":{"MAIN_RIV":41067217,"LENGTH_KM":1.23,"ORD_STRA":3}},
{"type":"Feature","geometry":{"type":"LineString","coordinates":[[80.06458,29.92708],[80.09375,29.91875]]},"properties":{"MAIN_RIV":41067217,"LENGTH_KM":3.23,"ORD_STRA":2}},
{"type":"Feature","geometry":{"type":"LineString","coordinates":[[80.09375,29.91875],[80.09792,29.92292]]},"properties":{"MAIN_RIV":41067217,"LENGTH_KM":0.61,"ORD_STRA":2}},
{"type":"Feature","geometry":{"type":"LineString","coordinates":[[80.20833,29.92292],[80.21458,29.91875]]},"properties":{"MAIN_RIV":41067217,"LENGTH_KM":1.07,"ORD_STRA":1}},
{"type":"Feature","geometry":{"type":"LineString","coordinates":[[80.23125,29.92708],[80.21458,29.91875]]},"properties":{"MAIN_RIV":41067217,"LENGTH_KM":2.03,"ORD_STRA":3}},
{"type":"Feature","geometry":{"type":"LineString","coordinates":[[80.35833,29.91875],[80.33958,29.91875],[80.33542,29.92708]]},"properties":{"MAIN_RIV":41067217,"LENGTH_KM":2.88,"ORD_STRA":1}},
{"type":"Feature","geometry":{"type":"LineString","coordinates":[[80.49375,29.94792],[80.53125,29.93125],[80.56042,29.93125],[80.57286,29.91881]]},"properties":{"MAIN_RIV":41067217,"LENGTH_KM":9.11,"ORD_STRA":2}},
{"type":"Feature","geometry":{"type":"LineString","coordinates":[[80.57796,29.92796],[80.57708,29.92671]]},"properties":{"MAIN_RIV":41067217,"LENGTH_KM":1.69,"ORD_STRA":5}},
{"type":"Feature","geometry":{"type":"LineString","coordinates":[[78.71458,29.91458],[78.70208,29.93542]]},"properties":{"MAIN_RIV":41067217,"LENGTH_KM":2.77,"ORD_STRA":4}},
{"type":"Feature","geometry":{"type":"LineString","coordinates":[[79.10417,29.9375],[79.09375,29.91458]]},"properties":{"MAIN_RIV":41067217,"LENGTH_KM":2.92,"ORD_STRA":1}},
{"type":"Feature","geometry":{"type":"LineString","coordinates":[[79.10833,29.925],[79.09375,29.91458]]},"properties":{"MAIN_RIV":41067217,"LENGTH_KM":1.93,"ORD_STRA":1}},
{"type":"Feature","geometry":{"type":"LineString","coordinates":[[79.25,29.91875],[79.23542,29.91875]]},"properties":{"MAIN_RIV":41067217,"LENGTH_KM":1.83,"ORD_STRA":1}},
{"type":"Feature","geometry":{"type":"LineString","coordinates":[[79.87292,29.9125],[79.87292,29.91875]]},"properties":{"MAIN_RIV":41067217,"LENGTH_KM":0.69,"ORD_STRA":1}},
{"type":"Feature","geometry":{"type":"LineString","coordinates":[[79.89167,29.91458],[79.87292,29.91875]]},"properties":{"MAIN_RIV":41067217,"LENGTH_KM":2.02,"ORD_STRA":1}},
{"type":"Feature","geometry":{"type":"LineString","coordinates":[[80.24375,29.9125],[80.24375,29.92708]]},"properties":{"MAIN_RIV":41067217,"LENGTH_KM":1.62,"ORD_STRA":1}},
{"type":"Feature","geometry":{"type":"LineString","coordinates":[[78.20208,29.91667],[78.20208,29.91042]]},"properties":{"MAIN_RIV":41067217,"LENGTH_KM":0.69,"ORD_STRA":1}},
{"type":"Feature","geometry":{"type":"LineString","coordinates":[[78.20833,29.91042],[78.20208,29.91042]]},"properties":{"MAIN_RIV":41067217,"LENGTH_KM":0.6,"ORD_STRA":1}},
{"type":"Feature","geometry":{"type":"LineString","coordinates":[[79.09375,29.91458],[79.08958,29.91042],[79.08125,29.92292],[79.06458,29.91875]]},"properties":{"MAIN_RIV":41067217,"LENGTH_KM":4.12,"ORD_STRA":2}},
{"type":"Feature","geometry":{"type":"LineString","coordinates":[[79.525,29.91667],[79.53958,29.91042]]},"properties":{"MAIN_RIV":41067217,"LENGTH_KM":1.72,"ORD_STRA":1}},
{"type":"Feature","geometry":{"type":"LineString","coordinates":[[79.65625,29.9375],[79.66042,29.91042]]},"properties":{"MAIN_RIV":41067217,"LENGTH_KM":3.16,"ORD_STRA":1}},
{"type":"Feature","geometry":{"type":"LineString","coordinates":[[79.67083,29.91875],[79.66042,29.91042]]},"properties":{"MAIN_RIV":41067217,"LENGTH_KM":1.68,"ORD_STRA":1}},
{"type":"Feature","geometry":{"type":"LineString","coordinates":[[79.80208,29.91875],[79.81458,29.91042]]},"properties":{"MAIN_RIV":41067217,"LENGTH_KM":1.63,"ORD_STRA":2}},
{"type":"Feature","geometry":{"type":"LineString","coordinates":[[79.83958,29.91875],[79.81458,29.91042]]},"properties":{"MAIN_RIV":41067217,"LENGTH_KM":2.83,"ORD_STRA":3}},
{"type":"Feature","geometry":{"type":"LineString","coordinates":[[80.04167,29.90833],[80.06458,29.92708]]},"properties":{"MAIN_RIV":41067217,"LENGTH_KM":3.16,"ORD_STRA":1}},
{"type":"Feature","geometry":{"type":"LineString","coordinates":[[80.09375,29.90833],[80.09375,29.91875]]},"properties":{"MAIN_RIV":41067217,"LENGTH_KM":1.16,"ORD_STRA":1}},
{"type":"Feature","geometry":{"type":"LineString","coordinates":[[80.30208,29.93542],[80.31042,29.91042]]},"properties":{"MAIN_RIV":41067217,"LENGTH_KM":3.08,"ORD_STRA":4}},
{"type":"Feature","geometry":{"type":"LineString","coordinates":[[78.46667,29.90625],[78.44375,29.90625],[78.42708,29.91875]]},"properties":{"MAIN_RIV":41067217,"LENGTH_KM":4.45,"ORD_STRA":1}},
{"type":"Feature","geometry":{"type":"LineString","coordinates":[[78.91042,29.95625],[78.88958,29.93125],[78.88958,29.90625]]},"properties":{"MAIN_RIV":41067217,"LENGTH_KM":6.61,"ORD_STRA":2}},
{"type":"Feature","geometry":{"type":"LineString","coordinates":[[78.97917,29.91875],[79.02292,29.91458],[79.02708,29.90625]]},"properties":{"MAIN_RIV":41067217,"LENGTH_KM":5.5,"ORD_STRA":1}},
{"type":"Feature","geometry":{"type":"LineString","coordinates":[[79.03958,29.92708],[79.02708,29.90625]]},"properties":{"MAIN_RIV":41067217,"LENGTH_KM":2.77,"ORD_STRA":3}},
{"type":"Feature","geometry":{"type":"LineString","coordinates":[[79.60208,29.93125],[79.60625,29.91042],[79.61875,29.90625]]},"properties":{"MAIN_RIV":41067217,"LENGTH_KM":3.88,"ORD_STRA":3}},
{"type":"Feature","geometry":{"type":"LineString","coordinates":[[79.63125,29.94167],[79.61875,29.90625]]},"properties":{"MAIN_RIV":41067217,"LENGTH_KM":4.39,"ORD_STRA":1}},
{"type":"Feature","geometry":{"type":"LineString","coordinates":[[80.12708,29.95208],[80.14375,29.93958],[80.16042,29.90625]]},"properties":{"MAIN_RIV":41067217,"LENGTH_KM":6.55,"ORD_STRA":3}},
{"type":"Feature","geometry":{"type":"LineString","coordinates":[[80.16875,29.90625],[80.16042,29.90625]]},"properties":{"MAIN_RIV":41067217,"LENGTH_KM":0.8,"ORD_STRA":3}},
{"type":"Feature","geometry":{"type":"LineString","coordinates":[[80.17708,29.93125],[80.16875,29.90625]]},"properties":{"MAIN_RIV":41067217,"LENGTH_KM":3.08,"ORD_STRA":2}},
{"type":"Feature","geometry":{"type":"LineString","coordinates":[[80.21458,29.91875],[80.19375,29.90625],[80.16875,29.90625]]},"properties":{"MAIN_RIV":41067217,"LENGTH_KM":5.05,"ORD_STRA":3}},
{"type":"Feature","geometry":{"type":"LineString","coordinates":[[80.2875,29.90625],[80.31042,29.91042]]},"properties":{"MAIN_RIV":41067217,"LENGTH_KM":2.42,"ORD_STRA":1}},
{"type":"Feature","geometry":{"type":"LineString","coordinates":[[78.13958,29.91667],[78.14792,29.90208]]},"properties":{"MAIN_RIV":41067217,"LENGTH_KM":2.17,"ORD_STRA":1}},
{"type":"Feature","geometry":{"type":"LineString","coordinates":[[78.18542,29.96042],[78.16042,29.93542],[78.14792,29.90208]]},"properties":{"MAIN_RIV":41067217,"LENGTH_KM":7.83,"ORD_STRA":6}},
{"type":"Feature","geometry":{"type":"LineString","coordinates":[[78.51458,29.90208],[78.51042,29.91875],[78.51875,29.93125],[78.50625,29.94375],[78.51875,29.96042]]},"properties":{"MAIN_RIV":41067217,"LENGTH_KM":7.83,"ORD_STRA":2}},
{"type":"Feature","geometry":{"type":"LineString","coordinates":[[78.56875,29.90833],[78.56875,29.90208]]},"properties":{"MAIN_RIV":41067217,"LENGTH_KM":0.69,"ORD_STRA":1}},
{"type":"Feature","geometry":{"type":"LineString","coordinates":[[78.59792,29.91667],[78.58958,29.90625],[78.56875,29.90208]]},"properties":{"MAIN_RIV":41067217,"LENGTH_KM":3.93,"ORD_STRA":1}},
{"type":"Feature","geometry":{"type":"LineString","coordinates":[[78.84792,29.90833],[78.84792,29.90208]]},"properties":{"MAIN_RIV":41067217,"LENGTH_KM":0.69,"ORD_STRA":1}},
{"type":"Feature","geometry":{"type":"LineString","coordinates":[[79.18125,29.92708],[79.20625,29.90625],[79.22708,29.90208]]},"properties":{"MAIN_RIV":41067217,"LENGTH_KM":5.69,"ORD_STRA":3}},
{"type":"Feature","geometry":{"type":"LineString","coordinates":[[79.23542,29.91875],[79.22708,29.90208]]},"properties":{"MAIN_RIV":41067217,"LENGTH_KM":2.15,"ORD_STRA":2}},
{"type":"Feature","geometry":{"type":"LineString","coordinates":[[79.61875,29.90625],[79.62708,29.90208]]},"properties":{"MAIN_RIV":41067217,"LENGTH_KM":1.01,"ORD_STRA":3}},
{"type":"Feature","geometry":{"type":"LineString","coordinates":[[80.47083,29.92292],[80.48958,29.91875],[80.50625,29.90208],[80.57028,29.91042]]},"properties":{"MAIN_RIV":41067217,"LENGTH_KM":11.32,"ORD_STRA":1}},
{"type":"Feature","geometry":{"type":"LineString","coordinates":[[77.78125,30.01042],[77.82708,29.93958],[77.88125,29.89792]]},"properties":{"MAIN_RIV":41067217,"LENGTH_KM":17.36,"ORD_STRA":4}},
{"type":"Feature","geometry":{"type":"LineString","coordinates":[[77.87708,29.95208],[77.88958,29.91042],[77.88125,29.89792]]},"properties":{"MAIN_RIV":41067217,"LENGTH_KM":6.77,"ORD_STRA":2}},
{"type":"Feature","geometry":{"type":"LineString","coordinates":[[78.50833,29.89583],[78.51458,29.90208]]},"properties":{"MAIN_RIV":41067217,"LENGTH_KM":0.92,"ORD_STRA":1}},
{"type":"Feature","geometry":{"type":"LineString","coordinates":[[78.69375,29.90833],[78.69792,29.89792]]},"properties":{"MAIN_RIV":41067217,"LENGTH_KM":1.31,"ORD_STRA":1}},
{"type":"Feature","geometry":{"type":"LineString","coordinates":[[78.69792,29.89792],[78.71458,29.91458]]},"properties":{"MAIN_RIV":41067217,"LENGTH_KM":2.7,"ORD_STRA":2}},
{"type":"Feature","geometry":{"type":"LineString","coordinates":[[78.84375,29.94167],[78.82708,29.89792]]},"properties":{"MAIN_RIV":41067217,"LENGTH_KM":5.46,"ORD_STRA":1}},
{"type":"Feature","geometry":{"type":"LineString","coordinates":[[78.84792,29.90208],[78.82708,29.89792]]},"properties":{"MAIN_RIV":41067217,"LENGTH_KM":2.22,"ORD_STRA":3}},
{"type":"Feature","geometry":{"type":"LineString","coordinates":[[78.88958,29.90625],[78.86042,29.89792],[78.84792,29.90208]]},"properties":{"MAIN_RIV":41067217,"LENGTH_KM":4.65,"ORD_STRA":3}},
{"type":"Feature","geometry":{"type":"LineString","coordinates":[[78.90625,29.89792],[78.88958,29.90625]]},"properties":{"MAIN_RIV":41067217,"LENGTH_KM":2.03,"ORD_STRA":2}},
{"type":"Feature","geometry":{"type":"LineString","coordinates":[[78.9125,29.90417],[78.90625,29.89792]]},"properties":{"MAIN_RIV":41067217,"LENGTH_KM":0.92,"ORD_STRA":1}},
{"type":"Feature","geometry":{"type":"LineString","coordinates":[[79.05,29.89792],[79.02708,29.90625]]},"properties":{"MAIN_RIV":41067217,"LENGTH_KM":2.63,"ORD_STRA":1}},
{"type":"Feature","geometry":{"type":"LineString","coordinates":[[79.525,29.89583],[79.53958,29.91042]]},"properties":{"MAIN_RIV":41067217,"LENGTH_KM":2.4,"ORD_STRA":1}},
{"type":"Feature","geometry":{"type":"LineString","coordinates":[[79.53958,29.91042],[79.57292,29.89792]]},"properties":{"MAIN_RIV":41067217,"LENGTH_KM":3.85,"ORD_STRA":2}},
{"type":"Feature","geometry":{"type":"LineString","coordinates":[[79.61458,29.89792],[79.62708,29.90208]]},"properties":{"MAIN_RIV":41067217,"LENGTH_KM":1.42,"ORD_STRA":2}},
{"type":"Feature","geometry":{"type":"LineString","coordinates":[[79.66042,29.91042],[79.66458,29.89792]]},"properties":{"MAIN_RIV":41067217,"LENGTH_KM":1.54,"ORD_STRA":2}},
{"type":"Feature","geometry":{"type":"LineString","coordinates":[[79.67917,29.90208],[79.66458,29.89792]]},"properties":{"MAIN_RIV":41067217,"LENGTH_KM":1.62,"ORD_STRA":1}},
{"type":"Feature","geometry":{"type":"LineString","coordinates":[[80.09792,29.92292],[80.14375,29.90625],[80.14792,29.89792]]},"properties":{"MAIN_RIV":41067217,"LENGTH_KM":6.34,"ORD_STRA":2}},
{"type":"Feature","geometry":{"type":"LineString","coordinates":[[80.16042,29.90625],[80.14792,29.89792]]},"properties":{"MAIN_RIV":41067217,"LENGTH_KM":1.63,"ORD_STRA":4}},
{"type":"Feature","geometry":{"type":"LineString","coordinates":[[78.33333,29.92708],[78.29375,29.93125],[78.27708,29.89375]]},"properties":{"MAIN_RIV":41067217,"LENGTH_KM":8.79,"ORD_STRA":1}},
{"type":"Feature","geometry":{"type":"LineString","coordinates":[[78.42708,29.91875],[78.41458,29.89375]]},"properties":{"MAIN_RIV":41067217,"LENGTH_KM":3.53,"ORD_STRA":2}},
{"type":"Feature","geometry":{"type":"LineString","coordinates":[[78.42917,29.89375],[78.41458,29.89375]]},"properties":{"MAIN_RIV":41067217,"LENGTH_KM":1.41,"ORD_STRA":1}},
{"type":"Feature","geometry":{"type":"LineString","coordinates":[[78.75208,29.89375],[78.73125,29.89792],[78.71458,29.91458]]},"properties":{"MAIN_RIV":41067217,"LENGTH_KM":4.67,"ORD_STRA":4}},
{"type":"Feature","geometry":{"type":"LineString","coordinates":[[79.57292,29.89792],[79.61458,29.89792]]},"properties":{"MAIN_RIV":41067217,"LENGTH_KM":4.44,"ORD_STRA":2}},
{"type":"Feature","geometry":{"type":"LineString","coordinates":[[79.62708,29.90208],[79.66042,29.89375]]},"properties":{"MAIN_RIV":41067217,"LENGTH_KM":3.64,"ORD_STRA":3}},
{"type":"Feature","geometry":{"type":"LineString","coordinates":[[79.66458,29.89792],[79.66042,29.89375]]},"properties":{"MAIN_RIV":41067217,"LENGTH_KM":0.61,"ORD_STRA":2}},
{"type":"Feature","geometry":{"type":"LineString","coordinates":[[80.14792,29.89792],[80.14792,29.89375]]},"properties":{"MAIN_RIV":41067217,"LENGTH_KM":0.46,"ORD_STRA":4}},
{"type":"Feature","geometry":{"type":"LineString","coordinates":[[80.40208,29.9],[80.40208,29.89375]]},"properties":{"MAIN_RIV":41067217,"LENGTH_KM":0.69,"ORD_STRA":1}},
{"type":"Feature","geometry":{"type":"LineString","coordinates":[[80.41875,29.9375],[80.40208,29.89375]]},"properties":{"MAIN_RIV":41067217,"LENGTH_KM":5.46,"ORD_STRA":1}},
{"type":"Feature","geometry":{"type":"LineString","coordinates":[[78.35417,29.91667],[78.31042,29.89375],[78.27708,29.89375]]},"properties":{"MAIN_RIV":41067217,"LENGTH_KM":9.44,"ORD_STRA":1}},
{"type":"Feature","geometry":{"type":"LineString","coordinates":[[78.56875,29.90208],[78.56042,29.88958],[78.54792,29.88958],[78.51458,29.90208]]},"properties":{"MAIN_RIV":41067217,"LENGTH_KM":6.74,"ORD_STRA":2}},
{"type":"Feature","geometry":{"type":"LineString","coordinates":[[78.92917,29.89583],[78.91458,29.88958],[78.90625,29.89792]]},"properties":{"MAIN_RIV":41067217,"LENGTH_KM":2.95,"ORD_STRA":1}},
{"type":"Feature","geometry":{"type":"LineString","coordinates":[[79.34375,29.93125],[79.34792,29.88958]]},"properties":{"MAIN_RIV":41067217,"LENGTH_KM":5.08,"ORD_STRA":2}},
{"type":"Feature","geometry":{"type":"LineString","coordinates":[[80.1125,29.88958],[80.14792,29.89375]]},"properties":{"MAIN_RIV":41067217,"LENGTH_KM":3.63,"ORD_STRA":1}},
{"type":"Feature","geometry":{"type":"LineString","coordinates":[[80.20833,29.88958],[80.20208,29.88958]]},"properties":{"MAIN_RIV":41067217,"LENGTH_KM":0.6,"ORD_STRA":1}},
{"type":"Feature","geometry":{"type":"LineString","coordinates":[[77.88125,29.89792],[77.89792,29.88542]]},"properties":{"MAIN_RIV":41067217,"LENGTH_KM":2.24,"ORD_STRA":4}},
{"type":"Feature","geometry":{"type":"LineString","coordinates":[[77.90833,29.90833],[77.91458,29.90208],[77.89792,29.88542]]},"properties":{"MAIN_RIV":41067217,"LENGTH_KM":3.37,"ORD_STRA":1}},
{"type":"Feature","geometry":{"type":"LineString","coordinates":[[79.22708,29.90208],[79.22708,29.88542]]},"properties":{"MAIN_RIV":41067217,"LENGTH_KM":1.85,"ORD_STRA":3}},
{"type":"Feature","geometry":{"type":"LineString","coordinates":[[79.42292,29.91875],[79.38542,29.88542]]},"properties":{"MAIN_RIV":41067217,"LENGTH_KM":5.56,"ORD_STRA":3}},
{"type":"Feature","geometry":{"type":"LineString","coordinates":[[79.99792,29.90833],[79.99792,29.89792],[79.98125,29.88542]]},"properties":{"MAIN_RIV":41067217,"LENGTH_KM":3.4,"ORD_STRA":1}},
{"type":"Feature","geometry":{"type":"LineString","coordinates":[[80.37917,29.89583],[80.38958,29.88542]]},"properties":{"MAIN_RIV":41067217,"LENGTH_KM":1.53,"ORD_STRA":1}},
{"type":"Feature","geometry":{"type":"LineString","coordinates":[[80.39375,29.88542],[80.38958,29.88542]]},"properties":{"MAIN_RIV":41067217,"LENGTH_KM":0.4,"ORD_STRA":2}},
{"type":"Feature","geometry":{"type":"LineString","coordinates":[[80.40208,29.89375],[80.39375,29.88542]]},"properties":{"MAIN_RIV":41067217,"LENGTH_KM":1.23,"ORD_STRA":2}},
{"type":"Feature","geometry":{"type":"LineString","coordinates":[[78.04583,29.94792],[78.03125,29.93958],[78.03125,29.92292],[78.01875,29.91042],[78.02292,29.88125]]},"properties":{"MAIN_RIV":41067217,"LENGTH_KM":8.91,"ORD_STRA":1}},
{"type":"Feature","geometry":{"type":"LineString","coordinates":[[78.05417,29.90208],[78.02292,29.88125]]},"properties":{"MAIN_RIV":41067217,"LENGTH_KM":4.32,"ORD_STRA":1}},
{"type":"Feature","geometry":{"type":"LineString","coordinates":[[79.25,29.88542],[79.22708,29.88542]]},"properties":{"MAIN_RIV":41067217,"LENGTH_KM":3.06,"ORD_STRA":1}},
{"type":"Feature","geometry":{"type":"LineString","coordinates":[[79.30833,29.89583],[79.33958,29.88125]]},"properties":{"MAIN_RIV":41067217,"LENGTH_KM":3.75,"ORD_STRA":1}},
{"type":"Feature","geometry":{"type":"LineString","coordinates":[[79.33542,29.90833],[79.33958,29.88125]]},"properties":{"MAIN_RIV":41067217,"LENGTH_KM":3.16,"ORD_STRA":1}},
{"type":"Feature","geometry":{"type":"LineString","coordinates":[[79.34792,29.88958],[79.33958,29.88125]]},"properties":{"MAIN_RIV":41067217,"LENGTH_KM":1.23,"ORD_STRA":3}},
{"type":"Feature","geometry":{"type":"LineString","coordinates":[[79.36458,29.88125],[79.34792,29.88958]]},"properties":{"MAIN_RIV":41067217,"LENGTH_KM":2.03,"ORD_STRA":3}},
{"type":"Feature","geometry":{"type":"LineString","coordinates":[[79.38542,29.88542],[79.36458,29.88125]]},"properties":{"MAIN_RIV":41067217,"LENGTH_KM":2.22,"ORD_STRA":3}},
{"type":"Feature","geometry":{"type":"LineString","coordinates":[[79.55,29.88125],[79.57292,29.89792]]},"properties":{"MAIN_RIV":41067217,"LENGTH_KM":3.31,"ORD_STRA":1}},
{"type":"Feature","geometry":{"type":"LineString","coordinates":[[79.94792,29.89583],[79.94792,29.88125]]},"properties":{"MAIN_RIV":41067217,"LENGTH_KM":1.62,"ORD_STRA":1}},
{"type":"Feature","geometry":{"type":"LineString","coordinates":[[80.24583,29.88125],[80.21042,29.89792],[80.20208,29.88958]]},"properties":{"MAIN_RIV":41067217,"LENGTH_KM":5.49,"ORD_STRA":1}},
{"type":"Feature","geometry":{"type":"LineString","coordinates":[[80.31042,29.91042],[80.32292,29.88125]]},"properties":{"MAIN_RIV":41067217,"LENGTH_KM":3.69,"ORD_STRA":4}},
{"type":"Feature","geometry":{"type":"LineString","coordinates":[[80.3375,29.88125],[80.32292,29.88125]]},"properties":{"MAIN_RIV":41067217,"LENGTH_KM":1.41,"ORD_STRA":1}},
{"type":"Feature","geometry":{"type":"LineString","coordinates":[[80.39792,29.87917],[80.39375,29.88542]]},"properties":{"MAIN_RIV":41067217,"LENGTH_KM":1.1,"ORD_STRA":1}},
{"type":"Feature","geometry":{"type":"LineString","coordinates":[[80.45833,29.9],[80.43958,29.88125],[80.40208,29.89375]]},"properties":{"MAIN_RIV":41067217,"LENGTH_KM":7.01,"ORD_STRA":1}},
{"type":"Feature","geometry":{"type":"LineString","coordinates":[[78.41458,29.89375],[78.39792,29.87708]]},"properties":{"MAIN_RIV":41067217,"LENGTH_KM":2.71,"ORD_STRA":2}},
{"type":"Feature","geometry":{"type":"LineString","coordinates":[[78.82708,29.87708],[78.81042,29.88542],[78.80625,29.90208],[78.78958,29.88958],[78.76458,29.89792],[78.75208,29.89375]]},"properties":{"MAIN_RIV":41067217,"LENGTH_KM":10.52,"ORD_STRA":4}},
{"type":"Feature","geometry":{"type":"LineString","coordinates":[[78.82708,29.89792],[78.83958,29.88125],[78.82708,29.87708]]},"properties":{"MAIN_RIV":41067217,"LENGTH_KM":3.97,"ORD_STRA":3}},
{"type":"Feature","geometry":{"type":"LineString","coordinates":[[79.43542,29.87708],[79.42708,29.88542],[79.38542,29.88542]]},"properties":{"MAIN_RIV":41067217,"LENGTH_KM":6.09,"ORD_STRA":2}},
{"type":"Feature","geometry":{"type":"LineString","coordinates":[[79.66042,29.89375],[79.68125,29.87708]]},"properties":{"MAIN_RIV":41067217,"LENGTH_KM":2.85,"ORD_STRA":3}},
{"type":"Feature","geometry":{"type":"LineString","coordinates":[[79.81458,29.91042],[79.78542,29.87708]]},"properties":{"MAIN_RIV":41067217,"LENGTH_KM":5.01,"ORD_STRA":3}},
{"type":"Feature","geometry":{"type":"LineString","coordinates":[[79.93958,29.88333],[79.93958,29.87708]]},"properties":{"MAIN_RIV":41067217,"LENGTH_KM":0.69,"ORD_STRA":1}},
{"type":"Feature","geometry":{"type":"LineString","coordinates":[[79.94792,29.88125],[79.93958,29.87708]]},"properties":{"MAIN_RIV":41067217,"LENGTH_KM":1.01,"ORD_STRA":2}},
{"type":"Feature","geometry":{"type":"LineString","coordinates":[[79.98125,29.88542],[79.94792,29.88125]]},"properties":{"MAIN_RIV":41067217,"LENGTH_KM":3.85,"ORD_STRA":2}},
{"type":"Feature","geometry":{"type":"LineString","coordinates":[[80.14792,29.89375],[80.16042,29.87708]]},"properties":{"MAIN_RIV":41067217,"LENGTH_KM":2.3,"ORD_STRA":4}},
{"type":"Feature","geometry":{"type":"LineString","coordinates":[[80.3,29.87708],[80.32292,29.88125]]},"properties":{"MAIN_RIV":41067217,"LENGTH_KM":2.42,"ORD_STRA":1}},
{"type":"Feature","geometry":{"type":"LineString","coordinates":[[80.31875,29.87708],[80.32292,29.87708]]},"properties":{"MAIN_RIV":41067217,"LENGTH_KM":0.4,"ORD_STRA":1}},
{"type":"Feature","geometry":{"type":"LineString","coordinates":[[80.32292,29.88125],[80.32292,29.87708]]},"properties":{"MAIN_RIV":41067217,"LENGTH_KM":0.46,"ORD_STRA":4}},
{"type":"Feature","geometry":{"type":"LineString","coordinates":[[79.33958,29.88125],[79.33958,29.87292]]},"properties":{"MAIN_RIV":41067217,"LENGTH_KM":0.93,"ORD_STRA":3}},
{"type":"Feature","geometry":{"type":"LineString","coordinates":[[79.34583,29.87292],[79.33958,29.87292]]},"properties":{"MAIN_RIV":41067217,"LENGTH_KM":0.6,"ORD_STRA":1}},
{"type":"Feature","geometry":{"type":"LineString","coordinates":[[79.46042,29.87292],[79.43542,29.87708]]},"properties":{"MAIN_RIV":41067217,"LENGTH_KM":2.62,"ORD_STRA":2}},
{"type":"Feature","geometry":{"type":"LineString","coordinates":[[79.47917,29.87708],[79.46042,29.87292]]},"properties":{"MAIN_RIV":41067217,"LENGTH_KM":2.02,"ORD_STRA":1}},
{"type":"Feature","geometry":{"type":"LineString","coordinates":[[79.64167,29.87083],[79.66042,29.89375]]},"properties":{"MAIN_RIV":41067217,"LENGTH_KM":3.22,"ORD_STRA":1}},
{"type":"Feature","geometry":{"type":"LineString","coordinates":[[79.71458,29.88333],[79.71458,29.87292]]},"properties":{"MAIN_RIV":41067217,"LENGTH_KM":1.16,"ORD_STRA":1}},
{"type":"Feature","geometry":{"type":"LineString","coordinates":[[79.73125,29.93542],[79.73125,29.91042],[79.74375,29.89792],[79.76042,29.89792],[79.78125,29.87292]]},"properties":{"MAIN_RIV":41067217,"LENGTH_KM":10.36,"ORD_STRA":2}},
{"type":"Feature","geometry":{"type":"LineString","coordinates":[[79.78542,29.87708],[79.78125,29.87292]]},"properties":{"MAIN_RIV":41067217,"LENGTH_KM":0.61,"ORD_STRA":3}},
{"type":"Feature","geometry":{"type":"LineString","coordinates":[[79.93958,29.87708],[79.93542,29.87292]]},"properties":{"MAIN_RIV":41067217,"LENGTH_KM":0.61,"ORD_STRA":2}},
{"type":"Feature","geometry":{"type":"LineString","coordinates":[[79.98542,29.87083],[79.98125,29.88542]]},"properties":{"MAIN_RIV":41067217,"LENGTH_KM":1.77,"ORD_STRA":1}},
{"type":"Feature","geometry":{"type":"LineString","coordinates":[[80.20208,29.88958],[80.18542,29.88542],[80.17708,29.87292],[80.16042,29.87708]]},"properties":{"MAIN_RIV":41067217,"LENGTH_KM":5.75,"ORD_STRA":2}},
{"type":"Feature","geometry":{"type":"LineString","coordinates":[[80.55,29.87292],[80.55885,29.87292]]},"properties":{"MAIN_RIV":41067217,"LENGTH_KM":1,"ORD_STRA":1}},
{"type":"Feature","geometry":{"type":"LineString","coordinates":[[80.56996,29.8908],[80.56875,29.88795]]},"properties":{"MAIN_RIV":41067217,"LENGTH_KM":2.77,"ORD_STRA":5}},
{"type":"Feature","geometry":{"type":"LineString","coordinates":[[77.89792,29.88542],[77.92708,29.86875]]},"properties":{"MAIN_RIV":41067217,"LENGTH_KM":3.66,"ORD_STRA":4}},
{"type":"Feature","geometry":{"type":"LineString","coordinates":[[77.92708,29.88333],[77.92708,29.86875]]},"properties":{"MAIN_RIV":41067217,"LENGTH_KM":1.62,"ORD_STRA":1}},
{"type":"Feature","geometry":{"type":"LineString","coordinates":[[78.25208,29.87917],[78.25625,29.86875]]},"properties":{"MAIN_RIV":41067217,"LENGTH_KM":1.31,"ORD_STRA":1}},
{"type":"Feature","geometry":{"type":"LineString","coordinates":[[78.27708,29.89375],[78.26042,29.88542],[78.25625,29.86875]]},"properties":{"MAIN_RIV":41067217,"LENGTH_KM":4.03,"ORD_STRA":2}},
{"type":"Feature","geometry":{"type":"LineString","coordinates":[[78.30833,29.87083],[78.30208,29.87708],[78.25625,29.86875]]},"properties":{"MAIN_RIV":41067217,"LENGTH_KM":5.76,"ORD_STRA":1}},
{"type":"Feature","geometry":{"type":"LineString","coordinates":[[78.41042,29.86667],[78.39792,29.87708]]},"properties":{"MAIN_RIV":41067217,"LENGTH_KM":2.11,"ORD_STRA":1}},
{"type":"Feature","geometry":{"type":"LineString","coordinates":[[78.61458,29.89167],[78.61042,29.86875]]},"properties":{"MAIN_RIV":41067217,"LENGTH_KM":2.7,"ORD_STRA":1}},
{"type":"Feature","geometry":{"type":"LineString","coordinates":[[78.64167,29.88125],[78.61042,29.86875]]},"properties":{"MAIN_RIV":41067217,"LENGTH_KM":3.9,"ORD_STRA":1}},
{"type":"Feature","geometry":{"type":"LineString","coordinates":[[79.6125,29.86667],[79.60208,29.87708],[79.61458,29.89792]]},"properties":{"MAIN_RIV":41067217,"LENGTH_KM":4.3,"ORD_STRA":1}},
{"type":"Feature","geometry":{"type":"LineString","coordinates":[[79.68125,29.87708],[79.71042,29.86875]]},"properties":{"MAIN_RIV":41067217,"LENGTH_KM":3.66,"ORD_STRA":3}},
{"type":"Feature","geometry":{"type":"LineString","coordinates":[[79.71042,29.86875],[79.71458,29.87292]]},"properties":{"MAIN_RIV":41067217,"LENGTH_KM":0.61,"ORD_STRA":3}},
{"type":"Feature","geometry":{"type":"LineString","coordinates":[[79.83958,29.875],[79.83958,29.86875]]},"properties":{"MAIN_RIV":41067217,"LENGTH_KM":0.69,"ORD_STRA":1}},
{"type":"Feature","geometry":{"type":"LineString","coordinates":[[79.85208,29.86875],[79.83958,29.86875]]},"properties":{"MAIN_RIV":41067217,"LENGTH_KM":1.21,"ORD_STRA":2}},
{"type":"Feature","geometry":{"type":"LineString","coordinates":[[79.92292,29.86875],[79.90208,29.87708],[79.86042,29.87708],[79.85208,29.86875]]},"properties":{"MAIN_RIV":41067217,"LENGTH_KM":8.1,"ORD_STRA":2}},
{"type":"Feature","geometry":{"type":"LineString","coordinates":[[79.93542,29.87292],[79.92292,29.86875]]},"properties":{"MAIN_RIV":41067217,"LENGTH_KM":1.42,"ORD_STRA":2}},
{"type":"Feature","geometry":{"type":"LineString","coordinates":[[78.975,29.87292],[78.98542,29.86458]]},"properties":{"MAIN_RIV":41067217,"LENGTH_KM":1.68,"ORD_STRA":1}},
{"type":"Feature","geometry":{"type":"LineString","coordinates":[[78.99167,29.87083],[78.98542,29.86458]]},"properties":{"MAIN_RIV":41067217,"LENGTH_KM":0.92,"ORD_STRA":1}},
{"type":"Feature","geometry":{"type":"LineString","coordinates":[[79.43542,29.8625],[79.43542,29.87708]]},"properties":{"MAIN_RIV":41067217,"LENGTH_KM":1.62,"ORD_STRA":1}},
{"type":"Feature","geometry":{"type":"LineString","coordinates":[[79.675,29.8625],[79.68125,29.87708]]},"properties":{"MAIN_RIV":41067217,"LENGTH_KM":1.85,"ORD_STRA":1}},
{"type":"Feature","geometry":{"type":"LineString","coordinates":[[80.05208,29.87917],[80.05208,29.86458]]},"properties":{"MAIN_RIV":41067217,"LENGTH_KM":1.62,"ORD_STRA":1}},
{"type":"Feature","geometry":{"type":"LineString","coordinates":[[80.1375,29.875],[80.16042,29.86458]]},"properties":{"MAIN_RIV":41067217,"LENGTH_KM":2.74,"ORD_STRA":1}},
{"type":"Feature","geometry":{"type":"LineString","coordinates":[[80.16042,29.87708],[80.16042,29.86458]]},"properties":{"MAIN_RIV":41067217,"LENGTH_KM":1.39,"ORD_STRA":4}},
{"type":"Feature","geometry":{"type":"LineString","coordinates":[[80.48333,29.86458],[80.49375,29.86458]]},"properties":{"MAIN_RIV":41067217,"LENGTH_KM":1,"ORD_STRA":1}},
{"type":"Feature","geometry":{"type":"LineString","coordinates":[[80.47917,29.875],[80.49375,29.86458]]},"properties":{"MAIN_RIV":41067217,"LENGTH_KM":1.94,"ORD_STRA":1}},
{"type":"Feature","geometry":{"type":"LineString","coordinates":[[80.55939,29.86772],[80.55625,29.86458]]},"properties":{"MAIN_RIV":41067217,"LENGTH_KM":1.08,"ORD_STRA":5}},
{"type":"Feature","geometry":{"type":"LineString","coordinates":[[78.14792,29.90208],[78.14792,29.88125],[78.16458,29.86042]]},"properties":{"MAIN_RIV":41067217,"LENGTH_KM":5.53,"ORD_STRA":6}},
{"type":"Feature","geometry":{"type":"LineString","coordinates":[[78.20208,29.91042],[78.17708,29.90625],[78.16458,29.89375],[78.17292,29.87292],[78.16458,29.86042]]},"properties":{"MAIN_RIV":41067217,"LENGTH_KM":9.19,"ORD_STRA":2}},
{"type":"Feature","geometry":{"type":"LineString","coordinates":[[78.37917,29.89167],[78.34375,29.86042]]},"properties":{"MAIN_RIV":41067217,"LENGTH_KM":5.25,"ORD_STRA":1}},
{"type":"Feature","geometry":{"type":"LineString","coordinates":[[78.47708,29.875],[78.47708,29.86042]]},"properties":{"MAIN_RIV":41067217,"LENGTH_KM":1.62,"ORD_STRA":1}},
{"type":"Feature","geometry":{"type":"LineString","coordinates":[[78.55,29.86042],[78.50625,29.86875],[78.47708,29.86042]]},"properties":{"MAIN_RIV":41067217,"LENGTH_KM":7.88,"ORD_STRA":1}},
{"type":"Feature","geometry":{"type":"LineString","coordinates":[[78.59792,29.875],[78.60208,29.86042]]},"properties":{"MAIN_RIV":41067217,"LENGTH_KM":1.77,"ORD_STRA":1}},
{"type":"Feature","geometry":{"type":"LineString","coordinates":[[78.61042,29.86875],[78.60208,29.86042]]},"properties":{"MAIN_RIV":41067217,"LENGTH_KM":1.23,"ORD_STRA":2}},
{"type":"Feature","geometry":{"type":"LineString","coordinates":[[78.77917,29.85833],[78.75208,29.88125],[78.75208,29.89375]]},"properties":{"MAIN_RIV":41067217,"LENGTH_KM":5.17,"ORD_STRA":1}},
{"type":"Feature","geometry":{"type":"LineString","coordinates":[[79.14583,29.8875],[79.15208,29.89375],[79.18125,29.88958],[79.21458,29.86042]]},"properties":{"MAIN_RIV":41067217,"LENGTH_KM":9.31,"ORD_STRA":1}},
{"type":"Feature","geometry":{"type":"LineString","coordinates":[[79.22708,29.88542],[79.21458,29.86042]]},"properties":{"MAIN_RIV":41067217,"LENGTH_KM":3.23,"ORD_STRA":3}},
{"type":"Feature","geometry":{"type":"LineString","coordinates":[[79.83958,29.86875],[79.81042,29.86042],[79.78542,29.87708]]},"properties":{"MAIN_RIV":41067217,"LENGTH_KM":6.49,"ORD_STRA":2}},
{"type":"Feature","geometry":{"type":"LineString","coordinates":[[79.93958,29.85833],[79.93542,29.87292]]},"properties":{"MAIN_RIV":41067217,"LENGTH_KM":1.77,"ORD_STRA":1}},
{"type":"Feature","geometry":{"type":"LineString","coordinates":[[80.02917,29.86458],[80.05208,29.86458]]},"properties":{"MAIN_RIV":41067217,"LENGTH_KM":2.63,"ORD_STRA":1}},
{"type":"Feature","geometry":{"type":"MultiLineString","coordinates":[[[77.71665,29.87918],[77.71849,29.87682]],[[77.71458,29.87054],[77.71458,29.86942]],[[77.72232,29.85625],[77.72708,29.85625]]]},"properties":{"MAIN_RIV":41067217,"LENGTH_KM":17.05,"ORD_STRA":1}},
{"type":"Feature","geometry":{"type":"MultiLineString","coordinates":[[[77.74792,29.97083],[77.74679,29.94679]],[[77.74606,29.94606],[77.74562,29.94562]],[[77.74424,29.94424],[77.74375,29.92332]],[[77.74375,29.92289],[77.74375,29.91676]],[[77.74375,29.91649],[77.74375,29.91621]],[[77.74146,29.90812],[77.73814,29.9048]],[[77.73461,29.90127],[77.73397,29.90064]],[[77.73327,29.89994],[77.72946,29.89613]],[[77.72294,29.88539],[77.72708,29.85625]]]},"properties":{"MAIN_RIV":41067217,"LENGTH_KM":14.39,"ORD_STRA":1}},
{"type":"Feature","geometry":{"type":"LineString","coordinates":[[78.16458,29.86042],[78.16875,29.85625]]},"properties":{"MAIN_RIV":41067217,"LENGTH_KM":0.61,"ORD_STRA":6}},
{"type":"Feature","geometry":{"type":"LineString","coordinates":[[78.18333,29.86458],[78.16875,29.85625]]},"properties":{"MAIN_RIV":41067217,"LENGTH_KM":2.08,"ORD_STRA":1}},
{"type":"Feature","geometry":{"type":"LineString","coordinates":[[78.86042,29.85625],[78.82708,29.87708]]},"properties":{"MAIN_RIV":41067217,"LENGTH_KM":4.95,"ORD_STRA":3}},
{"type":"Feature","geometry":{"type":"LineString","coordinates":[[78.86042,29.86667],[78.86042,29.85625]]},"properties":{"MAIN_RIV":41067217,"LENGTH_KM":1.16,"ORD_STRA":1}},
{"type":"Feature","geometry":{"type":"LineString","coordinates":[[79.49167,29.85625],[79.46042,29.87292]]},"properties":{"MAIN_RIV":41067217,"LENGTH_KM":4.11,"ORD_STRA":1}},
{"type":"Feature","geometry":{"type":"LineString","coordinates":[[79.69167,29.85417],[79.71042,29.86875]]},"properties":{"MAIN_RIV":41067217,"LENGTH_KM":2.55,"ORD_STRA":1}},
{"type":"Feature","geometry":{"type":"LineString","coordinates":[[79.92917,29.85417],[79.92292,29.86875]]},"properties":{"MAIN_RIV":41067217,"LENGTH_KM":1.85,"ORD_STRA":1}},
{"type":"Feature","geometry":{"type":"LineString","coordinates":[[78.02292,29.88125],[78.02708,29.85208]]},"properties":{"MAIN_RIV":41067217,"LENGTH_KM":3.39,"ORD_STRA":2}},
{"type":"Feature","geometry":{"type":"LineString","coordinates":[[78.03958,29.86667],[78.02708,29.85208]]},"properties":{"MAIN_RIV":41067217,"LENGTH_KM":2.32,"ORD_STRA":1}},
{"type":"Feature","geometry":{"type":"LineString","coordinates":[[79.71458,29.87292],[79.73958,29.86458],[79.74375,29.85208]]},"properties":{"MAIN_RIV":41067217,"LENGTH_KM":4.8,"ORD_STRA":3}},
{"type":"Feature","geometry":{"type":"LineString","coordinates":[[79.78125,29.87292],[79.78542,29.85208]]},"properties":{"MAIN_RIV":41067217,"LENGTH_KM":2.77,"ORD_STRA":3}},
{"type":"Feature","geometry":{"type":"LineString","coordinates":[[79.79583,29.85208],[79.78542,29.85208]]},"properties":{"MAIN_RIV":41067217,"LENGTH_KM":1,"ORD_STRA":1}},
{"type":"Feature","geometry":{"type":"LineString","coordinates":[[80.05208,29.86458],[80.08125,29.85208]]},"properties":{"MAIN_RIV":41067217,"LENGTH_KM":3.45,"ORD_STRA":2}},
{"type":"Feature","geometry":{"type":"LineString","coordinates":[[80.07083,29.8625],[80.08125,29.85208]]},"properties":{"MAIN_RIV":41067217,"LENGTH_KM":1.53,"ORD_STRA":1}},
{"type":"Feature","geometry":{"type":"LineString","coordinates":[[80.16042,29.86458],[80.15625,29.85208]]},"properties":{"MAIN_RIV":41067217,"LENGTH_KM":2.09,"ORD_STRA":4}},
{"type":"Feature","geometry":{"type":"LineString","coordinates":[[80.32292,29.87708],[80.35208,29.85208]]},"properties":{"MAIN_RIV":41067217,"LENGTH_KM":4.33,"ORD_STRA":4}},
{"type":"Feature","geometry":{"type":"LineString","coordinates":[[80.38958,29.88542],[80.35208,29.85208]]},"properties":{"MAIN_RIV":41067217,"LENGTH_KM":5.56,"ORD_STRA":2}},
{"type":"Feature","geometry":{"type":"MultiLineString","coordinates":[[[80.55625,29.86458],[80.55208,29.85742]],[[80.55208,29.85468],[80.55208,29.85208]]]},"properties":{"MAIN_RIV":41067217,"LENGTH_KM":1.54,"ORD_STRA":5}},
{"type":"Feature","geometry":{"type":"LineString","coordinates":[[78.39792,29.87708],[78.36042,29.84792],[78.34375,29.86042]]},"properties":{"MAIN_RIV":41067217,"LENGTH_KM":7.34,"ORD_STRA":2}},
{"type":"Feature","geometry":{"type":"LineString","coordinates":[[78.47708,29.86042],[78.46458,29.85625],[78.47708,29.84792]]},"properties":{"MAIN_RIV":41067217,"LENGTH_KM":3.04,"ORD_STRA":2}},
{"type":"Feature","geometry":{"type":"LineString","coordinates":[[78.50417,29.84792],[78.47708,29.84792]]},"properties":{"MAIN_RIV":41067217,"LENGTH_KM":2.61,"ORD_STRA":1}},
{"type":"Feature","geometry":{"type":"LineString","coordinates":[[78.95833,29.84792],[78.97708,29.84792]]},"properties":{"MAIN_RIV":41067217,"LENGTH_KM":1.81,"ORD_STRA":1}},
{"type":"Feature","geometry":{"type":"LineString","coordinates":[[78.98542,29.86458],[78.97708,29.84792]]},"properties":{"MAIN_RIV":41067217,"LENGTH_KM":2.15,"ORD_STRA":2}},
{"type":"Feature","geometry":{"type":"LineString","coordinates":[[79.21458,29.86042],[79.20208,29.84792]]},"properties":{"MAIN_RIV":41067217,"LENGTH_KM":2.09,"ORD_STRA":3}},
{"type":"Feature","geometry":{"type":"LineString","coordinates":[[79.85625,29.84583],[79.85208,29.86875]]},"properties":{"MAIN_RIV":41067217,"LENGTH_KM":3.25,"ORD_STRA":1}},
{"type":"Feature","geometry":{"type":"LineString","coordinates":[[80.49375,29.86458],[80.50625,29.84792]]},"properties":{"MAIN_RIV":41067217,"LENGTH_KM":2.3,"ORD_STRA":2}},
{"type":"Feature","geometry":{"type":"LineString","coordinates":[[80.50625,29.8625],[80.50625,29.84792]]},"properties":{"MAIN_RIV":41067217,"LENGTH_KM":1.62,"ORD_STRA":1}},
{"type":"Feature","geometry":{"type":"LineString","coordinates":[[80.55907,29.86458],[80.55625,29.86458]]},"properties":{"MAIN_RIV":41067217,"LENGTH_KM":7.98,"ORD_STRA":1}},
{"type":"Feature","geometry":{"type":"LineString","coordinates":[[78.08542,29.94792],[78.07292,29.89375],[78.08125,29.88125],[78.07708,29.84375]]},"properties":{"MAIN_RIV":41067217,"LENGTH_KM":13.08,"ORD_STRA":2}},
{"type":"Feature","geometry":{"type":"LineString","coordinates":[[78.09792,29.90417],[78.10625,29.88542],[78.09375,29.85208],[78.07708,29.84375]]},"properties":{"MAIN_RIV":41067217,"LENGTH_KM":8.57,"ORD_STRA":1}},
{"type":"Feature","geometry":{"type":"LineString","coordinates":[[79.15417,29.86042],[79.20208,29.84792]]},"properties":{"MAIN_RIV":41067217,"LENGTH_KM":5.68,"ORD_STRA":1}},
{"type":"Feature","geometry":{"type":"LineString","coordinates":[[79.33958,29.87292],[79.30625,29.86042],[79.29375,29.84375]]},"properties":{"MAIN_RIV":41067217,"LENGTH_KM":6.15,"ORD_STRA":3}},
{"type":"Feature","geometry":{"type":"LineString","coordinates":[[79.725,29.84375],[79.73958,29.84375],[79.74375,29.85208]]},"properties":{"MAIN_RIV":41067217,"LENGTH_KM":2.48,"ORD_STRA":1}},
{"type":"Feature","geometry":{"type":"LineString","coordinates":[[80.20625,29.84375],[80.15625,29.85208]]},"properties":{"MAIN_RIV":41067217,"LENGTH_KM":5.25,"ORD_STRA":2}},
{"type":"Feature","geometry":{"type":"LineString","coordinates":[[80.21875,29.84375],[80.20625,29.84375]]},"properties":{"MAIN_RIV":41067217,"LENGTH_KM":1.21,"ORD_STRA":2}},
{"type":"Feature","geometry":{"type":"LineString","coordinates":[[80.225,29.85],[80.21875,29.84375]]},"properties":{"MAIN_RIV":41067217,"LENGTH_KM":0.92,"ORD_STRA":1}},
{"type":"Feature","geometry":{"type":"LineString","coordinates":[[80.35208,29.85208],[80.35208,29.84375]]},"properties":{"MAIN_RIV":41067217,"LENGTH_KM":0.93,"ORD_STRA":4}},
{"type":"Feature","geometry":{"type":"LineString","coordinates":[[77.92708,29.86875],[77.93125,29.85625],[77.95625,29.83958]]},"properties":{"MAIN_RIV":41067217,"LENGTH_KM":4.8,"ORD_STRA":4}},
{"type":"Feature","geometry":{"type":"LineString","coordinates":[[77.95625,29.93542],[77.95208,29.91458],[77.96875,29.87292],[77.95625,29.83958]]},"properties":{"MAIN_RIV":41067217,"LENGTH_KM":12.41,"ORD_STRA":3}},
{"type":"Feature","geometry":{"type":"LineString","coordinates":[[78.86875,29.83958],[78.86042,29.85625]]},"properties":{"MAIN_RIV":41067217,"LENGTH_KM":2.15,"ORD_STRA":3}},
{"type":"Feature","geometry":{"type":"LineString","coordinates":[[78.90417,29.85],[78.88958,29.83958]]},"properties":{"MAIN_RIV":41067217,"LENGTH_KM":1.94,"ORD_STRA":1}},
{"type":"Feature","geometry":{"type":"LineString","coordinates":[[78.97708,29.84792],[78.98542,29.83958]]},"properties":{"MAIN_RIV":41067217,"LENGTH_KM":1.48,"ORD_STRA":2}},
{"type":"Feature","geometry":{"type":"LineString","coordinates":[[79.02708,29.90625],[79.03125,29.85625],[78.98542,29.83958]]},"properties":{"MAIN_RIV":41067217,"LENGTH_KM":12,"ORD_STRA":3}},
{"type":"Feature","geometry":{"type":"LineString","coordinates":[[79.38958,29.83958],[79.36458,29.88125]]},"properties":{"MAIN_RIV":41067217,"LENGTH_KM":5.53,"ORD_STRA":2}},
{"type":"Feature","geometry":{"type":"LineString","coordinates":[[79.55,29.86042],[79.56875,29.85625],[79.57708,29.83958]]},"properties":{"MAIN_RIV":41067217,"LENGTH_KM":4.42,"ORD_STRA":1}},
{"type":"Feature","geometry":{"type":"LineString","coordinates":[[79.74375,29.85208],[79.75625,29.83958]]},"properties":{"MAIN_RIV":41067217,"LENGTH_KM":1.84,"ORD_STRA":3}},
{"type":"Feature","geometry":{"type":"LineString","coordinates":[[79.75625,29.83958],[79.77292,29.83958]]},"properties":{"MAIN_RIV":41067217,"LENGTH_KM":1.61,"ORD_STRA":3}},
{"type":"Feature","geometry":{"type":"LineString","coordinates":[[79.78542,29.85208],[79.77292,29.83958]]},"properties":{"MAIN_RIV":41067217,"LENGTH_KM":2.09,"ORD_STRA":3}},
{"type":"Feature","geometry":{"type":"LineString","coordinates":[[80.22917,29.8375],[80.21875,29.84375]]},"properties":{"MAIN_RIV":41067217,"LENGTH_KM":1.32,"ORD_STRA":1}},
{"type":"Feature","geometry":{"type":"LineString","coordinates":[[78.16875,29.85625],[78.17708,29.83542]]},"properties":{"MAIN_RIV":41067217,"LENGTH_KM":2.62,"ORD_STRA":6}},
{"type":"Feature","geometry":{"type":"LineString","coordinates":[[78.25625,29.86875],[78.21458,29.84375],[78.17708,29.83542]]},"properties":{"MAIN_RIV":41067217,"LENGTH_KM":9.33,"ORD_STRA":2}},
{"type":"Feature","geometry":{"type":"LineString","coordinates":[[78.88958,29.83958],[78.86875,29.83958]]},"properties":{"MAIN_RIV":41067217,"LENGTH_KM":2.43,"ORD_STRA":3}},
{"type":"Feature","geometry":{"type":"LineString","coordinates":[[78.98542,29.83958],[78.98125,29.83542]]},"properties":{"MAIN_RIV":41067217,"LENGTH_KM":0.61,"ORD_STRA":3}},
{"type":"Feature","geometry":{"type":"LineString","coordinates":[[79.325,29.83542],[79.29375,29.84375]]},"properties":{"MAIN_RIV":41067217,"LENGTH_KM":3.44,"ORD_STRA":1}},
{"type":"Feature","geometry":{"type":"LineString","coordinates":[[79.38958,29.83333],[79.38958,29.83958]]},"properties":{"MAIN_RIV":41067217,"LENGTH_KM":0.69,"ORD_STRA":1}},
{"type":"Feature","geometry":{"type":"LineString","coordinates":[[79.54583,29.83542],[79.57708,29.83958]]},"properties":{"MAIN_RIV":41067217,"LENGTH_KM":3.23,"ORD_STRA":1}},
{"type":"Feature","geometry":{"type":"LineString","coordinates":[[80.1375,29.84583],[80.14375,29.83542]]},"properties":{"MAIN_RIV":41067217,"LENGTH_KM":1.38,"ORD_STRA":1}},
{"type":"Feature","geometry":{"type":"LineString","coordinates":[[80.15625,29.85208],[80.14375,29.83542]]},"properties":{"MAIN_RIV":41067217,"LENGTH_KM":2.3,"ORD_STRA":4}},
{"type":"Feature","geometry":{"type":"LineString","coordinates":[[80.2125,29.83333],[80.20625,29.84375]]},"properties":{"MAIN_RIV":41067217,"LENGTH_KM":1.38,"ORD_STRA":1}},
{"type":"Feature","geometry":{"type":"LineString","coordinates":[[80.25833,29.84583],[80.27292,29.83542]]},"properties":{"MAIN_RIV":41067217,"LENGTH_KM":1.94,"ORD_STRA":1}},
{"type":"Feature","geometry":{"type":"LineString","coordinates":[[80.27292,29.8625],[80.27292,29.83542]]},"properties":{"MAIN_RIV":41067217,"LENGTH_KM":3.31,"ORD_STRA":1}},
{"type":"Feature","geometry":{"type":"LineString","coordinates":[[80.3375,29.84583],[80.34792,29.83542],[80.35208,29.84375]]},"properties":{"MAIN_RIV":41067217,"LENGTH_KM":2.61,"ORD_STRA":1}},
{"type":"Feature","geometry":{"type":"LineString","coordinates":[[80.35208,29.84375],[80.36042,29.83542]]},"properties":{"MAIN_RIV":41067217,"LENGTH_KM":1.23,"ORD_STRA":4}},
{"type":"Feature","geometry":{"type":"LineString","coordinates":[[80.39167,29.84375],[80.36875,29.84375],[80.36042,29.83542]]},"properties":{"MAIN_RIV":41067217,"LENGTH_KM":3.44,"ORD_STRA":1}},
{"type":"Feature","geometry":{"type":"MultiLineString","coordinates":[[[80.55208,29.85208],[80.55019,29.85019]],[[80.54593,29.84792],[80.5392,29.84753]],[[80.5379,29.84624],[80.53421,29.83838]]]},"properties":{"MAIN_RIV":41067217,"LENGTH_KM":3.11,"ORD_STRA":5}},
{"type":"Feature","geometry":{"type":"LineString","coordinates":[[78.14583,29.8625],[78.17292,29.83125]]},"properties":{"MAIN_RIV":41067217,"LENGTH_KM":4.45,"ORD_STRA":1}},
{"type":"Feature","geometry":{"type":"LineString","coordinates":[[78.17708,29.83542],[78.17292,29.83125]]},"properties":{"MAIN_RIV":41067217,"LENGTH_KM":0.61,"ORD_STRA":6}},
{"type":"Feature","geometry":{"type":"LineString","coordinates":[[80.27292,29.83542],[80.27708,29.83125]]},"properties":{"MAIN_RIV":41067217,"LENGTH_KM":0.61,"ORD_STRA":2}},
{"type":"Feature","geometry":{"type":"LineString","coordinates":[[80.44167,29.84583],[80.46042,29.83125]]},"properties":{"MAIN_RIV":41067217,"LENGTH_KM":2.55,"ORD_STRA":1}},
{"type":"Feature","geometry":{"type":"LineString","coordinates":[[80.46042,29.84583],[80.46042,29.83125]]},"properties":{"MAIN_RIV":41067217,"LENGTH_KM":1.92,"ORD_STRA":1}},
{"type":"Feature","geometry":{"type":"LineString","coordinates":[[77.79792,29.8625],[77.79792,29.83958],[77.81458,29.82708]]},"properties":{"MAIN_RIV":41067217,"LENGTH_KM":5.04,"ORD_STRA":1}},
{"type":"Feature","geometry":{"type":"LineString","coordinates":[[77.79167,29.925],[77.84792,29.88125],[77.84792,29.86042],[77.81458,29.82708]]},"properties":{"MAIN_RIV":41067217,"LENGTH_KM":15.37,"ORD_STRA":1}},
{"type":"Feature","geometry":{"type":"LineString","coordinates":[[79.08333,29.83542],[79.07292,29.82708]]},"properties":{"MAIN_RIV":41067217,"LENGTH_KM":1.93,"ORD_STRA":1}},
{"type":"Feature","geometry":{"type":"LineString","coordinates":[[80.26667,29.825],[80.27708,29.83125]]},"properties":{"MAIN_RIV":41067217,"LENGTH_KM":1.32,"ORD_STRA":1}},
{"type":"Feature","geometry":{"type":"LineString","coordinates":[[80.50625,29.84792],[80.51875,29.82708]]},"properties":{"MAIN_RIV":41067217,"LENGTH_KM":2.77,"ORD_STRA":2}},
{"type":"Feature","geometry":{"type":"MultiLineString","coordinates":[[[80.52881,29.83542],[80.52459,29.83292]],[[80.52324,29.83157],[80.51875,29.82708]]]},"properties":{"MAIN_RIV":41067217,"LENGTH_KM":1.63,"ORD_STRA":5}},
{"type":"Feature","geometry":{"type":"LineString","coordinates":[[78.85625,29.82292],[78.86875,29.83958]]},"properties":{"MAIN_RIV":41067217,"LENGTH_KM":2.56,"ORD_STRA":2}},
{"type":"Feature","geometry":{"type":"LineString","coordinates":[[79.03542,29.82292],[79.02708,29.83125],[78.99792,29.82708],[78.98125,29.83542]]},"properties":{"MAIN_RIV":41067217,"LENGTH_KM":6.28,"ORD_STRA":2}},
{"type":"Feature","geometry":{"type":"LineString","coordinates":[[79.07292,29.82708],[79.03542,29.82292]]},"properties":{"MAIN_RIV":41067217,"LENGTH_KM":4.25,"ORD_STRA":2}},
{"type":"Feature","geometry":{"type":"LineString","coordinates":[[79.275,29.82708],[79.28125,29.82292]]},"properties":{"MAIN_RIV":41067217,"LENGTH_KM":1.07,"ORD_STRA":1}},
{"type":"Feature","geometry":{"type":"LineString","coordinates":[[79.29375,29.84375],[79.28125,29.82292]]},"properties":{"MAIN_RIV":41067217,"LENGTH_KM":2.77,"ORD_STRA":3}},
{"type":"Feature","geometry":{"type":"LineString","coordinates":[[79.41042,29.82292],[79.38958,29.83958]]},"properties":{"MAIN_RIV":41067217,"LENGTH_KM":2.85,"ORD_STRA":2}},
{"type":"Feature","geometry":{"type":"LineString","coordinates":[[79.41667,29.82292],[79.41042,29.82292]]},"properties":{"MAIN_RIV":41067217,"LENGTH_KM":0.6,"ORD_STRA":1}},
{"type":"Feature","geometry":{"type":"LineString","coordinates":[[80.08125,29.85208],[80.13958,29.82292]]},"properties":{"MAIN_RIV":41067217,"LENGTH_KM":7.36,"ORD_STRA":2}},
{"type":"Feature","geometry":{"type":"LineString","coordinates":[[80.14375,29.83542],[80.13958,29.82292]]},"properties":{"MAIN_RIV":41067217,"LENGTH_KM":1.54,"ORD_STRA":4}},
{"type":"Feature","geometry":{"type":"LineString","coordinates":[[80.50625,29.82917],[80.50625,29.82292]]},"properties":{"MAIN_RIV":41067217,"LENGTH_KM":0.69,"ORD_STRA":1}},
{"type":"Feature","geometry":{"type":"LineString","coordinates":[[80.50657,29.82292],[80.50625,29.82292]]},"properties":{"MAIN_RIV":41067217,"LENGTH_KM":0.4,"ORD_STRA":5}},
{"type":"Feature","geometry":{"type":"LineString","coordinates":[[80.51875,29.82708],[80.5125,29.825]]},"properties":{"MAIN_RIV":41067217,"LENGTH_KM":1.01,"ORD_STRA":5}},
{"type":"Feature","geometry":{"type":"LineString","coordinates":[[80.553,29.85117],[80.55208,29.85208]]},"properties":{"MAIN_RIV":41067217,"LENGTH_KM":4.7,"ORD_STRA":2}},
{"type":"Feature","geometry":{"type":"LineString","coordinates":[[78.02708,29.85208],[78.03125,29.81875]]},"properties":{"MAIN_RIV":41067217,"LENGTH_KM":4.16,"ORD_STRA":2}},
{"type":"Feature","geometry":{"type":"LineString","coordinates":[[78.07708,29.84375],[78.07708,29.82708],[78.04792,29.83125],[78.03125,29.81875]]},"properties":{"MAIN_RIV":41067217,"LENGTH_KM":7.42,"ORD_STRA":2}},
{"type":"Feature","geometry":{"type":"LineString","coordinates":[[78.65417,29.85417],[78.62708,29.81875]]},"properties":{"MAIN_RIV":41067217,"LENGTH_KM":4.91,"ORD_STRA":1}},
{"type":"Feature","geometry":{"type":"LineString","coordinates":[[78.7375,29.81667],[78.71875,29.83542],[78.69792,29.89792]]},"properties":{"MAIN_RIV":41067217,"LENGTH_KM":10.71,"ORD_STRA":1}},
{"type":"Feature","geometry":{"type":"LineString","coordinates":[[80.27708,29.83125],[80.28125,29.81875]]},"properties":{"MAIN_RIV":41067217,"LENGTH_KM":1.54,"ORD_STRA":2}},
{"type":"Feature","geometry":{"type":"LineString","coordinates":[[80.29167,29.82917],[80.28125,29.81875]]},"properties":{"MAIN_RIV":41067217,"LENGTH_KM":1.53,"ORD_STRA":1}},
{"type":"Feature","geometry":{"type":"LineString","coordinates":[[78.80833,29.825],[78.83125,29.81458],[78.83542,29.82292],[78.85625,29.82292]]},"properties":{"MAIN_RIV":41067217,"LENGTH_KM":5.83,"ORD_STRA":1}},
{"type":"Feature","geometry":{"type":"LineString","coordinates":[[78.90208,29.81458],[78.88958,29.83958]]},"properties":{"MAIN_RIV":41067217,"LENGTH_KM":3.53,"ORD_STRA":3}},
{"type":"Feature","geometry":{"type":"LineString","coordinates":[[79.72083,29.81458],[79.72708,29.81458]]},"properties":{"MAIN_RIV":41067217,"LENGTH_KM":0.6,"ORD_STRA":1}},
{"type":"Feature","geometry":{"type":"LineString","coordinates":[[79.7125,29.81875],[79.72708,29.81458]]},"properties":{"MAIN_RIV":41067217,"LENGTH_KM":1.62,"ORD_STRA":1}},
{"type":"Feature","geometry":{"type":"LineString","coordinates":[[79.72708,29.81458],[79.75625,29.83958]]},"properties":{"MAIN_RIV":41067217,"LENGTH_KM":4.08,"ORD_STRA":2}},
{"type":"Feature","geometry":{"type":"LineString","coordinates":[[79.77292,29.83958],[79.76875,29.82708],[79.77708,29.81458]]},"properties":{"MAIN_RIV":41067217,"LENGTH_KM":3.23,"ORD_STRA":4}},
{"type":"Feature","geometry":{"type":"LineString","coordinates":[[79.97292,29.82917],[79.98125,29.81458]]},"properties":{"MAIN_RIV":41067217,"LENGTH_KM":2.17,"ORD_STRA":1}},
{"type":"Feature","geometry":{"type":"LineString","coordinates":[[79.9875,29.82917],[79.98125,29.81458]]},"properties":{"MAIN_RIV":41067217,"LENGTH_KM":1.85,"ORD_STRA":1}},
{"type":"Feature","geometry":{"type":"LineString","coordinates":[[77.99583,29.82083],[78.00625,29.81042]]},"properties":{"MAIN_RIV":41067217,"LENGTH_KM":1.53,"ORD_STRA":1}},
{"type":"Feature","geometry":{"type":"LineString","coordinates":[[78.03958,29.98542],[77.98125,29.89792],[77.98958,29.87292],[78.00625,29.86042],[78.00625,29.81042]]},"properties":{"MAIN_RIV":41067217,"LENGTH_KM":24.66,"ORD_STRA":2}},
{"type":"Feature","geometry":{"type":"LineString","coordinates":[[78.40417,29.81458],[78.41458,29.81042]]},"properties":{"MAIN_RIV":41067217,"LENGTH_KM":1.22,"ORD_STRA":1}},
{"type":"Feature","geometry":{"type":"LineString","coordinates":[[78.41875,29.82083],[78.41458,29.81042]]},"properties":{"MAIN_RIV":41067217,"LENGTH_KM":1.31,"ORD_STRA":1}},
{"type":"Feature","geometry":{"type":"LineString","coordinates":[[78.92708,29.81042],[78.90208,29.81458]]},"properties":{"MAIN_RIV":41067217,"LENGTH_KM":3.05,"ORD_STRA":3}},
{"type":"Feature","geometry":{"type":"LineString","coordinates":[[78.98125,29.83542],[78.96042,29.81875],[78.92708,29.81042]]},"properties":{"MAIN_RIV":41067217,"LENGTH_KM":6.49,"ORD_STRA":3}},
{"type":"Feature","geometry":{"type":"LineString","coordinates":[[79.03333,29.80833],[79.04375,29.81875],[79.03542,29.82292]]},"properties":{"MAIN_RIV":41067217,"LENGTH_KM":2.55,"ORD_STRA":1}},
{"type":"Feature","geometry":{"type":"LineString","coordinates":[[79.10625,29.81042],[79.07292,29.82708]]},"properties":{"MAIN_RIV":41067217,"LENGTH_KM":4.06,"ORD_STRA":2}},
{"type":"Feature","geometry":{"type":"LineString","coordinates":[[79.11667,29.875],[79.11458,29.85208],[79.13542,29.83125],[79.10625,29.81042]]},"properties":{"MAIN_RIV":41067217,"LENGTH_KM":10.36,"ORD_STRA":1}},
{"type":"Feature","geometry":{"type":"LineString","coordinates":[[79.96667,29.81042],[79.98125,29.81042]]},"properties":{"MAIN_RIV":41067217,"LENGTH_KM":1.41,"ORD_STRA":1}},
{"type":"Feature","geometry":{"type":"LineString","coordinates":[[79.98125,29.81458],[79.98125,29.81042]]},"properties":{"MAIN_RIV":41067217,"LENGTH_KM":0.46,"ORD_STRA":2}},
{"type":"Feature","geometry":{"type":"LineString","coordinates":[[80.40833,29.81042],[80.41875,29.81042]]},"properties":{"MAIN_RIV":41067217,"LENGTH_KM":1,"ORD_STRA":1}},
{"type":"Feature","geometry":{"type":"LineString","coordinates":[[80.41875,29.8375],[80.41875,29.81042]]},"properties":{"MAIN_RIV":41067217,"LENGTH_KM":3.31,"ORD_STRA":1}},
{"type":"Feature","geometry":{"type":"LineString","coordinates":[[78.59792,29.8125],[78.59792,29.80625]]},"properties":{"MAIN_RIV":41067217,"LENGTH_KM":0.69,"ORD_STRA":1}},
{"type":"Feature","geometry":{"type":"LineString","coordinates":[[78.60625,29.80625],[78.59792,29.80625]]},"properties":{"MAIN_RIV":41067217,"LENGTH_KM":0.8,"ORD_STRA":3}},
{"type":"Feature","geometry":{"type":"LineString","coordinates":[[78.60208,29.86042],[78.59792,29.82708],[78.61042,29.81458],[78.60625,29.80625]]},"properties":{"MAIN_RIV":41067217,"LENGTH_KM":7.07,"ORD_STRA":2}},
{"type":"Feature","geometry":{"type":"LineString","coordinates":[[78.62708,29.81875],[78.62292,29.82292],[78.61875,29.81042],[78.60625,29.80625]]},"properties":{"MAIN_RIV":41067217,"LENGTH_KM":3.57,"ORD_STRA":2}},
{"type":"Feature","geometry":{"type":"LineString","coordinates":[[78.65833,29.80625],[78.62708,29.81875]]},"properties":{"MAIN_RIV":41067217,"LENGTH_KM":3.65,"ORD_STRA":1}},
{"type":"Feature","geometry":{"type":"LineString","coordinates":[[79.1625,29.81875],[79.18542,29.81875],[79.19375,29.80625]]},"properties":{"MAIN_RIV":41067217,"LENGTH_KM":4.15,"ORD_STRA":1}},
{"type":"Feature","geometry":{"type":"LineString","coordinates":[[79.57708,29.83958],[79.58125,29.83125],[79.60208,29.83125],[79.61458,29.80625]]},"properties":{"MAIN_RIV":41067217,"LENGTH_KM":6.32,"ORD_STRA":2}},
{"type":"Feature","geometry":{"type":"LineString","coordinates":[[79.65,29.82708],[79.63542,29.82708],[79.62708,29.81042],[79.61458,29.80625]]},"properties":{"MAIN_RIV":41067217,"LENGTH_KM":5.28,"ORD_STRA":1}},
{"type":"Feature","geometry":{"type":"LineString","coordinates":[[79.98125,29.81042],[79.98542,29.80625]]},"properties":{"MAIN_RIV":41067217,"LENGTH_KM":0.61,"ORD_STRA":2}},
{"type":"Feature","geometry":{"type":"LineString","coordinates":[[80.00625,29.82917],[79.98542,29.80625]]},"properties":{"MAIN_RIV":41067217,"LENGTH_KM":3.8,"ORD_STRA":1}},
{"type":"Feature","geometry":{"type":"LineString","coordinates":[[80.04167,29.81667],[80.06042,29.80625]]},"properties":{"MAIN_RIV":41067217,"LENGTH_KM":2.34,"ORD_STRA":1}},
{"type":"Feature","geometry":{"type":"LineString","coordinates":[[80.06042,29.80625],[80.07292,29.80625]]},"properties":{"MAIN_RIV":41067217,"LENGTH_KM":1.63,"ORD_STRA":2}},
{"type":"Feature","geometry":{"type":"LineString","coordinates":[[80.07292,29.80625],[80.11042,29.81042]]},"properties":{"MAIN_RIV":41067217,"LENGTH_KM":4.25,"ORD_STRA":2}},
{"type":"Feature","geometry":{"type":"LineString","coordinates":[[80.11042,29.81042],[80.13542,29.80625]]},"properties":{"MAIN_RIV":41067217,"LENGTH_KM":3.05,"ORD_STRA":2}},
{"type":"Feature","geometry":{"type":"LineString","coordinates":[[80.13958,29.82292],[80.13542,29.80625]]},"properties":{"MAIN_RIV":41067217,"LENGTH_KM":2,"ORD_STRA":4}},
{"type":"Feature","geometry":{"type":"LineString","coordinates":[[80.2625,29.81042],[80.29375,29.80625]]},"properties":{"MAIN_RIV":41067217,"LENGTH_KM":3.65,"ORD_STRA":1}},
{"type":"Feature","geometry":{"type":"LineString","coordinates":[[80.28125,29.81875],[80.29375,29.80625]]},"properties":{"MAIN_RIV":41067217,"LENGTH_KM":1.84,"ORD_STRA":2}},
{"type":"Feature","geometry":{"type":"LineString","coordinates":[[80.30417,29.81042],[80.29375,29.80625]]},"properties":{"MAIN_RIV":41067217,"LENGTH_KM":1.22,"ORD_STRA":1}},
{"type":"Feature","geometry":{"type":"LineString","coordinates":[[78.36458,29.825],[78.35208,29.80208]]},"properties":{"MAIN_RIV":41067217,"LENGTH_KM":3,"ORD_STRA":1}},
{"type":"Feature","geometry":{"type":"LineString","coordinates":[[78.85625,29.8],[78.85625,29.82292]]},"properties":{"MAIN_RIV":41067217,"LENGTH_KM":3.1,"ORD_STRA":1}},
{"type":"Feature","geometry":{"type":"LineString","coordinates":[[79.10625,29.8],[79.10625,29.81042]]},"properties":{"MAIN_RIV":41067217,"LENGTH_KM":1.16,"ORD_STRA":1}},
{"type":"Feature","geometry":{"type":"LineString","coordinates":[[79.75417,29.80208],[79.77708,29.81458]]},"properties":{"MAIN_RIV":41067217,"LENGTH_KM":2.85,"ORD_STRA":1}},
{"type":"Feature","geometry":{"type":"LineString","coordinates":[[79.77708,29.81458],[79.78958,29.80208]]},"properties":{"MAIN_RIV":41067217,"LENGTH_KM":2.09,"ORD_STRA":4}},
{"type":"Feature","geometry":{"type":"LineString","coordinates":[[79.85,29.82292],[79.83125,29.82292],[79.81458,29.81042],[79.79792,29.81458],[79.78542,29.80625],[79.78958,29.80208]]},"properties":{"MAIN_RIV":41067217,"LENGTH_KM":8.11,"ORD_STRA":1}},
{"type":"Feature","geometry":{"type":"LineString","coordinates":[[80.06042,29.8],[80.06042,29.80625]]},"properties":{"MAIN_RIV":41067217,"LENGTH_KM":0.69,"ORD_STRA":1}},
{"type":"Feature","geometry":{"type":"LineString","coordinates":[[80.06667,29.8],[80.07292,29.80625]]},"properties":{"MAIN_RIV":41067217,"LENGTH_KM":0.92,"ORD_STRA":1}},
{"type":"Feature","geometry":{"type":"LineString","coordinates":[[80.36042,29.83542],[80.36458,29.80208]]},"properties":{"MAIN_RIV":41067217,"LENGTH_KM":3.86,"ORD_STRA":4}},
{"type":"Feature","geometry":{"type":"LineString","coordinates":[[80.36875,29.8125],[80.36458,29.80208]]},"properties":{"MAIN_RIV":41067217,"LENGTH_KM":1.31,"ORD_STRA":1}},
{"type":"Feature","geometry":{"type":"LineString","coordinates":[[80.46042,29.83125],[80.49375,29.80208]]},"properties":{"MAIN_RIV":41067217,"LENGTH_KM":4.95,"ORD_STRA":2}},
{"type":"Feature","geometry":{"type":"MultiLineString","coordinates":[[[80.50625,29.82292],[80.50208,29.8181]],[[80.49792,29.81027],[80.49792,29.8064]],[[80.49523,29.80356],[80.49375,29.80208]]]},"properties":{"MAIN_RIV":41067217,"LENGTH_KM":2.77,"ORD_STRA":5}},
{"type":"Feature","geometry":{"type":"LineString","coordinates":[[80.10417,29.79583],[80.11042,29.81042]]},"properties":{"MAIN_RIV":41067217,"LENGTH_KM":1.85,"ORD_STRA":1}},
{"type":"Feature","geometry":{"type":"LineString","coordinates":[[80.18333,29.81458],[80.16042,29.79792]]},"properties":{"MAIN_RIV":41067217,"LENGTH_KM":3.31,"ORD_STRA":1}},
{"type":"Feature","geometry":{"type":"LineString","coordinates":[[80.41875,29.81042],[80.42708,29.79792]]},"properties":{"MAIN_RIV":41067217,"LENGTH_KM":1.69,"ORD_STRA":2}},
{"type":"Feature","geometry":{"type":"MultiLineString","coordinates":[[[80.4409,29.80077],[80.43907,29.80259]],[[80.43558,29.80609],[80.43517,29.806]],[[80.43359,29.80443],[80.42708,29.79792]]]},"properties":{"MAIN_RIV":41067217,"LENGTH_KM":2.86,"ORD_STRA":5}},
{"type":"Feature","geometry":{"type":"LineString","coordinates":[[77.7875,29.88333],[77.76875,29.86458],[77.76875,29.83542],[77.78125,29.81042],[77.80208,29.79375]]},"properties":{"MAIN_RIV":41067217,"LENGTH_KM":12.69,"ORD_STRA":1}},
{"type":"Feature","geometry":{"type":"LineString","coordinates":[[77.81458,29.82708],[77.80208,29.79375]]},"properties":{"MAIN_RIV":41067217,"LENGTH_KM":4.16,"ORD_STRA":2}},
{"type":"Feature","geometry":{"type":"LineString","coordinates":[[78.00625,29.81042],[78.01042,29.79375]]},"properties":{"MAIN_RIV":41067217,"LENGTH_KM":2,"ORD_STRA":2}},
{"type":"Feature","geometry":{"type":"LineString","coordinates":[[78.03125,29.81875],[78.01042,29.79375]]},"properties":{"MAIN_RIV":41067217,"LENGTH_KM":3.78,"ORD_STRA":3}},
{"type":"Feature","geometry":{"type":"LineString","coordinates":[[78.41458,29.81042],[78.40208,29.79375],[78.35208,29.80208]]},"properties":{"MAIN_RIV":41067217,"LENGTH_KM":7.55,"ORD_STRA":2}},
{"type":"Feature","geometry":{"type":"LineString","coordinates":[[79.88542,29.80833],[79.89375,29.79375]]},"properties":{"MAIN_RIV":41067217,"LENGTH_KM":2.17,"ORD_STRA":1}},
{"type":"Feature","geometry":{"type":"LineString","coordinates":[[80.16458,29.79167],[80.16042,29.79792]]},"properties":{"MAIN_RIV":41067217,"LENGTH_KM":1.1,"ORD_STRA":1}},
{"type":"Feature","geometry":{"type":"LineString","coordinates":[[80.29375,29.80625],[80.31458,29.79375]]},"properties":{"MAIN_RIV":41067217,"LENGTH_KM":2.64,"ORD_STRA":2}},
{"type":"Feature","geometry":{"type":"LineString","coordinates":[[80.31458,29.79375],[80.31875,29.79375]]},"properties":{"MAIN_RIV":41067217,"LENGTH_KM":0.4,"ORD_STRA":2}},
{"type":"Feature","geometry":{"type":"LineString","coordinates":[[80.31875,29.8],[80.31875,29.79375]]},"properties":{"MAIN_RIV":41067217,"LENGTH_KM":0.69,"ORD_STRA":1}},
{"type":"Feature","geometry":{"type":"LineString","coordinates":[[80.34167,29.80208],[80.35625,29.79375]]},"properties":{"MAIN_RIV":41067217,"LENGTH_KM":2.08,"ORD_STRA":1}},
{"type":"Feature","geometry":{"type":"LineString","coordinates":[[80.36458,29.80208],[80.35625,29.79375]]},"properties":{"MAIN_RIV":41067217,"LENGTH_KM":1.23,"ORD_STRA":4}},
{"type":"Feature","geometry":{"type":"MultiLineString","coordinates":[[[80.48737,29.79596],[80.47644,29.79792]],[[80.47143,29.79941],[80.46526,29.80208]],[[80.46231,29.80208],[80.45934,29.80208]],[[80.45302,29.80208],[80.44939,29.79939]]]},"properties":{"MAIN_RIV":41067217,"LENGTH_KM":4.66,"ORD_STRA":5}},
{"type":"Feature","geometry":{"type":"MultiLineString","coordinates":[[[80.49375,29.80208],[80.49375,29.80186]],[[80.49375,29.79981],[80.49139,29.79556]]]},"properties":{"MAIN_RIV":41067217,"LENGTH_KM":1.08,"ORD_STRA":5}},
{"type":"Feature","geometry":{"type":"LineString","coordinates":[[78.88958,29.7875],[78.90208,29.81458]]},"properties":{"MAIN_RIV":41067217,"LENGTH_KM":3.46,"ORD_STRA":1}},
{"type":"Feature","geometry":{"type":"LineString","coordinates":[[79.15833,29.7875],[79.16458,29.79375],[79.18542,29.78958],[79.19375,29.80625]]},"properties":{"MAIN_RIV":41067217,"LENGTH_KM":5.29,"ORD_STRA":1}},
{"type":"Feature","geometry":{"type":"LineString","coordinates":[[79.28125,29.82292],[79.26458,29.78958]]},"properties":{"MAIN_RIV":41067217,"LENGTH_KM":4.31,"ORD_STRA":3}},
{"type":"Feature","geometry":{"type":"LineString","coordinates":[[79.675,29.79375],[79.66458,29.78958]]},"properties":{"MAIN_RIV":41067217,"LENGTH_KM":1.22,"ORD_STRA":1}},
{"type":"Feature","geometry":{"type":"LineString","coordinates":[[79.67083,29.78958],[79.66458,29.78958]]},"properties":{"MAIN_RIV":41067217,"LENGTH_KM":0.6,"ORD_STRA":1}},
{"type":"Feature","geometry":{"type":"LineString","coordinates":[[79.90833,29.825],[79.91458,29.79375],[79.89375,29.79375]]},"properties":{"MAIN_RIV":41067217,"LENGTH_KM":6.43,"ORD_STRA":1}},
{"type":"Feature","geometry":{"type":"LineString","coordinates":[[80.31042,29.7875],[80.31458,29.79375]]},"properties":{"MAIN_RIV":41067217,"LENGTH_KM":1.1,"ORD_STRA":1}},
{"type":"Feature","geometry":{"type":"LineString","coordinates":[[78.34375,29.86042],[78.33125,29.85208],[78.30625,29.85625],[78.27708,29.82708],[78.24792,29.81875],[78.23542,29.78542]]},"properties":{"MAIN_RIV":41067217,"LENGTH_KM":16.19,"ORD_STRA":2}},
{"type":"Feature","geometry":{"type":"LineString","coordinates":[[78.25417,29.8],[78.23542,29.78542]]},"properties":{"MAIN_RIV":41067217,"LENGTH_KM":2.55,"ORD_STRA":1}},
{"type":"Feature","geometry":{"type":"LineString","coordinates":[[78.675,29.79583],[78.69375,29.78542]]},"properties":{"MAIN_RIV":41067217,"LENGTH_KM":2.34,"ORD_STRA":1}},
{"type":"Feature","geometry":{"type":"LineString","coordinates":[[78.70417,29.79375],[78.69375,29.78542]]},"properties":{"MAIN_RIV":41067217,"LENGTH_KM":1.68,"ORD_STRA":1}},
{"type":"Feature","geometry":{"type":"LineString","coordinates":[[78.9375,29.78333],[78.92708,29.81042]]},"properties":{"MAIN_RIV":41067217,"LENGTH_KM":3.69,"ORD_STRA":1}},
{"type":"Feature","geometry":{"type":"LineString","coordinates":[[79.43333,29.78333],[79.41042,29.82292]]},"properties":{"MAIN_RIV":41067217,"LENGTH_KM":5.23,"ORD_STRA":1}},
{"type":"Feature","geometry":{"type":"LineString","coordinates":[[80.0125,29.79375],[79.99792,29.78542]]},"properties":{"MAIN_RIV":41067217,"LENGTH_KM":1.83,"ORD_STRA":1}},
{"type":"Feature","geometry":{"type":"LineString","coordinates":[[80.0125,29.78542],[79.99792,29.78542]]},"properties":{"MAIN_RIV":41067217,"LENGTH_KM":1.41,"ORD_STRA":1}},
{"type":"Feature","geometry":{"type":"LineString","coordinates":[[80.13542,29.80625],[80.13542,29.78542]]},"properties":{"MAIN_RIV":41067217,"LENGTH_KM":2.32,"ORD_STRA":4}},
{"type":"Feature","geometry":{"type":"LineString","coordinates":[[80.16042,29.79792],[80.13542,29.78542]]},"properties":{"MAIN_RIV":41067217,"LENGTH_KM":3.05,"ORD_STRA":2}},
{"type":"Feature","geometry":{"type":"LineString","coordinates":[[78.17292,29.83125],[78.18958,29.78125]]},"properties":{"MAIN_RIV":41067217,"LENGTH_KM":6.41,"ORD_STRA":6}},
{"type":"Feature","geometry":{"type":"LineString","coordinates":[[78.19792,29.8],[78.18958,29.78125]]},"properties":{"MAIN_RIV":41067217,"LENGTH_KM":2.38,"ORD_STRA":1}},
{"type":"Feature","geometry":{"type":"LineString","coordinates":[[79.20208,29.84792],[79.21875,29.81458],[79.23958,29.81042],[79.23542,29.78125]]},"properties":{"MAIN_RIV":41067217,"LENGTH_KM":9.92,"ORD_STRA":3}},
{"type":"Feature","geometry":{"type":"LineString","coordinates":[[79.26458,29.78958],[79.23542,29.78125]]},"properties":{"MAIN_RIV":41067217,"LENGTH_KM":3.24,"ORD_STRA":3}},
{"type":"Feature","geometry":{"type":"LineString","coordinates":[[79.4875,29.78125],[79.49792,29.78125]]},"properties":{"MAIN_RIV":41067217,"LENGTH_KM":1,"ORD_STRA":1}},
{"type":"Feature","geometry":{"type":"LineString","coordinates":[[79.47083,29.81875],[79.48958,29.81042],[79.49792,29.78125]]},"properties":{"MAIN_RIV":41067217,"LENGTH_KM":6.08,"ORD_STRA":1}},
{"type":"Feature","geometry":{"type":"LineString","coordinates":[[79.51875,29.80833],[79.52292,29.79375],[79.49792,29.78125]]},"properties":{"MAIN_RIV":41067217,"LENGTH_KM":4.82,"ORD_STRA":1}},
{"type":"Feature","geometry":{"type":"LineString","coordinates":[[79.54583,29.80417],[79.53958,29.78958],[79.54792,29.78542],[79.60625,29.78125]]},"properties":{"MAIN_RIV":41067217,"LENGTH_KM":9.13,"ORD_STRA":1}},
{"type":"Feature","geometry":{"type":"LineString","coordinates":[[79.61458,29.80625],[79.60625,29.78125]]},"properties":{"MAIN_RIV":41067217,"LENGTH_KM":3.08,"ORD_STRA":2}},
{"type":"Feature","geometry":{"type":"LineString","coordinates":[[79.78958,29.80208],[79.82292,29.78125]]},"properties":{"MAIN_RIV":41067217,"LENGTH_KM":4.27,"ORD_STRA":4}},
{"type":"Feature","geometry":{"type":"LineString","coordinates":[[79.98542,29.80625],[79.98125,29.78125]]},"properties":{"MAIN_RIV":41067217,"LENGTH_KM":2.93,"ORD_STRA":2}},
{"type":"Feature","geometry":{"type":"LineString","coordinates":[[79.99792,29.78542],[79.98125,29.78125]]},"properties":{"MAIN_RIV":41067217,"LENGTH_KM":1.82,"ORD_STRA":2}},
{"type":"Feature","geometry":{"type":"LineString","coordinates":[[78.23542,29.78542],[78.22708,29.77708]]},"properties":{"MAIN_RIV":41067217,"LENGTH_KM":1.23,"ORD_STRA":2}},
{"type":"Feature","geometry":{"type":"LineString","coordinates":[[78.30208,29.79167],[78.30625,29.77708]]},"properties":{"MAIN_RIV":41067217,"LENGTH_KM":1.77,"ORD_STRA":1}},
{"type":"Feature","geometry":{"type":"LineString","coordinates":[[78.32917,29.80833],[78.30625,29.77708]]},"properties":{"MAIN_RIV":41067217,"LENGTH_KM":4.3,"ORD_STRA":1}},
{"type":"Feature","geometry":{"type":"LineString","coordinates":[[79.29167,29.77708],[79.26458,29.78958]]},"properties":{"MAIN_RIV":41067217,"LENGTH_KM":3.25,"ORD_STRA":1}},
{"type":"Feature","geometry":{"type":"LineString","coordinates":[[79.84375,29.77708],[79.82292,29.78125]]},"properties":{"MAIN_RIV":41067217,"LENGTH_KM":2.22,"ORD_STRA":2}},
{"type":"Feature","geometry":{"type":"LineString","coordinates":[[79.84375,29.79167],[79.84375,29.77708]]},"properties":{"MAIN_RIV":41067217,"LENGTH_KM":1.62,"ORD_STRA":1}},
{"type":"Feature","geometry":{"type":"LineString","coordinates":[[79.94583,29.78958],[79.97708,29.77708]]},"properties":{"MAIN_RIV":41067217,"LENGTH_KM":3.65,"ORD_STRA":1}},
{"type":"Feature","geometry":{"type":"LineString","coordinates":[[79.98125,29.78125],[79.97708,29.77708]]},"properties":{"MAIN_RIV":41067217,"LENGTH_KM":0.61,"ORD_STRA":3}},
{"type":"Feature","geometry":{"type":"LineString","coordinates":[[80.31875,29.79375],[80.35625,29.77708]]},"properties":{"MAIN_RIV":41067217,"LENGTH_KM":4.46,"ORD_STRA":2}},
{"type":"Feature","geometry":{"type":"LineString","coordinates":[[80.35625,29.79375],[80.35625,29.77708]]},"properties":{"MAIN_RIV":41067217,"LENGTH_KM":2.15,"ORD_STRA":4}},
{"type":"Feature","geometry":{"type":"LineString","coordinates":[[78.30625,29.77708],[78.30721,29.77612]]},"properties":{"MAIN_RIV":41067217,"LENGTH_KM":0.61,"ORD_STRA":2}},
{"type":"Feature","geometry":{"type":"LineString","coordinates":[[78.35208,29.80208],[78.33747,29.7958]]},"properties":{"MAIN_RIV":41067217,"LENGTH_KM":5.5,"ORD_STRA":2}},
{"type":"Feature","geometry":{"type":"LineString","coordinates":[[78.69375,29.78542],[78.70625,29.77292]]},"properties":{"MAIN_RIV":41067217,"LENGTH_KM":1.84,"ORD_STRA":2}},
{"type":"Feature","geometry":{"type":"LineString","coordinates":[[78.725,29.78333],[78.70625,29.77292]]},"properties":{"MAIN_RIV":41067217,"LENGTH_KM":2.34,"ORD_STRA":1}},
{"type":"Feature","geometry":{"type":"LineString","coordinates":[[79.19375,29.80625],[79.23125,29.77292]]},"properties":{"MAIN_RIV":41067217,"LENGTH_KM":5.56,"ORD_STRA":2}},
{"type":"Feature","geometry":{"type":"LineString","coordinates":[[79.23542,29.78125],[79.23125,29.77292]]},"properties":{"MAIN_RIV":41067217,"LENGTH_KM":1.08,"ORD_STRA":4}},
{"type":"Feature","geometry":{"type":"LineString","coordinates":[[79.60625,29.78125],[79.61875,29.77292]]},"properties":{"MAIN_RIV":41067217,"LENGTH_KM":1.88,"ORD_STRA":2}},
{"type":"Feature","geometry":{"type":"LineString","coordinates":[[79.66458,29.78958],[79.64792,29.78958],[79.61875,29.77292]]},"properties":{"MAIN_RIV":41067217,"LENGTH_KM":5.27,"ORD_STRA":2}},
{"type":"Feature","geometry":{"type":"LineString","coordinates":[[79.82292,29.78125],[79.82292,29.77292]]},"properties":{"MAIN_RIV":41067217,"LENGTH_KM":0.93,"ORD_STRA":4}},
{"type":"Feature","geometry":{"type":"LineString","coordinates":[[80.125,29.77292],[80.13125,29.77292]]},"properties":{"MAIN_RIV":41067217,"LENGTH_KM":0.6,"ORD_STRA":1}},
{"type":"Feature","geometry":{"type":"LineString","coordinates":[[80.13542,29.78542],[80.13125,29.77292]]},"properties":{"MAIN_RIV":41067217,"LENGTH_KM":1.54,"ORD_STRA":4}},
{"type":"Feature","geometry":{"type":"LineString","coordinates":[[78.25833,29.77083],[78.25208,29.77708],[78.23542,29.76875],[78.22708,29.77708]]},"properties":{"MAIN_RIV":41067217,"LENGTH_KM":4.18,"ORD_STRA":1}},
{"type":"Feature","geometry":{"type":"LineString","coordinates":[[79.23125,29.77292],[79.23125,29.76875]]},"properties":{"MAIN_RIV":41067217,"LENGTH_KM":0.46,"ORD_STRA":4}},
{"type":"Feature","geometry":{"type":"LineString","coordinates":[[79.39583,29.78333],[79.38958,29.76875]]},"properties":{"MAIN_RIV":41067217,"LENGTH_KM":1.85,"ORD_STRA":1}},
{"type":"Feature","geometry":{"type":"LineString","coordinates":[[79.4,29.775],[79.38958,29.76875]]},"properties":{"MAIN_RIV":41067217,"LENGTH_KM":1.32,"ORD_STRA":1}},
{"type":"Feature","geometry":{"type":"LineString","coordinates":[[79.89375,29.79375],[79.88958,29.77708],[79.87292,29.76875],[79.85208,29.76875],[79.84375,29.77708]]},"properties":{"MAIN_RIV":41067217,"LENGTH_KM":7.27,"ORD_STRA":2}},
{"type":"Feature","geometry":{"type":"LineString","coordinates":[[80.13125,29.77292],[80.13125,29.76875]]},"properties":{"MAIN_RIV":41067217,"LENGTH_KM":0.46,"ORD_STRA":4}},
{"type":"Feature","geometry":{"type":"LineString","coordinates":[[80.14583,29.775],[80.13125,29.76875]]},"properties":{"MAIN_RIV":41067217,"LENGTH_KM":1.73,"ORD_STRA":1}},
{"type":"Feature","geometry":{"type":"LineString","coordinates":[[77.80208,29.79375],[77.80208,29.77292],[77.81458,29.76458]]},"properties":{"MAIN_RIV":41067217,"LENGTH_KM":4.25,"ORD_STRA":2}},
{"type":"Feature","geometry":{"type":"LineString","coordinates":[[77.84375,29.80417],[77.84375,29.79375],[77.81875,29.77708],[77.81458,29.76458]]},"properties":{"MAIN_RIV":41067217,"LENGTH_KM":6.21,"ORD_STRA":1}},
{"type":"Feature","geometry":{"type":"LineString","coordinates":[[79.22083,29.7625],[79.23125,29.76875]]},"properties":{"MAIN_RIV":41067217,"LENGTH_KM":1.32,"ORD_STRA":1}},
{"type":"Feature","geometry":{"type":"LineString","coordinates":[[79.78958,29.77083],[79.78958,29.76458],[79.80625,29.76458],[79.81042,29.77292],[79.82292,29.77292]]},"properties":{"MAIN_RIV":41067217,"LENGTH_KM":4.59,"ORD_STRA":1}},
{"type":"Feature","geometry":{"type":"MultiLineString","coordinates":[[[80.42708,29.79792],[80.41674,29.79591]],[[80.41425,29.79375],[80.40978,29.79312]],[[80.40637,29.78971],[80.40625,29.78929]],[[80.40625,29.78771],[80.40625,29.78344]],[[80.40456,29.77956],[80.40208,29.77597]],[[80.39863,29.76946],[80.39792,29.76716]]]},"properties":{"MAIN_RIV":41067217,"LENGTH_KM":5.51,"ORD_STRA":5}},
{"type":"Feature","geometry":{"type":"LineString","coordinates":[[77.72708,29.85625],[77.73376,29.85374]]},"properties":{"MAIN_RIV":41067217,"LENGTH_KM":13.36,"ORD_STRA":2}},
{"type":"Feature","geometry":{"type":"MultiLineString","coordinates":[[[78.29622,29.76289],[78.29554,29.7622]],[[78.29429,29.76096],[78.29375,29.76042]]]},"properties":{"MAIN_RIV":41067217,"LENGTH_KM":1.63,"ORD_STRA":3}},
{"type":"Feature","geometry":{"type":"LineString","coordinates":[[79.61875,29.77292],[79.63125,29.76042]]},"properties":{"MAIN_RIV":41067217,"LENGTH_KM":1.84,"ORD_STRA":3}},
{"type":"Feature","geometry":{"type":"LineString","coordinates":[[79.64583,29.76458],[79.63125,29.76042]]},"properties":{"MAIN_RIV":41067217,"LENGTH_KM":1.87,"ORD_STRA":1}},
{"type":"Feature","geometry":{"type":"LineString","coordinates":[[80.03125,29.76667],[80.03125,29.76042]]},"properties":{"MAIN_RIV":41067217,"LENGTH_KM":0.69,"ORD_STRA":1}},
{"type":"Feature","geometry":{"type":"LineString","coordinates":[[80.19792,29.775],[80.19792,29.76042]]},"properties":{"MAIN_RIV":41067217,"LENGTH_KM":1.62,"ORD_STRA":1}},
{"type":"Feature","geometry":{"type":"LineString","coordinates":[[80.2125,29.76042],[80.19792,29.76042]]},"properties":{"MAIN_RIV":41067217,"LENGTH_KM":1.41,"ORD_STRA":1}},
{"type":"Feature","geometry":{"type":"LineString","coordinates":[[77.81458,29.76458],[77.81875,29.75625]]},"properties":{"MAIN_RIV":41067217,"LENGTH_KM":1.08,"ORD_STRA":2}},
{"type":"Feature","geometry":{"type":"LineString","coordinates":[[77.82917,29.7625],[77.81875,29.75625]]},"properties":{"MAIN_RIV":41067217,"LENGTH_KM":1.32,"ORD_STRA":1}},
{"type":"Feature","geometry":{"type":"LineString","coordinates":[[79.23125,29.76875],[79.23958,29.75625]]},"properties":{"MAIN_RIV":41067217,"LENGTH_KM":1.69,"ORD_STRA":4}},
{"type":"Feature","geometry":{"type":"LineString","coordinates":[[79.97708,29.77708],[79.98958,29.75625]]},"properties":{"MAIN_RIV":41067217,"LENGTH_KM":2.77,"ORD_STRA":3}},
{"type":"Feature","geometry":{"type":"LineString","coordinates":[[80.03125,29.76042],[79.98958,29.75625]]},"properties":{"MAIN_RIV":41067217,"LENGTH_KM":4.23,"ORD_STRA":2}},
{"type":"Feature","geometry":{"type":"LineString","coordinates":[[80.0375,29.75417],[80.03125,29.76042]]},"properties":{"MAIN_RIV":41067217,"LENGTH_KM":0.92,"ORD_STRA":1}},
{"type":"Feature","geometry":{"type":"LineString","coordinates":[[80.10417,29.75625],[80.12292,29.75625]]},"properties":{"MAIN_RIV":41067217,"LENGTH_KM":2.23,"ORD_STRA":1}},
{"type":"Feature","geometry":{"type":"LineString","coordinates":[[80.13125,29.76875],[80.12292,29.75625]]},"properties":{"MAIN_RIV":41067217,"LENGTH_KM":1.69,"ORD_STRA":4}},
{"type":"Feature","geometry":{"type":"LineString","coordinates":[[80.25,29.76042],[80.26458,29.75625]]},"properties":{"MAIN_RIV":41067217,"LENGTH_KM":1.62,"ORD_STRA":1}},
{"type":"Feature","geometry":{"type":"LineString","coordinates":[[80.23333,29.79792],[80.25208,29.79792],[80.27292,29.78125],[80.27708,29.77292],[80.26458,29.75625]]},"properties":{"MAIN_RIV":41067217,"LENGTH_KM":8.97,"ORD_STRA":1}},
{"type":"Feature","geometry":{"type":"LineString","coordinates":[[78.48125,29.7625],[78.48125,29.75208]]},"properties":{"MAIN_RIV":41067217,"LENGTH_KM":1.16,"ORD_STRA":1}},
{"type":"Feature","geometry":{"type":"LineString","coordinates":[[78.51667,29.80417],[78.50625,29.76875],[78.48125,29.75208]]},"properties":{"MAIN_RIV":41067217,"LENGTH_KM":7.57,"ORD_STRA":1}},
{"type":"Feature","geometry":{"type":"LineString","coordinates":[[78.53125,29.7875],[78.53125,29.75208]]},"properties":{"MAIN_RIV":41067217,"LENGTH_KM":4.24,"ORD_STRA":1}},
{"type":"Feature","geometry":{"type":"LineString","coordinates":[[78.59792,29.80625],[78.59375,29.78958],[78.56458,29.78125],[78.53125,29.75208]]},"properties":{"MAIN_RIV":41067217,"LENGTH_KM":10.19,"ORD_STRA":3}},
{"type":"Feature","geometry":{"type":"LineString","coordinates":[[79.22917,29.75],[79.23958,29.75625]]},"properties":{"MAIN_RIV":41067217,"LENGTH_KM":1.32,"ORD_STRA":1}},
{"type":"Feature","geometry":{"type":"LineString","coordinates":[[79.32917,29.78958],[79.31875,29.78542],[79.32292,29.76458],[79.34375,29.75208]]},"properties":{"MAIN_RIV":41067217,"LENGTH_KM":6.33,"ORD_STRA":1}},
{"type":"Feature","geometry":{"type":"LineString","coordinates":[[79.35208,29.7875],[79.33542,29.76042],[79.34375,29.75208]]},"properties":{"MAIN_RIV":41067217,"LENGTH_KM":4.84,"ORD_STRA":1}},
{"type":"Feature","geometry":{"type":"LineString","coordinates":[[79.63125,29.76042],[79.63125,29.75208]]},"properties":{"MAIN_RIV":41067217,"LENGTH_KM":0.93,"ORD_STRA":3}},
{"type":"Feature","geometry":{"type":"LineString","coordinates":[[79.64167,29.75208],[79.63125,29.75208]]},"properties":{"MAIN_RIV":41067217,"LENGTH_KM":1.01,"ORD_STRA":1}},
{"type":"Feature","geometry":{"type":"LineString","coordinates":[[80.19792,29.76042],[80.18542,29.75208]]},"properties":{"MAIN_RIV":41067217,"LENGTH_KM":1.63,"ORD_STRA":2}},
{"type":"Feature","geometry":{"type":"LineString","coordinates":[[80.35625,29.77708],[80.36875,29.75208]]},"properties":{"MAIN_RIV":41067217,"LENGTH_KM":3.78,"ORD_STRA":4}},
{"type":"Feature","geometry":{"type":"LineString","coordinates":[[78.70625,29.77292],[78.70625,29.76458],[78.73958,29.74792]]},"properties":{"MAIN_RIV":41067217,"LENGTH_KM":5.29,"ORD_STRA":2}},
{"type":"Feature","geometry":{"type":"LineString","coordinates":[[78.76667,29.78125],[78.75208,29.77292],[78.73958,29.74792]]},"properties":{"MAIN_RIV":41067217,"LENGTH_KM":5.31,"ORD_STRA":1}},
{"type":"Feature","geometry":{"type":"LineString","coordinates":[[78.85625,29.75417],[78.85625,29.74792]]},"properties":{"MAIN_RIV":41067217,"LENGTH_KM":0.69,"ORD_STRA":1}},
{"type":"Feature","geometry":{"type":"LineString","coordinates":[[78.87083,29.75625],[78.85625,29.74792]]},"properties":{"MAIN_RIV":41067217,"LENGTH_KM":1.83,"ORD_STRA":1}},
{"type":"Feature","geometry":{"type":"LineString","coordinates":[[79.04167,29.76042],[79.06875,29.74792]]},"properties":{"MAIN_RIV":41067217,"LENGTH_KM":3.25,"ORD_STRA":1}},
{"type":"Feature","geometry":{"type":"LineString","coordinates":[[79.0625,29.75417],[79.06875,29.74792]]},"properties":{"MAIN_RIV":41067217,"LENGTH_KM":0.92,"ORD_STRA":1}},
{"type":"Feature","geometry":{"type":"LineString","coordinates":[[79.72083,29.77083],[79.73125,29.75208],[79.73958,29.75625],[79.74792,29.74792]]},"properties":{"MAIN_RIV":41067217,"LENGTH_KM":4.7,"ORD_STRA":1}},
{"type":"Feature","geometry":{"type":"LineString","coordinates":[[80.06667,29.74792],[80.08958,29.74792]]},"properties":{"MAIN_RIV":41067217,"LENGTH_KM":2.21,"ORD_STRA":1}},
{"type":"Feature","geometry":{"type":"LineString","coordinates":[[80.08958,29.75833],[80.08958,29.74792]]},"properties":{"MAIN_RIV":41067217,"LENGTH_KM":1.16,"ORD_STRA":1}},
{"type":"Feature","geometry":{"type":"LineString","coordinates":[[80.3,29.75833],[80.31042,29.74792],[80.33125,29.74792]]},"properties":{"MAIN_RIV":41067217,"LENGTH_KM":3.97,"ORD_STRA":1}},
{"type":"Feature","geometry":{"type":"MultiLineString","coordinates":[[[80.39641,29.76307],[80.39072,29.76042]],[[80.38994,29.76042],[80.38947,29.7603]],[[80.38501,29.75584],[80.37473,29.74973]],[[80.37129,29.74955],[80.36875,29.75208]]]},"properties":{"MAIN_RIV":41067217,"LENGTH_KM":3.87,"ORD_STRA":5}},
{"type":"Feature","geometry":{"type":"LineString","coordinates":[[78.09583,29.80208],[78.05625,29.75625],[78.06875,29.74375]]},"properties":{"MAIN_RIV":41067217,"LENGTH_KM":8.99,"ORD_STRA":1}},
{"type":"Feature","geometry":{"type":"LineString","coordinates":[[78.09583,29.7625],[78.06875,29.74375]]},"properties":{"MAIN_RIV":41067217,"LENGTH_KM":3.57,"ORD_STRA":1}},
{"type":"Feature","geometry":{"type":"LineString","coordinates":[[78.18958,29.78125],[78.19792,29.74375]]},"properties":{"MAIN_RIV":41067217,"LENGTH_KM":4.77,"ORD_STRA":6}},
{"type":"Feature","geometry":{"type":"LineString","coordinates":[[78.20208,29.74375],[78.19792,29.74375]]},"properties":{"MAIN_RIV":41067217,"LENGTH_KM":0.4,"ORD_STRA":3}},
{"type":"Feature","geometry":{"type":"LineString","coordinates":[[78.22708,29.77708],[78.20625,29.76875],[78.21042,29.75625],[78.20208,29.74375]]},"properties":{"MAIN_RIV":41067217,"LENGTH_KM":5.66,"ORD_STRA":2}},
{"type":"Feature","geometry":{"type":"LineString","coordinates":[[78.29383,29.76034],[78.29375,29.76042]]},"properties":{"MAIN_RIV":41067217,"LENGTH_KM":6.67,"ORD_STRA":1}},
{"type":"Feature","geometry":{"type":"LineString","coordinates":[[78.75417,29.74375],[78.73958,29.74792]]},"properties":{"MAIN_RIV":41067217,"LENGTH_KM":1.62,"ORD_STRA":1}},
{"type":"Feature","geometry":{"type":"LineString","coordinates":[[79.74792,29.74167],[79.74792,29.74792]]},"properties":{"MAIN_RIV":41067217,"LENGTH_KM":0.69,"ORD_STRA":1}},
{"type":"Feature","geometry":{"type":"LineString","coordinates":[[80.12292,29.75625],[80.13125,29.74375]]},"properties":{"MAIN_RIV":41067217,"LENGTH_KM":1.69,"ORD_STRA":4}},
{"type":"Feature","geometry":{"type":"LineString","coordinates":[[80.33125,29.74167],[80.33125,29.74792]]},"properties":{"MAIN_RIV":41067217,"LENGTH_KM":0.69,"ORD_STRA":1}},
{"type":"Feature","geometry":{"type":"LineString","coordinates":[[80.18542,29.75208],[80.16458,29.74792],[80.16042,29.73958],[80.13125,29.74375]]},"properties":{"MAIN_RIV":41067217,"LENGTH_KM":6.33,"ORD_STRA":2}},
{"type":"Feature","geometry":{"type":"LineString","coordinates":[[80.22083,29.73958],[80.18542,29.75208]]},"properties":{"MAIN_RIV":41067217,"LENGTH_KM":4.05,"ORD_STRA":1}},
{"type":"Feature","geometry":{"type":"LineString","coordinates":[[80.33125,29.74792],[80.36458,29.73958]]},"properties":{"MAIN_RIV":41067217,"LENGTH_KM":3.64,"ORD_STRA":2}},
{"type":"Feature","geometry":{"type":"MultiLineString","coordinates":[[[80.36875,29.75208],[80.36458,29.74102]],[[80.36458,29.73977],[80.36458,29.73958]]]},"properties":{"MAIN_RIV":41067217,"LENGTH_KM":1.54,"ORD_STRA":5}},
{"type":"Feature","geometry":{"type":"LineString","coordinates":[[77.79167,29.73958],[77.80625,29.73542]]},"properties":{"MAIN_RIV":41067217,"LENGTH_KM":1.62,"ORD_STRA":1}},
{"type":"Feature","geometry":{"type":"LineString","coordinates":[[77.81875,29.75625],[77.80625,29.73542]]},"properties":{"MAIN_RIV":41067217,"LENGTH_KM":2.77,"ORD_STRA":2}},
{"type":"Feature","geometry":{"type":"LineString","coordinates":[[78.1125,29.7875],[78.11875,29.75208],[78.11042,29.73542]]},"properties":{"MAIN_RIV":41067217,"LENGTH_KM":6.62,"ORD_STRA":1}},
{"type":"Feature","geometry":{"type":"MultiLineString","coordinates":[[[78.25208,29.73542],[78.24248,29.73958]],[[78.22987,29.73679],[78.22498,29.73958]],[[78.21437,29.73958],[78.20208,29.74375]]]},"properties":{"MAIN_RIV":41067217,"LENGTH_KM":5.67,"ORD_STRA":3}},
{"type":"Feature","geometry":{"type":"MultiLineString","coordinates":[[[78.29375,29.76042],[78.28895,29.76042]],[[78.28143,29.75643],[78.28044,29.75544]],[[78.27869,29.75369],[78.27868,29.75368]],[[78.27571,29.75208],[78.26275,29.74375]],[[78.26262,29.74375],[78.25208,29.73542]]]},"properties":{"MAIN_RIV":41067217,"LENGTH_KM":5.29,"ORD_STRA":3}},
{"type":"Feature","geometry":{"type":"LineString","coordinates":[[78.25241,29.73542],[78.25208,29.73542]]},"properties":{"MAIN_RIV":41067217,"LENGTH_KM":1.41,"ORD_STRA":1}},
{"type":"Feature","geometry":{"type":"LineString","coordinates":[[79.23958,29.75625],[79.25625,29.73542]]},"properties":{"MAIN_RIV":41067217,"LENGTH_KM":3.17,"ORD_STRA":4}},
{"type":"Feature","geometry":{"type":"LineString","coordinates":[[79.27083,29.74375],[79.25625,29.73542]]},"properties":{"MAIN_RIV":41067217,"LENGTH_KM":2.08,"ORD_STRA":1}},
{"type":"Feature","geometry":{"type":"LineString","coordinates":[[79.49792,29.78125],[79.48542,29.74792],[79.48958,29.73542]]},"properties":{"MAIN_RIV":41067217,"LENGTH_KM":5.7,"ORD_STRA":2}},
{"type":"Feature","geometry":{"type":"LineString","coordinates":[[79.51667,29.75625],[79.48958,29.73542]]},"properties":{"MAIN_RIV":41067217,"LENGTH_KM":3.92,"ORD_STRA":1}},
{"type":"Feature","geometry":{"type":"LineString","coordinates":[[79.98958,29.75625],[79.96458,29.73542]]},"properties":{"MAIN_RIV":41067217,"LENGTH_KM":3.47,"ORD_STRA":3}},
{"type":"Feature","geometry":{"type":"LineString","coordinates":[[80.26458,29.75625],[80.28125,29.74792],[80.28125,29.73542]]},"properties":{"MAIN_RIV":41067217,"LENGTH_KM":3.72,"ORD_STRA":2}},
{"type":"Feature","geometry":{"type":"LineString","coordinates":[[78.14792,29.75417],[78.13125,29.73125],[78.11042,29.73542]]},"properties":{"MAIN_RIV":41067217,"LENGTH_KM":5.37,"ORD_STRA":1}},
{"type":"Feature","geometry":{"type":"LineString","coordinates":[[78.80417,29.77083],[78.78542,29.74792],[78.82292,29.73125]]},"properties":{"MAIN_RIV":41067217,"LENGTH_KM":7.69,"ORD_STRA":1}},
{"type":"Feature","geometry":{"type":"LineString","coordinates":[[78.82917,29.74167],[78.82292,29.73125]]},"properties":{"MAIN_RIV":41067217,"LENGTH_KM":1.38,"ORD_STRA":1}},
{"type":"Feature","geometry":{"type":"LineString","coordinates":[[79.775,29.73125],[79.78125,29.73125]]},"properties":{"MAIN_RIV":41067217,"LENGTH_KM":0.6,"ORD_STRA":1}},
{"type":"Feature","geometry":{"type":"LineString","coordinates":[[79.74792,29.74792],[79.78125,29.73125]]},"properties":{"MAIN_RIV":41067217,"LENGTH_KM":4.06,"ORD_STRA":2}},
{"type":"Feature","geometry":{"type":"LineString","coordinates":[[80.08958,29.74792],[80.12708,29.73125]]},"properties":{"MAIN_RIV":41067217,"LENGTH_KM":4.89,"ORD_STRA":2}},
{"type":"Feature","geometry":{"type":"LineString","coordinates":[[80.13125,29.74375],[80.12708,29.73125]]},"properties":{"MAIN_RIV":41067217,"LENGTH_KM":1.54,"ORD_STRA":4}},
{"type":"Feature","geometry":{"type":"LineString","coordinates":[[78.73958,29.74792],[78.74375,29.72708]]},"properties":{"MAIN_RIV":41067217,"LENGTH_KM":2.77,"ORD_STRA":2}},
{"type":"Feature","geometry":{"type":"LineString","coordinates":[[78.82292,29.73125],[78.82708,29.72708]]},"properties":{"MAIN_RIV":41067217,"LENGTH_KM":0.61,"ORD_STRA":2}},
{"type":"Feature","geometry":{"type":"LineString","coordinates":[[78.85625,29.74792],[78.82708,29.72708]]},"properties":{"MAIN_RIV":41067217,"LENGTH_KM":4.13,"ORD_STRA":2}},
{"type":"Feature","geometry":{"type":"LineString","coordinates":[[79.11042,29.75],[79.11458,29.72708]]},"properties":{"MAIN_RIV":41067217,"LENGTH_KM":2.7,"ORD_STRA":1}},
{"type":"Feature","geometry":{"type":"LineString","coordinates":[[79.13125,29.75833],[79.13125,29.73958],[79.11458,29.72708]]},"properties":{"MAIN_RIV":41067217,"LENGTH_KM":4.33,"ORD_STRA":1}},
{"type":"Feature","geometry":{"type":"LineString","coordinates":[[79.6,29.73333],[79.61875,29.72708]]},"properties":{"MAIN_RIV":41067217,"LENGTH_KM":2.13,"ORD_STRA":1}},
{"type":"Feature","geometry":{"type":"LineString","coordinates":[[79.63125,29.75208],[79.61875,29.72708]]},"properties":{"MAIN_RIV":41067217,"LENGTH_KM":3.23,"ORD_STRA":3}},
{"type":"Feature","geometry":{"type":"LineString","coordinates":[[79.99583,29.72708],[79.97292,29.72708],[79.96458,29.73542]]},"properties":{"MAIN_RIV":41067217,"LENGTH_KM":3.44,"ORD_STRA":1}},
{"type":"Feature","geometry":{"type":"LineString","coordinates":[[80.2625,29.72708],[80.28125,29.73542]]},"properties":{"MAIN_RIV":41067217,"LENGTH_KM":2.23,"ORD_STRA":1}},
{"type":"Feature","geometry":{"type":"LineString","coordinates":[[77.92708,29.74167],[77.94375,29.72292]]},"properties":{"MAIN_RIV":41067217,"LENGTH_KM":2.94,"ORD_STRA":1}},
{"type":"Feature","geometry":{"type":"LineString","coordinates":[[77.95625,29.83958],[77.96458,29.80625],[77.97708,29.79375],[77.95208,29.77292],[77.96042,29.74792],[77.94375,29.72292]]},"properties":{"MAIN_RIV":41067217,"LENGTH_KM":15.78,"ORD_STRA":4}},
{"type":"Feature","geometry":{"type":"LineString","coordinates":[[78.75833,29.72083],[78.74375,29.72708]]},"properties":{"MAIN_RIV":41067217,"LENGTH_KM":1.73,"ORD_STRA":1}},
{"type":"Feature","geometry":{"type":"LineString","coordinates":[[79.90625,29.74167],[79.90625,29.73125],[79.92292,29.72292]]},"properties":{"MAIN_RIV":41067217,"LENGTH_KM":3.44,"ORD_STRA":1}},
{"type":"Feature","geometry":{"type":"LineString","coordinates":[[79.93333,29.72708],[79.92292,29.72292]]},"properties":{"MAIN_RIV":41067217,"LENGTH_KM":1.22,"ORD_STRA":1}},
{"type":"Feature","geometry":{"type":"LineString","coordinates":[[79.48958,29.73542],[79.48958,29.71875]]},"properties":{"MAIN_RIV":41067217,"LENGTH_KM":2.15,"ORD_STRA":2}},
{"type":"Feature","geometry":{"type":"LineString","coordinates":[[79.96458,29.73542],[79.95208,29.71875]]},"properties":{"MAIN_RIV":41067217,"LENGTH_KM":2.56,"ORD_STRA":3}},
{"type":"Feature","geometry":{"type":"LineString","coordinates":[[80.28125,29.73542],[80.28542,29.71875]]},"properties":{"MAIN_RIV":41067217,"LENGTH_KM":2,"ORD_STRA":2}},
{"type":"Feature","geometry":{"type":"MultiLineString","coordinates":[[[80.36458,29.73958],[80.36484,29.73932]],[[80.3677,29.73646],[80.36875,29.73283]],[[80.36573,29.72823],[80.36583,29.72584]],[[80.36988,29.72179],[80.37292,29.71875]]]},"properties":{"MAIN_RIV":41067217,"LENGTH_KM":2.92,"ORD_STRA":5}},
{"type":"Feature","geometry":{"type":"LineString","coordinates":[[80.37292,29.72163],[80.37292,29.71875]]},"properties":{"MAIN_RIV":41067217,"LENGTH_KM":3.31,"ORD_STRA":1}},
{"type":"Feature","geometry":{"type":"LineString","coordinates":[[78.56458,29.74167],[78.56875,29.73125],[78.55625,29.71458]]},"properties":{"MAIN_RIV":41067217,"LENGTH_KM":3.61,"ORD_STRA":1}},
{"type":"Feature","geometry":{"type":"LineString","coordinates":[[78.60833,29.725],[78.60208,29.71458]]},"properties":{"MAIN_RIV":41067217,"LENGTH_KM":1.38,"ORD_STRA":1}},
{"type":"Feature","geometry":{"type":"LineString","coordinates":[[78.63333,29.77292],[78.61875,29.76875],[78.62708,29.71458]]},"properties":{"MAIN_RIV":41067217,"LENGTH_KM":8.24,"ORD_STRA":1}},
{"type":"Feature","geometry":{"type":"LineString","coordinates":[[78.65,29.72292],[78.62708,29.71458]]},"properties":{"MAIN_RIV":41067217,"LENGTH_KM":2.64,"ORD_STRA":1}},
{"type":"Feature","geometry":{"type":"LineString","coordinates":[[78.68958,29.74583],[78.69375,29.73542],[78.73542,29.71458]]},"properties":{"MAIN_RIV":41067217,"LENGTH_KM":6.39,"ORD_STRA":1}},
{"type":"Feature","geometry":{"type":"LineString","coordinates":[[78.74375,29.72708],[78.73542,29.71458]]},"properties":{"MAIN_RIV":41067217,"LENGTH_KM":1.69,"ORD_STRA":2}},
{"type":"Feature","geometry":{"type":"LineString","coordinates":[[79.92292,29.72292],[79.92292,29.71458]]},"properties":{"MAIN_RIV":41067217,"LENGTH_KM":0.93,"ORD_STRA":2}},
{"type":"Feature","geometry":{"type":"LineString","coordinates":[[79.95208,29.71875],[79.92292,29.71458]]},"properties":{"MAIN_RIV":41067217,"LENGTH_KM":3.03,"ORD_STRA":3}},
{"type":"Feature","geometry":{"type":"LineString","coordinates":[[79.95833,29.7125],[79.95208,29.71875]]},"properties":{"MAIN_RIV":41067217,"LENGTH_KM":0.92,"ORD_STRA":1}},
{"type":"Feature","geometry":{"type":"LineString","coordinates":[[80.12708,29.73125],[80.11875,29.71458]]},"properties":{"MAIN_RIV":41067217,"LENGTH_KM":2.15,"ORD_STRA":4}},
{"type":"Feature","geometry":{"type":"LineString","coordinates":[[80.27917,29.7125],[80.28542,29.71875]]},"properties":{"MAIN_RIV":41067217,"LENGTH_KM":0.92,"ORD_STRA":1}},
{"type":"Feature","geometry":{"type":"LineString","coordinates":[[77.80625,29.73542],[77.80208,29.71042]]},"properties":{"MAIN_RIV":41067217,"LENGTH_KM":2.93,"ORD_STRA":2}},
{"type":"Feature","geometry":{"type":"LineString","coordinates":[[78.06875,29.74375],[78.07708,29.71042]]},"properties":{"MAIN_RIV":41067217,"LENGTH_KM":4.01,"ORD_STRA":2}},
{"type":"Feature","geometry":{"type":"LineString","coordinates":[[78.11042,29.73542],[78.07708,29.71042]]},"properties":{"MAIN_RIV":41067217,"LENGTH_KM":4.74,"ORD_STRA":2}},
{"type":"Feature","geometry":{"type":"LineString","coordinates":[[78.62708,29.71458],[78.60208,29.71458]]},"properties":{"MAIN_RIV":41067217,"LENGTH_KM":2.84,"ORD_STRA":2}},
{"type":"Feature","geometry":{"type":"LineString","coordinates":[[79.78125,29.73125],[79.81042,29.71042]]},"properties":{"MAIN_RIV":41067217,"LENGTH_KM":3.87,"ORD_STRA":2}},
{"type":"Feature","geometry":{"type":"LineString","coordinates":[[79.81042,29.71042],[79.82292,29.71042]]},"properties":{"MAIN_RIV":41067217,"LENGTH_KM":1.21,"ORD_STRA":2}},
{"type":"Feature","geometry":{"type":"LineString","coordinates":[[80.05417,29.72292],[80.08542,29.71042],[80.11875,29.71458]]},"properties":{"MAIN_RIV":41067217,"LENGTH_KM":7.5,"ORD_STRA":1}},
{"type":"Feature","geometry":{"type":"LineString","coordinates":[[80.28542,29.71875],[80.29375,29.71042]]},"properties":{"MAIN_RIV":41067217,"LENGTH_KM":1.23,"ORD_STRA":2}},
{"type":"Feature","geometry":{"type":"LineString","coordinates":[[77.94375,29.72292],[77.94375,29.71194]]},"properties":{"MAIN_RIV":41067217,"LENGTH_KM":1.85,"ORD_STRA":4}},
{"type":"Feature","geometry":{"type":"LineString","coordinates":[[78.56875,29.70625],[78.55625,29.71458]]},"properties":{"MAIN_RIV":41067217,"LENGTH_KM":1.63,"ORD_STRA":2}},
{"type":"Feature","geometry":{"type":"LineString","coordinates":[[78.60208,29.71458],[78.56875,29.70625]]},"properties":{"MAIN_RIV":41067217,"LENGTH_KM":3.64,"ORD_STRA":2}},
{"type":"Feature","geometry":{"type":"LineString","coordinates":[[79.25417,29.70625],[79.26042,29.70625]]},"properties":{"MAIN_RIV":41067217,"LENGTH_KM":0.6,"ORD_STRA":1}},
{"type":"Feature","geometry":{"type":"LineString","coordinates":[[79.25625,29.73542],[79.26042,29.70625]]},"properties":{"MAIN_RIV":41067217,"LENGTH_KM":3.39,"ORD_STRA":4}},
{"type":"Feature","geometry":{"type":"LineString","coordinates":[[79.34375,29.75208],[79.33125,29.73542],[79.33958,29.70625]]},"properties":{"MAIN_RIV":41067217,"LENGTH_KM":5.85,"ORD_STRA":2}},
{"type":"Feature","geometry":{"type":"LineString","coordinates":[[79.54167,29.74167],[79.51875,29.70625]]},"properties":{"MAIN_RIV":41067217,"LENGTH_KM":5.02,"ORD_STRA":1}},
{"type":"Feature","geometry":{"type":"LineString","coordinates":[[79.69792,29.74167],[79.70208,29.70625]]},"properties":{"MAIN_RIV":41067217,"LENGTH_KM":4.09,"ORD_STRA":1}},
{"type":"Feature","geometry":{"type":"LineString","coordinates":[[79.82292,29.71042],[79.84375,29.70625]]},"properties":{"MAIN_RIV":41067217,"LENGTH_KM":2.22,"ORD_STRA":2}},
{"type":"Feature","geometry":{"type":"LineString","coordinates":[[79.82292,29.77292],[79.83542,29.74792],[79.86875,29.73958],[79.89375,29.70625]]},"properties":{"MAIN_RIV":41067217,"LENGTH_KM":11.48,"ORD_STRA":4}},
{"type":"Feature","geometry":{"type":"LineString","coordinates":[[80.28958,29.70417],[80.29375,29.71042]]},"properties":{"MAIN_RIV":41067217,"LENGTH_KM":1.1,"ORD_STRA":1}},
{"type":"Feature","geometry":{"type":"LineString","coordinates":[[77.82083,29.70208],[77.80208,29.71042]]},"properties":{"MAIN_RIV":41067217,"LENGTH_KM":2.23,"ORD_STRA":1}},
{"type":"Feature","geometry":{"type":"LineString","coordinates":[[78.73542,29.71458],[78.74792,29.70208]]},"properties":{"MAIN_RIV":41067217,"LENGTH_KM":1.84,"ORD_STRA":2}},
{"type":"Feature","geometry":{"type":"LineString","coordinates":[[79.33958,29.70625],[79.31042,29.70208]]},"properties":{"MAIN_RIV":41067217,"LENGTH_KM":3.45,"ORD_STRA":3}},
{"type":"Feature","geometry":{"type":"LineString","coordinates":[[79.51875,29.70625],[79.50625,29.70208],[79.48958,29.71875]]},"properties":{"MAIN_RIV":41067217,"LENGTH_KM":3.87,"ORD_STRA":2}},
{"type":"Feature","geometry":{"type":"LineString","coordinates":[[79.525,29.7],[79.51875,29.70625]]},"properties":{"MAIN_RIV":41067217,"LENGTH_KM":0.92,"ORD_STRA":1}},
{"type":"Feature","geometry":{"type":"LineString","coordinates":[[79.625,29.70208],[79.63125,29.70208]]},"properties":{"MAIN_RIV":41067217,"LENGTH_KM":0.6,"ORD_STRA":1}},
{"type":"Feature","geometry":{"type":"LineString","coordinates":[[79.61875,29.72708],[79.63125,29.70208]]},"properties":{"MAIN_RIV":41067217,"LENGTH_KM":3.23,"ORD_STRA":3}},
{"type":"Feature","geometry":{"type":"LineString","coordinates":[[79.725,29.70625],[79.70208,29.70625]]},"properties":{"MAIN_RIV":41067217,"LENGTH_KM":2.64,"ORD_STRA":1}},
{"type":"Feature","geometry":{"type":"LineString","coordinates":[[79.82292,29.7],[79.82292,29.71042]]},"properties":{"MAIN_RIV":41067217,"LENGTH_KM":1.16,"ORD_STRA":1}},
{"type":"Feature","geometry":{"type":"LineString","coordinates":[[80.11875,29.71458],[80.12708,29.70208]]},"properties":{"MAIN_RIV":41067217,"LENGTH_KM":1.69,"ORD_STRA":4}},
{"type":"Feature","geometry":{"type":"LineString","coordinates":[[80.18333,29.71458],[80.15208,29.71458],[80.12708,29.70208]]},"properties":{"MAIN_RIV":41067217,"LENGTH_KM":6.49,"ORD_STRA":1}},
{"type":"Feature","geometry":{"type":"MultiLineString","coordinates":[[[80.37292,29.71875],[80.37292,29.71683]],[[80.37292,29.71434],[80.37507,29.70826]],[[80.37708,29.70296],[80.37708,29.70208]]]},"properties":{"MAIN_RIV":41067217,"LENGTH_KM":2,"ORD_STRA":5}},
{"type":"Feature","geometry":{"type":"LineString","coordinates":[[78.19792,29.74375],[78.18542,29.69792]]},"properties":{"MAIN_RIV":41067217,"LENGTH_KM":5.55,"ORD_STRA":6}},
{"type":"Feature","geometry":{"type":"LineString","coordinates":[[78.88958,29.72083],[78.89792,29.69792]]},"properties":{"MAIN_RIV":41067217,"LENGTH_KM":2.85,"ORD_STRA":1}},
{"type":"Feature","geometry":{"type":"LineString","coordinates":[[78.925,29.72083],[78.91875,29.70625],[78.89792,29.69792]]},"properties":{"MAIN_RIV":41067217,"LENGTH_KM":4.58,"ORD_STRA":1}},
{"type":"Feature","geometry":{"type":"LineString","coordinates":[[79.26042,29.70625],[79.26042,29.69792]]},"properties":{"MAIN_RIV":41067217,"LENGTH_KM":1.23,"ORD_STRA":4}},
{"type":"Feature","geometry":{"type":"LineString","coordinates":[[79.41667,29.74583],[79.40625,29.72292],[79.41875,29.70625],[79.41458,29.69792]]},"properties":{"MAIN_RIV":41067217,"LENGTH_KM":6.3,"ORD_STRA":1}},
{"type":"Feature","geometry":{"type":"LineString","coordinates":[[79.89375,29.70625],[79.90208,29.69792],[79.92292,29.69792]]},"properties":{"MAIN_RIV":41067217,"LENGTH_KM":3.24,"ORD_STRA":4}},
{"type":"Feature","geometry":{"type":"LineString","coordinates":[[79.92292,29.71458],[79.92292,29.69792]]},"properties":{"MAIN_RIV":41067217,"LENGTH_KM":2.15,"ORD_STRA":3}},
{"type":"Feature","geometry":{"type":"LineString","coordinates":[[79.92292,29.69792],[79.92708,29.69792]]},"properties":{"MAIN_RIV":41067217,"LENGTH_KM":0.4,"ORD_STRA":4}},
{"type":"Feature","geometry":{"type":"LineString","coordinates":[[78.01042,29.79375],[78.01042,29.72292],[78.03125,29.69375]]},"properties":{"MAIN_RIV":41067217,"LENGTH_KM":12.77,"ORD_STRA":3}},
{"type":"Feature","geometry":{"type":"LineString","coordinates":[[78.03958,29.78333],[78.03125,29.76458],[78.03125,29.69375]]},"properties":{"MAIN_RIV":41067217,"LENGTH_KM":11.16,"ORD_STRA":1}},
{"type":"Feature","geometry":{"type":"LineString","coordinates":[[78.8,29.70208],[78.77292,29.69375],[78.74792,29.70208]]},"properties":{"MAIN_RIV":41067217,"LENGTH_KM":5.88,"ORD_STRA":1}},
{"type":"Feature","geometry":{"type":"LineString","coordinates":[[79.36875,29.69375],[79.35625,29.71042],[79.33958,29.70625]]},"properties":{"MAIN_RIV":41067217,"LENGTH_KM":4.13,"ORD_STRA":3}},
{"type":"Feature","geometry":{"type":"LineString","coordinates":[[79.38958,29.76875],[79.36458,29.72292],[79.38125,29.70208],[79.36875,29.69375]]},"properties":{"MAIN_RIV":41067217,"LENGTH_KM":10.55,"ORD_STRA":2}},
{"type":"Feature","geometry":{"type":"LineString","coordinates":[[79.43125,29.69375],[79.41458,29.69792]]},"properties":{"MAIN_RIV":41067217,"LENGTH_KM":1.82,"ORD_STRA":3}},
{"type":"Feature","geometry":{"type":"LineString","coordinates":[[79.45833,29.74167],[79.43125,29.69375]]},"properties":{"MAIN_RIV":41067217,"LENGTH_KM":6.3,"ORD_STRA":1}},
{"type":"Feature","geometry":{"type":"LineString","coordinates":[[79.48958,29.71875],[79.46042,29.69375]]},"properties":{"MAIN_RIV":41067217,"LENGTH_KM":4.59,"ORD_STRA":3}},
{"type":"Feature","geometry":{"type":"LineString","coordinates":[[79.63125,29.70208],[79.63958,29.69375]]},"properties":{"MAIN_RIV":41067217,"LENGTH_KM":1.23,"ORD_STRA":3}},
{"type":"Feature","geometry":{"type":"LineString","coordinates":[[79.64583,29.70417],[79.63958,29.69375]]},"properties":{"MAIN_RIV":41067217,"LENGTH_KM":1.38,"ORD_STRA":1}},
{"type":"Feature","geometry":{"type":"LineString","coordinates":[[79.87292,29.69375],[79.89375,29.70625]]},"properties":{"MAIN_RIV":41067217,"LENGTH_KM":2.9,"ORD_STRA":2}},
{"type":"Feature","geometry":{"type":"LineString","coordinates":[[79.92708,29.69167],[79.92708,29.69792]]},"properties":{"MAIN_RIV":41067217,"LENGTH_KM":0.69,"ORD_STRA":1}},
{"type":"Feature","geometry":{"type":"LineString","coordinates":[[80.12708,29.70208],[80.12708,29.69375]]},"properties":{"MAIN_RIV":41067217,"LENGTH_KM":0.93,"ORD_STRA":4}},
{"type":"Feature","geometry":{"type":"LineString","coordinates":[[78.19628,29.69538],[78.18542,29.69792]]},"properties":{"MAIN_RIV":41067217,"LENGTH_KM":4.05,"ORD_STRA":1}},
{"type":"Feature","geometry":{"type":"MultiLineString","coordinates":[[[78.53125,29.75208],[78.51458,29.72215]],[[78.51796,29.70704],[78.51875,29.70169]],[[78.52114,29.69552],[78.52292,29.68958]]]},"properties":{"MAIN_RIV":41067217,"LENGTH_KM":7.85,"ORD_STRA":3}},
{"type":"Feature","geometry":{"type":"LineString","coordinates":[[78.55625,29.71458],[78.52708,29.70208],[78.52292,29.68958]]},"properties":{"MAIN_RIV":41067217,"LENGTH_KM":4.99,"ORD_STRA":2}},
{"type":"Feature","geometry":{"type":"LineString","coordinates":[[78.96042,29.7375],[78.96458,29.71458],[78.98958,29.68958]]},"properties":{"MAIN_RIV":41067217,"LENGTH_KM":6.63,"ORD_STRA":1}},
{"type":"Feature","geometry":{"type":"LineString","coordinates":[[79,29.76667],[78.98125,29.73958],[79.00208,29.71042],[79.00208,29.69792],[78.98958,29.68958]]},"properties":{"MAIN_RIV":41067217,"LENGTH_KM":11,"ORD_STRA":1}},
{"type":"Feature","geometry":{"type":"LineString","coordinates":[[79.26875,29.68958],[79.26042,29.69792]]},"properties":{"MAIN_RIV":41067217,"LENGTH_KM":1.23,"ORD_STRA":3}},
{"type":"Feature","geometry":{"type":"LineString","coordinates":[[79.31042,29.70208],[79.29792,29.70625],[79.26875,29.68958]]},"properties":{"MAIN_RIV":41067217,"LENGTH_KM":5.08,"ORD_STRA":3}},
{"type":"Feature","geometry":{"type":"LineString","coordinates":[[79.43542,29.68958],[79.43125,29.69375]]},"properties":{"MAIN_RIV":41067217,"LENGTH_KM":0.61,"ORD_STRA":3}},
{"type":"Feature","geometry":{"type":"LineString","coordinates":[[79.46042,29.69375],[79.43542,29.68958]]},"properties":{"MAIN_RIV":41067217,"LENGTH_KM":2.63,"ORD_STRA":3}},
{"type":"Feature","geometry":{"type":"LineString","coordinates":[[79.46458,29.6875],[79.46042,29.69375]]},"properties":{"MAIN_RIV":41067217,"LENGTH_KM":1.1,"ORD_STRA":1}},
{"type":"Feature","geometry":{"type":"LineString","coordinates":[[79.84375,29.70625],[79.86458,29.68958]]},"properties":{"MAIN_RIV":41067217,"LENGTH_KM":2.86,"ORD_STRA":2}},
{"type":"Feature","geometry":{"type":"LineString","coordinates":[[79.86458,29.68958],[79.87292,29.69375]]},"properties":{"MAIN_RIV":41067217,"LENGTH_KM":1.02,"ORD_STRA":2}},
{"type":"Feature","geometry":{"type":"LineString","coordinates":[[80.12708,29.6875],[80.12708,29.69375]]},"properties":{"MAIN_RIV":41067217,"LENGTH_KM":0.69,"ORD_STRA":1}},
{"type":"Feature","geometry":{"type":"LineString","coordinates":[[80.20208,29.70417],[80.21875,29.68958]]},"properties":{"MAIN_RIV":41067217,"LENGTH_KM":2.73,"ORD_STRA":1}},
{"type":"Feature","geometry":{"type":"LineString","coordinates":[[80.21875,29.69583],[80.21875,29.68958]]},"properties":{"MAIN_RIV":41067217,"LENGTH_KM":0.69,"ORD_STRA":1}},
{"type":"Feature","geometry":{"type":"LineString","coordinates":[[80.29375,29.71042],[80.33542,29.71042],[80.34792,29.68958]]},"properties":{"MAIN_RIV":41067217,"LENGTH_KM":7.21,"ORD_STRA":2}},
{"type":"Feature","geometry":{"type":"LineString","coordinates":[[79.37292,29.68542],[79.36875,29.69375]]},"properties":{"MAIN_RIV":41067217,"LENGTH_KM":1.08,"ORD_STRA":3}},
{"type":"Feature","geometry":{"type":"LineString","coordinates":[[79.41458,29.69792],[79.37292,29.68542]]},"properties":{"MAIN_RIV":41067217,"LENGTH_KM":4.66,"ORD_STRA":3}},
{"type":"Feature","geometry":{"type":"LineString","coordinates":[[79.63958,29.69375],[79.64792,29.68542]]},"properties":{"MAIN_RIV":41067217,"LENGTH_KM":1.23,"ORD_STRA":3}},
{"type":"Feature","geometry":{"type":"LineString","coordinates":[[79.70208,29.70625],[79.64792,29.68542]]},"properties":{"MAIN_RIV":41067217,"LENGTH_KM":6.71,"ORD_STRA":2}},
{"type":"Feature","geometry":{"type":"LineString","coordinates":[[79.79167,29.68333],[79.81042,29.71042]]},"properties":{"MAIN_RIV":41067217,"LENGTH_KM":3.99,"ORD_STRA":1}},
{"type":"Feature","geometry":{"type":"LineString","coordinates":[[80.34792,29.68958],[80.35208,29.68542],[80.37708,29.70208]]},"properties":{"MAIN_RIV":41067217,"LENGTH_KM":3.87,"ORD_STRA":2}},
{"type":"Feature","geometry":{"type":"LineString","coordinates":[[80.37708,29.70208],[80.37933,29.69984]]},"properties":{"MAIN_RIV":41067217,"LENGTH_KM":2.15,"ORD_STRA":5}},
{"type":"Feature","geometry":{"type":"LineString","coordinates":[[78.18542,29.69792],[78.18295,29.69545]]},"properties":{"MAIN_RIV":41067217,"LENGTH_KM":2.86,"ORD_STRA":6}},
{"type":"Feature","geometry":{"type":"LineString","coordinates":[[79.11458,29.72708],[79.12292,29.71458],[79.10625,29.69792],[79.11875,29.68125]]},"properties":{"MAIN_RIV":41067217,"LENGTH_KM":6.45,"ORD_STRA":2}},
{"type":"Feature","geometry":{"type":"LineString","coordinates":[[79.125,29.6875],[79.11875,29.68125]]},"properties":{"MAIN_RIV":41067217,"LENGTH_KM":0.92,"ORD_STRA":1}},
{"type":"Feature","geometry":{"type":"LineString","coordinates":[[79.83125,29.67917],[79.84375,29.70625]]},"properties":{"MAIN_RIV":41067217,"LENGTH_KM":3.71,"ORD_STRA":1}},
{"type":"Feature","geometry":{"type":"LineString","coordinates":[[79.85833,29.67917],[79.86458,29.68958]]},"properties":{"MAIN_RIV":41067217,"LENGTH_KM":1.38,"ORD_STRA":1}},
{"type":"Feature","geometry":{"type":"LineString","coordinates":[[80.24792,29.69167],[80.24792,29.68125]]},"properties":{"MAIN_RIV":41067217,"LENGTH_KM":1.16,"ORD_STRA":1}},
{"type":"Feature","geometry":{"type":"LineString","coordinates":[[80.25417,29.68125],[80.24792,29.68125]]},"properties":{"MAIN_RIV":41067217,"LENGTH_KM":0.6,"ORD_STRA":1}},
{"type":"Feature","geometry":{"type":"LineString","coordinates":[[78.58333,29.68333],[78.57708,29.67708],[78.56875,29.68125],[78.56875,29.70625]]},"properties":{"MAIN_RIV":41067217,"LENGTH_KM":5.32,"ORD_STRA":1}},
{"type":"Feature","geometry":{"type":"LineString","coordinates":[[79.17292,29.70417],[79.17292,29.68958],[79.18542,29.67708]]},"properties":{"MAIN_RIV":41067217,"LENGTH_KM":3.76,"ORD_STRA":1}},
{"type":"Feature","geometry":{"type":"LineString","coordinates":[[79.17917,29.73333],[79.19792,29.70625],[79.19792,29.68958],[79.18542,29.67708]]},"properties":{"MAIN_RIV":41067217,"LENGTH_KM":7.38,"ORD_STRA":1}},
{"type":"Feature","geometry":{"type":"LineString","coordinates":[[79.325,29.675],[79.31042,29.70208]]},"properties":{"MAIN_RIV":41067217,"LENGTH_KM":3.79,"ORD_STRA":1}},
{"type":"Feature","geometry":{"type":"LineString","coordinates":[[79.87708,29.675],[79.87292,29.69375]]},"properties":{"MAIN_RIV":41067217,"LENGTH_KM":2.23,"ORD_STRA":1}},
{"type":"Feature","geometry":{"type":"LineString","coordinates":[[78.47708,29.84792],[78.46458,29.83125],[78.45625,29.77292],[78.44375,29.75138]]},"properties":{"MAIN_RIV":41067217,"LENGTH_KM":23.52,"ORD_STRA":2}},
{"type":"Feature","geometry":{"type":"LineString","coordinates":[[78.52292,29.68958],[78.52076,29.68743]]},"properties":{"MAIN_RIV":41067217,"LENGTH_KM":2.31,"ORD_STRA":3}},
{"type":"Feature","geometry":{"type":"LineString","coordinates":[[78.74792,29.70208],[78.75625,29.67292]]},"properties":{"MAIN_RIV":41067217,"LENGTH_KM":3.85,"ORD_STRA":2}},
{"type":"Feature","geometry":{"type":"LineString","coordinates":[[78.84167,29.67292],[78.85208,29.67292]]},"properties":{"MAIN_RIV":41067217,"LENGTH_KM":1.01,"ORD_STRA":1}},
{"type":"Feature","geometry":{"type":"LineString","coordinates":[[78.82708,29.72708],[78.85625,29.69792],[78.85208,29.67292]]},"properties":{"MAIN_RIV":41067217,"LENGTH_KM":7.48,"ORD_STRA":3}},
{"type":"Feature","geometry":{"type":"LineString","coordinates":[[78.95417,29.68333],[78.96875,29.67292]]},"properties":{"MAIN_RIV":41067217,"LENGTH_KM":1.94,"ORD_STRA":1}},
{"type":"Feature","geometry":{"type":"LineString","coordinates":[[78.98958,29.68958],[78.96875,29.67292]]},"properties":{"MAIN_RIV":41067217,"LENGTH_KM":3.11,"ORD_STRA":2}},
{"type":"Feature","geometry":{"type":"LineString","coordinates":[[79.64792,29.68542],[79.64375,29.67292]]},"properties":{"MAIN_RIV":41067217,"LENGTH_KM":1.54,"ORD_STRA":3}},
{"type":"Feature","geometry":{"type":"LineString","coordinates":[[79.67917,29.67708],[79.66875,29.68125],[79.64375,29.67292]]},"properties":{"MAIN_RIV":41067217,"LENGTH_KM":4.05,"ORD_STRA":1}},
{"type":"Feature","geometry":{"type":"LineString","coordinates":[[80.21875,29.68958],[80.23542,29.67292]]},"properties":{"MAIN_RIV":41067217,"LENGTH_KM":2.71,"ORD_STRA":2}},
{"type":"Feature","geometry":{"type":"LineString","coordinates":[[80.24792,29.68125],[80.23542,29.67292]]},"properties":{"MAIN_RIV":41067217,"LENGTH_KM":1.63,"ORD_STRA":2}},
{"type":"Feature","geometry":{"type":"LineString","coordinates":[[80.29583,29.67292],[80.31458,29.67292],[80.31875,29.68125],[80.33958,29.67708],[80.34792,29.68958]]},"properties":{"MAIN_RIV":41067217,"LENGTH_KM":6.8,"ORD_STRA":1}},
{"type":"Feature","geometry":{"type":"LineString","coordinates":[[79.55833,29.69167],[79.57708,29.66875]]},"properties":{"MAIN_RIV":41067217,"LENGTH_KM":3.48,"ORD_STRA":1}},
{"type":"Feature","geometry":{"type":"LineString","coordinates":[[79.58333,29.67917],[79.57708,29.66875]]},"properties":{"MAIN_RIV":41067217,"LENGTH_KM":1.38,"ORD_STRA":1}},
{"type":"Feature","geometry":{"type":"LineString","coordinates":[[80.38958,29.67149],[80.38958,29.66904]]},"properties":{"MAIN_RIV":41067217,"LENGTH_KM":2,"ORD_STRA":5}},
{"type":"Feature","geometry":{"type":"LineString","coordinates":[[78.01458,29.6875],[78.01875,29.66458]]},"properties":{"MAIN_RIV":41067217,"LENGTH_KM":2.7,"ORD_STRA":1}},
{"type":"Feature","geometry":{"type":"LineString","coordinates":[[78.03125,29.69375],[78.03542,29.68542],[78.01875,29.66458]]},"properties":{"MAIN_RIV":41067217,"LENGTH_KM":4,"ORD_STRA":3}},
{"type":"Feature","geometry":{"type":"LineString","coordinates":[[79.92708,29.69792],[79.95625,29.68125],[79.96458,29.66458]]},"properties":{"MAIN_RIV":41067217,"LENGTH_KM":6.12,"ORD_STRA":4}},
{"type":"Feature","geometry":{"type":"LineString","coordinates":[[79.9875,29.6875],[79.96458,29.66458]]},"properties":{"MAIN_RIV":41067217,"LENGTH_KM":3.63,"ORD_STRA":1}},
{"type":"Feature","geometry":{"type":"LineString","coordinates":[[80.12708,29.69375],[80.14792,29.66458]]},"properties":{"MAIN_RIV":41067217,"LENGTH_KM":4.55,"ORD_STRA":4}},
{"type":"Feature","geometry":{"type":"LineString","coordinates":[[80.15833,29.6875],[80.14792,29.66458]]},"properties":{"MAIN_RIV":41067217,"LENGTH_KM":3.23,"ORD_STRA":1}},
{"type":"Feature","geometry":{"type":"LineString","coordinates":[[80.23542,29.67292],[80.23125,29.66458]]},"properties":{"MAIN_RIV":41067217,"LENGTH_KM":1.08,"ORD_STRA":3}},
{"type":"Feature","geometry":{"type":"LineString","coordinates":[[79.4375,29.65833],[79.43542,29.68958]]},"properties":{"MAIN_RIV":41067217,"LENGTH_KM":3.85,"ORD_STRA":1}},
{"type":"Feature","geometry":{"type":"LineString","coordinates":[[80.14792,29.66458],[80.14375,29.66042]]},"properties":{"MAIN_RIV":41067217,"LENGTH_KM":0.61,"ORD_STRA":4}},
{"type":"Feature","geometry":{"type":"LineString","coordinates":[[80.3951,29.66323],[80.39794,29.66042]]},"properties":{"MAIN_RIV":41067217,"LENGTH_KM":2.03,"ORD_STRA":5}},
{"type":"Feature","geometry":{"type":"LineString","coordinates":[[79.11875,29.68125],[79.11875,29.65625]]},"properties":{"MAIN_RIV":41067217,"LENGTH_KM":2.78,"ORD_STRA":2}},
{"type":"Feature","geometry":{"type":"LineString","coordinates":[[79.28125,29.65625],[79.26875,29.68958]]},"properties":{"MAIN_RIV":41067217,"LENGTH_KM":4.16,"ORD_STRA":2}},
{"type":"Feature","geometry":{"type":"LineString","coordinates":[[79.2875,29.65625],[79.28125,29.65625]]},"properties":{"MAIN_RIV":41067217,"LENGTH_KM":0.6,"ORD_STRA":1}},
{"type":"Feature","geometry":{"type":"LineString","coordinates":[[79.37292,29.65625],[79.36458,29.66875],[79.37292,29.68542]]},"properties":{"MAIN_RIV":41067217,"LENGTH_KM":4.4,"ORD_STRA":2}},
{"type":"Feature","geometry":{"type":"LineString","coordinates":[[79.62083,29.67083],[79.63542,29.65625]]},"properties":{"MAIN_RIV":41067217,"LENGTH_KM":2.4,"ORD_STRA":1}},
{"type":"Feature","geometry":{"type":"LineString","coordinates":[[79.64375,29.67292],[79.63542,29.65625]]},"properties":{"MAIN_RIV":41067217,"LENGTH_KM":2.15,"ORD_STRA":3}},
{"type":"Feature","geometry":{"type":"LineString","coordinates":[[79.74792,29.67083],[79.74792,29.65625]]},"properties":{"MAIN_RIV":41067217,"LENGTH_KM":1.62,"ORD_STRA":1}},
{"type":"Feature","geometry":{"type":"LineString","coordinates":[[80.17708,29.66042],[80.14375,29.66042]]},"properties":{"MAIN_RIV":41067217,"LENGTH_KM":4.07,"ORD_STRA":3}},
{"type":"Feature","geometry":{"type":"LineString","coordinates":[[80.17708,29.65417],[80.17708,29.66042]]},"properties":{"MAIN_RIV":41067217,"LENGTH_KM":0.69,"ORD_STRA":1}},
{"type":"Feature","geometry":{"type":"LineString","coordinates":[[80.21042,29.65625],[80.19375,29.66458],[80.17708,29.66042]]},"properties":{"MAIN_RIV":41067217,"LENGTH_KM":3.85,"ORD_STRA":3}},
{"type":"Feature","geometry":{"type":"LineString","coordinates":[[80.23125,29.66458],[80.21042,29.65625]]},"properties":{"MAIN_RIV":41067217,"LENGTH_KM":2.44,"ORD_STRA":3}},
{"type":"Feature","geometry":{"type":"LineString","coordinates":[[80.23958,29.65625],[80.23125,29.66458]]},"properties":{"MAIN_RIV":41067217,"LENGTH_KM":1.23,"ORD_STRA":2}},
{"type":"Feature","geometry":{"type":"LineString","coordinates":[[80.25833,29.65625],[80.23958,29.65625]]},"properties":{"MAIN_RIV":41067217,"LENGTH_KM":1.81,"ORD_STRA":1}},
{"type":"Feature","geometry":{"type":"LineString","coordinates":[[80.32708,29.65417],[80.32708,29.66042],[80.36042,29.65625]]},"properties":{"MAIN_RIV":41067217,"LENGTH_KM":4.13,"ORD_STRA":1}},
{"type":"Feature","geometry":{"type":"LineString","coordinates":[[80.36042,29.65625],[80.38958,29.66717]]},"properties":{"MAIN_RIV":41067217,"LENGTH_KM":3.7,"ORD_STRA":2}},
{"type":"Feature","geometry":{"type":"LineString","coordinates":[[78.80417,29.65],[78.76042,29.68125],[78.75625,29.67292]]},"properties":{"MAIN_RIV":41067217,"LENGTH_KM":6.89,"ORD_STRA":1}},
{"type":"Feature","geometry":{"type":"LineString","coordinates":[[79.0375,29.73333],[79.04792,29.70208],[79.07708,29.68125],[79.08125,29.65208]]},"properties":{"MAIN_RIV":41067217,"LENGTH_KM":11.12,"ORD_STRA":1}},
{"type":"Feature","geometry":{"type":"LineString","coordinates":[[79.06875,29.74792],[79.08125,29.73542],[79.08125,29.69375],[79.09792,29.67708],[79.08125,29.65208]]},"properties":{"MAIN_RIV":41067217,"LENGTH_KM":12.86,"ORD_STRA":2}},
{"type":"Feature","geometry":{"type":"LineString","coordinates":[[79.13333,29.65208],[79.11875,29.65625]]},"properties":{"MAIN_RIV":41067217,"LENGTH_KM":1.62,"ORD_STRA":1}},
{"type":"Feature","geometry":{"type":"LineString","coordinates":[[79.39167,29.65625],[79.37292,29.65625]]},"properties":{"MAIN_RIV":41067217,"LENGTH_KM":2.23,"ORD_STRA":1}},
{"type":"Feature","geometry":{"type":"LineString","coordinates":[[79.80417,29.65],[79.78542,29.66458],[79.74792,29.65625]]},"properties":{"MAIN_RIV":41067217,"LENGTH_KM":7.02,"ORD_STRA":1}},
{"type":"Feature","geometry":{"type":"LineString","coordinates":[[80.21042,29.65],[80.21042,29.65625]]},"properties":{"MAIN_RIV":41067217,"LENGTH_KM":0.69,"ORD_STRA":1}},
{"type":"Feature","geometry":{"type":"LineString","coordinates":[[80.41257,29.65409],[80.41458,29.65208]]},"properties":{"MAIN_RIV":41067217,"LENGTH_KM":1.23,"ORD_STRA":5}},
{"type":"Feature","geometry":{"type":"LineString","coordinates":[[80.41621,29.65208],[80.41458,29.65208]]},"properties":{"MAIN_RIV":41067217,"LENGTH_KM":1.41,"ORD_STRA":1}},
{"type":"Feature","geometry":{"type":"LineString","coordinates":[[78.07708,29.71042],[78.06042,29.69792],[78.05208,29.67708],[78.06042,29.64792]]},"properties":{"MAIN_RIV":41067217,"LENGTH_KM":8.4,"ORD_STRA":3}},
{"type":"Feature","geometry":{"type":"LineString","coordinates":[[78.07083,29.64792],[78.06042,29.64792]]},"properties":{"MAIN_RIV":41067217,"LENGTH_KM":1.01,"ORD_STRA":1}},
{"type":"Feature","geometry":{"type":"LineString","coordinates":[[78.6875,29.6875],[78.73542,29.64792]]},"properties":{"MAIN_RIV":41067217,"LENGTH_KM":6.64,"ORD_STRA":1}},
{"type":"Feature","geometry":{"type":"LineString","coordinates":[[78.75625,29.67292],[78.73542,29.64792]]},"properties":{"MAIN_RIV":41067217,"LENGTH_KM":3.78,"ORD_STRA":2}},
{"type":"Feature","geometry":{"type":"LineString","coordinates":[[78.85208,29.67292],[78.92292,29.64792]]},"properties":{"MAIN_RIV":41067217,"LENGTH_KM":8.11,"ORD_STRA":3}},
{"type":"Feature","geometry":{"type":"LineString","coordinates":[[78.89792,29.69792],[78.89792,29.68542],[78.92708,29.65625],[78.92292,29.64792]]},"properties":{"MAIN_RIV":41067217,"LENGTH_KM":6.76,"ORD_STRA":2}},
{"type":"Feature","geometry":{"type":"LineString","coordinates":[[79.26042,29.69792],[79.22292,29.64792]]},"properties":{"MAIN_RIV":41067217,"LENGTH_KM":7.17,"ORD_STRA":4}},
{"type":"Feature","geometry":{"type":"LineString","coordinates":[[79.23333,29.64792],[79.22292,29.64792]]},"properties":{"MAIN_RIV":41067217,"LENGTH_KM":1.01,"ORD_STRA":1}},
{"type":"Feature","geometry":{"type":"LineString","coordinates":[[79.7375,29.65833],[79.74375,29.64792]]},"properties":{"MAIN_RIV":41067217,"LENGTH_KM":1.38,"ORD_STRA":1}},
{"type":"Feature","geometry":{"type":"LineString","coordinates":[[79.74792,29.65625],[79.74375,29.64792]]},"properties":{"MAIN_RIV":41067217,"LENGTH_KM":1.08,"ORD_STRA":2}},
{"type":"Feature","geometry":{"type":"LineString","coordinates":[[79.96458,29.66458],[79.96042,29.65625],[79.96875,29.64792]]},"properties":{"MAIN_RIV":41067217,"LENGTH_KM":2.31,"ORD_STRA":4}},
{"type":"Feature","geometry":{"type":"LineString","coordinates":[[80.02292,29.69167],[80.00208,29.66042],[79.97708,29.66042],[79.96875,29.64792]]},"properties":{"MAIN_RIV":41067217,"LENGTH_KM":8.76,"ORD_STRA":1}},
{"type":"Feature","geometry":{"type":"LineString","coordinates":[[80.05417,29.66667],[80.07708,29.64792]]},"properties":{"MAIN_RIV":41067217,"LENGTH_KM":3.17,"ORD_STRA":1}},
{"type":"Feature","geometry":{"type":"LineString","coordinates":[[80.07708,29.65417],[80.07708,29.64792]]},"properties":{"MAIN_RIV":41067217,"LENGTH_KM":0.69,"ORD_STRA":1}},
{"type":"Feature","geometry":{"type":"LineString","coordinates":[[78.12917,29.66667],[78.11504,29.64746]]},"properties":{"MAIN_RIV":41067217,"LENGTH_KM":3.23,"ORD_STRA":1}},
{"type":"Feature","geometry":{"type":"LineString","coordinates":[[78.64583,29.64375],[78.65208,29.64375]]},"properties":{"MAIN_RIV":41067217,"LENGTH_KM":0.6,"ORD_STRA":1}},
{"type":"Feature","geometry":{"type":"LineString","coordinates":[[78.62917,29.65625],[78.65208,29.64375]]},"properties":{"MAIN_RIV":41067217,"LENGTH_KM":2.85,"ORD_STRA":1}},
{"type":"Feature","geometry":{"type":"LineString","coordinates":[[78.64583,29.65833],[78.65208,29.64375]]},"properties":{"MAIN_RIV":41067217,"LENGTH_KM":2.15,"ORD_STRA":1}},
{"type":"Feature","geometry":{"type":"LineString","coordinates":[[79.75417,29.64167],[79.74375,29.64792]]},"properties":{"MAIN_RIV":41067217,"LENGTH_KM":1.32,"ORD_STRA":1}},
{"type":"Feature","geometry":{"type":"LineString","coordinates":[[79.96875,29.64792],[79.96875,29.64375]]},"properties":{"MAIN_RIV":41067217,"LENGTH_KM":0.46,"ORD_STRA":4}},
{"type":"Feature","geometry":{"type":"LineString","coordinates":[[80.36042,29.64167],[80.36042,29.65625]]},"properties":{"MAIN_RIV":41067217,"LENGTH_KM":1.62,"ORD_STRA":1}},
{"type":"Feature","geometry":{"type":"LineString","coordinates":[[77.87917,29.84583],[77.89792,29.82708],[77.89375,29.81875],[77.90625,29.79792],[77.86458,29.72708],[77.87864,29.6922]]},"properties":{"MAIN_RIV":41067217,"LENGTH_KM":30.91,"ORD_STRA":1}},
{"type":"Feature","geometry":{"type":"LineString","coordinates":[[77.94375,29.69849],[77.94375,29.6929]]},"properties":{"MAIN_RIV":41067217,"LENGTH_KM":7.86,"ORD_STRA":4}},
{"type":"Feature","geometry":{"type":"LineString","coordinates":[[78.65208,29.64375],[78.66458,29.63958]]},"properties":{"MAIN_RIV":41067217,"LENGTH_KM":1.42,"ORD_STRA":2}},
{"type":"Feature","geometry":{"type":"LineString","coordinates":[[78.67083,29.63958],[78.66458,29.63958]]},"properties":{"MAIN_RIV":41067217,"LENGTH_KM":0.6,"ORD_STRA":1}},
{"type":"Feature","geometry":{"type":"LineString","coordinates":[[78.92292,29.64792],[78.95208,29.63958]]},"properties":{"MAIN_RIV":41067217,"LENGTH_KM":3.24,"ORD_STRA":3}},
{"type":"Feature","geometry":{"type":"LineString","coordinates":[[78.96875,29.67292],[78.96875,29.65208],[78.95208,29.63958]]},"properties":{"MAIN_RIV":41067217,"LENGTH_KM":5.11,"ORD_STRA":2}},
{"type":"Feature","geometry":{"type":"LineString","coordinates":[[79.57708,29.66875],[79.62708,29.63958]]},"properties":{"MAIN_RIV":41067217,"LENGTH_KM":6.31,"ORD_STRA":2}},
{"type":"Feature","geometry":{"type":"LineString","coordinates":[[79.63542,29.65625],[79.62708,29.63958]]},"properties":{"MAIN_RIV":41067217,"LENGTH_KM":2.15,"ORD_STRA":3}},
{"type":"Feature","geometry":{"type":"LineString","coordinates":[[79.94375,29.63958],[79.96875,29.64375]]},"properties":{"MAIN_RIV":41067217,"LENGTH_KM":2.63,"ORD_STRA":2}},
{"type":"Feature","geometry":{"type":"LineString","coordinates":[[79.08125,29.65208],[79.08125,29.63542]]},"properties":{"MAIN_RIV":41067217,"LENGTH_KM":2.15,"ORD_STRA":2}},
{"type":"Feature","geometry":{"type":"LineString","coordinates":[[79.7125,29.63958],[79.73125,29.63542]]},"properties":{"MAIN_RIV":41067217,"LENGTH_KM":2.02,"ORD_STRA":1}},
{"type":"Feature","geometry":{"type":"LineString","coordinates":[[79.74375,29.64792],[79.73125,29.63542]]},"properties":{"MAIN_RIV":41067217,"LENGTH_KM":1.84,"ORD_STRA":2}},
{"type":"Feature","geometry":{"type":"LineString","coordinates":[[79.90625,29.63542],[79.91875,29.64792],[79.94375,29.63958]]},"properties":{"MAIN_RIV":41067217,"LENGTH_KM":5.1,"ORD_STRA":2}},
{"type":"Feature","geometry":{"type":"LineString","coordinates":[[80.10833,29.64583],[80.11875,29.63542]]},"properties":{"MAIN_RIV":41067217,"LENGTH_KM":1.53,"ORD_STRA":1}},
{"type":"Feature","geometry":{"type":"LineString","coordinates":[[80.14375,29.66042],[80.11875,29.63542]]},"properties":{"MAIN_RIV":41067217,"LENGTH_KM":3.94,"ORD_STRA":4}},
{"type":"Feature","geometry":{"type":"LineString","coordinates":[[79.39167,29.62917],[79.36875,29.65208],[79.37292,29.65625]]},"properties":{"MAIN_RIV":41067217,"LENGTH_KM":3.99,"ORD_STRA":1}},
{"type":"Feature","geometry":{"type":"LineString","coordinates":[[79.62708,29.63958],[79.62708,29.63125]]},"properties":{"MAIN_RIV":41067217,"LENGTH_KM":0.93,"ORD_STRA":3}},
{"type":"Feature","geometry":{"type":"LineString","coordinates":[[79.64583,29.63542],[79.62708,29.63125]]},"properties":{"MAIN_RIV":41067217,"LENGTH_KM":2.02,"ORD_STRA":1}},
{"type":"Feature","geometry":{"type":"LineString","coordinates":[[79.85417,29.64167],[79.86042,29.63125],[79.87708,29.63958],[79.90625,29.63542]]},"properties":{"MAIN_RIV":41067217,"LENGTH_KM":6.45,"ORD_STRA":1}},
{"type":"Feature","geometry":{"type":"LineString","coordinates":[[79.93333,29.62917],[79.94375,29.63958]]},"properties":{"MAIN_RIV":41067217,"LENGTH_KM":1.53,"ORD_STRA":1}},
{"type":"Feature","geometry":{"type":"LineString","coordinates":[[78.85625,29.6375],[78.85208,29.62708]]},"properties":{"MAIN_RIV":41067217,"LENGTH_KM":1.31,"ORD_STRA":1}},
{"type":"Feature","geometry":{"type":"LineString","coordinates":[[79.01875,29.6375],[79.02292,29.62708]]},"properties":{"MAIN_RIV":41067217,"LENGTH_KM":1.31,"ORD_STRA":1}},
{"type":"Feature","geometry":{"type":"LineString","coordinates":[[79.0375,29.64583],[79.02292,29.62708]]},"properties":{"MAIN_RIV":41067217,"LENGTH_KM":2.86,"ORD_STRA":1}},
{"type":"Feature","geometry":{"type":"LineString","coordinates":[[79.075,29.625],[79.08125,29.63542]]},"properties":{"MAIN_RIV":41067217,"LENGTH_KM":1.38,"ORD_STRA":1}},
{"type":"Feature","geometry":{"type":"LineString","coordinates":[[79.18542,29.67708],[79.20208,29.63542],[79.19792,29.62708]]},"properties":{"MAIN_RIV":41067217,"LENGTH_KM":6.31,"ORD_STRA":2}},
{"type":"Feature","geometry":{"type":"LineString","coordinates":[[79.22292,29.64792],[79.22292,29.62708]]},"properties":{"MAIN_RIV":41067217,"LENGTH_KM":2.62,"ORD_STRA":4}},
{"type":"Feature","geometry":{"type":"LineString","coordinates":[[79.47083,29.64375],[79.50208,29.62708]]},"properties":{"MAIN_RIV":41067217,"LENGTH_KM":3.87,"ORD_STRA":1}},
{"type":"Feature","geometry":{"type":"LineString","coordinates":[[79.50208,29.64583],[79.50208,29.62708]]},"properties":{"MAIN_RIV":41067217,"LENGTH_KM":2.08,"ORD_STRA":1}},
{"type":"Feature","geometry":{"type":"LineString","coordinates":[[80.11875,29.63542],[80.11875,29.62708]]},"properties":{"MAIN_RIV":41067217,"LENGTH_KM":1.23,"ORD_STRA":4}},
{"type":"Feature","geometry":{"type":"LineString","coordinates":[[80.27083,29.63333],[80.25625,29.62708],[80.23958,29.65625]]},"properties":{"MAIN_RIV":41067217,"LENGTH_KM":5.57,"ORD_STRA":1}},
{"type":"Feature","geometry":{"type":"LineString","coordinates":[[78.66458,29.63958],[78.68125,29.62292]]},"properties":{"MAIN_RIV":41067217,"LENGTH_KM":2.96,"ORD_STRA":2}},
{"type":"Feature","geometry":{"type":"LineString","coordinates":[[78.6875,29.62292],[78.68125,29.62292]]},"properties":{"MAIN_RIV":41067217,"LENGTH_KM":0.6,"ORD_STRA":1}},
{"type":"Feature","geometry":{"type":"LineString","coordinates":[[78.875,29.63125],[78.85208,29.62708]]},"properties":{"MAIN_RIV":41067217,"LENGTH_KM":2.85,"ORD_STRA":1}},
{"type":"Feature","geometry":{"type":"LineString","coordinates":[[79.19792,29.62708],[79.19375,29.62292]]},"properties":{"MAIN_RIV":41067217,"LENGTH_KM":0.61,"ORD_STRA":4}},
{"type":"Feature","geometry":{"type":"LineString","coordinates":[[79.96875,29.64375],[79.98125,29.62292]]},"properties":{"MAIN_RIV":41067217,"LENGTH_KM":2.77,"ORD_STRA":4}},
{"type":"Feature","geometry":{"type":"LineString","coordinates":[[80.01667,29.63542],[79.98125,29.62292]]},"properties":{"MAIN_RIV":41067217,"LENGTH_KM":4.06,"ORD_STRA":1}},
{"type":"Feature","geometry":{"type":"LineString","coordinates":[[80.07708,29.64792],[80.11042,29.62292]]},"properties":{"MAIN_RIV":41067217,"LENGTH_KM":4.74,"ORD_STRA":2}},
{"type":"Feature","geometry":{"type":"LineString","coordinates":[[80.11875,29.62708],[80.11042,29.62292]]},"properties":{"MAIN_RIV":41067217,"LENGTH_KM":1.02,"ORD_STRA":4}},
{"type":"Feature","geometry":{"type":"LineString","coordinates":[[80.40417,29.6375],[80.41042,29.62456]]},"properties":{"MAIN_RIV":41067217,"LENGTH_KM":1.85,"ORD_STRA":1}},
{"type":"Feature","geometry":{"type":"MultiLineString","coordinates":[[[80.41458,29.65208],[80.41458,29.6471]],[[80.41458,29.64308],[80.41405,29.62655]]]},"properties":{"MAIN_RIV":41067217,"LENGTH_KM":3.69,"ORD_STRA":5}},
{"type":"Feature","geometry":{"type":"LineString","coordinates":[[77.80208,29.71042],[77.79834,29.70668]]},"properties":{"MAIN_RIV":41067217,"LENGTH_KM":14.61,"ORD_STRA":2}},
{"type":"Feature","geometry":{"type":"LineString","coordinates":[[79.22292,29.62708],[79.21042,29.61875],[79.19792,29.62708]]},"properties":{"MAIN_RIV":41067217,"LENGTH_KM":3.51,"ORD_STRA":4}},
{"type":"Feature","geometry":{"type":"LineString","coordinates":[[79.24167,29.61667],[79.22292,29.62708]]},"properties":{"MAIN_RIV":41067217,"LENGTH_KM":2.34,"ORD_STRA":1}},
{"type":"Feature","geometry":{"type":"LineString","coordinates":[[79.68333,29.64167],[79.68958,29.63125],[79.73125,29.61875]]},"properties":{"MAIN_RIV":41067217,"LENGTH_KM":6.04,"ORD_STRA":1}},
{"type":"Feature","geometry":{"type":"LineString","coordinates":[[79.73125,29.63542],[79.73125,29.61875]]},"properties":{"MAIN_RIV":41067217,"LENGTH_KM":1.85,"ORD_STRA":2}},
{"type":"Feature","geometry":{"type":"LineString","coordinates":[[79.08125,29.63542],[79.09792,29.61458]]},"properties":{"MAIN_RIV":41067217,"LENGTH_KM":3.17,"ORD_STRA":2}},
{"type":"Feature","geometry":{"type":"LineString","coordinates":[[79.11875,29.65625],[79.11458,29.62708],[79.09792,29.61458]]},"properties":{"MAIN_RIV":41067217,"LENGTH_KM":5.94,"ORD_STRA":2}},
{"type":"Feature","geometry":{"type":"LineString","coordinates":[[79.3,29.61458],[79.28542,29.62708],[79.28125,29.65625]]},"properties":{"MAIN_RIV":41067217,"LENGTH_KM":6.29,"ORD_STRA":1}},
{"type":"Feature","geometry":{"type":"LineString","coordinates":[[79.5625,29.61458],[79.58125,29.61458]]},"properties":{"MAIN_RIV":41067217,"LENGTH_KM":1.81,"ORD_STRA":1}},
{"type":"Feature","geometry":{"type":"LineString","coordinates":[[79.58125,29.62083],[79.58125,29.61458]]},"properties":{"MAIN_RIV":41067217,"LENGTH_KM":0.69,"ORD_STRA":1}},
{"type":"Feature","geometry":{"type":"LineString","coordinates":[[79.73125,29.61875],[79.73125,29.61458]]},"properties":{"MAIN_RIV":41067217,"LENGTH_KM":0.46,"ORD_STRA":2}},
{"type":"Feature","geometry":{"type":"LineString","coordinates":[[79.7375,29.61458],[79.73125,29.61458]]},"properties":{"MAIN_RIV":41067217,"LENGTH_KM":0.6,"ORD_STRA":1}},
{"type":"Feature","geometry":{"type":"LineString","coordinates":[[80.17917,29.61458],[80.11875,29.62708]]},"properties":{"MAIN_RIV":41067217,"LENGTH_KM":6.47,"ORD_STRA":1}},
{"type":"Feature","geometry":{"type":"LineString","coordinates":[[79.58125,29.61458],[79.60625,29.61875],[79.61458,29.61042]]},"properties":{"MAIN_RIV":41067217,"LENGTH_KM":4.28,"ORD_STRA":2}},
{"type":"Feature","geometry":{"type":"LineString","coordinates":[[79.62708,29.63125],[79.61458,29.61042]]},"properties":{"MAIN_RIV":41067217,"LENGTH_KM":2.77,"ORD_STRA":3}},
{"type":"Feature","geometry":{"type":"LineString","coordinates":[[79.8125,29.62083],[79.80208,29.61042]]},"properties":{"MAIN_RIV":41067217,"LENGTH_KM":1.53,"ORD_STRA":1}},
{"type":"Feature","geometry":{"type":"LineString","coordinates":[[79.80833,29.61042],[79.80208,29.61042]]},"properties":{"MAIN_RIV":41067217,"LENGTH_KM":0.6,"ORD_STRA":1}},
{"type":"Feature","geometry":{"type":"LineString","coordinates":[[79.98125,29.62292],[79.98542,29.61042]]},"properties":{"MAIN_RIV":41067217,"LENGTH_KM":1.54,"ORD_STRA":4}},
{"type":"Feature","geometry":{"type":"LineString","coordinates":[[80.07917,29.61875],[80.10208,29.61042]]},"properties":{"MAIN_RIV":41067217,"LENGTH_KM":2.64,"ORD_STRA":1}},
{"type":"Feature","geometry":{"type":"LineString","coordinates":[[80.11042,29.62292],[80.10208,29.61042]]},"properties":{"MAIN_RIV":41067217,"LENGTH_KM":1.69,"ORD_STRA":4}},
{"type":"Feature","geometry":{"type":"MultiLineString","coordinates":[[[80.40808,29.61642],[80.40625,29.61375]],[[80.40625,29.61146],[80.40625,29.61042]]]},"properties":{"MAIN_RIV":41067217,"LENGTH_KM":1.54,"ORD_STRA":5}},
{"type":"Feature","geometry":{"type":"LineString","coordinates":[[77.94792,29.61637],[77.96042,29.60625]]},"properties":{"MAIN_RIV":41067217,"LENGTH_KM":4.96,"ORD_STRA":4}},
{"type":"Feature","geometry":{"type":"LineString","coordinates":[[77.96042,29.60625],[77.96875,29.60625]]},"properties":{"MAIN_RIV":41067217,"LENGTH_KM":0.81,"ORD_STRA":4}},
{"type":"Feature","geometry":{"type":"MultiLineString","coordinates":[[[77.98125,29.65833],[77.98125,29.64447]],[[77.98125,29.63875],[77.97759,29.63176]],[[77.96875,29.61201],[77.96875,29.60625]]]},"properties":{"MAIN_RIV":41067217,"LENGTH_KM":6.5,"ORD_STRA":1}},
{"type":"Feature","geometry":{"type":"LineString","coordinates":[[79.09792,29.61458],[79.09792,29.60625]]},"properties":{"MAIN_RIV":41067217,"LENGTH_KM":0.93,"ORD_STRA":3}},
{"type":"Feature","geometry":{"type":"LineString","coordinates":[[79.50208,29.62708],[79.51042,29.60625]]},"properties":{"MAIN_RIV":41067217,"LENGTH_KM":2.62,"ORD_STRA":2}},
{"type":"Feature","geometry":{"type":"LineString","coordinates":[[79.52708,29.6375],[79.52292,29.61458],[79.51042,29.60625]]},"properties":{"MAIN_RIV":41067217,"LENGTH_KM":4.33,"ORD_STRA":1}},
{"type":"Feature","geometry":{"type":"LineString","coordinates":[[80.3,29.62708],[80.34792,29.61875],[80.36458,29.60625],[80.40625,29.61042]]},"properties":{"MAIN_RIV":41067217,"LENGTH_KM":11.96,"ORD_STRA":1}},
{"type":"Feature","geometry":{"type":"LineString","coordinates":[[80.40625,29.61042],[80.40795,29.60872]]},"properties":{"MAIN_RIV":41067217,"LENGTH_KM":0.61,"ORD_STRA":5}},
{"type":"Feature","geometry":{"type":"LineString","coordinates":[[78.68125,29.62292],[78.69375,29.60208]]},"properties":{"MAIN_RIV":41067217,"LENGTH_KM":2.77,"ORD_STRA":2}},
{"type":"Feature","geometry":{"type":"LineString","coordinates":[[78.73542,29.64792],[78.73542,29.63542],[78.76458,29.60208]]},"properties":{"MAIN_RIV":41067217,"LENGTH_KM":6.4,"ORD_STRA":2}},
{"type":"Feature","geometry":{"type":"LineString","coordinates":[[78.78333,29.60625],[78.76458,29.60208]]},"properties":{"MAIN_RIV":41067217,"LENGTH_KM":2.02,"ORD_STRA":1}},
{"type":"Feature","geometry":{"type":"LineString","coordinates":[[78.85208,29.62708],[78.83125,29.60208]]},"properties":{"MAIN_RIV":41067217,"LENGTH_KM":3.79,"ORD_STRA":2}},
{"type":"Feature","geometry":{"type":"LineString","coordinates":[[78.85625,29.60208],[78.83125,29.60208]]},"properties":{"MAIN_RIV":41067217,"LENGTH_KM":2.42,"ORD_STRA":4}},
{"type":"Feature","geometry":{"type":"LineString","coordinates":[[78.95208,29.63958],[78.99792,29.60208]]},"properties":{"MAIN_RIV":41067217,"LENGTH_KM":6.83,"ORD_STRA":3}},
{"type":"Feature","geometry":{"type":"LineString","coordinates":[[79.02292,29.62708],[79.02708,29.61458],[79.01875,29.60208],[78.99792,29.60208]]},"properties":{"MAIN_RIV":41067217,"LENGTH_KM":5.25,"ORD_STRA":2}},
{"type":"Feature","geometry":{"type":"LineString","coordinates":[[79.61458,29.61042],[79.61458,29.60208]]},"properties":{"MAIN_RIV":41067217,"LENGTH_KM":0.93,"ORD_STRA":3}},
{"type":"Feature","geometry":{"type":"LineString","coordinates":[[79.64167,29.60625],[79.61458,29.60208]]},"properties":{"MAIN_RIV":41067217,"LENGTH_KM":2.83,"ORD_STRA":1}},
{"type":"Feature","geometry":{"type":"LineString","coordinates":[[79.73125,29.61458],[79.72708,29.60208]]},"properties":{"MAIN_RIV":41067217,"LENGTH_KM":1.54,"ORD_STRA":2}},
{"type":"Feature","geometry":{"type":"LineString","coordinates":[[79.78542,29.60833],[79.78542,29.60208]]},"properties":{"MAIN_RIV":41067217,"LENGTH_KM":0.69,"ORD_STRA":1}},
{"type":"Feature","geometry":{"type":"LineString","coordinates":[[79.80208,29.61042],[79.78542,29.60208]]},"properties":{"MAIN_RIV":41067217,"LENGTH_KM":2.46,"ORD_STRA":2}},
{"type":"Feature","geometry":{"type":"LineString","coordinates":[[78.48125,29.75208],[78.48125,29.73898]]},"properties":{"MAIN_RIV":41067217,"LENGTH_KM":18.8,"ORD_STRA":2}},
{"type":"Feature","geometry":{"type":"LineString","coordinates":[[79.19375,29.62292],[79.18125,29.62708],[79.15625,29.59792],[79.14792,29.60625],[79.13542,29.60208],[79.12708,29.61458],[79.11875,29.60208],[79.09792,29.60625]]},"properties":{"MAIN_RIV":41067217,"LENGTH_KM":14.75,"ORD_STRA":4}},
{"type":"Feature","geometry":{"type":"LineString","coordinates":[[79.20625,29.59583],[79.18958,29.61458],[79.19375,29.62292]]},"properties":{"MAIN_RIV":41067217,"LENGTH_KM":4.02,"ORD_STRA":1}},
{"type":"Feature","geometry":{"type":"LineString","coordinates":[[79.61458,29.60208],[79.61458,29.59792]]},"properties":{"MAIN_RIV":41067217,"LENGTH_KM":0.46,"ORD_STRA":3}},
{"type":"Feature","geometry":{"type":"LineString","coordinates":[[79.72708,29.60208],[79.72292,29.59792]]},"properties":{"MAIN_RIV":41067217,"LENGTH_KM":0.61,"ORD_STRA":3}},
{"type":"Feature","geometry":{"type":"LineString","coordinates":[[79.8625,29.59792],[79.90625,29.63542]]},"properties":{"MAIN_RIV":41067217,"LENGTH_KM":6.63,"ORD_STRA":1}},
{"type":"Feature","geometry":{"type":"LineString","coordinates":[[78.68333,29.59167],[78.69375,29.60208]]},"properties":{"MAIN_RIV":41067217,"LENGTH_KM":1.53,"ORD_STRA":1}},
{"type":"Feature","geometry":{"type":"LineString","coordinates":[[78.87708,29.59375],[78.85625,29.60208]]},"properties":{"MAIN_RIV":41067217,"LENGTH_KM":2.86,"ORD_STRA":4}},
{"type":"Feature","geometry":{"type":"LineString","coordinates":[[78.8875,29.60417],[78.87708,29.59375]]},"properties":{"MAIN_RIV":41067217,"LENGTH_KM":1.53,"ORD_STRA":1}},
{"type":"Feature","geometry":{"type":"LineString","coordinates":[[79.60833,29.59167],[79.61458,29.59792]]},"properties":{"MAIN_RIV":41067217,"LENGTH_KM":0.92,"ORD_STRA":1}},
{"type":"Feature","geometry":{"type":"LineString","coordinates":[[79.72292,29.59792],[79.70208,29.59375]]},"properties":{"MAIN_RIV":41067217,"LENGTH_KM":2.23,"ORD_STRA":3}},
{"type":"Feature","geometry":{"type":"LineString","coordinates":[[79.76458,29.59375],[79.72708,29.60208]]},"properties":{"MAIN_RIV":41067217,"LENGTH_KM":4.05,"ORD_STRA":3}},
{"type":"Feature","geometry":{"type":"LineString","coordinates":[[79.98542,29.61042],[79.99375,29.59375]]},"properties":{"MAIN_RIV":41067217,"LENGTH_KM":2.15,"ORD_STRA":4}},
{"type":"Feature","geometry":{"type":"LineString","coordinates":[[80.03333,29.61667],[79.99375,29.59375]]},"properties":{"MAIN_RIV":41067217,"LENGTH_KM":4.99,"ORD_STRA":1}},
{"type":"Feature","geometry":{"type":"LineString","coordinates":[[80.10208,29.61042],[80.10208,29.59375]]},"properties":{"MAIN_RIV":41067217,"LENGTH_KM":1.85,"ORD_STRA":4}},
{"type":"Feature","geometry":{"type":"LineString","coordinates":[[80.225,29.60833],[80.23542,29.59375]]},"properties":{"MAIN_RIV":41067217,"LENGTH_KM":2,"ORD_STRA":1}},
{"type":"Feature","geometry":{"type":"LineString","coordinates":[[77.96875,29.60625],[77.99451,29.59299]]},"properties":{"MAIN_RIV":41067217,"LENGTH_KM":3.66,"ORD_STRA":4}},
{"type":"Feature","geometry":{"type":"LineString","coordinates":[[78.01875,29.66458],[78.01042,29.65208],[78.02708,29.63958],[78.02708,29.62708],[77.99817,29.58983]]},"properties":{"MAIN_RIV":41067217,"LENGTH_KM":11.1,"ORD_STRA":3}},
{"type":"Feature","geometry":{"type":"LineString","coordinates":[[78.85833,29.5875],[78.85625,29.60208]]},"properties":{"MAIN_RIV":41067217,"LENGTH_KM":2,"ORD_STRA":1}},
{"type":"Feature","geometry":{"type":"LineString","coordinates":[[79.35833,29.61667],[79.38542,29.59792],[79.43542,29.58958]]},"properties":{"MAIN_RIV":41067217,"LENGTH_KM":8.82,"ORD_STRA":1}},
{"type":"Feature","geometry":{"type":"LineString","coordinates":[[79.43125,29.6125],[79.43542,29.58958]]},"properties":{"MAIN_RIV":41067217,"LENGTH_KM":2.7,"ORD_STRA":1}},
{"type":"Feature","geometry":{"type":"LineString","coordinates":[[79.78125,29.58958],[79.76458,29.59375]]},"properties":{"MAIN_RIV":41067217,"LENGTH_KM":1.82,"ORD_STRA":3}},
{"type":"Feature","geometry":{"type":"LineString","coordinates":[[79.78542,29.60208],[79.78125,29.58958]]},"properties":{"MAIN_RIV":41067217,"LENGTH_KM":1.54,"ORD_STRA":2}},
{"type":"Feature","geometry":{"type":"LineString","coordinates":[[80.21667,29.59375],[80.23542,29.59375]]},"properties":{"MAIN_RIV":41067217,"LENGTH_KM":2.23,"ORD_STRA":1}},
{"type":"Feature","geometry":{"type":"LineString","coordinates":[[79.9125,29.59167],[79.93125,29.58542],[79.98542,29.61042]]},"properties":{"MAIN_RIV":41067217,"LENGTH_KM":9.06,"ORD_STRA":1}},
{"type":"Feature","geometry":{"type":"LineString","coordinates":[[80.23542,29.59375],[80.24792,29.58542]]},"properties":{"MAIN_RIV":41067217,"LENGTH_KM":1.63,"ORD_STRA":2}},
{"type":"Feature","geometry":{"type":"LineString","coordinates":[[80.2625,29.58542],[80.24792,29.58542]]},"properties":{"MAIN_RIV":41067217,"LENGTH_KM":1.83,"ORD_STRA":1}},
{"type":"Feature","geometry":{"type":"MultiLineString","coordinates":[[[78.06042,29.64792],[78.03542,29.61087]],[[78.01591,29.58958],[78.00907,29.58407]]]},"properties":{"MAIN_RIV":41067217,"LENGTH_KM":10.93,"ORD_STRA":3}},
{"type":"Feature","geometry":{"type":"LineString","coordinates":[[78.83125,29.60208],[78.78125,29.58125]]},"properties":{"MAIN_RIV":41067217,"LENGTH_KM":5.89,"ORD_STRA":4}},
{"type":"Feature","geometry":{"type":"LineString","coordinates":[[78.90208,29.58125],[78.87708,29.59375]]},"properties":{"MAIN_RIV":41067217,"LENGTH_KM":3.05,"ORD_STRA":4}},
{"type":"Feature","geometry":{"type":"LineString","coordinates":[[78.91458,29.60417],[78.90208,29.58125]]},"properties":{"MAIN_RIV":41067217,"LENGTH_KM":3.25,"ORD_STRA":1}},
{"type":"Feature","geometry":{"type":"LineString","coordinates":[[78.99792,29.60208],[79.01042,29.58125]]},"properties":{"MAIN_RIV":41067217,"LENGTH_KM":3.32,"ORD_STRA":3}},
{"type":"Feature","geometry":{"type":"LineString","coordinates":[[79.09792,29.60625],[79.08542,29.59375],[79.06458,29.60625],[79.05625,29.58542],[79.02708,29.58958],[79.01042,29.58125]]},"properties":{"MAIN_RIV":41067217,"LENGTH_KM":13.15,"ORD_STRA":4}},
{"type":"Feature","geometry":{"type":"LineString","coordinates":[[79.71042,29.57917],[79.70208,29.59375]]},"properties":{"MAIN_RIV":41067217,"LENGTH_KM":2.17,"ORD_STRA":1}},
{"type":"Feature","geometry":{"type":"LineString","coordinates":[[79.73542,29.57917],[79.73542,29.58958],[79.72292,29.59792]]},"properties":{"MAIN_RIV":41067217,"LENGTH_KM":2.79,"ORD_STRA":1}},
{"type":"Feature","geometry":{"type":"LineString","coordinates":[[79.75833,29.57917],[79.76458,29.59375]]},"properties":{"MAIN_RIV":41067217,"LENGTH_KM":1.85,"ORD_STRA":1}},
{"type":"Feature","geometry":{"type":"LineString","coordinates":[[79.78542,29.58125],[79.78125,29.58958]]},"properties":{"MAIN_RIV":41067217,"LENGTH_KM":1.08,"ORD_STRA":2}},
{"type":"Feature","geometry":{"type":"LineString","coordinates":[[80.15833,29.58125],[80.12292,29.58125],[80.10208,29.59375]]},"properties":{"MAIN_RIV":41067217,"LENGTH_KM":6.07,"ORD_STRA":1}},
{"type":"Feature","geometry":{"type":"LineString","coordinates":[[78.76458,29.60208],[78.77708,29.57708]]},"properties":{"MAIN_RIV":41067217,"LENGTH_KM":3.48,"ORD_STRA":2}},
{"type":"Feature","geometry":{"type":"LineString","coordinates":[[78.78125,29.58125],[78.77708,29.57708]]},"properties":{"MAIN_RIV":41067217,"LENGTH_KM":0.61,"ORD_STRA":4}},
{"type":"Feature","geometry":{"type":"LineString","coordinates":[[78.90625,29.57708],[78.90208,29.58125]]},"properties":{"MAIN_RIV":41067217,"LENGTH_KM":0.61,"ORD_STRA":4}},
{"type":"Feature","geometry":{"type":"LineString","coordinates":[[78.925,29.59167],[78.90625,29.57708]]},"properties":{"MAIN_RIV":41067217,"LENGTH_KM":2.8,"ORD_STRA":1}},
{"type":"Feature","geometry":{"type":"LineString","coordinates":[[79.70208,29.59375],[79.67292,29.59375],[79.65625,29.57708]]},"properties":{"MAIN_RIV":41067217,"LENGTH_KM":5.7,"ORD_STRA":3}},
{"type":"Feature","geometry":{"type":"LineString","coordinates":[[80.375,29.58542],[80.38958,29.57708]]},"properties":{"MAIN_RIV":41067217,"LENGTH_KM":1.83,"ORD_STRA":1}},
{"type":"Feature","geometry":{"type":"MultiLineString","coordinates":[[[80.40619,29.59369],[80.40078,29.58828]],[[80.3905,29.578],[80.38958,29.57708]]]},"properties":{"MAIN_RIV":41067217,"LENGTH_KM":2.46,"ORD_STRA":5}},
{"type":"Feature","geometry":{"type":"LineString","coordinates":[[78.55833,29.61667],[78.55498,29.61332]]},"properties":{"MAIN_RIV":41067217,"LENGTH_KM":5.39,"ORD_STRA":1}},
{"type":"Feature","geometry":{"type":"LineString","coordinates":[[78.5875,29.61042],[78.57302,29.59385]]},"properties":{"MAIN_RIV":41067217,"LENGTH_KM":6.63,"ORD_STRA":1}},
{"type":"Feature","geometry":{"type":"LineString","coordinates":[[79.32917,29.57917],[79.33542,29.57292]]},"properties":{"MAIN_RIV":41067217,"LENGTH_KM":0.92,"ORD_STRA":1}},
{"type":"Feature","geometry":{"type":"LineString","coordinates":[[79.33958,29.58333],[79.33542,29.57292]]},"properties":{"MAIN_RIV":41067217,"LENGTH_KM":1.31,"ORD_STRA":1}},
{"type":"Feature","geometry":{"type":"LineString","coordinates":[[79.66667,29.57083],[79.65625,29.57708]]},"properties":{"MAIN_RIV":41067217,"LENGTH_KM":1.32,"ORD_STRA":1}},
{"type":"Feature","geometry":{"type":"LineString","coordinates":[[79.82917,29.57708],[79.81458,29.57292],[79.78542,29.58125]]},"properties":{"MAIN_RIV":41067217,"LENGTH_KM":4.86,"ORD_STRA":1}},
{"type":"Feature","geometry":{"type":"LineString","coordinates":[[79.99375,29.59375],[79.99792,29.57292]]},"properties":{"MAIN_RIV":41067217,"LENGTH_KM":2.47,"ORD_STRA":4}},
{"type":"Feature","geometry":{"type":"LineString","coordinates":[[78.91458,29.56875],[78.90625,29.57708]]},"properties":{"MAIN_RIV":41067217,"LENGTH_KM":1.23,"ORD_STRA":4}},
{"type":"Feature","geometry":{"type":"LineString","coordinates":[[78.925,29.57917],[78.91458,29.56875]]},"properties":{"MAIN_RIV":41067217,"LENGTH_KM":1.53,"ORD_STRA":1}},
{"type":"Feature","geometry":{"type":"LineString","coordinates":[[80.07917,29.56875],[80.09792,29.56875]]},"properties":{"MAIN_RIV":41067217,"LENGTH_KM":1.81,"ORD_STRA":1}},
{"type":"Feature","geometry":{"type":"LineString","coordinates":[[80.10208,29.59375],[80.10625,29.57708],[80.09792,29.56875]]},"properties":{"MAIN_RIV":41067217,"LENGTH_KM":3.23,"ORD_STRA":4}},
{"type":"Feature","geometry":{"type":"LineString","coordinates":[[80.20417,29.57292],[80.25208,29.56875]]},"properties":{"MAIN_RIV":41067217,"LENGTH_KM":5.27,"ORD_STRA":1}},
{"type":"Feature","geometry":{"type":"LineString","coordinates":[[80.24792,29.58542],[80.25208,29.56875]]},"properties":{"MAIN_RIV":41067217,"LENGTH_KM":2,"ORD_STRA":2}},
{"type":"Feature","geometry":{"type":"LineString","coordinates":[[80.2625,29.56875],[80.25208,29.56875]]},"properties":{"MAIN_RIV":41067217,"LENGTH_KM":1.01,"ORD_STRA":1}},
{"type":"Feature","geometry":{"type":"LineString","coordinates":[[79.43542,29.58958],[79.44375,29.57292],[79.46042,29.56458]]},"properties":{"MAIN_RIV":41067217,"LENGTH_KM":4.19,"ORD_STRA":2}},
{"type":"Feature","geometry":{"type":"LineString","coordinates":[[79.46042,29.57083],[79.46042,29.56458]]},"properties":{"MAIN_RIV":41067217,"LENGTH_KM":0.69,"ORD_STRA":1}},
{"type":"Feature","geometry":{"type":"LineString","coordinates":[[79.9625,29.57292],[79.98125,29.56458]]},"properties":{"MAIN_RIV":41067217,"LENGTH_KM":2.23,"ORD_STRA":1}},
{"type":"Feature","geometry":{"type":"LineString","coordinates":[[79.98125,29.56458],[79.99792,29.57292]]},"properties":{"MAIN_RIV":41067217,"LENGTH_KM":2.03,"ORD_STRA":2}},
{"type":"Feature","geometry":{"type":"LineString","coordinates":[[80.0375,29.59167],[80.01875,29.57292],[80.02708,29.56458]]},"properties":{"MAIN_RIV":41067217,"LENGTH_KM":3.99,"ORD_STRA":1}},
{"type":"Feature","geometry":{"type":"LineString","coordinates":[[80.03333,29.56458],[80.02708,29.56458]]},"properties":{"MAIN_RIV":41067217,"LENGTH_KM":0.6,"ORD_STRA":1}},
{"type":"Feature","geometry":{"type":"LineString","coordinates":[[80.30417,29.56458],[80.31042,29.56458]]},"properties":{"MAIN_RIV":41067217,"LENGTH_KM":0.6,"ORD_STRA":1}},
{"type":"Feature","geometry":{"type":"LineString","coordinates":[[80.30625,29.575],[80.31042,29.56458]]},"properties":{"MAIN_RIV":41067217,"LENGTH_KM":1.31,"ORD_STRA":1}},
{"type":"Feature","geometry":{"type":"LineString","coordinates":[[77.95625,29.58621],[77.96042,29.60625]]},"properties":{"MAIN_RIV":41067217,"LENGTH_KM":12.48,"ORD_STRA":1}},
{"type":"Feature","geometry":{"type":"LineString","coordinates":[[78.79167,29.56042],[78.78125,29.58125]]},"properties":{"MAIN_RIV":41067217,"LENGTH_KM":3.07,"ORD_STRA":1}},
{"type":"Feature","geometry":{"type":"LineString","coordinates":[[79.99792,29.57292],[80.00208,29.56042]]},"properties":{"MAIN_RIV":41067217,"LENGTH_KM":1.54,"ORD_STRA":4}},
{"type":"Feature","geometry":{"type":"LineString","coordinates":[[80.34167,29.58542],[80.35208,29.58542],[80.36458,29.56391]]},"properties":{"MAIN_RIV":41067217,"LENGTH_KM":4.24,"ORD_STRA":1}},
{"type":"Feature","geometry":{"type":"MultiLineString","coordinates":[[[80.38958,29.57708],[80.38363,29.57113]],[[80.37903,29.56236],[80.37751,29.56085]],[[80.37051,29.56282],[80.36704,29.56287]]]},"properties":{"MAIN_RIV":41067217,"LENGTH_KM":3.94,"ORD_STRA":5}},
{"type":"Feature","geometry":{"type":"LineString","coordinates":[[79.01042,29.58125],[79.00625,29.55625]]},"properties":{"MAIN_RIV":41067217,"LENGTH_KM":3.23,"ORD_STRA":4}},
{"type":"Feature","geometry":{"type":"LineString","coordinates":[[79.34792,29.5625],[79.34792,29.55625]]},"properties":{"MAIN_RIV":41067217,"LENGTH_KM":0.69,"ORD_STRA":1}},
{"type":"Feature","geometry":{"type":"LineString","coordinates":[[79.35625,29.55625],[79.34792,29.55625]]},"properties":{"MAIN_RIV":41067217,"LENGTH_KM":0.81,"ORD_STRA":4}},
{"type":"Feature","geometry":{"type":"LineString","coordinates":[[80.25208,29.56875],[80.25625,29.55625]]},"properties":{"MAIN_RIV":41067217,"LENGTH_KM":1.54,"ORD_STRA":2}},
{"type":"Feature","geometry":{"type":"LineString","coordinates":[[78.95208,29.55208],[78.92292,29.55625],[78.91458,29.56875]]},"properties":{"MAIN_RIV":41067217,"LENGTH_KM":4.72,"ORD_STRA":4}},
{"type":"Feature","geometry":{"type":"LineString","coordinates":[[78.9625,29.56667],[78.95208,29.55208]]},"properties":{"MAIN_RIV":41067217,"LENGTH_KM":2,"ORD_STRA":1}},
{"type":"Feature","geometry":{"type":"LineString","coordinates":[[79.33958,29.55208],[79.33125,29.55208]]},"properties":{"MAIN_RIV":41067217,"LENGTH_KM":0.81,"ORD_STRA":4}},
{"type":"Feature","geometry":{"type":"LineString","coordinates":[[79.33542,29.57292],[79.33958,29.55208]]},"properties":{"MAIN_RIV":41067217,"LENGTH_KM":2.47,"ORD_STRA":2}},
{"type":"Feature","geometry":{"type":"LineString","coordinates":[[79.34792,29.55625],[79.33958,29.55208]]},"properties":{"MAIN_RIV":41067217,"LENGTH_KM":1.02,"ORD_STRA":4}},
{"type":"Feature","geometry":{"type":"LineString","coordinates":[[79.40208,29.55208],[79.35625,29.55625]]},"properties":{"MAIN_RIV":41067217,"LENGTH_KM":5.07,"ORD_STRA":4}},
{"type":"Feature","geometry":{"type":"LineString","coordinates":[[79.51042,29.60625],[79.50208,29.55625],[79.52708,29.55208]]},"properties":{"MAIN_RIV":41067217,"LENGTH_KM":9.21,"ORD_STRA":2}},
{"type":"Feature","geometry":{"type":"LineString","coordinates":[[79.52708,29.5625],[79.52708,29.55208]]},"properties":{"MAIN_RIV":41067217,"LENGTH_KM":1.16,"ORD_STRA":1}},
{"type":"Feature","geometry":{"type":"LineString","coordinates":[[79.61458,29.59792],[79.62292,29.57708],[79.60208,29.56042],[79.60625,29.55208]]},"properties":{"MAIN_RIV":41067217,"LENGTH_KM":6.55,"ORD_STRA":3}},
{"type":"Feature","geometry":{"type":"LineString","coordinates":[[79.62708,29.55208],[79.60625,29.55208]]},"properties":{"MAIN_RIV":41067217,"LENGTH_KM":2.44,"ORD_STRA":3}},
{"type":"Feature","geometry":{"type":"LineString","coordinates":[[79.65625,29.57708],[79.62708,29.55208]]},"properties":{"MAIN_RIV":41067217,"LENGTH_KM":4.34,"ORD_STRA":3}},
{"type":"Feature","geometry":{"type":"LineString","coordinates":[[79.78125,29.55],[79.78542,29.58125]]},"properties":{"MAIN_RIV":41067217,"LENGTH_KM":3.63,"ORD_STRA":1}},
{"type":"Feature","geometry":{"type":"LineString","coordinates":[[80.00208,29.56042],[80.02708,29.55208]]},"properties":{"MAIN_RIV":41067217,"LENGTH_KM":3.09,"ORD_STRA":4}},
{"type":"Feature","geometry":{"type":"LineString","coordinates":[[80.02708,29.56458],[80.02708,29.55208]]},"properties":{"MAIN_RIV":41067217,"LENGTH_KM":1.39,"ORD_STRA":2}},
{"type":"Feature","geometry":{"type":"LineString","coordinates":[[80.18333,29.5625],[80.18958,29.55208]]},"properties":{"MAIN_RIV":41067217,"LENGTH_KM":1.38,"ORD_STRA":1}},
{"type":"Feature","geometry":{"type":"LineString","coordinates":[[80.2,29.55625],[80.18958,29.55208]]},"properties":{"MAIN_RIV":41067217,"LENGTH_KM":1.22,"ORD_STRA":1}},
{"type":"Feature","geometry":{"type":"LineString","coordinates":[[80.29583,29.55208],[80.32292,29.55208]]},"properties":{"MAIN_RIV":41067217,"LENGTH_KM":2.62,"ORD_STRA":1}},
{"type":"Feature","geometry":{"type":"LineString","coordinates":[[80.31042,29.56458],[80.32292,29.55208]]},"properties":{"MAIN_RIV":41067217,"LENGTH_KM":1.84,"ORD_STRA":2}},
{"type":"Feature","geometry":{"type":"LineString","coordinates":[[79.0375,29.54792],[79.00625,29.55625]]},"properties":{"MAIN_RIV":41067217,"LENGTH_KM":3.87,"ORD_STRA":1}},
{"type":"Feature","geometry":{"type":"LineString","coordinates":[[79.11042,29.55833],[79.11458,29.54792]]},"properties":{"MAIN_RIV":41067217,"LENGTH_KM":1.31,"ORD_STRA":1}},
{"type":"Feature","geometry":{"type":"LineString","coordinates":[[79.26458,29.54792],[79.26042,29.54792]]},"properties":{"MAIN_RIV":41067217,"LENGTH_KM":0.4,"ORD_STRA":4}},
{"type":"Feature","geometry":{"type":"LineString","coordinates":[[79.25208,29.575],[79.26458,29.54792]]},"properties":{"MAIN_RIV":41067217,"LENGTH_KM":3.72,"ORD_STRA":1}},
{"type":"Feature","geometry":{"type":"LineString","coordinates":[[79.33125,29.55208],[79.29375,29.56458],[79.26458,29.54792]]},"properties":{"MAIN_RIV":41067217,"LENGTH_KM":8.35,"ORD_STRA":4}},
{"type":"Feature","geometry":{"type":"LineString","coordinates":[[79.60625,29.55208],[79.59792,29.54792]]},"properties":{"MAIN_RIV":41067217,"LENGTH_KM":1.02,"ORD_STRA":4}},
{"type":"Feature","geometry":{"type":"LineString","coordinates":[[80.18958,29.55208],[80.18958,29.54792]]},"properties":{"MAIN_RIV":41067217,"LENGTH_KM":0.46,"ORD_STRA":2}},
{"type":"Feature","geometry":{"type":"LineString","coordinates":[[80.19583,29.54792],[80.18958,29.54792]]},"properties":{"MAIN_RIV":41067217,"LENGTH_KM":0.6,"ORD_STRA":1}},
{"type":"Feature","geometry":{"type":"LineString","coordinates":[[80.22917,29.54792],[80.25208,29.54792],[80.25625,29.55625]]},"properties":{"MAIN_RIV":41067217,"LENGTH_KM":3.29,"ORD_STRA":1}},
{"type":"Feature","geometry":{"type":"LineString","coordinates":[[79.52708,29.55208],[79.52708,29.54375]]},"properties":{"MAIN_RIV":41067217,"LENGTH_KM":0.93,"ORD_STRA":2}},
{"type":"Feature","geometry":{"type":"LineString","coordinates":[[79.63542,29.54375],[79.62708,29.55208]]},"properties":{"MAIN_RIV":41067217,"LENGTH_KM":1.23,"ORD_STRA":2}},
{"type":"Feature","geometry":{"type":"LineString","coordinates":[[79.97292,29.54167],[79.98125,29.56458]]},"properties":{"MAIN_RIV":41067217,"LENGTH_KM":2.85,"ORD_STRA":1}},
{"type":"Feature","geometry":{"type":"LineString","coordinates":[[79.00625,29.55625],[78.97708,29.53958],[78.95208,29.55208]]},"properties":{"MAIN_RIV":41067217,"LENGTH_KM":6.72,"ORD_STRA":4}},
{"type":"Feature","geometry":{"type":"LineString","coordinates":[[79.15625,29.53958],[79.13958,29.55208],[79.11458,29.54792]]},"properties":{"MAIN_RIV":41067217,"LENGTH_KM":5.13,"ORD_STRA":4}},
{"type":"Feature","geometry":{"type":"LineString","coordinates":[[79.17917,29.55833],[79.15625,29.53958]]},"properties":{"MAIN_RIV":41067217,"LENGTH_KM":3.17,"ORD_STRA":1}},
{"type":"Feature","geometry":{"type":"LineString","coordinates":[[79.33125,29.5375],[79.33125,29.55208]]},"properties":{"MAIN_RIV":41067217,"LENGTH_KM":1.62,"ORD_STRA":1}},
{"type":"Feature","geometry":{"type":"LineString","coordinates":[[79.56875,29.53958],[79.55625,29.53958],[79.54375,29.55208],[79.52708,29.54375]]},"properties":{"MAIN_RIV":41067217,"LENGTH_KM":5.76,"ORD_STRA":4}},
{"type":"Feature","geometry":{"type":"LineString","coordinates":[[79.59792,29.54792],[79.56875,29.53958]]},"properties":{"MAIN_RIV":41067217,"LENGTH_KM":3.67,"ORD_STRA":4}},
{"type":"Feature","geometry":{"type":"LineString","coordinates":[[80.00417,29.5375],[80.00208,29.56042]]},"properties":{"MAIN_RIV":41067217,"LENGTH_KM":2.92,"ORD_STRA":1}},
{"type":"Feature","geometry":{"type":"LineString","coordinates":[[80.18958,29.54792],[80.17292,29.54792],[80.16875,29.53958]]},"properties":{"MAIN_RIV":41067217,"LENGTH_KM":2.69,"ORD_STRA":2}},
{"type":"Feature","geometry":{"type":"LineString","coordinates":[[80.1875,29.53958],[80.16875,29.53958]]},"properties":{"MAIN_RIV":41067217,"LENGTH_KM":1.81,"ORD_STRA":1}},
{"type":"Feature","geometry":{"type":"LineString","coordinates":[[80.32292,29.55208],[80.33542,29.53958],[80.34792,29.53958]]},"properties":{"MAIN_RIV":41067217,"LENGTH_KM":3.05,"ORD_STRA":2}},
{"type":"Feature","geometry":{"type":"MultiLineString","coordinates":[[[80.36331,29.55915],[80.34549,29.55382]],[[80.34375,29.55074],[80.34375,29.54546]],[[80.34659,29.54091],[80.34792,29.53958]]]},"properties":{"MAIN_RIV":41067217,"LENGTH_KM":3.98,"ORD_STRA":5}},
{"type":"Feature","geometry":{"type":"LineString","coordinates":[[78.69375,29.60208],[78.72708,29.57292],[78.72708,29.56042],[78.74792,29.53542]]},"properties":{"MAIN_RIV":41067217,"LENGTH_KM":9.88,"ORD_STRA":2}},
{"type":"Feature","geometry":{"type":"LineString","coordinates":[[78.77708,29.57708],[78.74792,29.53542]]},"properties":{"MAIN_RIV":41067217,"LENGTH_KM":5.69,"ORD_STRA":4}},
{"type":"Feature","geometry":{"type":"LineString","coordinates":[[79.63125,29.53333],[79.63542,29.54375]]},"properties":{"MAIN_RIV":41067217,"LENGTH_KM":1.31,"ORD_STRA":1}},
{"type":"Feature","geometry":{"type":"LineString","coordinates":[[79.66875,29.53542],[79.64792,29.54792],[79.63542,29.54375]]},"properties":{"MAIN_RIV":41067217,"LENGTH_KM":4.07,"ORD_STRA":2}},
{"type":"Feature","geometry":{"type":"LineString","coordinates":[[79.89375,29.5625],[79.89375,29.55208],[79.93125,29.53542]]},"properties":{"MAIN_RIV":41067217,"LENGTH_KM":5.88,"ORD_STRA":1}},
{"type":"Feature","geometry":{"type":"LineString","coordinates":[[79.92917,29.54583],[79.93125,29.53542]]},"properties":{"MAIN_RIV":41067217,"LENGTH_KM":1.53,"ORD_STRA":1}},
{"type":"Feature","geometry":{"type":"LineString","coordinates":[[79.60625,29.52917],[79.59792,29.54792]]},"properties":{"MAIN_RIV":41067217,"LENGTH_KM":2.39,"ORD_STRA":1}},
{"type":"Feature","geometry":{"type":"LineString","coordinates":[[79.67708,29.53125],[79.66875,29.53542]]},"properties":{"MAIN_RIV":41067217,"LENGTH_KM":1.02,"ORD_STRA":2}},
{"type":"Feature","geometry":{"type":"MultiLineString","coordinates":[[[80.34792,29.53958],[80.34965,29.53958]],[[80.35625,29.5346],[80.35625,29.53125]]]},"properties":{"MAIN_RIV":41067217,"LENGTH_KM":1.48,"ORD_STRA":5}},
{"type":"Feature","geometry":{"type":"LineString","coordinates":[[78.85,29.52708],[78.81875,29.52708]]},"properties":{"MAIN_RIV":41067217,"LENGTH_KM":3.45,"ORD_STRA":1}},
{"type":"Feature","geometry":{"type":"LineString","coordinates":[[79.075,29.53125],[79.10625,29.52708]]},"properties":{"MAIN_RIV":41067217,"LENGTH_KM":3.23,"ORD_STRA":1}},
{"type":"Feature","geometry":{"type":"LineString","coordinates":[[79.11458,29.54792],[79.10625,29.52708]]},"properties":{"MAIN_RIV":41067217,"LENGTH_KM":2.62,"ORD_STRA":4}},
{"type":"Feature","geometry":{"type":"LineString","coordinates":[[80.35776,29.53125],[80.35625,29.53125]]},"properties":{"MAIN_RIV":41067217,"LENGTH_KM":5.07,"ORD_STRA":2}},
{"type":"Feature","geometry":{"type":"LineString","coordinates":[[79.26042,29.54792],[79.25625,29.55208],[79.22292,29.52292],[79.15625,29.53958]]},"properties":{"MAIN_RIV":41067217,"LENGTH_KM":13.03,"ORD_STRA":4}},
{"type":"Feature","geometry":{"type":"LineString","coordinates":[[79.68125,29.52292],[79.67708,29.53125]]},"properties":{"MAIN_RIV":41067217,"LENGTH_KM":1.08,"ORD_STRA":2}},
{"type":"Feature","geometry":{"type":"LineString","coordinates":[[79.86667,29.54792],[79.89792,29.53125],[79.93958,29.52292]]},"properties":{"MAIN_RIV":41067217,"LENGTH_KM":8.32,"ORD_STRA":1}},
{"type":"Feature","geometry":{"type":"LineString","coordinates":[[79.93125,29.53542],[79.93958,29.52292]]},"properties":{"MAIN_RIV":41067217,"LENGTH_KM":1.69,"ORD_STRA":2}},
{"type":"Feature","geometry":{"type":"LineString","coordinates":[[80.02708,29.55208],[80.06458,29.53958],[80.07708,29.52292]]},"properties":{"MAIN_RIV":41067217,"LENGTH_KM":7.12,"ORD_STRA":4}},
{"type":"Feature","geometry":{"type":"LineString","coordinates":[[80.09792,29.56875],[80.10625,29.52292]]},"properties":{"MAIN_RIV":41067217,"LENGTH_KM":5.7,"ORD_STRA":4}},
{"type":"Feature","geometry":{"type":"LineString","coordinates":[[80.2625,29.52292],[80.27292,29.52292]]},"properties":{"MAIN_RIV":41067217,"LENGTH_KM":1.01,"ORD_STRA":1}},
{"type":"Feature","geometry":{"type":"LineString","coordinates":[[80.25625,29.55625],[80.27292,29.54792],[80.27292,29.52292]]},"properties":{"MAIN_RIV":41067217,"LENGTH_KM":5.12,"ORD_STRA":2}},
{"type":"Feature","geometry":{"type":"LineString","coordinates":[[80.35625,29.53125],[80.35208,29.52622]]},"properties":{"MAIN_RIV":41067217,"LENGTH_KM":1.08,"ORD_STRA":5}},
{"type":"Feature","geometry":{"type":"LineString","coordinates":[[78.6,29.59583],[78.5864,29.58223]]},"properties":{"MAIN_RIV":41067217,"LENGTH_KM":12.92,"ORD_STRA":1}},
{"type":"Feature","geometry":{"type":"LineString","coordinates":[[78.74792,29.53542],[78.76042,29.51875]]},"properties":{"MAIN_RIV":41067217,"LENGTH_KM":2.31,"ORD_STRA":4}},
{"type":"Feature","geometry":{"type":"LineString","coordinates":[[78.8375,29.51875],[78.81875,29.52708]]},"properties":{"MAIN_RIV":41067217,"LENGTH_KM":2.24,"ORD_STRA":1}},
{"type":"Feature","geometry":{"type":"LineString","coordinates":[[79.57292,29.51875],[79.56875,29.53958]]},"properties":{"MAIN_RIV":41067217,"LENGTH_KM":2.47,"ORD_STRA":2}},
{"type":"Feature","geometry":{"type":"LineString","coordinates":[[80.07708,29.52292],[80.10625,29.52292]]},"properties":{"MAIN_RIV":41067217,"LENGTH_KM":3.24,"ORD_STRA":4}},
{"type":"Feature","geometry":{"type":"LineString","coordinates":[[78.81875,29.52708],[78.79792,29.51875],[78.76042,29.51875]]},"properties":{"MAIN_RIV":41067217,"LENGTH_KM":7.33,"ORD_STRA":2}},
{"type":"Feature","geometry":{"type":"LineString","coordinates":[[79.10625,29.52708],[79.11458,29.51458]]},"properties":{"MAIN_RIV":41067217,"LENGTH_KM":1.69,"ORD_STRA":4}},
{"type":"Feature","geometry":{"type":"LineString","coordinates":[[79.35625,29.5125],[79.34792,29.52292],[79.35625,29.55625]]},"properties":{"MAIN_RIV":41067217,"LENGTH_KM":5.72,"ORD_STRA":1}},
{"type":"Feature","geometry":{"type":"LineString","coordinates":[[79.3875,29.5125],[79.40208,29.55208]]},"properties":{"MAIN_RIV":41067217,"LENGTH_KM":4.93,"ORD_STRA":1}},
{"type":"Feature","geometry":{"type":"LineString","coordinates":[[79.74167,29.51458],[79.68958,29.53542],[79.67708,29.53125]]},"properties":{"MAIN_RIV":41067217,"LENGTH_KM":7.51,"ORD_STRA":1}},
{"type":"Feature","geometry":{"type":"LineString","coordinates":[[80.10625,29.52292],[80.11875,29.51458]]},"properties":{"MAIN_RIV":41067217,"LENGTH_KM":1.63,"ORD_STRA":5}},
{"type":"Feature","geometry":{"type":"LineString","coordinates":[[80.16875,29.53958],[80.15208,29.52708],[80.11875,29.52292],[80.11875,29.51458]]},"properties":{"MAIN_RIV":41067217,"LENGTH_KM":6.61,"ORD_STRA":2}},
{"type":"Feature","geometry":{"type":"LineString","coordinates":[[78.62708,29.58333],[78.61961,29.55711]]},"properties":{"MAIN_RIV":41067217,"LENGTH_KM":15.94,"ORD_STRA":1}},
{"type":"Feature","geometry":{"type":"LineString","coordinates":[[79.10417,29.50833],[79.11458,29.51458]]},"properties":{"MAIN_RIV":41067217,"LENGTH_KM":1.32,"ORD_STRA":1}},
{"type":"Feature","geometry":{"type":"LineString","coordinates":[[79.2875,29.50833],[79.27292,29.51875],[79.26042,29.54792]]},"properties":{"MAIN_RIV":41067217,"LENGTH_KM":5.63,"ORD_STRA":1}},
{"type":"Feature","geometry":{"type":"LineString","coordinates":[[79.43958,29.51042],[79.40208,29.55208]]},"properties":{"MAIN_RIV":41067217,"LENGTH_KM":6.8,"ORD_STRA":4}},
{"type":"Feature","geometry":{"type":"LineString","coordinates":[[79.46042,29.56458],[79.48125,29.53958],[79.47708,29.51042]]},"properties":{"MAIN_RIV":41067217,"LENGTH_KM":7.18,"ORD_STRA":2}},
{"type":"Feature","geometry":{"type":"LineString","coordinates":[[79.65625,29.50833],[79.66875,29.53542]]},"properties":{"MAIN_RIV":41067217,"LENGTH_KM":3.46,"ORD_STRA":1}},
{"type":"Feature","geometry":{"type":"LineString","coordinates":[[79.8,29.53333],[79.81458,29.51042]]},"properties":{"MAIN_RIV":41067217,"LENGTH_KM":3.33,"ORD_STRA":1}},
{"type":"Feature","geometry":{"type":"LineString","coordinates":[[79.83333,29.53333],[79.82708,29.51042]]},"properties":{"MAIN_RIV":41067217,"LENGTH_KM":2.77,"ORD_STRA":1}},
{"type":"Feature","geometry":{"type":"LineString","coordinates":[[79.45625,29.50625],[79.43958,29.51042]]},"properties":{"MAIN_RIV":41067217,"LENGTH_KM":2.25,"ORD_STRA":4}},
{"type":"Feature","geometry":{"type":"LineString","coordinates":[[79.47708,29.51042],[79.45625,29.50625]]},"properties":{"MAIN_RIV":41067217,"LENGTH_KM":2.23,"ORD_STRA":4}},
{"type":"Feature","geometry":{"type":"LineString","coordinates":[[79.52708,29.54375],[79.52292,29.51875],[79.51042,29.50625]]},"properties":{"MAIN_RIV":41067217,"LENGTH_KM":4.77,"ORD_STRA":4}},
{"type":"Feature","geometry":{"type":"LineString","coordinates":[[79.51667,29.50625],[79.51042,29.50625]]},"properties":{"MAIN_RIV":41067217,"LENGTH_KM":0.6,"ORD_STRA":1}},
{"type":"Feature","geometry":{"type":"LineString","coordinates":[[79.78333,29.51042],[79.80208,29.50625]]},"properties":{"MAIN_RIV":41067217,"LENGTH_KM":2.02,"ORD_STRA":1}},
{"type":"Feature","geometry":{"type":"LineString","coordinates":[[79.80208,29.50625],[79.81458,29.51042]]},"properties":{"MAIN_RIV":41067217,"LENGTH_KM":1.42,"ORD_STRA":2}},
{"type":"Feature","geometry":{"type":"LineString","coordinates":[[79.81458,29.51042],[79.82708,29.51042]]},"properties":{"MAIN_RIV":41067217,"LENGTH_KM":1.63,"ORD_STRA":2}},
{"type":"Feature","geometry":{"type":"LineString","coordinates":[[80.03958,29.50625],[80.07708,29.52292]]},"properties":{"MAIN_RIV":41067217,"LENGTH_KM":4.47,"ORD_STRA":3}},
{"type":"Feature","geometry":{"type":"MultiLineString","coordinates":[[[80.34969,29.52052],[80.33406,29.51323]],[[80.33117,29.51034],[80.32708,29.50625]]]},"properties":{"MAIN_RIV":41067217,"LENGTH_KM":3.69,"ORD_STRA":5}},
{"type":"Feature","geometry":{"type":"LineString","coordinates":[[79.48125,29.50208],[79.47708,29.51042]]},"properties":{"MAIN_RIV":41067217,"LENGTH_KM":1.08,"ORD_STRA":4}},
{"type":"Feature","geometry":{"type":"LineString","coordinates":[[79.56458,29.5],[79.56458,29.51458],[79.57292,29.51875]]},"properties":{"MAIN_RIV":41067217,"LENGTH_KM":2.64,"ORD_STRA":1}},
{"type":"Feature","geometry":{"type":"LineString","coordinates":[[79.50208,29.49792],[79.48125,29.50208]]},"properties":{"MAIN_RIV":41067217,"LENGTH_KM":2.65,"ORD_STRA":4}},
{"type":"Feature","geometry":{"type":"LineString","coordinates":[[79.51042,29.50625],[79.50208,29.49792]]},"properties":{"MAIN_RIV":41067217,"LENGTH_KM":1.23,"ORD_STRA":4}},
{"type":"Feature","geometry":{"type":"LineString","coordinates":[[79.50833,29.49792],[79.50208,29.49792]]},"properties":{"MAIN_RIV":41067217,"LENGTH_KM":0.6,"ORD_STRA":1}},
{"type":"Feature","geometry":{"type":"LineString","coordinates":[[80.22917,29.50208],[80.27292,29.49792]]},"properties":{"MAIN_RIV":41067217,"LENGTH_KM":4.45,"ORD_STRA":1}},
{"type":"Feature","geometry":{"type":"LineString","coordinates":[[80.27292,29.52292],[80.27292,29.49792]]},"properties":{"MAIN_RIV":41067217,"LENGTH_KM":3.08,"ORD_STRA":2}},
{"type":"Feature","geometry":{"type":"LineString","coordinates":[[80.32967,29.50625],[80.32708,29.50625]]},"properties":{"MAIN_RIV":41067217,"LENGTH_KM":2.64,"ORD_STRA":1}},
{"type":"Feature","geometry":{"type":"LineString","coordinates":[[79.11458,29.51458],[79.13958,29.49375]]},"properties":{"MAIN_RIV":41067217,"LENGTH_KM":3.47,"ORD_STRA":4}},
{"type":"Feature","geometry":{"type":"LineString","coordinates":[[79.14583,29.50833],[79.13958,29.49375]]},"properties":{"MAIN_RIV":41067217,"LENGTH_KM":1.85,"ORD_STRA":1}},
{"type":"Feature","geometry":{"type":"LineString","coordinates":[[79.77917,29.49375],[79.79375,29.49375]]},"properties":{"MAIN_RIV":41067217,"LENGTH_KM":1.41,"ORD_STRA":1}},
{"type":"Feature","geometry":{"type":"LineString","coordinates":[[79.79375,29.49375],[79.80208,29.50625]]},"properties":{"MAIN_RIV":41067217,"LENGTH_KM":1.69,"ORD_STRA":2}},
{"type":"Feature","geometry":{"type":"LineString","coordinates":[[80.11875,29.51458],[80.13125,29.50208],[80.12708,29.49375]]},"properties":{"MAIN_RIV":41067217,"LENGTH_KM":2.92,"ORD_STRA":5}},
{"type":"Feature","geometry":{"type":"LineString","coordinates":[[78.76042,29.51875],[78.75852,29.49185]]},"properties":{"MAIN_RIV":41067217,"LENGTH_KM":3.7,"ORD_STRA":4}},
{"type":"Feature","geometry":{"type":"LineString","coordinates":[[79.42083,29.48958],[79.43958,29.51042]]},"properties":{"MAIN_RIV":41067217,"LENGTH_KM":3.37,"ORD_STRA":1}},
{"type":"Feature","geometry":{"type":"LineString","coordinates":[[79.725,29.48958],[79.68125,29.52292]]},"properties":{"MAIN_RIV":41067217,"LENGTH_KM":6.17,"ORD_STRA":1}},
{"type":"Feature","geometry":{"type":"LineString","coordinates":[[79.93958,29.52292],[79.98125,29.51042],[80.00625,29.48958]]},"properties":{"MAIN_RIV":41067217,"LENGTH_KM":8.14,"ORD_STRA":2}},
{"type":"Feature","geometry":{"type":"LineString","coordinates":[[80.00625,29.48958],[80.03542,29.51042],[80.03958,29.50625]]},"properties":{"MAIN_RIV":41067217,"LENGTH_KM":4.74,"ORD_STRA":3}},
{"type":"Feature","geometry":{"type":"LineString","coordinates":[[79.60833,29.48333],[79.57292,29.51875]]},"properties":{"MAIN_RIV":41067217,"LENGTH_KM":5.47,"ORD_STRA":1}},
{"type":"Feature","geometry":{"type":"LineString","coordinates":[[79.82708,29.51042],[79.87292,29.51042],[79.89375,29.48542]]},"properties":{"MAIN_RIV":41067217,"LENGTH_KM":9.07,"ORD_STRA":2}},
{"type":"Feature","geometry":{"type":"LineString","coordinates":[[79.98542,29.48542],[80.00625,29.48958]]},"properties":{"MAIN_RIV":41067217,"LENGTH_KM":2.65,"ORD_STRA":3}},
{"type":"Feature","geometry":{"type":"MultiLineString","coordinates":[[[80.32708,29.50625],[80.32494,29.50411]],[[80.31985,29.50208],[80.31816,29.50149]],[[80.31458,29.4913],[80.31458,29.4901]],[[80.31451,29.48951],[80.31042,29.48542]]]},"properties":{"MAIN_RIV":41067217,"LENGTH_KM":3.17,"ORD_STRA":5}},
{"type":"Feature","geometry":{"type":"LineString","coordinates":[[78.65208,29.55],[78.65208,29.54496]]},"properties":{"MAIN_RIV":41067217,"LENGTH_KM":8.7,"ORD_STRA":1}},
{"type":"Feature","geometry":{"type":"LineString","coordinates":[[78.8,29.47917],[78.76604,29.48542]]},"properties":{"MAIN_RIV":41067217,"LENGTH_KM":5.18,"ORD_STRA":1}},
{"type":"Feature","geometry":{"type":"LineString","coordinates":[[79.87917,29.48542],[79.88542,29.48125]]},"properties":{"MAIN_RIV":41067217,"LENGTH_KM":1.07,"ORD_STRA":1}},
{"type":"Feature","geometry":{"type":"LineString","coordinates":[[79.88542,29.48125],[79.89375,29.48542]]},"properties":{"MAIN_RIV":41067217,"LENGTH_KM":1.02,"ORD_STRA":2}},
{"type":"Feature","geometry":{"type":"LineString","coordinates":[[80.05417,29.4875],[80.04792,29.48125],[80.03958,29.48958],[80.03958,29.50625]]},"properties":{"MAIN_RIV":41067217,"LENGTH_KM":4.3,"ORD_STRA":1}},
{"type":"Feature","geometry":{"type":"LineString","coordinates":[[80.09792,29.48125],[80.10625,29.49792],[80.12708,29.49375]]},"properties":{"MAIN_RIV":41067217,"LENGTH_KM":4.8,"ORD_STRA":2}},
{"type":"Feature","geometry":{"type":"LineString","coordinates":[[80.12708,29.49375],[80.14375,29.48125]]},"properties":{"MAIN_RIV":41067217,"LENGTH_KM":2.25,"ORD_STRA":5}},
{"type":"Feature","geometry":{"type":"LineString","coordinates":[[80.17083,29.50208],[80.16042,29.50208],[80.14375,29.48125]]},"properties":{"MAIN_RIV":41067217,"LENGTH_KM":3.93,"ORD_STRA":1}},
{"type":"Feature","geometry":{"type":"LineString","coordinates":[[79.13958,29.49375],[79.15208,29.47708]]},"properties":{"MAIN_RIV":41067217,"LENGTH_KM":2.31,"ORD_STRA":4}},
{"type":"Feature","geometry":{"type":"LineString","coordinates":[[79.16042,29.49583],[79.15208,29.47708]]},"properties":{"MAIN_RIV":41067217,"LENGTH_KM":2.64,"ORD_STRA":1}},
{"type":"Feature","geometry":{"type":"LineString","coordinates":[[79.225,29.48125],[79.17292,29.47708]]},"properties":{"MAIN_RIV":41067217,"LENGTH_KM":5.67,"ORD_STRA":1}},
{"type":"Feature","geometry":{"type":"LineString","coordinates":[[79.45,29.475],[79.45625,29.50625]]},"properties":{"MAIN_RIV":41067217,"LENGTH_KM":3.7,"ORD_STRA":1}},
{"type":"Feature","geometry":{"type":"LineString","coordinates":[[79.96875,29.47708],[79.98542,29.48542]]},"properties":{"MAIN_RIV":41067217,"LENGTH_KM":2.29,"ORD_STRA":3}},
{"type":"Feature","geometry":{"type":"LineString","coordinates":[[80.14375,29.48125],[80.14792,29.47708]]},"properties":{"MAIN_RIV":41067217,"LENGTH_KM":0.61,"ORD_STRA":5}},
{"type":"Feature","geometry":{"type":"LineString","coordinates":[[78.93542,29.49583],[78.93958,29.47292]]},"properties":{"MAIN_RIV":41067217,"LENGTH_KM":2.7,"ORD_STRA":1}},
{"type":"Feature","geometry":{"type":"LineString","coordinates":[[78.95625,29.49167],[78.93958,29.47292]]},"properties":{"MAIN_RIV":41067217,"LENGTH_KM":2.94,"ORD_STRA":1}},
{"type":"Feature","geometry":{"type":"LineString","coordinates":[[79.775,29.47083],[79.79375,29.49375]]},"properties":{"MAIN_RIV":41067217,"LENGTH_KM":3.23,"ORD_STRA":1}},
{"type":"Feature","geometry":{"type":"LineString","coordinates":[[79.89375,29.48542],[79.91042,29.48958],[79.91875,29.47292]]},"properties":{"MAIN_RIV":41067217,"LENGTH_KM":3.98,"ORD_STRA":3}},
{"type":"Feature","geometry":{"type":"LineString","coordinates":[[79.91875,29.47292],[79.96875,29.47708]]},"properties":{"MAIN_RIV":41067217,"LENGTH_KM":5.05,"ORD_STRA":3}},
{"type":"Feature","geometry":{"type":"LineString","coordinates":[[79.15208,29.47708],[79.15625,29.46875]]},"properties":{"MAIN_RIV":41067217,"LENGTH_KM":1.08,"ORD_STRA":4}},
{"type":"Feature","geometry":{"type":"LineString","coordinates":[[79.17292,29.47708],[79.15625,29.46875]]},"properties":{"MAIN_RIV":41067217,"LENGTH_KM":2.04,"ORD_STRA":2}},
{"type":"Feature","geometry":{"type":"LineString","coordinates":[[79.2,29.46458],[79.17292,29.47708]]},"properties":{"MAIN_RIV":41067217,"LENGTH_KM":3.25,"ORD_STRA":1}},
{"type":"Feature","geometry":{"type":"LineString","coordinates":[[80.31351,29.48542],[80.31042,29.48542]]},"properties":{"MAIN_RIV":41067217,"LENGTH_KM":5.19,"ORD_STRA":2}},
{"type":"Feature","geometry":{"type":"LineString","coordinates":[[79.48125,29.46042],[79.48125,29.50208]]},"properties":{"MAIN_RIV":41067217,"LENGTH_KM":4.93,"ORD_STRA":3}},
{"type":"Feature","geometry":{"type":"LineString","coordinates":[[80.08333,29.46042],[80.09792,29.48125]]},"properties":{"MAIN_RIV":41067217,"LENGTH_KM":3.22,"ORD_STRA":1}},
{"type":"Feature","geometry":{"type":"LineString","coordinates":[[80.14792,29.47708],[80.18125,29.46042]]},"properties":{"MAIN_RIV":41067217,"LENGTH_KM":4.07,"ORD_STRA":5}},
{"type":"Feature","geometry":{"type":"LineString","coordinates":[[80.19583,29.475],[80.18125,29.46042]]},"properties":{"MAIN_RIV":41067217,"LENGTH_KM":2.4,"ORD_STRA":1}},
{"type":"Feature","geometry":{"type":"LineString","coordinates":[[80.20417,29.46667],[80.19792,29.46042]]},"properties":{"MAIN_RIV":41067217,"LENGTH_KM":0.92,"ORD_STRA":1}},
{"type":"Feature","geometry":{"type":"LineString","coordinates":[[80.1125,29.45417],[80.09792,29.48125]]},"properties":{"MAIN_RIV":41067217,"LENGTH_KM":3.54,"ORD_STRA":1}},
{"type":"Feature","geometry":{"type":"LineString","coordinates":[[80.13542,29.45417],[80.14792,29.47708]]},"properties":{"MAIN_RIV":41067217,"LENGTH_KM":3.25,"ORD_STRA":1}},
{"type":"Feature","geometry":{"type":"LineString","coordinates":[[80.18125,29.46042],[80.18542,29.45625]]},"properties":{"MAIN_RIV":41067217,"LENGTH_KM":0.61,"ORD_STRA":5}},
{"type":"Feature","geometry":{"type":"LineString","coordinates":[[80.18542,29.45625],[80.19792,29.46042]]},"properties":{"MAIN_RIV":41067217,"LENGTH_KM":1.42,"ORD_STRA":5}},
{"type":"Feature","geometry":{"type":"LineString","coordinates":[[79.47708,29.45208],[79.48125,29.46042]]},"properties":{"MAIN_RIV":41067217,"LENGTH_KM":1.08,"ORD_STRA":2}},
{"type":"Feature","geometry":{"type":"LineString","coordinates":[[79.83333,29.46875],[79.85625,29.45208]]},"properties":{"MAIN_RIV":41067217,"LENGTH_KM":3.31,"ORD_STRA":1}},
{"type":"Feature","geometry":{"type":"LineString","coordinates":[[79.99792,29.45208],[79.98125,29.46875],[79.98542,29.48542]]},"properties":{"MAIN_RIV":41067217,"LENGTH_KM":4.46,"ORD_STRA":2}},
{"type":"Feature","geometry":{"type":"LineString","coordinates":[[80.0375,29.46042],[79.99792,29.45208]]},"properties":{"MAIN_RIV":41067217,"LENGTH_KM":4.25,"ORD_STRA":1}},
{"type":"Feature","geometry":{"type":"LineString","coordinates":[[80.19792,29.46042],[80.21458,29.45208]]},"properties":{"MAIN_RIV":41067217,"LENGTH_KM":2.04,"ORD_STRA":5}},
{"type":"Feature","geometry":{"type":"LineString","coordinates":[[80.27292,29.49792],[80.26458,29.47292],[80.26875,29.45208]]},"properties":{"MAIN_RIV":41067217,"LENGTH_KM":5.55,"ORD_STRA":2}},
{"type":"Feature","geometry":{"type":"MultiLineString","coordinates":[[[80.28998,29.45208],[80.27504,29.45838]],[[80.27052,29.45385],[80.26875,29.45208]]]},"properties":{"MAIN_RIV":41067217,"LENGTH_KM":3.26,"ORD_STRA":5}},
{"type":"Feature","geometry":{"type":"MultiLineString","coordinates":[[[80.31042,29.48542],[80.30838,29.48542]],[[80.30574,29.48593],[80.30196,29.48946]],[[80.29528,29.48278],[80.29089,29.47839]],[[80.28958,29.47108],[80.29472,29.46361]],[[80.30177,29.45593],[80.29734,29.45208]]]},"properties":{"MAIN_RIV":41067217,"LENGTH_KM":6.65,"ORD_STRA":5}},
{"type":"Feature","geometry":{"type":"LineString","coordinates":[[79.33542,29.475],[79.32708,29.46042],[79.33958,29.44792]]},"properties":{"MAIN_RIV":41067217,"LENGTH_KM":3.77,"ORD_STRA":1}},
{"type":"Feature","geometry":{"type":"LineString","coordinates":[[79.39167,29.44792],[79.33958,29.44792]]},"properties":{"MAIN_RIV":41067217,"LENGTH_KM":5.46,"ORD_STRA":1}},
{"type":"Feature","geometry":{"type":"LineString","coordinates":[[79.63125,29.45],[79.62292,29.46458],[79.60625,29.46458],[79.56042,29.44792]]},"properties":{"MAIN_RIV":41067217,"LENGTH_KM":9.24,"ORD_STRA":1}},
{"type":"Feature","geometry":{"type":"LineString","coordinates":[[79.85625,29.45208],[79.86042,29.44792]]},"properties":{"MAIN_RIV":41067217,"LENGTH_KM":0.61,"ORD_STRA":2}},
{"type":"Feature","geometry":{"type":"LineString","coordinates":[[79.86042,29.44792],[79.88542,29.48125]]},"properties":{"MAIN_RIV":41067217,"LENGTH_KM":4.61,"ORD_STRA":2}},
{"type":"Feature","geometry":{"type":"LineString","coordinates":[[79.89583,29.44583],[79.91875,29.47292]]},"properties":{"MAIN_RIV":41067217,"LENGTH_KM":3.84,"ORD_STRA":1}},
{"type":"Feature","geometry":{"type":"LineString","coordinates":[[80.21458,29.44583],[80.21458,29.45208]]},"properties":{"MAIN_RIV":41067217,"LENGTH_KM":0.69,"ORD_STRA":1}},
{"type":"Feature","geometry":{"type":"LineString","coordinates":[[80.21458,29.45208],[80.23542,29.44792]]},"properties":{"MAIN_RIV":41067217,"LENGTH_KM":2.23,"ORD_STRA":5}},
{"type":"Feature","geometry":{"type":"LineString","coordinates":[[80.2375,29.46667],[80.23542,29.44792]]},"properties":{"MAIN_RIV":41067217,"LENGTH_KM":2.46,"ORD_STRA":1}},
{"type":"Feature","geometry":{"type":"LineString","coordinates":[[79.56042,29.44792],[79.54375,29.44375],[79.50208,29.46458],[79.48125,29.46042]]},"properties":{"MAIN_RIV":41067217,"LENGTH_KM":9.14,"ORD_STRA":2}},
{"type":"Feature","geometry":{"type":"LineString","coordinates":[[79.56042,29.44167],[79.56042,29.44792]]},"properties":{"MAIN_RIV":41067217,"LENGTH_KM":0.69,"ORD_STRA":1}},
{"type":"Feature","geometry":{"type":"LineString","coordinates":[[79.82917,29.44792],[79.84375,29.44375],[79.85625,29.45208]]},"properties":{"MAIN_RIV":41067217,"LENGTH_KM":3.25,"ORD_STRA":1}},
{"type":"Feature","geometry":{"type":"LineString","coordinates":[[80.23542,29.44792],[80.24287,29.44463]]},"properties":{"MAIN_RIV":41067217,"LENGTH_KM":1.02,"ORD_STRA":5}},
{"type":"Feature","geometry":{"type":"MultiLineString","coordinates":[[[80.26875,29.45208],[80.26596,29.44929]],[[80.26233,29.45017],[80.25974,29.45141]],[[80.25399,29.44792],[80.24724,29.44724]]]},"properties":{"MAIN_RIV":41067217,"LENGTH_KM":3.26,"ORD_STRA":5}},
{"type":"Feature","geometry":{"type":"LineString","coordinates":[[79.86042,29.4375],[79.86042,29.44792]]},"properties":{"MAIN_RIV":41067217,"LENGTH_KM":1.16,"ORD_STRA":1}},
{"type":"Feature","geometry":{"type":"LineString","coordinates":[[79.99792,29.43958],[79.99792,29.45208]]},"properties":{"MAIN_RIV":41067217,"LENGTH_KM":1.69,"ORD_STRA":2}},
{"type":"Feature","geometry":{"type":"LineString","coordinates":[[79.45,29.43542],[79.46875,29.43542]]},"properties":{"MAIN_RIV":41067217,"LENGTH_KM":1.82,"ORD_STRA":1}},
{"type":"Feature","geometry":{"type":"LineString","coordinates":[[79.46875,29.43542],[79.47708,29.45208]]},"properties":{"MAIN_RIV":41067217,"LENGTH_KM":2.15,"ORD_STRA":2}},
{"type":"Feature","geometry":{"type":"LineString","coordinates":[[80.00625,29.43542],[79.99792,29.43958]]},"properties":{"MAIN_RIV":41067217,"LENGTH_KM":1.02,"ORD_STRA":2}},
{"type":"Feature","geometry":{"type":"LineString","coordinates":[[79.06042,29.48333],[79.07708,29.45208],[79.07292,29.44375],[79.08542,29.43125]]},"properties":{"MAIN_RIV":41067217,"LENGTH_KM":7,"ORD_STRA":1}},
{"type":"Feature","geometry":{"type":"LineString","coordinates":[[79.08958,29.4625],[79.10208,29.43958],[79.08542,29.43125]]},"properties":{"MAIN_RIV":41067217,"LENGTH_KM":5.04,"ORD_STRA":1}},
{"type":"Feature","geometry":{"type":"LineString","coordinates":[[79.25,29.45],[79.23542,29.43125]]},"properties":{"MAIN_RIV":41067217,"LENGTH_KM":2.61,"ORD_STRA":1}},
{"type":"Feature","geometry":{"type":"LineString","coordinates":[[79.73125,29.4375],[79.73125,29.43125]]},"properties":{"MAIN_RIV":41067217,"LENGTH_KM":0.69,"ORD_STRA":1}},
{"type":"Feature","geometry":{"type":"LineString","coordinates":[[79.75,29.43125],[79.73125,29.43125]]},"properties":{"MAIN_RIV":41067217,"LENGTH_KM":2.24,"ORD_STRA":1}},
{"type":"Feature","geometry":{"type":"LineString","coordinates":[[80.00625,29.42917],[80.00625,29.43542]]},"properties":{"MAIN_RIV":41067217,"LENGTH_KM":0.69,"ORD_STRA":1}},
{"type":"Feature","geometry":{"type":"LineString","coordinates":[[79.28125,29.46667],[79.26042,29.43542],[79.24375,29.42708],[79.23542,29.43125]]},"properties":{"MAIN_RIV":41067217,"LENGTH_KM":7.28,"ORD_STRA":1}},
{"type":"Feature","geometry":{"type":"LineString","coordinates":[[79.68958,29.425],[79.68125,29.45625],[79.69375,29.47292],[79.68125,29.49375],[79.68125,29.52292]]},"properties":{"MAIN_RIV":41067217,"LENGTH_KM":12.1,"ORD_STRA":1}},
{"type":"Feature","geometry":{"type":"LineString","coordinates":[[80.02708,29.42708],[80.00625,29.43542]]},"properties":{"MAIN_RIV":41067217,"LENGTH_KM":2.44,"ORD_STRA":2}},
{"type":"Feature","geometry":{"type":"LineString","coordinates":[[80.05,29.42708],[80.02708,29.42708]]},"properties":{"MAIN_RIV":41067217,"LENGTH_KM":2.22,"ORD_STRA":1}},
{"type":"Feature","geometry":{"type":"LineString","coordinates":[[79.06042,29.45417],[79.07292,29.42292]]},"properties":{"MAIN_RIV":41067217,"LENGTH_KM":3.93,"ORD_STRA":1}},
{"type":"Feature","geometry":{"type":"LineString","coordinates":[[79.08542,29.43125],[79.07292,29.42292]]},"properties":{"MAIN_RIV":41067217,"LENGTH_KM":1.63,"ORD_STRA":2}},
{"type":"Feature","geometry":{"type":"LineString","coordinates":[[79.46458,29.42083],[79.46875,29.43542]]},"properties":{"MAIN_RIV":41067217,"LENGTH_KM":1.77,"ORD_STRA":1}},
{"type":"Feature","geometry":{"type":"LineString","coordinates":[[79.925,29.42292],[79.96458,29.43958],[79.97292,29.45208],[79.96875,29.47708]]},"properties":{"MAIN_RIV":41067217,"LENGTH_KM":9.3,"ORD_STRA":1}},
{"type":"Feature","geometry":{"type":"LineString","coordinates":[[79.15625,29.46875],[79.13542,29.43542],[79.13542,29.41875]]},"properties":{"MAIN_RIV":41067217,"LENGTH_KM":6.32,"ORD_STRA":4}},
{"type":"Feature","geometry":{"type":"LineString","coordinates":[[79.175,29.42708],[79.13542,29.41875]]},"properties":{"MAIN_RIV":41067217,"LENGTH_KM":4.25,"ORD_STRA":1}},
{"type":"Feature","geometry":{"type":"LineString","coordinates":[[79.25,29.475],[79.21875,29.43542],[79.22292,29.41875]]},"properties":{"MAIN_RIV":41067217,"LENGTH_KM":7.54,"ORD_STRA":1}},
{"type":"Feature","geometry":{"type":"LineString","coordinates":[[79.23542,29.43125],[79.22292,29.41875]]},"properties":{"MAIN_RIV":41067217,"LENGTH_KM":1.84,"ORD_STRA":2}},
{"type":"Feature","geometry":{"type":"LineString","coordinates":[[80.14167,29.41875],[80.16042,29.41875]]},"properties":{"MAIN_RIV":41067217,"LENGTH_KM":1.82,"ORD_STRA":1}},
{"type":"Feature","geometry":{"type":"LineString","coordinates":[[80.16042,29.41875],[80.18542,29.42292],[80.18542,29.45625]]},"properties":{"MAIN_RIV":41067217,"LENGTH_KM":6.94,"ORD_STRA":2}},
{"type":"Feature","geometry":{"type":"LineString","coordinates":[[79.5125,29.40833],[79.51458,29.42292],[79.47708,29.45208]]},"properties":{"MAIN_RIV":41067217,"LENGTH_KM":7.36,"ORD_STRA":1}},
{"type":"Feature","geometry":{"type":"LineString","coordinates":[[80.15417,29.40833],[80.16042,29.41875]]},"properties":{"MAIN_RIV":41067217,"LENGTH_KM":1.39,"ORD_STRA":1}},
{"type":"Feature","geometry":{"type":"MultiLineString","coordinates":[[[80.24375,29.44103],[80.24762,29.43571]],[[80.24667,29.43001],[80.24375,29.41351]]]},"properties":{"MAIN_RIV":41067217,"LENGTH_KM":4.01,"ORD_STRA":6}},
{"type":"Feature","geometry":{"type":"LineString","coordinates":[[78.87917,29.5],[78.84061,29.45728]]},"properties":{"MAIN_RIV":41067217,"LENGTH_KM":21.07,"ORD_STRA":1}},
{"type":"Feature","geometry":{"type":"LineString","coordinates":[[79.22292,29.41875],[79.21875,29.40625]]},"properties":{"MAIN_RIV":41067217,"LENGTH_KM":1.54,"ORD_STRA":2}},
{"type":"Feature","geometry":{"type":"LineString","coordinates":[[79.40417,29.41042],[79.39375,29.40625]]},"properties":{"MAIN_RIV":41067217,"LENGTH_KM":1.22,"ORD_STRA":1}},
{"type":"Feature","geometry":{"type":"LineString","coordinates":[[80.22083,29.40417],[80.24297,29.41042]]},"properties":{"MAIN_RIV":41067217,"LENGTH_KM":2.54,"ORD_STRA":1}},
{"type":"Feature","geometry":{"type":"LineString","coordinates":[[79.25833,29.40625],[79.21875,29.40625]]},"properties":{"MAIN_RIV":41067217,"LENGTH_KM":4.26,"ORD_STRA":1}},
{"type":"Feature","geometry":{"type":"LineString","coordinates":[[79.40833,29.40208],[79.39375,29.40625]]},"properties":{"MAIN_RIV":41067217,"LENGTH_KM":1.62,"ORD_STRA":1}},
{"type":"Feature","geometry":{"type":"LineString","coordinates":[[79.63125,29.4125],[79.63542,29.40208]]},"properties":{"MAIN_RIV":41067217,"LENGTH_KM":1.31,"ORD_STRA":1}},
{"type":"Feature","geometry":{"type":"LineString","coordinates":[[79.65417,29.41042],[79.63542,29.40208]]},"properties":{"MAIN_RIV":41067217,"LENGTH_KM":2.24,"ORD_STRA":1}},
{"type":"Feature","geometry":{"type":"LineString","coordinates":[[80.0625,29.40208],[80.06875,29.40208]]},"properties":{"MAIN_RIV":41067217,"LENGTH_KM":0.6,"ORD_STRA":1}},
{"type":"Feature","geometry":{"type":"MultiLineString","coordinates":[[[80.24727,29.4069],[80.24812,29.40625]],[[80.25528,29.40306],[80.25657,29.40208]]]},"properties":{"MAIN_RIV":41067217,"LENGTH_KM":2.04,"ORD_STRA":6}},
{"type":"Feature","geometry":{"type":"LineString","coordinates":[[80.0625,29.39583],[80.06875,29.40208]]},"properties":{"MAIN_RIV":41067217,"LENGTH_KM":0.92,"ORD_STRA":1}},
{"type":"Feature","geometry":{"type":"LineString","coordinates":[[80.06875,29.40208],[80.08542,29.39792]]},"properties":{"MAIN_RIV":41067217,"LENGTH_KM":2.25,"ORD_STRA":2}},
{"type":"Feature","geometry":{"type":"LineString","coordinates":[[80.09167,29.41042],[80.08542,29.39792]]},"properties":{"MAIN_RIV":41067217,"LENGTH_KM":2,"ORD_STRA":1}},
{"type":"Feature","geometry":{"type":"LineString","coordinates":[[79.01458,29.47917],[79.02292,29.46042],[78.99375,29.43125],[79.01458,29.40625],[79.01458,29.39375]]},"properties":{"MAIN_RIV":41067217,"LENGTH_KM":11.87,"ORD_STRA":1}},
{"type":"Feature","geometry":{"type":"LineString","coordinates":[[79.03542,29.44167],[79.04375,29.41458],[79.01458,29.39375]]},"properties":{"MAIN_RIV":41067217,"LENGTH_KM":7.19,"ORD_STRA":1}},
{"type":"Feature","geometry":{"type":"LineString","coordinates":[[79.71667,29.39375],[79.72292,29.39375]]},"properties":{"MAIN_RIV":41067217,"LENGTH_KM":0.61,"ORD_STRA":1}},
{"type":"Feature","geometry":{"type":"LineString","coordinates":[[79.73125,29.43125],[79.72292,29.39375]]},"properties":{"MAIN_RIV":41067217,"LENGTH_KM":4.47,"ORD_STRA":2}},
{"type":"Feature","geometry":{"type":"LineString","coordinates":[[78.93958,29.47292],[78.91551,29.43635]]},"properties":{"MAIN_RIV":41067217,"LENGTH_KM":11.18,"ORD_STRA":2}},
{"type":"Feature","geometry":{"type":"LineString","coordinates":[[79.72292,29.39375],[79.72292,29.38958]]},"properties":{"MAIN_RIV":41067217,"LENGTH_KM":0.46,"ORD_STRA":2}},
{"type":"Feature","geometry":{"type":"LineString","coordinates":[[79.99167,29.3875],[79.98125,29.40625],[79.99792,29.43958]]},"properties":{"MAIN_RIV":41067217,"LENGTH_KM":6.77,"ORD_STRA":1}},
{"type":"Feature","geometry":{"type":"LineString","coordinates":[[80.08542,29.39792],[80.09375,29.38958]]},"properties":{"MAIN_RIV":41067217,"LENGTH_KM":1.23,"ORD_STRA":2}},
{"type":"Feature","geometry":{"type":"LineString","coordinates":[[78.97708,29.49167],[78.96875,29.45208],[78.91179,29.39375]]},"properties":{"MAIN_RIV":41067217,"LENGTH_KM":16.61,"ORD_STRA":1}},
{"type":"Feature","geometry":{"type":"LineString","coordinates":[[79.57083,29.4],[79.58542,29.38542]]},"properties":{"MAIN_RIV":41067217,"LENGTH_KM":2.4,"ORD_STRA":1}},
{"type":"Feature","geometry":{"type":"LineString","coordinates":[[79.7875,29.425],[79.80625,29.41458],[79.81042,29.38542]]},"properties":{"MAIN_RIV":41067217,"LENGTH_KM":5.74,"ORD_STRA":1}},
{"type":"Feature","geometry":{"type":"LineString","coordinates":[[79.8375,29.4],[79.81042,29.38542]]},"properties":{"MAIN_RIV":41067217,"LENGTH_KM":3.36,"ORD_STRA":1}},
{"type":"Feature","geometry":{"type":"LineString","coordinates":[[80.02708,29.38333],[80.03542,29.41458],[80.02708,29.42708]]},"properties":{"MAIN_RIV":41067217,"LENGTH_KM":5.47,"ORD_STRA":1}},
{"type":"Feature","geometry":{"type":"LineString","coordinates":[[79.33958,29.44792],[79.30625,29.41042],[79.25625,29.38125]]},"properties":{"MAIN_RIV":41067217,"LENGTH_KM":12.2,"ORD_STRA":2}},
{"type":"Feature","geometry":{"type":"LineString","coordinates":[[79.27083,29.37917],[79.26458,29.38542],[79.25625,29.38125]]},"properties":{"MAIN_RIV":41067217,"LENGTH_KM":1.94,"ORD_STRA":1}},
{"type":"Feature","geometry":{"type":"LineString","coordinates":[[79.61875,29.38125],[79.58542,29.38542]]},"properties":{"MAIN_RIV":41067217,"LENGTH_KM":3.44,"ORD_STRA":2}},
{"type":"Feature","geometry":{"type":"LineString","coordinates":[[79.63542,29.40208],[79.61875,29.39375],[79.61875,29.38125]]},"properties":{"MAIN_RIV":41067217,"LENGTH_KM":3.43,"ORD_STRA":2}},
{"type":"Feature","geometry":{"type":"LineString","coordinates":[[79.70833,29.38125],[79.72292,29.38958]]},"properties":{"MAIN_RIV":41067217,"LENGTH_KM":1.83,"ORD_STRA":1}},
{"type":"Feature","geometry":{"type":"LineString","coordinates":[[79.81042,29.38542],[79.81042,29.38125]]},"properties":{"MAIN_RIV":41067217,"LENGTH_KM":0.46,"ORD_STRA":2}},
{"type":"Feature","geometry":{"type":"LineString","coordinates":[[80.09375,29.37917],[80.09375,29.38958]]},"properties":{"MAIN_RIV":41067217,"LENGTH_KM":1.16,"ORD_STRA":1}},
{"type":"Feature","geometry":{"type":"LineString","coordinates":[[79.65833,29.37708],[79.63958,29.37708],[79.63125,29.38542],[79.61875,29.38125]]},"properties":{"MAIN_RIV":41067217,"LENGTH_KM":4.47,"ORD_STRA":1}},
{"type":"Feature","geometry":{"type":"LineString","coordinates":[[79.76667,29.38125],[79.81042,29.38125]]},"properties":{"MAIN_RIV":41067217,"LENGTH_KM":4.66,"ORD_STRA":1}},
{"type":"Feature","geometry":{"type":"LineString","coordinates":[[79.90208,29.4],[79.90208,29.37292]]},"properties":{"MAIN_RIV":41067217,"LENGTH_KM":3.31,"ORD_STRA":1}},
{"type":"Feature","geometry":{"type":"LineString","coordinates":[[79.55833,29.39167],[79.56875,29.37292],[79.58125,29.36875]]},"properties":{"MAIN_RIV":41067217,"LENGTH_KM":3.88,"ORD_STRA":1}},
{"type":"Feature","geometry":{"type":"LineString","coordinates":[[79.58542,29.38542],[79.58125,29.36875]]},"properties":{"MAIN_RIV":41067217,"LENGTH_KM":2,"ORD_STRA":2}},
{"type":"Feature","geometry":{"type":"LineString","coordinates":[[80.09375,29.38958],[80.12292,29.36875]]},"properties":{"MAIN_RIV":41067217,"LENGTH_KM":4.13,"ORD_STRA":2}},
{"type":"Feature","geometry":{"type":"LineString","coordinates":[[80.13333,29.375],[80.12292,29.36875]]},"properties":{"MAIN_RIV":41067217,"LENGTH_KM":1.33,"ORD_STRA":1}},
{"type":"Feature","geometry":{"type":"MultiLineString","coordinates":[[[80.27141,29.39526],[80.27413,29.3842]],[[80.27668,29.38165],[80.27708,29.37742]]]},"properties":{"MAIN_RIV":41067217,"LENGTH_KM":4.71,"ORD_STRA":6}},
{"type":"Feature","geometry":{"type":"LineString","coordinates":[[79.81042,29.38125],[79.82708,29.36458]]},"properties":{"MAIN_RIV":41067217,"LENGTH_KM":2.71,"ORD_STRA":2}},
{"type":"Feature","geometry":{"type":"LineString","coordinates":[[79.8375,29.375],[79.82708,29.36458]]},"properties":{"MAIN_RIV":41067217,"LENGTH_KM":1.54,"ORD_STRA":1}},
{"type":"Feature","geometry":{"type":"LineString","coordinates":[[80.18333,29.38542],[80.20208,29.38542],[80.21875,29.36458],[80.25208,29.37708],[80.27227,29.36875]]},"properties":{"MAIN_RIV":41067217,"LENGTH_KM":11.46,"ORD_STRA":1}},
{"type":"Feature","geometry":{"type":"LineString","coordinates":[[79.18125,29.36042],[79.17292,29.36042]]},"properties":{"MAIN_RIV":41067217,"LENGTH_KM":0.81,"ORD_STRA":3}},
{"type":"Feature","geometry":{"type":"LineString","coordinates":[[79.21875,29.40625],[79.22292,29.39792],[79.21042,29.39375],[79.21042,29.38125],[79.18125,29.36042]]},"properties":{"MAIN_RIV":41067217,"LENGTH_KM":7.77,"ORD_STRA":2}},
{"type":"Feature","geometry":{"type":"LineString","coordinates":[[79.39375,29.40625],[79.38542,29.39792],[79.36042,29.40208],[79.33958,29.38958],[79.32708,29.37292],[79.33125,29.36042]]},"properties":{"MAIN_RIV":41067217,"LENGTH_KM":10.61,"ORD_STRA":2}},
{"type":"Feature","geometry":{"type":"LineString","coordinates":[[79.35,29.36875],[79.33125,29.36042]]},"properties":{"MAIN_RIV":41067217,"LENGTH_KM":2.24,"ORD_STRA":1}},
{"type":"Feature","geometry":{"type":"LineString","coordinates":[[79.88333,29.36875],[79.89792,29.36042]]},"properties":{"MAIN_RIV":41067217,"LENGTH_KM":1.83,"ORD_STRA":1}},
{"type":"Feature","geometry":{"type":"LineString","coordinates":[[79.90208,29.37292],[79.89792,29.36042]]},"properties":{"MAIN_RIV":41067217,"LENGTH_KM":1.54,"ORD_STRA":2}},
{"type":"Feature","geometry":{"type":"LineString","coordinates":[[79.94792,29.36042],[79.93125,29.36875],[79.93125,29.38125],[79.90208,29.37292]]},"properties":{"MAIN_RIV":41067217,"LENGTH_KM":6.98,"ORD_STRA":2}},
{"type":"Feature","geometry":{"type":"LineString","coordinates":[[79.9875,29.37292],[79.95625,29.37292],[79.94792,29.36042]]},"properties":{"MAIN_RIV":41067217,"LENGTH_KM":5.14,"ORD_STRA":1}},
{"type":"Feature","geometry":{"type":"LineString","coordinates":[[80.12292,29.36875],[80.12708,29.36042]]},"properties":{"MAIN_RIV":41067217,"LENGTH_KM":1.08,"ORD_STRA":2}},
{"type":"Feature","geometry":{"type":"LineString","coordinates":[[79.25625,29.38125],[79.22708,29.35625],[79.18125,29.36042]]},"properties":{"MAIN_RIV":41067217,"LENGTH_KM":9.16,"ORD_STRA":2}},
{"type":"Feature","geometry":{"type":"LineString","coordinates":[[79.94792,29.35417],[79.94792,29.36042]]},"properties":{"MAIN_RIV":41067217,"LENGTH_KM":0.69,"ORD_STRA":1}},
{"type":"Feature","geometry":{"type":"LineString","coordinates":[[80.27666,29.36084],[80.27708,29.35625]]},"properties":{"MAIN_RIV":41067217,"LENGTH_KM":1.08,"ORD_STRA":6}},
{"type":"Feature","geometry":{"type":"LineString","coordinates":[[79.01458,29.39375],[79.01458,29.35208]]},"properties":{"MAIN_RIV":41067217,"LENGTH_KM":4.94,"ORD_STRA":2}},
{"type":"Feature","geometry":{"type":"LineString","coordinates":[[79.07292,29.42292],[79.06458,29.41458],[79.06458,29.38958],[79.04792,29.36875],[79.01458,29.35208]]},"properties":{"MAIN_RIV":41067217,"LENGTH_KM":11,"ORD_STRA":2}},
{"type":"Feature","geometry":{"type":"LineString","coordinates":[[79.16667,29.375],[79.16042,29.35208]]},"properties":{"MAIN_RIV":41067217,"LENGTH_KM":2.77,"ORD_STRA":1}},
{"type":"Feature","geometry":{"type":"LineString","coordinates":[[79.17292,29.36042],[79.16042,29.35208]]},"properties":{"MAIN_RIV":41067217,"LENGTH_KM":1.63,"ORD_STRA":3}},
{"type":"Feature","geometry":{"type":"LineString","coordinates":[[80.26667,29.35208],[80.27708,29.35625]]},"properties":{"MAIN_RIV":41067217,"LENGTH_KM":1.47,"ORD_STRA":1}},
{"type":"Feature","geometry":{"type":"LineString","coordinates":[[79.1875,29.34583],[79.17292,29.36042]]},"properties":{"MAIN_RIV":41067217,"LENGTH_KM":2.15,"ORD_STRA":1}},
{"type":"Feature","geometry":{"type":"LineString","coordinates":[[79.33125,29.36042],[79.33125,29.34792]]},"properties":{"MAIN_RIV":41067217,"LENGTH_KM":1.39,"ORD_STRA":2}},
{"type":"Feature","geometry":{"type":"LineString","coordinates":[[79.49792,29.37083],[79.51042,29.34792]]},"properties":{"MAIN_RIV":41067217,"LENGTH_KM":3,"ORD_STRA":1}},
{"type":"Feature","geometry":{"type":"LineString","coordinates":[[79.51667,29.34792],[79.51042,29.34792]]},"properties":{"MAIN_RIV":41067217,"LENGTH_KM":0.61,"ORD_STRA":1}},
{"type":"Feature","geometry":{"type":"LineString","coordinates":[[79.375,29.35833],[79.36042,29.34375],[79.34792,29.35208],[79.33125,29.34792]]},"properties":{"MAIN_RIV":41067217,"LENGTH_KM":5.61,"ORD_STRA":1}},
{"type":"Feature","geometry":{"type":"LineString","coordinates":[[80.1375,29.34375],[80.15208,29.34375]]},"properties":{"MAIN_RIV":41067217,"LENGTH_KM":1.41,"ORD_STRA":1}},
{"type":"Feature","geometry":{"type":"LineString","coordinates":[[80.12708,29.36042],[80.15208,29.34375]]},"properties":{"MAIN_RIV":41067217,"LENGTH_KM":3.27,"ORD_STRA":3}},
{"type":"Feature","geometry":{"type":"LineString","coordinates":[[79.075,29.375],[79.06042,29.36875],[79.04792,29.33958]]},"properties":{"MAIN_RIV":41067217,"LENGTH_KM":6.1,"ORD_STRA":1}},
{"type":"Feature","geometry":{"type":"LineString","coordinates":[[79.09583,29.37083],[79.04792,29.33958]]},"properties":{"MAIN_RIV":41067217,"LENGTH_KM":6.22,"ORD_STRA":1}},
{"type":"Feature","geometry":{"type":"LineString","coordinates":[[80.08333,29.33958],[80.10208,29.33958]]},"properties":{"MAIN_RIV":41067217,"LENGTH_KM":2.49,"ORD_STRA":1}},
{"type":"Feature","geometry":{"type":"LineString","coordinates":[[80.10208,29.33958],[80.12708,29.36042]]},"properties":{"MAIN_RIV":41067217,"LENGTH_KM":3.73,"ORD_STRA":2}},
{"type":"Feature","geometry":{"type":"MultiLineString","coordinates":[[[80.27708,29.35625],[80.27994,29.3534]],[[80.28125,29.34503],[80.28542,29.33958]]]},"properties":{"MAIN_RIV":41067217,"LENGTH_KM":2.16,"ORD_STRA":6}},
{"type":"Feature","geometry":{"type":"LineString","coordinates":[[80.28542,29.34001],[80.28542,29.33958]]},"properties":{"MAIN_RIV":41067217,"LENGTH_KM":4.18,"ORD_STRA":1}},
{"type":"Feature","geometry":{"type":"LineString","coordinates":[[79.47292,29.37083],[79.48958,29.34375],[79.51458,29.33542]]},"properties":{"MAIN_RIV":41067217,"LENGTH_KM":6.46,"ORD_STRA":1}},
{"type":"Feature","geometry":{"type":"LineString","coordinates":[[79.51042,29.34792],[79.51458,29.33542]]},"properties":{"MAIN_RIV":41067217,"LENGTH_KM":1.54,"ORD_STRA":2}},
{"type":"Feature","geometry":{"type":"LineString","coordinates":[[79.72292,29.38958],[79.73125,29.36875],[79.75208,29.35208],[79.75208,29.33542]]},"properties":{"MAIN_RIV":41067217,"LENGTH_KM":7.64,"ORD_STRA":2}},
{"type":"Feature","geometry":{"type":"LineString","coordinates":[[79.7625,29.33542],[79.75208,29.33542]]},"properties":{"MAIN_RIV":41067217,"LENGTH_KM":1.01,"ORD_STRA":1}},
{"type":"Feature","geometry":{"type":"LineString","coordinates":[[79.51458,29.33542],[79.51458,29.33125]]},"properties":{"MAIN_RIV":41067217,"LENGTH_KM":0.46,"ORD_STRA":2}},
{"type":"Feature","geometry":{"type":"LineString","coordinates":[[79.82708,29.36458],[79.84792,29.33125]]},"properties":{"MAIN_RIV":41067217,"LENGTH_KM":4.46,"ORD_STRA":2}},
{"type":"Feature","geometry":{"type":"LineString","coordinates":[[79.89792,29.36042],[79.90625,29.33125]]},"properties":{"MAIN_RIV":41067217,"LENGTH_KM":3.55,"ORD_STRA":2}},
{"type":"Feature","geometry":{"type":"LineString","coordinates":[[79.91667,29.34167],[79.90625,29.33125]]},"properties":{"MAIN_RIV":41067217,"LENGTH_KM":1.54,"ORD_STRA":1}},
{"type":"Feature","geometry":{"type":"LineString","coordinates":[[80.15208,29.34375],[80.17708,29.34375],[80.19375,29.33125]]},"properties":{"MAIN_RIV":41067217,"LENGTH_KM":5.09,"ORD_STRA":3}},
{"type":"Feature","geometry":{"type":"LineString","coordinates":[[79.50417,29.32708],[79.51458,29.33125]]},"properties":{"MAIN_RIV":41067217,"LENGTH_KM":1.22,"ORD_STRA":1}},
{"type":"Feature","geometry":{"type":"LineString","coordinates":[[79.8375,29.325],[79.84792,29.33125]]},"properties":{"MAIN_RIV":41067217,"LENGTH_KM":1.33,"ORD_STRA":1}},
{"type":"Feature","geometry":{"type":"LineString","coordinates":[[80.17917,29.32083],[80.19375,29.33125]]},"properties":{"MAIN_RIV":41067217,"LENGTH_KM":1.94,"ORD_STRA":1}},
{"type":"Feature","geometry":{"type":"MultiLineString","coordinates":[[[80.28542,29.33958],[80.29419,29.32664]],[[80.29688,29.32396],[80.29792,29.32292]]]},"properties":{"MAIN_RIV":41067217,"LENGTH_KM":2.31,"ORD_STRA":6}},
{"type":"Feature","geometry":{"type":"LineString","coordinates":[[78.92708,29.37917],[78.91875,29.36458],[78.92292,29.34375],[78.93958,29.31875]]},"properties":{"MAIN_RIV":41067217,"LENGTH_KM":8.03,"ORD_STRA":1}},
{"type":"Feature","geometry":{"type":"LineString","coordinates":[[78.95417,29.35417],[78.93958,29.31875]]},"properties":{"MAIN_RIV":41067217,"LENGTH_KM":4.47,"ORD_STRA":1}},
{"type":"Feature","geometry":{"type":"LineString","coordinates":[[79.84792,29.33125],[79.86458,29.31875]]},"properties":{"MAIN_RIV":41067217,"LENGTH_KM":2.5,"ORD_STRA":2}},
{"type":"Feature","geometry":{"type":"LineString","coordinates":[[79.86458,29.32917],[79.86458,29.31875]]},"properties":{"MAIN_RIV":41067217,"LENGTH_KM":1.16,"ORD_STRA":1}},
{"type":"Feature","geometry":{"type":"LineString","coordinates":[[79.90625,29.33125],[79.90208,29.31875]]},"properties":{"MAIN_RIV":41067217,"LENGTH_KM":1.54,"ORD_STRA":2}},
{"type":"Feature","geometry":{"type":"LineString","coordinates":[[80.01458,29.32917],[80.01458,29.31875]]},"properties":{"MAIN_RIV":41067217,"LENGTH_KM":1.16,"ORD_STRA":1}},
{"type":"Feature","geometry":{"type":"LineString","coordinates":[[80.04375,29.35],[80.03958,29.33542],[80.01458,29.31875]]},"properties":{"MAIN_RIV":41067217,"LENGTH_KM":5.04,"ORD_STRA":1}},
{"type":"Feature","geometry":{"type":"LineString","coordinates":[[78.97292,29.40833],[78.98125,29.31458]]},"properties":{"MAIN_RIV":41067217,"LENGTH_KM":11.03,"ORD_STRA":1}},
{"type":"Feature","geometry":{"type":"LineString","coordinates":[[79.01458,29.35208],[78.98125,29.31458]]},"properties":{"MAIN_RIV":41067217,"LENGTH_KM":5.38,"ORD_STRA":3}},
{"type":"Feature","geometry":{"type":"LineString","coordinates":[[79.33125,29.34792],[79.33542,29.31458]]},"properties":{"MAIN_RIV":41067217,"LENGTH_KM":3.86,"ORD_STRA":2}},
{"type":"Feature","geometry":{"type":"LineString","coordinates":[[79.35417,29.32917],[79.33542,29.31458]]},"properties":{"MAIN_RIV":41067217,"LENGTH_KM":2.56,"ORD_STRA":1}},
{"type":"Feature","geometry":{"type":"LineString","coordinates":[[80.10208,29.3125],[80.10208,29.33958]]},"properties":{"MAIN_RIV":41067217,"LENGTH_KM":3.31,"ORD_STRA":1}},
{"type":"Feature","geometry":{"type":"MultiLineString","coordinates":[[[78.73434,29.32184],[78.73392,29.32142]],[[78.73228,29.31772],[78.73958,29.31042]]]},"properties":{"MAIN_RIV":41067217,"LENGTH_KM":2.15,"ORD_STRA":1}},
{"type":"Feature","geometry":{"type":"MultiLineString","coordinates":[[[78.76656,29.33739],[78.7495,29.32292]],[[78.74375,29.31673],[78.73958,29.31042]]]},"properties":{"MAIN_RIV":41067217,"LENGTH_KM":7.33,"ORD_STRA":2}},
{"type":"Feature","geometry":{"type":"LineString","coordinates":[[79.75208,29.33542],[79.75208,29.31042]]},"properties":{"MAIN_RIV":41067217,"LENGTH_KM":2.78,"ORD_STRA":2}},
{"type":"Feature","geometry":{"type":"LineString","coordinates":[[79.77083,29.31042],[79.75208,29.31042]]},"properties":{"MAIN_RIV":41067217,"LENGTH_KM":1.82,"ORD_STRA":1}},
{"type":"Feature","geometry":{"type":"LineString","coordinates":[[79.94167,29.31042],[79.90208,29.31875]]},"properties":{"MAIN_RIV":41067217,"LENGTH_KM":4.26,"ORD_STRA":1}},
{"type":"Feature","geometry":{"type":"LineString","coordinates":[[80.29792,29.32292],[80.30814,29.32292]]},"properties":{"MAIN_RIV":41067217,"LENGTH_KM":2.9,"ORD_STRA":6}},
{"type":"Feature","geometry":{"type":"LineString","coordinates":[[78.89375,29.32917],[78.89375,29.31875],[78.92708,29.31458],[78.93542,29.30208]]},"properties":{"MAIN_RIV":41067217,"LENGTH_KM":6.71,"ORD_STRA":1}},
{"type":"Feature","geometry":{"type":"LineString","coordinates":[[78.93958,29.31875],[78.93542,29.30208]]},"properties":{"MAIN_RIV":41067217,"LENGTH_KM":2,"ORD_STRA":2}},
{"type":"Feature","geometry":{"type":"LineString","coordinates":[[79.84583,29.30208],[79.86875,29.30208]]},"properties":{"MAIN_RIV":41067217,"LENGTH_KM":2.22,"ORD_STRA":1}},
{"type":"Feature","geometry":{"type":"LineString","coordinates":[[79.86458,29.31875],[79.86875,29.30208]]},"properties":{"MAIN_RIV":41067217,"LENGTH_KM":2,"ORD_STRA":2}},
{"type":"Feature","geometry":{"type":"LineString","coordinates":[[79.5375,29.36667],[79.57292,29.33542],[79.56042,29.32292],[79.56458,29.29792]]},"properties":{"MAIN_RIV":41067217,"LENGTH_KM":9.79,"ORD_STRA":1}},
{"type":"Feature","geometry":{"type":"LineString","coordinates":[[79.9875,29.29792],[79.99375,29.29792]]},"properties":{"MAIN_RIV":41067217,"LENGTH_KM":0.61,"ORD_STRA":1}},
{"type":"Feature","geometry":{"type":"LineString","coordinates":[[79.98333,29.325],[79.99375,29.31458],[79.99375,29.29792]]},"properties":{"MAIN_RIV":41067217,"LENGTH_KM":3.39,"ORD_STRA":1}},
{"type":"Feature","geometry":{"type":"LineString","coordinates":[[80.22708,29.29792],[80.23958,29.29792]]},"properties":{"MAIN_RIV":41067217,"LENGTH_KM":1.21,"ORD_STRA":2}},
{"type":"Feature","geometry":{"type":"LineString","coordinates":[[80.19375,29.33125],[80.21042,29.33125],[80.23958,29.29792]]},"properties":{"MAIN_RIV":41067217,"LENGTH_KM":7.31,"ORD_STRA":3}},
{"type":"Feature","geometry":{"type":"LineString","coordinates":[[79.25625,29.3375],[79.25625,29.30625],[79.24375,29.29375]]},"properties":{"MAIN_RIV":41067217,"LENGTH_KM":5.57,"ORD_STRA":1}},
{"type":"Feature","geometry":{"type":"LineString","coordinates":[[79.59375,29.29375],[79.56458,29.29792]]},"properties":{"MAIN_RIV":41067217,"LENGTH_KM":3.04,"ORD_STRA":3}},
{"type":"Feature","geometry":{"type":"LineString","coordinates":[[79.6,29.30417],[79.59375,29.29375]]},"properties":{"MAIN_RIV":41067217,"LENGTH_KM":1.39,"ORD_STRA":1}},
{"type":"Feature","geometry":{"type":"LineString","coordinates":[[79.75208,29.31042],[79.75208,29.29375]]},"properties":{"MAIN_RIV":41067217,"LENGTH_KM":1.85,"ORD_STRA":2}},
{"type":"Feature","geometry":{"type":"LineString","coordinates":[[79.78125,29.29375],[79.75208,29.29375]]},"properties":{"MAIN_RIV":41067217,"LENGTH_KM":3.25,"ORD_STRA":2}},
{"type":"Feature","geometry":{"type":"LineString","coordinates":[[79.79167,29.29167],[79.78125,29.29375]]},"properties":{"MAIN_RIV":41067217,"LENGTH_KM":1.54,"ORD_STRA":1}},
{"type":"Feature","geometry":{"type":"LineString","coordinates":[[80.20833,29.29375],[80.22708,29.29792]]},"properties":{"MAIN_RIV":41067217,"LENGTH_KM":2.03,"ORD_STRA":1}},
{"type":"Feature","geometry":{"type":"MultiLineString","coordinates":[[[78.88958,29.37717],[78.8895,29.377]],[[78.88567,29.37317],[78.87818,29.36985]],[[78.8698,29.36147],[78.86452,29.36042]],[[78.85545,29.35962],[78.85208,29.35354]],[[78.83915,29.34749],[78.81042,29.32708],[78.78958,29.30208],[78.78958,29.28958]]]},"properties":{"MAIN_RIV":41067217,"LENGTH_KM":17.12,"ORD_STRA":2}},
{"type":"Feature","geometry":{"type":"LineString","coordinates":[[78.8,29.28958],[78.78958,29.28958]]},"properties":{"MAIN_RIV":41067217,"LENGTH_KM":1.01,"ORD_STRA":1}},
{"type":"Feature","geometry":{"type":"LineString","coordinates":[[79.275,29.3],[79.26458,29.28958],[79.24375,29.29375]]},"properties":{"MAIN_RIV":41067217,"LENGTH_KM":4.19,"ORD_STRA":1}},
{"type":"Feature","geometry":{"type":"LineString","coordinates":[[79.67083,29.33958],[79.70208,29.31042],[79.70208,29.28958]]},"properties":{"MAIN_RIV":41067217,"LENGTH_KM":7.38,"ORD_STRA":1}},
{"type":"Feature","geometry":{"type":"LineString","coordinates":[[79.72292,29.28958],[79.70208,29.28958]]},"properties":{"MAIN_RIV":41067217,"LENGTH_KM":2.44,"ORD_STRA":3}},
{"type":"Feature","geometry":{"type":"LineString","coordinates":[[79.73542,29.28958],[79.72292,29.28958]]},"properties":{"MAIN_RIV":41067217,"LENGTH_KM":1.21,"ORD_STRA":3}},
{"type":"Feature","geometry":{"type":"LineString","coordinates":[[79.70625,29.34583],[79.70625,29.33125],[79.73125,29.31042],[79.73542,29.28958]]},"properties":{"MAIN_RIV":41067217,"LENGTH_KM":7.57,"ORD_STRA":1}},
{"type":"Feature","geometry":{"type":"LineString","coordinates":[[79.74792,29.28958],[79.73542,29.28958]]},"properties":{"MAIN_RIV":41067217,"LENGTH_KM":1.21,"ORD_STRA":3}},
{"type":"Feature","geometry":{"type":"LineString","coordinates":[[79.75208,29.29375],[79.74792,29.28958]]},"properties":{"MAIN_RIV":41067217,"LENGTH_KM":0.61,"ORD_STRA":3}},
{"type":"Feature","geometry":{"type":"LineString","coordinates":[[79.86875,29.30208],[79.87708,29.28958]]},"properties":{"MAIN_RIV":41067217,"LENGTH_KM":1.69,"ORD_STRA":2}},
{"type":"Feature","geometry":{"type":"LineString","coordinates":[[79.90208,29.31875],[79.87708,29.28958]]},"properties":{"MAIN_RIV":41067217,"LENGTH_KM":4.4,"ORD_STRA":2}},
{"type":"Feature","geometry":{"type":"LineString","coordinates":[[79.99375,29.29792],[79.99792,29.28958]]},"properties":{"MAIN_RIV":41067217,"LENGTH_KM":1.08,"ORD_STRA":2}},
{"type":"Feature","geometry":{"type":"LineString","coordinates":[[80.01458,29.31875],[79.99792,29.28958]]},"properties":{"MAIN_RIV":41067217,"LENGTH_KM":3.85,"ORD_STRA":2}},
{"type":"Feature","geometry":{"type":"LineString","coordinates":[[80.23958,29.29792],[80.24792,29.30208],[80.25625,29.28958]]},"properties":{"MAIN_RIV":41067217,"LENGTH_KM":2.71,"ORD_STRA":3}},
{"type":"Feature","geometry":{"type":"LineString","coordinates":[[80.25625,29.28958],[80.29792,29.32292]]},"properties":{"MAIN_RIV":41067217,"LENGTH_KM":5.98,"ORD_STRA":3}},
{"type":"Feature","geometry":{"type":"LineString","coordinates":[[79.44167,29.29167],[79.44792,29.28542]]},"properties":{"MAIN_RIV":41067217,"LENGTH_KM":0.92,"ORD_STRA":1}},
{"type":"Feature","geometry":{"type":"LineString","coordinates":[[79.45833,29.30833],[79.44792,29.28542]]},"properties":{"MAIN_RIV":41067217,"LENGTH_KM":2.93,"ORD_STRA":1}},
{"type":"Feature","geometry":{"type":"LineString","coordinates":[[79.51458,29.33125],[79.55208,29.28542]]},"properties":{"MAIN_RIV":41067217,"LENGTH_KM":6.71,"ORD_STRA":2}},
{"type":"Feature","geometry":{"type":"LineString","coordinates":[[79.56458,29.29792],[79.55208,29.28542]]},"properties":{"MAIN_RIV":41067217,"LENGTH_KM":2.1,"ORD_STRA":3}},
{"type":"Feature","geometry":{"type":"LineString","coordinates":[[79.75833,29.28333],[79.74792,29.28958]]},"properties":{"MAIN_RIV":41067217,"LENGTH_KM":1.33,"ORD_STRA":1}},
{"type":"Feature","geometry":{"type":"LineString","coordinates":[[79.87708,29.28958],[79.88125,29.28542]]},"properties":{"MAIN_RIV":41067217,"LENGTH_KM":0.61,"ORD_STRA":3}},
{"type":"Feature","geometry":{"type":"LineString","coordinates":[[80.05,29.30417],[80.04792,29.28542]]},"properties":{"MAIN_RIV":41067217,"LENGTH_KM":2.46,"ORD_STRA":1}},
{"type":"Feature","geometry":{"type":"LineString","coordinates":[[80.05833,29.29583],[80.04792,29.28542]]},"properties":{"MAIN_RIV":41067217,"LENGTH_KM":1.54,"ORD_STRA":1}},
{"type":"Feature","geometry":{"type":"LineString","coordinates":[[80.21667,29.28333],[80.22708,29.29792]]},"properties":{"MAIN_RIV":41067217,"LENGTH_KM":2,"ORD_STRA":1}},
{"type":"Feature","geometry":{"type":"LineString","coordinates":[[80.31643,29.29976],[80.31458,29.29611]]},"properties":{"MAIN_RIV":41067217,"LENGTH_KM":3.23,"ORD_STRA":6}},
{"type":"Feature","geometry":{"type":"LineString","coordinates":[[79.33542,29.31458],[79.33125,29.28125]]},"properties":{"MAIN_RIV":41067217,"LENGTH_KM":4.16,"ORD_STRA":2}},
{"type":"Feature","geometry":{"type":"LineString","coordinates":[[79.34167,29.2875],[79.33125,29.28125]]},"properties":{"MAIN_RIV":41067217,"LENGTH_KM":1.33,"ORD_STRA":1}},
{"type":"Feature","geometry":{"type":"LineString","coordinates":[[79.44792,29.28542],[79.45208,29.28125]]},"properties":{"MAIN_RIV":41067217,"LENGTH_KM":0.61,"ORD_STRA":2}},
{"type":"Feature","geometry":{"type":"LineString","coordinates":[[79.4625,29.29167],[79.45208,29.28125]]},"properties":{"MAIN_RIV":41067217,"LENGTH_KM":1.54,"ORD_STRA":1}},
{"type":"Feature","geometry":{"type":"LineString","coordinates":[[79.60625,29.28125],[79.59375,29.29375]]},"properties":{"MAIN_RIV":41067217,"LENGTH_KM":1.84,"ORD_STRA":3}},
{"type":"Feature","geometry":{"type":"LineString","coordinates":[[79.61042,29.29583],[79.60625,29.28125]]},"properties":{"MAIN_RIV":41067217,"LENGTH_KM":1.77,"ORD_STRA":1}},
{"type":"Feature","geometry":{"type":"LineString","coordinates":[[79.72917,29.27917],[79.72292,29.28958]]},"properties":{"MAIN_RIV":41067217,"LENGTH_KM":1.39,"ORD_STRA":1}},
{"type":"Feature","geometry":{"type":"LineString","coordinates":[[79.875,29.27917],[79.88125,29.28542]]},"properties":{"MAIN_RIV":41067217,"LENGTH_KM":0.92,"ORD_STRA":1}},
{"type":"Feature","geometry":{"type":"LineString","coordinates":[[79.16042,29.35208],[79.13125,29.29792],[79.13542,29.27708]]},"properties":{"MAIN_RIV":41067217,"LENGTH_KM":9.55,"ORD_STRA":3}},
{"type":"Feature","geometry":{"type":"LineString","coordinates":[[79.78125,29.275],[79.78125,29.29375]]},"properties":{"MAIN_RIV":41067217,"LENGTH_KM":2.08,"ORD_STRA":1}},
{"type":"Feature","geometry":{"type":"LineString","coordinates":[[80.25625,29.275],[80.25625,29.28958]]},"properties":{"MAIN_RIV":41067217,"LENGTH_KM":1.62,"ORD_STRA":1}},
{"type":"Feature","geometry":{"type":"MultiLineString","coordinates":[[[78.73958,29.31042],[78.7352,29.30625]],[[78.72506,29.30422],[78.72132,29.30049]]]},"properties":{"MAIN_RIV":41067217,"LENGTH_KM":10.37,"ORD_STRA":2}},
{"type":"Feature","geometry":{"type":"LineString","coordinates":[[79.16875,29.30417],[79.16875,29.28542],[79.15625,29.27292],[79.13542,29.27708]]},"properties":{"MAIN_RIV":41067217,"LENGTH_KM":6.58,"ORD_STRA":1}},
{"type":"Feature","geometry":{"type":"LineString","coordinates":[[79.58125,29.36875],[79.60625,29.34375],[79.62292,29.34375],[79.65208,29.32292],[79.65208,29.29792],[79.67292,29.27292]]},"properties":{"MAIN_RIV":41067217,"LENGTH_KM":15.75,"ORD_STRA":2}},
{"type":"Feature","geometry":{"type":"LineString","coordinates":[[79.70208,29.28958],[79.67292,29.27292]]},"properties":{"MAIN_RIV":41067217,"LENGTH_KM":3.67,"ORD_STRA":3}},
{"type":"Feature","geometry":{"type":"LineString","coordinates":[[78.84375,29.27917],[78.84375,29.26875]]},"properties":{"MAIN_RIV":41067217,"LENGTH_KM":1.16,"ORD_STRA":1}},
{"type":"Feature","geometry":{"type":"LineString","coordinates":[[78.87292,29.29583],[78.85625,29.26875],[78.84375,29.26875]]},"properties":{"MAIN_RIV":41067217,"LENGTH_KM":5.08,"ORD_STRA":1}},
{"type":"Feature","geometry":{"type":"LineString","coordinates":[[79.99792,29.28958],[79.99792,29.28125],[80.01875,29.28542],[80.04375,29.26875]]},"properties":{"MAIN_RIV":41067217,"LENGTH_KM":6.42,"ORD_STRA":3}},
{"type":"Feature","geometry":{"type":"LineString","coordinates":[[80.04792,29.28542],[80.04375,29.26875]]},"properties":{"MAIN_RIV":41067217,"LENGTH_KM":2,"ORD_STRA":2}},
{"type":"Feature","geometry":{"type":"LineString","coordinates":[[79.05208,29.32083],[79.03958,29.28958],[79.04375,29.26458]]},"properties":{"MAIN_RIV":41067217,"LENGTH_KM":6.86,"ORD_STRA":1}},
{"type":"Feature","geometry":{"type":"LineString","coordinates":[[79.08958,29.33333],[79.07708,29.28958],[79.04375,29.26458]]},"properties":{"MAIN_RIV":41067217,"LENGTH_KM":10.07,"ORD_STRA":1}},
{"type":"Feature","geometry":{"type":"LineString","coordinates":[[79.24375,29.29375],[79.23542,29.27708],[79.24375,29.26458]]},"properties":{"MAIN_RIV":41067217,"LENGTH_KM":3.85,"ORD_STRA":2}},
{"type":"Feature","geometry":{"type":"LineString","coordinates":[[78.9,29.48333],[78.89375,29.47708],[78.90208,29.46458],[78.88088,29.44338]]},"properties":{"MAIN_RIV":41067217,"LENGTH_KM":41.91,"ORD_STRA":1}},
{"type":"Feature","geometry":{"type":"LineString","coordinates":[[79.31042,29.37917],[79.28958,29.29375],[79.25625,29.26458],[79.24375,29.26458]]},"properties":{"MAIN_RIV":41067217,"LENGTH_KM":16.6,"ORD_STRA":1}},
{"type":"Feature","geometry":{"type":"LineString","coordinates":[[79.45208,29.28125],[79.44792,29.26042]]},"properties":{"MAIN_RIV":41067217,"LENGTH_KM":2.47,"ORD_STRA":2}},
{"type":"Feature","geometry":{"type":"LineString","coordinates":[[79.4875,29.27917],[79.44792,29.26042]]},"properties":{"MAIN_RIV":41067217,"LENGTH_KM":4.79,"ORD_STRA":1}},
{"type":"Feature","geometry":{"type":"LineString","coordinates":[[80.2875,29.26042],[80.29792,29.26042]]},"properties":{"MAIN_RIV":41067217,"LENGTH_KM":1.01,"ORD_STRA":1}},
{"type":"Feature","geometry":{"type":"MultiLineString","coordinates":[[[80.30468,29.27551],[80.30208,29.26579]],[[80.29964,29.26214],[80.29792,29.26042]]]},"properties":{"MAIN_RIV":41067217,"LENGTH_KM":3.08,"ORD_STRA":6}},
{"type":"Feature","geometry":{"type":"LineString","coordinates":[[79.88125,29.28542],[79.91875,29.25625]]},"properties":{"MAIN_RIV":41067217,"LENGTH_KM":5.62,"ORD_STRA":3}},
{"type":"Feature","geometry":{"type":"LineString","coordinates":[[79.93333,29.27292],[79.91875,29.27292],[79.91875,29.25625]]},"properties":{"MAIN_RIV":41067217,"LENGTH_KM":3.99,"ORD_STRA":1}},
{"type":"Feature","geometry":{"type":"LineString","coordinates":[[80.04375,29.26875],[80.04792,29.25625]]},"properties":{"MAIN_RIV":41067217,"LENGTH_KM":1.84,"ORD_STRA":3}},
{"type":"Feature","geometry":{"type":"LineString","coordinates":[[80.08333,29.26875],[80.04792,29.25625]]},"properties":{"MAIN_RIV":41067217,"LENGTH_KM":4.07,"ORD_STRA":1}},
{"type":"Feature","geometry":{"type":"LineString","coordinates":[[78.98125,29.31458],[78.96875,29.30625],[78.97292,29.28958],[78.95625,29.25208]]},"properties":{"MAIN_RIV":41067217,"LENGTH_KM":8.41,"ORD_STRA":3}},
{"type":"Feature","geometry":{"type":"LineString","coordinates":[[79.04792,29.33958],[79.02292,29.31875],[79.03125,29.31042],[79.01875,29.29792],[79.01042,29.29792],[78.96458,29.24792],[78.95625,29.25208]]},"properties":{"MAIN_RIV":41067217,"LENGTH_KM":15.86,"ORD_STRA":2}},
{"type":"Feature","geometry":{"type":"LineString","coordinates":[[79.5375,29.25833],[79.55208,29.24792]]},"properties":{"MAIN_RIV":41067217,"LENGTH_KM":1.94,"ORD_STRA":1}},
{"type":"Feature","geometry":{"type":"LineString","coordinates":[[79.55208,29.28542],[79.55208,29.24792]]},"properties":{"MAIN_RIV":41067217,"LENGTH_KM":4.47,"ORD_STRA":3}},
{"type":"Feature","geometry":{"type":"LineString","coordinates":[[79.66458,29.24792],[79.63125,29.25625],[79.61042,29.26875],[79.60625,29.28125]]},"properties":{"MAIN_RIV":41067217,"LENGTH_KM":7.85,"ORD_STRA":3}},
{"type":"Feature","geometry":{"type":"LineString","coordinates":[[79.67292,29.27292],[79.66458,29.24792]]},"properties":{"MAIN_RIV":41067217,"LENGTH_KM":3.08,"ORD_STRA":3}},
{"type":"Feature","geometry":{"type":"MultiLineString","coordinates":[[[80.29792,29.26042],[80.29923,29.25911]],[[80.29878,29.24878],[80.29792,29.24792]]]},"properties":{"MAIN_RIV":41067217,"LENGTH_KM":1.69,"ORD_STRA":6}},
{"type":"Feature","geometry":{"type":"LineString","coordinates":[[79.13542,29.41875],[79.13542,29.34792],[79.11042,29.29792],[79.10625,29.24375]]},"properties":{"MAIN_RIV":41067217,"LENGTH_KM":22.03,"ORD_STRA":4}},
{"type":"Feature","geometry":{"type":"LineString","coordinates":[[79.13542,29.27708],[79.10625,29.24375]]},"properties":{"MAIN_RIV":41067217,"LENGTH_KM":5.32,"ORD_STRA":3}},
{"type":"Feature","geometry":{"type":"LineString","coordinates":[[79.44792,29.26042],[79.43958,29.24375]]},"properties":{"MAIN_RIV":41067217,"LENGTH_KM":2.16,"ORD_STRA":2}},
{"type":"Feature","geometry":{"type":"LineString","coordinates":[[80.1375,29.28333],[80.15208,29.24375]]},"properties":{"MAIN_RIV":41067217,"LENGTH_KM":4.93,"ORD_STRA":1}},
{"type":"Feature","geometry":{"type":"LineString","coordinates":[[80.17917,29.27917],[80.15208,29.24375]]},"properties":{"MAIN_RIV":41067217,"LENGTH_KM":5.18,"ORD_STRA":1}},
{"type":"Feature","geometry":{"type":"LineString","coordinates":[[80.27917,29.24375],[80.29792,29.24792]]},"properties":{"MAIN_RIV":41067217,"LENGTH_KM":2.03,"ORD_STRA":1}},
{"type":"Feature","geometry":{"type":"LineString","coordinates":[[78.78958,29.28958],[78.77142,29.26875]]},"properties":{"MAIN_RIV":41067217,"LENGTH_KM":15.58,"ORD_STRA":2}},
{"type":"Feature","geometry":{"type":"LineString","coordinates":[[79.33125,29.28125],[79.31875,29.23958]]},"properties":{"MAIN_RIV":41067217,"LENGTH_KM":5.09,"ORD_STRA":2}},
{"type":"Feature","geometry":{"type":"LineString","coordinates":[[79.34792,29.27083],[79.34792,29.26042],[79.31875,29.23958]]},"properties":{"MAIN_RIV":41067217,"LENGTH_KM":5.04,"ORD_STRA":1}},
{"type":"Feature","geometry":{"type":"LineString","coordinates":[[79.91875,29.25625],[79.93958,29.23958]]},"properties":{"MAIN_RIV":41067217,"LENGTH_KM":3.12,"ORD_STRA":3}},
{"type":"Feature","geometry":{"type":"LineString","coordinates":[[79.95417,29.24375],[79.93958,29.23958]]},"properties":{"MAIN_RIV":41067217,"LENGTH_KM":1.63,"ORD_STRA":1}},
{"type":"Feature","geometry":{"type":"LineString","coordinates":[[80.12292,29.275],[80.13125,29.23958]]},"properties":{"MAIN_RIV":41067217,"LENGTH_KM":4.24,"ORD_STRA":1}},
{"type":"Feature","geometry":{"type":"LineString","coordinates":[[79.43125,29.30833],[79.41458,29.23542]]},"properties":{"MAIN_RIV":41067217,"LENGTH_KM":8.71,"ORD_STRA":1}},
{"type":"Feature","geometry":{"type":"LineString","coordinates":[[79.43958,29.24375],[79.41458,29.23542]]},"properties":{"MAIN_RIV":41067217,"LENGTH_KM":2.85,"ORD_STRA":2}},
{"type":"Feature","geometry":{"type":"LineString","coordinates":[[79.4875,29.23958],[79.45208,29.23542],[79.43958,29.24375]]},"properties":{"MAIN_RIV":41067217,"LENGTH_KM":5.7,"ORD_STRA":1}},
{"type":"Feature","geometry":{"type":"LineString","coordinates":[[80.1125,29.23542],[80.13125,29.23958]]},"properties":{"MAIN_RIV":41067217,"LENGTH_KM":2.03,"ORD_STRA":1}},
{"type":"Feature","geometry":{"type":"LineString","coordinates":[[79.4375,29.35625],[79.41875,29.34792],[79.38958,29.27292],[79.41042,29.23125]]},"properties":{"MAIN_RIV":41067217,"LENGTH_KM":17.03,"ORD_STRA":1}},
{"type":"Feature","geometry":{"type":"LineString","coordinates":[[79.41458,29.23542],[79.41042,29.23125]]},"properties":{"MAIN_RIV":41067217,"LENGTH_KM":0.61,"ORD_STRA":2}},
{"type":"Feature","geometry":{"type":"LineString","coordinates":[[80.13125,29.23958],[80.13958,29.23125]]},"properties":{"MAIN_RIV":41067217,"LENGTH_KM":1.23,"ORD_STRA":2}},
{"type":"Feature","geometry":{"type":"LineString","coordinates":[[80.15208,29.24375],[80.15208,29.23542],[80.13958,29.23125]]},"properties":{"MAIN_RIV":41067217,"LENGTH_KM":2.65,"ORD_STRA":2}},
{"type":"Feature","geometry":{"type":"LineString","coordinates":[[79.24375,29.26458],[79.22708,29.22708]]},"properties":{"MAIN_RIV":41067217,"LENGTH_KM":5.08,"ORD_STRA":2}},
{"type":"Feature","geometry":{"type":"LineString","coordinates":[[79.2375,29.22708],[79.22708,29.22708]]},"properties":{"MAIN_RIV":41067217,"LENGTH_KM":1.01,"ORD_STRA":1}},
{"type":"Feature","geometry":{"type":"LineString","coordinates":[[79.35,29.24583],[79.33542,29.22708]]},"properties":{"MAIN_RIV":41067217,"LENGTH_KM":2.62,"ORD_STRA":1}},
{"type":"Feature","geometry":{"type":"LineString","coordinates":[[79.35833,29.22708],[79.33542,29.22708]]},"properties":{"MAIN_RIV":41067217,"LENGTH_KM":2.65,"ORD_STRA":1}},
{"type":"Feature","geometry":{"type":"LineString","coordinates":[[79.72708,29.22292],[79.68958,29.22708],[79.66458,29.24792]]},"properties":{"MAIN_RIV":41067217,"LENGTH_KM":7.58,"ORD_STRA":2}},
{"type":"Feature","geometry":{"type":"LineString","coordinates":[[79.72708,29.22917],[79.72708,29.22292]]},"properties":{"MAIN_RIV":41067217,"LENGTH_KM":0.69,"ORD_STRA":1}},
{"type":"Feature","geometry":{"type":"LineString","coordinates":[[79.7625,29.23333],[79.74792,29.22292],[79.72708,29.22292]]},"properties":{"MAIN_RIV":41067217,"LENGTH_KM":3.96,"ORD_STRA":1}},
{"type":"Feature","geometry":{"type":"MultiLineString","coordinates":[[[80.29792,29.24792],[80.3,29.24584]],[[80.30025,29.24191],[80.29739,29.23906]],[[80.29404,29.23571],[80.29068,29.23015]]]},"properties":{"MAIN_RIV":41067217,"LENGTH_KM":3.69,"ORD_STRA":6}},
{"type":"Feature","geometry":{"type":"LineString","coordinates":[[79.41042,29.23125],[79.40208,29.21875]]},"properties":{"MAIN_RIV":41067217,"LENGTH_KM":1.69,"ORD_STRA":2}},
{"type":"Feature","geometry":{"type":"LineString","coordinates":[[79.57083,29.24583],[79.56458,29.23542],[79.57292,29.21875]]},"properties":{"MAIN_RIV":41067217,"LENGTH_KM":3.54,"ORD_STRA":1}},
{"type":"Feature","geometry":{"type":"LineString","coordinates":[[79.5875,29.22917],[79.57292,29.21875]]},"properties":{"MAIN_RIV":41067217,"LENGTH_KM":1.94,"ORD_STRA":1}},
{"type":"Feature","geometry":{"type":"LineString","coordinates":[[80.20833,29.22708],[80.23125,29.21875]]},"properties":{"MAIN_RIV":41067217,"LENGTH_KM":2.65,"ORD_STRA":1}},
{"type":"Feature","geometry":{"type":"LineString","coordinates":[[80.22708,29.24167],[80.23125,29.21875]]},"properties":{"MAIN_RIV":41067217,"LENGTH_KM":2.7,"ORD_STRA":1}},
{"type":"Feature","geometry":{"type":"LineString","coordinates":[[80.23125,29.21875],[80.2473,29.21875]]},"properties":{"MAIN_RIV":41067217,"LENGTH_KM":1.62,"ORD_STRA":2}},
{"type":"Feature","geometry":{"type":"LineString","coordinates":[[79.87083,29.22917],[79.88125,29.21458]]},"properties":{"MAIN_RIV":41067217,"LENGTH_KM":2,"ORD_STRA":1}},
{"type":"Feature","geometry":{"type":"LineString","coordinates":[[79.89167,29.21458],[79.88125,29.21458]]},"properties":{"MAIN_RIV":41067217,"LENGTH_KM":1.01,"ORD_STRA":1}},
{"type":"Feature","geometry":{"type":"LineString","coordinates":[[80.04792,29.25625],[80.04792,29.21458]]},"properties":{"MAIN_RIV":41067217,"LENGTH_KM":4.94,"ORD_STRA":3}},
{"type":"Feature","geometry":{"type":"LineString","coordinates":[[80.05833,29.22083],[80.04792,29.21458]]},"properties":{"MAIN_RIV":41067217,"LENGTH_KM":1.33,"ORD_STRA":1}},
{"type":"Feature","geometry":{"type":"LineString","coordinates":[[80.13958,29.23125],[80.14792,29.21458]]},"properties":{"MAIN_RIV":41067217,"LENGTH_KM":2.16,"ORD_STRA":3}},
{"type":"Feature","geometry":{"type":"MultiLineString","coordinates":[[[78.86667,29.23333],[78.8725,29.2275]],[[78.87292,29.22367],[78.87699,29.21884]],[[78.87905,29.21679],[78.88125,29.2127]],[[78.88125,29.21049],[78.88125,29.21042]]]},"properties":{"MAIN_RIV":41067217,"LENGTH_KM":3.08,"ORD_STRA":1}},
{"type":"Feature","geometry":{"type":"MultiLineString","coordinates":[[[78.93542,29.30208],[78.88281,29.21198]],[[78.88155,29.21072],[78.88125,29.21042]]]},"properties":{"MAIN_RIV":41067217,"LENGTH_KM":12.72,"ORD_STRA":2}},
{"type":"Feature","geometry":{"type":"LineString","coordinates":[[80.18958,29.21667],[80.18958,29.21042]]},"properties":{"MAIN_RIV":41067217,"LENGTH_KM":0.69,"ORD_STRA":1}},
{"type":"Feature","geometry":{"type":"LineString","coordinates":[[79.22708,29.22708],[79.22292,29.20625]]},"properties":{"MAIN_RIV":41067217,"LENGTH_KM":2.47,"ORD_STRA":2}},
{"type":"Feature","geometry":{"type":"LineString","coordinates":[[79.23333,29.20417],[79.22292,29.20625]]},"properties":{"MAIN_RIV":41067217,"LENGTH_KM":1.54,"ORD_STRA":1}},
{"type":"Feature","geometry":{"type":"LineString","coordinates":[[79.46667,29.2125],[79.44792,29.20625],[79.40208,29.21875]]},"properties":{"MAIN_RIV":41067217,"LENGTH_KM":8.06,"ORD_STRA":1}},
{"type":"Feature","geometry":{"type":"LineString","coordinates":[[79.8,29.20625],[79.81042,29.20625]]},"properties":{"MAIN_RIV":41067217,"LENGTH_KM":1.01,"ORD_STRA":1}},
{"type":"Feature","geometry":{"type":"LineString","coordinates":[[79.80417,29.2125],[79.81042,29.20625]]},"properties":{"MAIN_RIV":41067217,"LENGTH_KM":0.92,"ORD_STRA":1}},
{"type":"Feature","geometry":{"type":"LineString","coordinates":[[79.88125,29.21458],[79.88125,29.20625]]},"properties":{"MAIN_RIV":41067217,"LENGTH_KM":0.93,"ORD_STRA":2}},
{"type":"Feature","geometry":{"type":"LineString","coordinates":[[79.89583,29.2125],[79.88125,29.20625]]},"properties":{"MAIN_RIV":41067217,"LENGTH_KM":1.73,"ORD_STRA":1}},
{"type":"Feature","geometry":{"type":"LineString","coordinates":[[79.99583,29.23542],[80.01458,29.23125],[80.01875,29.20625]]},"properties":{"MAIN_RIV":41067217,"LENGTH_KM":5.26,"ORD_STRA":1}},
{"type":"Feature","geometry":{"type":"LineString","coordinates":[[80.14792,29.21458],[80.17292,29.20625],[80.18958,29.21042]]},"properties":{"MAIN_RIV":41067217,"LENGTH_KM":4.68,"ORD_STRA":4}},
{"type":"Feature","geometry":{"type":"LineString","coordinates":[[78.80417,29.25417],[78.79792,29.24424]]},"properties":{"MAIN_RIV":41067217,"LENGTH_KM":6.63,"ORD_STRA":1}},
{"type":"Feature","geometry":{"type":"LineString","coordinates":[[78.84375,29.26875],[78.82708,29.23579]]},"properties":{"MAIN_RIV":41067217,"LENGTH_KM":9.59,"ORD_STRA":2}},
{"type":"Feature","geometry":{"type":"LineString","coordinates":[[80.11458,29.20208],[80.14792,29.21458]]},"properties":{"MAIN_RIV":41067217,"LENGTH_KM":4.29,"ORD_STRA":4}},
{"type":"Feature","geometry":{"type":"LineString","coordinates":[[80.24449,29.21115],[80.24375,29.20881]]},"properties":{"MAIN_RIV":41067217,"LENGTH_KM":2,"ORD_STRA":6}},
{"type":"Feature","geometry":{"type":"LineString","coordinates":[[79.93958,29.23958],[79.97292,29.20625],[80.00208,29.21042],[80.01458,29.19792],[80.01875,29.20625]]},"properties":{"MAIN_RIV":41067217,"LENGTH_KM":11.56,"ORD_STRA":3}},
{"type":"Feature","geometry":{"type":"LineString","coordinates":[[80.01875,29.20625],[80.05208,29.19792]]},"properties":{"MAIN_RIV":41067217,"LENGTH_KM":4.08,"ORD_STRA":3}},
{"type":"Feature","geometry":{"type":"LineString","coordinates":[[80.04792,29.21458],[80.05208,29.19792]]},"properties":{"MAIN_RIV":41067217,"LENGTH_KM":2,"ORD_STRA":3}},
{"type":"Feature","geometry":{"type":"LineString","coordinates":[[80.11042,29.19792],[80.11458,29.20208]]},"properties":{"MAIN_RIV":41067217,"LENGTH_KM":0.61,"ORD_STRA":4}},
{"type":"Feature","geometry":{"type":"LineString","coordinates":[[80.11875,29.19583],[80.11458,29.20208]]},"properties":{"MAIN_RIV":41067217,"LENGTH_KM":1.1,"ORD_STRA":1}},
{"type":"Feature","geometry":{"type":"LineString","coordinates":[[80.14792,29.19583],[80.14792,29.21458]]},"properties":{"MAIN_RIV":41067217,"LENGTH_KM":2.39,"ORD_STRA":1}},
{"type":"Feature","geometry":{"type":"LineString","coordinates":[[80.18958,29.21042],[80.23125,29.19792],[80.24068,29.20208]]},"properties":{"MAIN_RIV":41067217,"LENGTH_KM":6.1,"ORD_STRA":4}},
{"type":"Feature","geometry":{"type":"MultiLineString","coordinates":[[[80.28958,29.19792],[80.28159,29.20175]],[[80.28046,29.20287],[80.27628,29.20625]],[[80.26668,29.20625],[80.2575,29.2175]],[[80.25409,29.22091],[80.25067,29.2215]]]},"properties":{"MAIN_RIV":41067217,"LENGTH_KM":5.77,"ORD_STRA":6}},
{"type":"Feature","geometry":{"type":"MultiLineString","coordinates":[[[80.2946,29.21544],[80.29627,29.20789]],[[80.29663,29.20754],[80.29733,29.20683]],[[80.29393,29.19809],[80.28958,29.19792]]]},"properties":{"MAIN_RIV":41067217,"LENGTH_KM":3.18,"ORD_STRA":6}},
{"type":"Feature","geometry":{"type":"LineString","coordinates":[[79.07292,29.2375],[79.06042,29.21875],[79.06875,29.19375]]},"properties":{"MAIN_RIV":41067217,"LENGTH_KM":5.93,"ORD_STRA":1}},
{"type":"Feature","geometry":{"type":"LineString","coordinates":[[79.10625,29.24375],[79.06875,29.19375]]},"properties":{"MAIN_RIV":41067217,"LENGTH_KM":7.18,"ORD_STRA":4}},
{"type":"Feature","geometry":{"type":"LineString","coordinates":[[79.82083,29.25833],[79.83958,29.24375],[79.85625,29.20625],[79.87708,29.19375]]},"properties":{"MAIN_RIV":41067217,"LENGTH_KM":9.99,"ORD_STRA":1}},
{"type":"Feature","geometry":{"type":"LineString","coordinates":[[79.88125,29.20625],[79.87708,29.19375]]},"properties":{"MAIN_RIV":41067217,"LENGTH_KM":1.54,"ORD_STRA":2}},
{"type":"Feature","geometry":{"type":"LineString","coordinates":[[80.05208,29.19792],[80.11042,29.19792]]},"properties":{"MAIN_RIV":41067217,"LENGTH_KM":7.35,"ORD_STRA":4}},
{"type":"Feature","geometry":{"type":"LineString","coordinates":[[79.19583,29.18958],[79.20208,29.18958]]},"properties":{"MAIN_RIV":41067217,"LENGTH_KM":0.61,"ORD_STRA":1}},
{"type":"Feature","geometry":{"type":"LineString","coordinates":[[79.22708,29.34167],[79.20625,29.28958],[79.21875,29.26875],[79.21875,29.24375],[79.20208,29.18958]]},"properties":{"MAIN_RIV":41067217,"LENGTH_KM":19.34,"ORD_STRA":1}},
{"type":"Feature","geometry":{"type":"LineString","coordinates":[[79.525,29.23333],[79.49792,29.20208],[79.50208,29.18958]]},"properties":{"MAIN_RIV":41067217,"LENGTH_KM":6,"ORD_STRA":1}},
{"type":"Feature","geometry":{"type":"LineString","coordinates":[[79.50833,29.19583],[79.50208,29.18958]]},"properties":{"MAIN_RIV":41067217,"LENGTH_KM":0.92,"ORD_STRA":1}},
{"type":"Feature","geometry":{"type":"LineString","coordinates":[[80.11458,29.1875],[80.11042,29.19792]]},"properties":{"MAIN_RIV":41067217,"LENGTH_KM":1.31,"ORD_STRA":1}},
{"type":"Feature","geometry":{"type":"LineString","coordinates":[[79.81042,29.20625],[79.82292,29.19375],[79.88125,29.18542]]},"properties":{"MAIN_RIV":41067217,"LENGTH_KM":8.18,"ORD_STRA":2}},
{"type":"Feature","geometry":{"type":"LineString","coordinates":[[79.87708,29.19375],[79.88125,29.18542]]},"properties":{"MAIN_RIV":41067217,"LENGTH_KM":1.08,"ORD_STRA":2}},
{"type":"Feature","geometry":{"type":"LineString","coordinates":[[79.36875,29.19583],[79.37292,29.18125]]},"properties":{"MAIN_RIV":41067217,"LENGTH_KM":1.77,"ORD_STRA":1}},
{"type":"Feature","geometry":{"type":"LineString","coordinates":[[79.40208,29.21875],[79.37292,29.18125]]},"properties":{"MAIN_RIV":41067217,"LENGTH_KM":5.23,"ORD_STRA":2}},
{"type":"Feature","geometry":{"type":"LineString","coordinates":[[78.93542,29.25833],[78.93542,29.24375],[78.91042,29.21458],[78.91458,29.19792],[78.90625,29.17996]]},"properties":{"MAIN_RIV":41067217,"LENGTH_KM":10.65,"ORD_STRA":1}},
{"type":"Feature","geometry":{"type":"LineString","coordinates":[[78.95625,29.25208],[78.94792,29.21042],[78.92708,29.18542],[78.9085,29.17708]]},"properties":{"MAIN_RIV":41067217,"LENGTH_KM":11.22,"ORD_STRA":3}},
{"type":"Feature","geometry":{"type":"LineString","coordinates":[[79.70417,29.19583],[79.71458,29.18542],[79.73542,29.18542],[79.73958,29.17708]]},"properties":{"MAIN_RIV":41067217,"LENGTH_KM":5.06,"ORD_STRA":1}},
{"type":"Feature","geometry":{"type":"LineString","coordinates":[[79.75417,29.18125],[79.73958,29.17708]]},"properties":{"MAIN_RIV":41067217,"LENGTH_KM":1.63,"ORD_STRA":1}},
{"type":"Feature","geometry":{"type":"LineString","coordinates":[[80.24583,29.175],[80.25925,29.18125]]},"properties":{"MAIN_RIV":41067217,"LENGTH_KM":1.73,"ORD_STRA":1}},
{"type":"Feature","geometry":{"type":"MultiLineString","coordinates":[[[78.88125,29.21042],[78.88482,29.20268]],[[78.89025,29.19725],[78.89515,29.19235]],[[78.89792,29.18512],[78.89792,29.18303]]]},"properties":{"MAIN_RIV":41067217,"LENGTH_KM":4.93,"ORD_STRA":2}},
{"type":"Feature","geometry":{"type":"LineString","coordinates":[[79.20208,29.18958],[79.20625,29.17292]]},"properties":{"MAIN_RIV":41067217,"LENGTH_KM":2,"ORD_STRA":2}},
{"type":"Feature","geometry":{"type":"LineString","coordinates":[[79.22292,29.20625],[79.20625,29.17292]]},"properties":{"MAIN_RIV":41067217,"LENGTH_KM":4.31,"ORD_STRA":2}},
{"type":"Feature","geometry":{"type":"LineString","coordinates":[[79.57292,29.21875],[79.58958,29.18125],[79.60208,29.17292]]},"properties":{"MAIN_RIV":41067217,"LENGTH_KM":6.41,"ORD_STRA":2}},
{"type":"Feature","geometry":{"type":"LineString","coordinates":[[79.61458,29.20833],[79.60208,29.17292]]},"properties":{"MAIN_RIV":41067217,"LENGTH_KM":4.39,"ORD_STRA":1}},
{"type":"Feature","geometry":{"type":"LineString","coordinates":[[79.73958,29.17708],[79.73542,29.17292]]},"properties":{"MAIN_RIV":41067217,"LENGTH_KM":0.61,"ORD_STRA":2}},
{"type":"Feature","geometry":{"type":"LineString","coordinates":[[79.20625,29.17292],[79.20625,29.16875]]},"properties":{"MAIN_RIV":41067217,"LENGTH_KM":0.46,"ORD_STRA":3}},
{"type":"Feature","geometry":{"type":"LineString","coordinates":[[79.30833,29.27917],[79.28958,29.26042],[79.28542,29.22708],[79.25625,29.20208],[79.26042,29.19375],[79.23542,29.16875],[79.20625,29.16875]]},"properties":{"MAIN_RIV":41067217,"LENGTH_KM":19.55,"ORD_STRA":1}},
{"type":"Feature","geometry":{"type":"LineString","coordinates":[[79.70417,29.17708],[79.71042,29.16875]]},"properties":{"MAIN_RIV":41067217,"LENGTH_KM":1.53,"ORD_STRA":1}},
{"type":"Feature","geometry":{"type":"LineString","coordinates":[[79.73542,29.17292],[79.71042,29.16875]]},"properties":{"MAIN_RIV":41067217,"LENGTH_KM":2.64,"ORD_STRA":3}},
{"type":"Feature","geometry":{"type":"LineString","coordinates":[[79.88125,29.18542],[79.88542,29.16875]]},"properties":{"MAIN_RIV":41067217,"LENGTH_KM":2,"ORD_STRA":3}},
{"type":"Feature","geometry":{"type":"LineString","coordinates":[[80.28958,29.19534],[80.28958,29.19792]]},"properties":{"MAIN_RIV":41067217,"LENGTH_KM":13.89,"ORD_STRA":2}},
{"type":"Feature","geometry":{"type":"LineString","coordinates":[[79.92708,29.1875],[79.91875,29.16875],[79.88542,29.16875]]},"properties":{"MAIN_RIV":41067217,"LENGTH_KM":6.05,"ORD_STRA":1}},
{"type":"Feature","geometry":{"type":"LineString","coordinates":[[79.14792,29.24583],[79.12708,29.21042],[79.13125,29.18958],[79.10625,29.16042]]},"properties":{"MAIN_RIV":41067217,"LENGTH_KM":11.57,"ORD_STRA":1}},
{"type":"Feature","geometry":{"type":"LineString","coordinates":[[79.03542,29.19167],[79.02708,29.17708],[79.03183,29.16817]]},"properties":{"MAIN_RIV":41067217,"LENGTH_KM":4.7,"ORD_STRA":1}},
{"type":"Feature","geometry":{"type":"LineString","coordinates":[[79.06875,29.19375],[79.04613,29.1628]]},"properties":{"MAIN_RIV":41067217,"LENGTH_KM":5.49,"ORD_STRA":4}},
{"type":"Feature","geometry":{"type":"LineString","coordinates":[[79.1875,29.24167],[79.13958,29.16458],[79.13125,29.15625],[79.10625,29.16042]]},"properties":{"MAIN_RIV":41067217,"LENGTH_KM":14.91,"ORD_STRA":1}},
{"type":"Feature","geometry":{"type":"LineString","coordinates":[[79.37292,29.18125],[79.36875,29.15625]]},"properties":{"MAIN_RIV":41067217,"LENGTH_KM":2.93,"ORD_STRA":2}},
{"type":"Feature","geometry":{"type":"LineString","coordinates":[[79.40833,29.16667],[79.39375,29.17708],[79.36875,29.15625]]},"properties":{"MAIN_RIV":41067217,"LENGTH_KM":5.67,"ORD_STRA":1}},
{"type":"Feature","geometry":{"type":"LineString","coordinates":[[79.36875,29.15625],[79.36875,29.15208]]},"properties":{"MAIN_RIV":41067217,"LENGTH_KM":0.46,"ORD_STRA":2}},
{"type":"Feature","geometry":{"type":"LineString","coordinates":[[79.38333,29.15208],[79.36875,29.15208]]},"properties":{"MAIN_RIV":41067217,"LENGTH_KM":1.42,"ORD_STRA":1}},
{"type":"Feature","geometry":{"type":"LineString","coordinates":[[79.46667,29.18333],[79.45208,29.15208]]},"properties":{"MAIN_RIV":41067217,"LENGTH_KM":4.01,"ORD_STRA":1}},
{"type":"Feature","geometry":{"type":"LineString","coordinates":[[79.48542,29.19583],[79.46875,29.15625],[79.45208,29.15208]]},"properties":{"MAIN_RIV":41067217,"LENGTH_KM":6.84,"ORD_STRA":1}},
{"type":"Feature","geometry":{"type":"LineString","coordinates":[[79.60208,29.17292],[79.61875,29.15208]]},"properties":{"MAIN_RIV":41067217,"LENGTH_KM":2.92,"ORD_STRA":2}},
{"type":"Feature","geometry":{"type":"LineString","coordinates":[[79.65,29.20417],[79.63125,29.18542],[79.61875,29.15208]]},"properties":{"MAIN_RIV":41067217,"LENGTH_KM":6.93,"ORD_STRA":1}},
{"type":"Feature","geometry":{"type":"LineString","coordinates":[[79.78958,29.15208],[79.76042,29.15208],[79.73542,29.17292]]},"properties":{"MAIN_RIV":41067217,"LENGTH_KM":6.31,"ORD_STRA":3}},
{"type":"Feature","geometry":{"type":"LineString","coordinates":[[79.78958,29.15833],[79.78958,29.15208]]},"properties":{"MAIN_RIV":41067217,"LENGTH_KM":0.69,"ORD_STRA":1}},
{"type":"Feature","geometry":{"type":"LineString","coordinates":[[79.83333,29.16042],[79.84375,29.14792]]},"properties":{"MAIN_RIV":41067217,"LENGTH_KM":2.15,"ORD_STRA":1}},
{"type":"Feature","geometry":{"type":"LineString","coordinates":[[79.88542,29.16875],[79.86875,29.15208],[79.84375,29.14792]]},"properties":{"MAIN_RIV":41067217,"LENGTH_KM":5.35,"ORD_STRA":3}},
{"type":"Feature","geometry":{"type":"MultiLineString","coordinates":[[[80.26042,29.1766],[80.26042,29.17639]],[[80.26042,29.1609],[80.26123,29.15961]]]},"properties":{"MAIN_RIV":41067217,"LENGTH_KM":4.16,"ORD_STRA":6}},
{"type":"Feature","geometry":{"type":"LineString","coordinates":[[79.92083,29.15417],[79.96042,29.14375]]},"properties":{"MAIN_RIV":41067217,"LENGTH_KM":4.37,"ORD_STRA":1}},
{"type":"Feature","geometry":{"type":"LineString","coordinates":[[79.9875,29.17083],[79.96042,29.16042],[79.96042,29.14375]]},"properties":{"MAIN_RIV":41067217,"LENGTH_KM":5.01,"ORD_STRA":1}},
{"type":"Feature","geometry":{"type":"LineString","coordinates":[[79.61875,29.15208],[79.63958,29.13958]]},"properties":{"MAIN_RIV":41067217,"LENGTH_KM":2.91,"ORD_STRA":2}},
{"type":"Feature","geometry":{"type":"LineString","coordinates":[[79.64792,29.175],[79.63958,29.13958]]},"properties":{"MAIN_RIV":41067217,"LENGTH_KM":4.24,"ORD_STRA":1}},
{"type":"Feature","geometry":{"type":"LineString","coordinates":[[79.42083,29.15833],[79.39375,29.13958],[79.39792,29.13542]]},"properties":{"MAIN_RIV":41067217,"LENGTH_KM":4.19,"ORD_STRA":1}},
{"type":"Feature","geometry":{"type":"LineString","coordinates":[[79.63958,29.13958],[79.64792,29.13542]]},"properties":{"MAIN_RIV":41067217,"LENGTH_KM":1.02,"ORD_STRA":2}},
{"type":"Feature","geometry":{"type":"LineString","coordinates":[[79.65833,29.15208],[79.64792,29.14792],[79.64792,29.13542]]},"properties":{"MAIN_RIV":41067217,"LENGTH_KM":2.61,"ORD_STRA":1}},
{"type":"Feature","geometry":{"type":"LineString","coordinates":[[79.84375,29.14792],[79.82292,29.13542],[79.78958,29.15208]]},"properties":{"MAIN_RIV":41067217,"LENGTH_KM":6.99,"ORD_STRA":3}},
{"type":"Feature","geometry":{"type":"LineString","coordinates":[[79.96042,29.14375],[79.97708,29.14792],[80.01042,29.13542]]},"properties":{"MAIN_RIV":41067217,"LENGTH_KM":5.7,"ORD_STRA":2}},
{"type":"Feature","geometry":{"type":"LineString","coordinates":[[80.01042,29.15],[80.01042,29.13542]]},"properties":{"MAIN_RIV":41067217,"LENGTH_KM":1.62,"ORD_STRA":1}},
{"type":"Feature","geometry":{"type":"LineString","coordinates":[[80.03333,29.13958],[80.01042,29.13542]]},"properties":{"MAIN_RIV":41067217,"LENGTH_KM":2.44,"ORD_STRA":1}},
{"type":"Feature","geometry":{"type":"LineString","coordinates":[[80.18958,29.14583],[80.18958,29.13542]]},"properties":{"MAIN_RIV":41067217,"LENGTH_KM":1.16,"ORD_STRA":1}},
{"type":"Feature","geometry":{"type":"LineString","coordinates":[[79.33542,29.22708],[79.31458,29.20208],[79.33125,29.18542],[79.33542,29.16458],[79.30625,29.14792],[79.30625,29.13125]]},"properties":{"MAIN_RIV":41067217,"LENGTH_KM":14.25,"ORD_STRA":2}},
{"type":"Feature","geometry":{"type":"LineString","coordinates":[[79.45208,29.15208],[79.43125,29.15208],[79.40625,29.13125],[79.39792,29.13542]]},"properties":{"MAIN_RIV":41067217,"LENGTH_KM":7.2,"ORD_STRA":2}},
{"type":"Feature","geometry":{"type":"LineString","coordinates":[[80.17708,29.1625],[80.18125,29.13534]]},"properties":{"MAIN_RIV":41067217,"LENGTH_KM":3.63,"ORD_STRA":1}},
{"type":"Feature","geometry":{"type":"LineString","coordinates":[[80.18958,29.13542],[80.18817,29.13542]]},"properties":{"MAIN_RIV":41067217,"LENGTH_KM":1.02,"ORD_STRA":6}},
{"type":"Feature","geometry":{"type":"LineString","coordinates":[[79.29167,29.14167],[79.30208,29.12708],[79.30625,29.13125]]},"properties":{"MAIN_RIV":41067217,"LENGTH_KM":2.62,"ORD_STRA":1}},
{"type":"Feature","geometry":{"type":"LineString","coordinates":[[79.56458,29.18333],[79.58958,29.12708]]},"properties":{"MAIN_RIV":41067217,"LENGTH_KM":7.17,"ORD_STRA":1}},
{"type":"Feature","geometry":{"type":"LineString","coordinates":[[79.59375,29.14167],[79.58958,29.12708]]},"properties":{"MAIN_RIV":41067217,"LENGTH_KM":1.77,"ORD_STRA":1}},
{"type":"Feature","geometry":{"type":"LineString","coordinates":[[80.1625,29.14167],[80.17292,29.12708]]},"properties":{"MAIN_RIV":41067217,"LENGTH_KM":2,"ORD_STRA":1}},
{"type":"Feature","geometry":{"type":"LineString","coordinates":[[80.17489,29.12708],[80.17292,29.12708]]},"properties":{"MAIN_RIV":41067217,"LENGTH_KM":1.02,"ORD_STRA":6}},
{"type":"Feature","geometry":{"type":"MultiLineString","coordinates":[[[80.27285,29.14369],[80.26985,29.14068]],[[80.25966,29.13958],[80.25208,29.13436]],[[80.24662,29.12708],[80.24161,29.12495]],[[80.24045,29.12379],[80.23958,29.12292]]]},"properties":{"MAIN_RIV":41067217,"LENGTH_KM":4.54,"ORD_STRA":6}},
{"type":"Feature","geometry":{"type":"MultiLineString","coordinates":[[[78.94375,29.1625],[78.94375,29.14792],[78.91866,29.13533]],[[78.9177,29.13436],[78.90776,29.12443]]]},"properties":{"MAIN_RIV":41067217,"LENGTH_KM":7.14,"ORD_STRA":1}},
{"type":"Feature","geometry":{"type":"MultiLineString","coordinates":[[[80.21621,29.12129],[80.1958,29.13125]],[[80.19234,29.13266],[80.18958,29.13542]]]},"properties":{"MAIN_RIV":41067217,"LENGTH_KM":3.67,"ORD_STRA":6}},
{"type":"Feature","geometry":{"type":"MultiLineString","coordinates":[[[80.23958,29.12292],[80.23677,29.1201]],[[80.23433,29.11875],[80.23164,29.11875]]]},"properties":{"MAIN_RIV":41067217,"LENGTH_KM":1.83,"ORD_STRA":6}},
{"type":"Feature","geometry":{"type":"LineString","coordinates":[[79.10625,29.16042],[79.10523,29.13227]]},"properties":{"MAIN_RIV":41067217,"LENGTH_KM":6.41,"ORD_STRA":2}},
{"type":"Feature","geometry":{"type":"LineString","coordinates":[[79.17917,29.1875],[79.13542,29.14792],[79.13125,29.13019]]},"properties":{"MAIN_RIV":41067217,"LENGTH_KM":10.56,"ORD_STRA":1}},
{"type":"Feature","geometry":{"type":"LineString","coordinates":[[79.31875,29.23958],[79.27292,29.18958],[79.27292,29.16458],[79.24375,29.15208],[79.21875,29.12292],[79.21458,29.12708],[79.21458,29.11458]]},"properties":{"MAIN_RIV":41067217,"LENGTH_KM":21.05,"ORD_STRA":2}},
{"type":"Feature","geometry":{"type":"LineString","coordinates":[[79.25833,29.1375],[79.23125,29.11458],[79.21458,29.11458]]},"properties":{"MAIN_RIV":41067217,"LENGTH_KM":5.41,"ORD_STRA":1}},
{"type":"Feature","geometry":{"type":"LineString","coordinates":[[79.36875,29.15208],[79.34792,29.11458]]},"properties":{"MAIN_RIV":41067217,"LENGTH_KM":5.18,"ORD_STRA":2}},
{"type":"Feature","geometry":{"type":"LineString","coordinates":[[79.39792,29.13542],[79.36875,29.11042],[79.34792,29.11458]]},"properties":{"MAIN_RIV":41067217,"LENGTH_KM":6.33,"ORD_STRA":2}},
{"type":"Feature","geometry":{"type":"LineString","coordinates":[[79.30625,29.13125],[79.32708,29.10625]]},"properties":{"MAIN_RIV":41067217,"LENGTH_KM":3.54,"ORD_STRA":2}},
{"type":"Feature","geometry":{"type":"LineString","coordinates":[[79.34792,29.11458],[79.32708,29.10625]]},"properties":{"MAIN_RIV":41067217,"LENGTH_KM":2.44,"ORD_STRA":3}},
{"type":"Feature","geometry":{"type":"LineString","coordinates":[[80.23989,29.12292],[80.23958,29.12292]]},"properties":{"MAIN_RIV":41067217,"LENGTH_KM":3.33,"ORD_STRA":2}},
{"type":"Feature","geometry":{"type":"LineString","coordinates":[[79.8875,29.10833],[79.89792,29.09792]]},"properties":{"MAIN_RIV":41067217,"LENGTH_KM":1.54,"ORD_STRA":1}},
{"type":"Feature","geometry":{"type":"LineString","coordinates":[[79.90208,29.10833],[79.89792,29.09792]]},"properties":{"MAIN_RIV":41067217,"LENGTH_KM":1.31,"ORD_STRA":1}},
{"type":"Feature","geometry":{"type":"LineString","coordinates":[[80.11667,29.1125],[80.13542,29.09792]]},"properties":{"MAIN_RIV":41067217,"LENGTH_KM":2.56,"ORD_STRA":1}},
{"type":"Feature","geometry":{"type":"LineString","coordinates":[[80.13542,29.12083],[80.13542,29.09792]]},"properties":{"MAIN_RIV":41067217,"LENGTH_KM":2.55,"ORD_STRA":1}},
{"type":"Feature","geometry":{"type":"LineString","coordinates":[[80.13542,29.09792],[80.13542,29.09375]]},"properties":{"MAIN_RIV":41067217,"LENGTH_KM":0.46,"ORD_STRA":2}},
{"type":"Feature","geometry":{"type":"MultiLineString","coordinates":[[[80.17292,29.12708],[80.17253,29.1267]],[[80.16586,29.12002],[80.1602,29.11437]],[[80.15477,29.11042],[80.13542,29.09375]]]},"properties":{"MAIN_RIV":41067217,"LENGTH_KM":5.33,"ORD_STRA":6}},
{"type":"Feature","geometry":{"type":"LineString","coordinates":[[79.20625,29.16875],[79.19375,29.14792],[79.17708,29.14375],[79.17292,29.09792],[79.18125,29.08958]]},"properties":{"MAIN_RIV":41067217,"LENGTH_KM":11.38,"ORD_STRA":3}},
{"type":"Feature","geometry":{"type":"LineString","coordinates":[[79.1875,29.1],[79.18125,29.08958]]},"properties":{"MAIN_RIV":41067217,"LENGTH_KM":1.39,"ORD_STRA":1}},
{"type":"Feature","geometry":{"type":"LineString","coordinates":[[79.68958,29.10417],[79.69792,29.08542]]},"properties":{"MAIN_RIV":41067217,"LENGTH_KM":2.39,"ORD_STRA":1}},
{"type":"Feature","geometry":{"type":"LineString","coordinates":[[79.71042,29.16875],[79.71458,29.11458],[79.69792,29.08542]]},"properties":{"MAIN_RIV":41067217,"LENGTH_KM":10.33,"ORD_STRA":3}},
{"type":"Feature","geometry":{"type":"LineString","coordinates":[[80.07708,29.15833],[80.07292,29.13958],[80.08542,29.11042],[80.12292,29.08125]]},"properties":{"MAIN_RIV":41067217,"LENGTH_KM":11.3,"ORD_STRA":1}},
{"type":"Feature","geometry":{"type":"LineString","coordinates":[[80.13542,29.09375],[80.12292,29.08125]]},"properties":{"MAIN_RIV":41067217,"LENGTH_KM":1.85,"ORD_STRA":6}},
{"type":"Feature","geometry":{"type":"LineString","coordinates":[[79.18125,29.08958],[79.18125,29.07708]]},"properties":{"MAIN_RIV":41067217,"LENGTH_KM":1.39,"ORD_STRA":3}},
{"type":"Feature","geometry":{"type":"LineString","coordinates":[[79.21458,29.11458],[79.18125,29.07708]]},"properties":{"MAIN_RIV":41067217,"LENGTH_KM":5.64,"ORD_STRA":2}},
{"type":"Feature","geometry":{"type":"LineString","coordinates":[[79.6375,29.07292],[79.64375,29.07292]]},"properties":{"MAIN_RIV":41067217,"LENGTH_KM":0.61,"ORD_STRA":1}},
{"type":"Feature","geometry":{"type":"LineString","coordinates":[[79.64792,29.13542],[79.65625,29.12708],[79.65625,29.09792],[79.64375,29.08958],[79.64375,29.07292]]},"properties":{"MAIN_RIV":41067217,"LENGTH_KM":8.27,"ORD_STRA":2}},
{"type":"Feature","geometry":{"type":"LineString","coordinates":[[80.04792,29.09583],[80.07708,29.06875]]},"properties":{"MAIN_RIV":41067217,"LENGTH_KM":4.58,"ORD_STRA":1}},
{"type":"Feature","geometry":{"type":"LineString","coordinates":[[80.06667,29.10208],[80.07292,29.10208],[80.06875,29.08542],[80.07708,29.06875]]},"properties":{"MAIN_RIV":41067217,"LENGTH_KM":4.77,"ORD_STRA":1}},
{"type":"Feature","geometry":{"type":"LineString","coordinates":[[80.12292,29.08125],[80.12292,29.06458]]},"properties":{"MAIN_RIV":41067217,"LENGTH_KM":1.85,"ORD_STRA":6}},
{"type":"Feature","geometry":{"type":"LineString","coordinates":[[80.1301,29.06458],[80.12292,29.06458]]},"properties":{"MAIN_RIV":41067217,"LENGTH_KM":4.58,"ORD_STRA":1}},
{"type":"Feature","geometry":{"type":"LineString","coordinates":[[79.74375,29.1],[79.75625,29.06042]]},"properties":{"MAIN_RIV":41067217,"LENGTH_KM":4.86,"ORD_STRA":1}},
{"type":"Feature","geometry":{"type":"LineString","coordinates":[[79.76458,29.10833],[79.75625,29.06042]]},"properties":{"MAIN_RIV":41067217,"LENGTH_KM":5.63,"ORD_STRA":1}},
{"type":"Feature","geometry":{"type":"LineString","coordinates":[[79.25833,29.09583],[79.23958,29.08125],[79.24375,29.05625]]},"properties":{"MAIN_RIV":41067217,"LENGTH_KM":5.79,"ORD_STRA":1}},
{"type":"Feature","geometry":{"type":"LineString","coordinates":[[79.2625,29.07083],[79.24375,29.05625]]},"properties":{"MAIN_RIV":41067217,"LENGTH_KM":2.56,"ORD_STRA":1}},
{"type":"Feature","geometry":{"type":"LineString","coordinates":[[79.3375,29.06667],[79.34375,29.05625]]},"properties":{"MAIN_RIV":41067217,"LENGTH_KM":1.39,"ORD_STRA":1}},
{"type":"Feature","geometry":{"type":"LineString","coordinates":[[79.38958,29.09583],[79.38125,29.07292],[79.34375,29.05625]]},"properties":{"MAIN_RIV":41067217,"LENGTH_KM":7.34,"ORD_STRA":1}},
{"type":"Feature","geometry":{"type":"LineString","coordinates":[[79.16042,29.05833],[79.16042,29.05208]]},"properties":{"MAIN_RIV":41067217,"LENGTH_KM":0.69,"ORD_STRA":1}},
{"type":"Feature","geometry":{"type":"LineString","coordinates":[[79.18125,29.07708],[79.18125,29.06042],[79.16042,29.05208]]},"properties":{"MAIN_RIV":41067217,"LENGTH_KM":4.3,"ORD_STRA":3}},
{"type":"Feature","geometry":{"type":"LineString","coordinates":[[79.50208,29.18958],[79.48542,29.15625],[79.44792,29.11875],[79.42708,29.11458],[79.42708,29.08958],[79.41458,29.06458],[79.42292,29.05208]]},"properties":{"MAIN_RIV":41067217,"LENGTH_KM":20.3,"ORD_STRA":2}},
{"type":"Feature","geometry":{"type":"LineString","coordinates":[[79.45833,29.09167],[79.43542,29.07708],[79.42292,29.05208]]},"properties":{"MAIN_RIV":41067217,"LENGTH_KM":6.2,"ORD_STRA":1}},
{"type":"Feature","geometry":{"type":"LineString","coordinates":[[79.55208,29.24792],[79.53958,29.20208],[79.54792,29.18542],[79.55208,29.08125],[79.56458,29.05208]]},"properties":{"MAIN_RIV":41067217,"LENGTH_KM":23.75,"ORD_STRA":3}},
{"type":"Feature","geometry":{"type":"LineString","coordinates":[[79.56875,29.06667],[79.56458,29.05208]]},"properties":{"MAIN_RIV":41067217,"LENGTH_KM":1.77,"ORD_STRA":1}},
{"type":"Feature","geometry":{"type":"LineString","coordinates":[[80.11042,29.05833],[80.11042,29.04792]]},"properties":{"MAIN_RIV":41067217,"LENGTH_KM":1.16,"ORD_STRA":1}},
{"type":"Feature","geometry":{"type":"LineString","coordinates":[[80.12292,29.06458],[80.11042,29.04792]]},"properties":{"MAIN_RIV":41067217,"LENGTH_KM":2.31,"ORD_STRA":6}},
{"type":"Feature","geometry":{"type":"LineString","coordinates":[[79.89792,29.09792],[79.87708,29.04375]]},"properties":{"MAIN_RIV":41067217,"LENGTH_KM":6.78,"ORD_STRA":2}},
{"type":"Feature","geometry":{"type":"LineString","coordinates":[[79.96042,29.10417],[79.95625,29.07292],[79.93958,29.04375]]},"properties":{"MAIN_RIV":41067217,"LENGTH_KM":7.73,"ORD_STRA":1}},
{"type":"Feature","geometry":{"type":"LineString","coordinates":[[79.98333,29.08333],[79.97292,29.05208],[79.93958,29.04375]]},"properties":{"MAIN_RIV":41067217,"LENGTH_KM":7.82,"ORD_STRA":1}},
{"type":"Feature","geometry":{"type":"LineString","coordinates":[[79.89167,29.04583],[79.88542,29.03958],[79.87708,29.04375]]},"properties":{"MAIN_RIV":41067217,"LENGTH_KM":1.94,"ORD_STRA":1}},
{"type":"Feature","geometry":{"type":"LineString","coordinates":[[79.93333,29.1125],[79.91458,29.08125],[79.93125,29.03958]]},"properties":{"MAIN_RIV":41067217,"LENGTH_KM":9.7,"ORD_STRA":1}},
{"type":"Feature","geometry":{"type":"LineString","coordinates":[[79.93958,29.04375],[79.93125,29.03958]]},"properties":{"MAIN_RIV":41067217,"LENGTH_KM":1.02,"ORD_STRA":2}},
{"type":"Feature","geometry":{"type":"MultiLineString","coordinates":[[[79.04375,29.26458],[79.03542,29.24375],[79.01875,29.24792],[78.99792,29.22292],[78.98958,29.20625],[78.99792,29.19375],[78.99375,29.16042],[78.97708,29.13842]],[[78.97708,29.13813],[78.97708,29.13654]],[[78.97426,29.13259],[78.97259,29.12676]]]},"properties":{"MAIN_RIV":41067217,"LENGTH_KM":32.83,"ORD_STRA":2}},
{"type":"Feature","geometry":{"type":"LineString","coordinates":[[79.69792,29.08542],[79.68958,29.06042],[79.69792,29.03542]]},"properties":{"MAIN_RIV":41067217,"LENGTH_KM":6.47,"ORD_STRA":3}},
{"type":"Feature","geometry":{"type":"LineString","coordinates":[[79.70833,29.04583],[79.69792,29.03542]]},"properties":{"MAIN_RIV":41067217,"LENGTH_KM":1.54,"ORD_STRA":1}},
{"type":"Feature","geometry":{"type":"LineString","coordinates":[[79.78542,29.09583],[79.78125,29.05625],[79.78958,29.03542]]},"properties":{"MAIN_RIV":41067217,"LENGTH_KM":7.17,"ORD_STRA":1}},
{"type":"Feature","geometry":{"type":"LineString","coordinates":[[79.39792,29.07917],[79.37708,29.05208],[79.37708,29.03125]]},"properties":{"MAIN_RIV":41067217,"LENGTH_KM":6.34,"ORD_STRA":1}},
{"type":"Feature","geometry":{"type":"LineString","coordinates":[[79.49583,29.10833],[79.47708,29.08125],[79.46042,29.07708],[79.45208,29.03125]]},"properties":{"MAIN_RIV":41067217,"LENGTH_KM":11.48,"ORD_STRA":1}},
{"type":"Feature","geometry":{"type":"LineString","coordinates":[[79.475,29.02917],[79.46875,29.03542],[79.45208,29.03125]]},"properties":{"MAIN_RIV":41067217,"LENGTH_KM":2.75,"ORD_STRA":1}},
{"type":"Feature","geometry":{"type":"LineString","coordinates":[[79.75625,29.06042],[79.77292,29.03542],[79.78958,29.03542]]},"properties":{"MAIN_RIV":41067217,"LENGTH_KM":5.43,"ORD_STRA":2}},
{"type":"Feature","geometry":{"type":"LineString","coordinates":[[79.78958,29.03542],[79.79375,29.03125]]},"properties":{"MAIN_RIV":41067217,"LENGTH_KM":0.61,"ORD_STRA":2}},
{"type":"Feature","geometry":{"type":"LineString","coordinates":[[79.80208,29.075],[79.79375,29.03125]]},"properties":{"MAIN_RIV":41067217,"LENGTH_KM":5.17,"ORD_STRA":1}},
{"type":"Feature","geometry":{"type":"LineString","coordinates":[[79.42292,29.05208],[79.41458,29.03542],[79.37708,29.03125]]},"properties":{"MAIN_RIV":41067217,"LENGTH_KM":6.43,"ORD_STRA":2}},
{"type":"Feature","geometry":{"type":"LineString","coordinates":[[79.49792,29.04583],[79.50625,29.02708]]},"properties":{"MAIN_RIV":41067217,"LENGTH_KM":2.39,"ORD_STRA":1}},
{"type":"Feature","geometry":{"type":"LineString","coordinates":[[79.5125,29.03333],[79.50625,29.02708]]},"properties":{"MAIN_RIV":41067217,"LENGTH_KM":0.92,"ORD_STRA":1}},
{"type":"Feature","geometry":{"type":"LineString","coordinates":[[79.20833,29.0625],[79.18542,29.04792],[79.18125,29.02292]]},"properties":{"MAIN_RIV":41067217,"LENGTH_KM":5.9,"ORD_STRA":1}},
{"type":"Feature","geometry":{"type":"LineString","coordinates":[[79.20833,29.03333],[79.19792,29.02292],[79.18125,29.02292]]},"properties":{"MAIN_RIV":41067217,"LENGTH_KM":3.58,"ORD_STRA":1}},
{"type":"Feature","geometry":{"type":"LineString","coordinates":[[79.56458,29.05208],[79.56875,29.02292]]},"properties":{"MAIN_RIV":41067217,"LENGTH_KM":3.4,"ORD_STRA":3}},
{"type":"Feature","geometry":{"type":"LineString","coordinates":[[79.59167,29.08333],[79.59375,29.06042],[79.56875,29.02292]]},"properties":{"MAIN_RIV":41067217,"LENGTH_KM":8.57,"ORD_STRA":1}},
{"type":"Feature","geometry":{"type":"LineString","coordinates":[[79.79375,29.03125],[79.80208,29.02292]]},"properties":{"MAIN_RIV":41067217,"LENGTH_KM":1.23,"ORD_STRA":2}},
{"type":"Feature","geometry":{"type":"LineString","coordinates":[[79.83333,29.07917],[79.82292,29.03542],[79.80208,29.02292]]},"properties":{"MAIN_RIV":41067217,"LENGTH_KM":8.21,"ORD_STRA":1}},
{"type":"Feature","geometry":{"type":"LineString","coordinates":[[80.01042,29.13542],[80.00625,29.12292],[80.02292,29.07292],[80.06875,29.02292]]},"properties":{"MAIN_RIV":41067217,"LENGTH_KM":14.94,"ORD_STRA":2}},
{"type":"Feature","geometry":{"type":"LineString","coordinates":[[80.07708,29.06875],[80.08542,29.06458],[80.06875,29.02292]]},"properties":{"MAIN_RIV":41067217,"LENGTH_KM":6.26,"ORD_STRA":2}},
{"type":"Feature","geometry":{"type":"LineString","coordinates":[[79.85208,29.09167],[79.86042,29.01875]]},"properties":{"MAIN_RIV":41067217,"LENGTH_KM":9.02,"ORD_STRA":1}},
{"type":"Feature","geometry":{"type":"LineString","coordinates":[[79.87708,29.04375],[79.87292,29.02708],[79.86042,29.01875]]},"properties":{"MAIN_RIV":41067217,"LENGTH_KM":3.64,"ORD_STRA":2}},
{"type":"Feature","geometry":{"type":"MultiLineString","coordinates":[[[79.03708,29.14958],[79.0378,29.14553]],[[79.03125,29.12868],[79.02292,29.11351]]]},"properties":{"MAIN_RIV":41067217,"LENGTH_KM":17.42,"ORD_STRA":4}},
{"type":"Feature","geometry":{"type":"LineString","coordinates":[[79.24375,29.05625],[79.22708,29.03542],[79.23958,29.01458]]},"properties":{"MAIN_RIV":41067217,"LENGTH_KM":5.95,"ORD_STRA":2}},
{"type":"Feature","geometry":{"type":"LineString","coordinates":[[79.24792,29.02917],[79.23958,29.01458]]},"properties":{"MAIN_RIV":41067217,"LENGTH_KM":1.93,"ORD_STRA":1}},
{"type":"Feature","geometry":{"type":"LineString","coordinates":[[79.64375,29.07292],[79.66042,29.06042],[79.66042,29.03125],[79.67708,29.01042]]},"properties":{"MAIN_RIV":41067217,"LENGTH_KM":9.23,"ORD_STRA":2}},
{"type":"Feature","geometry":{"type":"LineString","coordinates":[[79.67917,29.02917],[79.68542,29.01458],[79.67708,29.01042]]},"properties":{"MAIN_RIV":41067217,"LENGTH_KM":2.87,"ORD_STRA":1}},
{"type":"Feature","geometry":{"type":"LineString","coordinates":[[79.53333,29.15417],[79.52708,29.14792],[79.53542,29.06042],[79.55208,29.03958],[79.54792,29.01875],[79.56042,29.00625]]},"properties":{"MAIN_RIV":41067217,"LENGTH_KM":18.2,"ORD_STRA":1}},
{"type":"Feature","geometry":{"type":"LineString","coordinates":[[79.56875,29.02292],[79.56042,29.00625]]},"properties":{"MAIN_RIV":41067217,"LENGTH_KM":2.16,"ORD_STRA":3}},
{"type":"Feature","geometry":{"type":"LineString","coordinates":[[79.80208,29.02292],[79.79792,29.00208]]},"properties":{"MAIN_RIV":41067217,"LENGTH_KM":2.77,"ORD_STRA":2}},
{"type":"Feature","geometry":{"type":"LineString","coordinates":[[79.34375,29.05625],[79.33542,28.99792]]},"properties":{"MAIN_RIV":41067217,"LENGTH_KM":7.4,"ORD_STRA":2}},
{"type":"Feature","geometry":{"type":"LineString","coordinates":[[79.37708,29.03125],[79.33542,28.99792]]},"properties":{"MAIN_RIV":41067217,"LENGTH_KM":5.73,"ORD_STRA":2}},
{"type":"Feature","geometry":{"type":"LineString","coordinates":[[79.73125,29.0875],[79.73542,29.05625],[79.77708,29.00625],[79.78542,29.01042],[79.79375,28.99792],[79.79792,29.00208]]},"properties":{"MAIN_RIV":41067217,"LENGTH_KM":14.34,"ORD_STRA":1}},
{"type":"Feature","geometry":{"type":"LineString","coordinates":[[80.11042,29.04792],[80.10208,29.03958],[80.10625,28.99792]]},"properties":{"MAIN_RIV":41067217,"LENGTH_KM":6.32,"ORD_STRA":6}},
{"type":"Feature","geometry":{"type":"LineString","coordinates":[[80.12745,29.03162],[80.10625,28.99792]]},"properties":{"MAIN_RIV":41067217,"LENGTH_KM":6.03,"ORD_STRA":1}},
{"type":"Feature","geometry":{"type":"LineString","coordinates":[[80.13175,29.01091],[80.13125,29.00678]]},"properties":{"MAIN_RIV":41067217,"LENGTH_KM":7.18,"ORD_STRA":1}},
{"type":"Feature","geometry":{"type":"LineString","coordinates":[[80.02917,29.01667],[80.05625,29.00625],[80.06042,28.99375]]},"properties":{"MAIN_RIV":41067217,"LENGTH_KM":4.7,"ORD_STRA":1}},
{"type":"Feature","geometry":{"type":"LineString","coordinates":[[80.06875,29.02292],[80.06042,28.99375]]},"properties":{"MAIN_RIV":41067217,"LENGTH_KM":3.85,"ORD_STRA":3}},
{"type":"Feature","geometry":{"type":"LineString","coordinates":[[79.16042,29.05208],[79.15959,29.05126]]},"properties":{"MAIN_RIV":41067217,"LENGTH_KM":7.56,"ORD_STRA":3}},
{"type":"Feature","geometry":{"type":"LineString","coordinates":[[79.18125,29.02292],[79.17292,29.01796]]},"properties":{"MAIN_RIV":41067217,"LENGTH_KM":5.83,"ORD_STRA":2}},
{"type":"Feature","geometry":{"type":"LineString","coordinates":[[79.48542,28.99583],[79.48958,28.98542]]},"properties":{"MAIN_RIV":41067217,"LENGTH_KM":1.31,"ORD_STRA":1}},
{"type":"Feature","geometry":{"type":"LineString","coordinates":[[79.50625,29.02708],[79.50208,28.99792],[79.48958,28.98542]]},"properties":{"MAIN_RIV":41067217,"LENGTH_KM":5.24,"ORD_STRA":2}},
{"type":"Feature","geometry":{"type":"LineString","coordinates":[[79.93125,29.03958],[79.90208,29.01875],[79.89792,28.98542]]},"properties":{"MAIN_RIV":41067217,"LENGTH_KM":8.05,"ORD_STRA":2}},
{"type":"Feature","geometry":{"type":"LineString","coordinates":[[79.9375,29.00625],[79.91042,29.00208],[79.89792,28.98542]]},"properties":{"MAIN_RIV":41067217,"LENGTH_KM":5.41,"ORD_STRA":1}},
{"type":"Feature","geometry":{"type":"LineString","coordinates":[[79.32708,29.10625],[79.31042,29.09792],[79.30625,29.06458],[79.29375,29.04792],[79.30208,29.03125],[79.28958,29.00625],[79.29792,28.98125]]},"properties":{"MAIN_RIV":41067217,"LENGTH_KM":17.3,"ORD_STRA":3}},
{"type":"Feature","geometry":{"type":"LineString","coordinates":[[79.33542,28.99792],[79.31875,28.97708],[79.29792,28.98125]]},"properties":{"MAIN_RIV":41067217,"LENGTH_KM":5.16,"ORD_STRA":3}},
{"type":"Feature","geometry":{"type":"LineString","coordinates":[[79.56042,29.00625],[79.54792,28.98542],[79.55208,28.97708]]},"properties":{"MAIN_RIV":41067217,"LENGTH_KM":3.85,"ORD_STRA":3}},
{"type":"Feature","geometry":{"type":"LineString","coordinates":[[79.59583,29.00417],[79.57708,28.97708],[79.55208,28.97708]]},"properties":{"MAIN_RIV":41067217,"LENGTH_KM":6.55,"ORD_STRA":1}},
{"type":"Feature","geometry":{"type":"LineString","coordinates":[[79.65833,28.98333],[79.67292,28.96458]]},"properties":{"MAIN_RIV":41067217,"LENGTH_KM":2.87,"ORD_STRA":1}},
{"type":"Feature","geometry":{"type":"LineString","coordinates":[[79.67708,29.01042],[79.68542,28.98125],[79.67292,28.96458]]},"properties":{"MAIN_RIV":41067217,"LENGTH_KM":5.86,"ORD_STRA":2}},
{"type":"Feature","geometry":{"type":"LineString","coordinates":[[80.06042,28.99375],[80.06042,28.96458]]},"properties":{"MAIN_RIV":41067217,"LENGTH_KM":3.55,"ORD_STRA":3}},
{"type":"Feature","geometry":{"type":"LineString","coordinates":[[79.87083,28.975],[79.86042,28.96042]]},"properties":{"MAIN_RIV":41067217,"LENGTH_KM":2,"ORD_STRA":1}},
{"type":"Feature","geometry":{"type":"LineString","coordinates":[[79.89792,28.98542],[79.88125,28.96458],[79.86042,28.96042]]},"properties":{"MAIN_RIV":41067217,"LENGTH_KM":5.16,"ORD_STRA":2}},
{"type":"Feature","geometry":{"type":"LineString","coordinates":[[80.10625,28.99792],[80.10625,28.98521]]},"properties":{"MAIN_RIV":41067217,"LENGTH_KM":4.17,"ORD_STRA":6}},
{"type":"Feature","geometry":{"type":"LineString","coordinates":[[79.80417,28.95625],[79.81042,28.95625]]},"properties":{"MAIN_RIV":41067217,"LENGTH_KM":0.61,"ORD_STRA":1}},
{"type":"Feature","geometry":{"type":"LineString","coordinates":[[79.79792,29.00208],[79.81042,28.98542],[79.81042,28.95625]]},"properties":{"MAIN_RIV":41067217,"LENGTH_KM":5.55,"ORD_STRA":2}},
{"type":"Feature","geometry":{"type":"LineString","coordinates":[[80.04167,28.95625],[80.06042,28.96458]]},"properties":{"MAIN_RIV":41067217,"LENGTH_KM":2.25,"ORD_STRA":1}},
{"type":"Feature","geometry":{"type":"LineString","coordinates":[[79.5875,28.95833],[79.59375,28.95208]]},"properties":{"MAIN_RIV":41067217,"LENGTH_KM":0.92,"ORD_STRA":1}},
{"type":"Feature","geometry":{"type":"LineString","coordinates":[[79.58958,29.12708],[79.59375,29.11042],[79.61875,29.08958],[79.61042,29.06875],[79.64375,29.03125],[79.64375,29.00625],[79.63125,28.99375],[79.62292,28.96042],[79.59375,28.95208]]},"properties":{"MAIN_RIV":41067217,"LENGTH_KM":26.7,"ORD_STRA":2}},
{"type":"Feature","geometry":{"type":"LineString","coordinates":[[79.81042,28.95625],[79.81458,28.95208]]},"properties":{"MAIN_RIV":41067217,"LENGTH_KM":0.62,"ORD_STRA":2}},
{"type":"Feature","geometry":{"type":"LineString","coordinates":[[79.86042,29.01875],[79.85208,29.00208],[79.81875,28.98542],[79.81458,28.95208]]},"properties":{"MAIN_RIV":41067217,"LENGTH_KM":10.1,"ORD_STRA":2}},
{"type":"Feature","geometry":{"type":"LineString","coordinates":[[79.86042,28.96042],[79.84375,28.94792]]},"properties":{"MAIN_RIV":41067217,"LENGTH_KM":2.25,"ORD_STRA":2}},
{"type":"Feature","geometry":{"type":"MultiLineString","coordinates":[[[79.41042,29],[79.40208,28.97708],[79.40625,28.95224]],[[79.40625,28.95076],[79.40625,28.94993]],[[79.41583,28.94375],[79.41875,28.94375]]]},"properties":{"MAIN_RIV":41067217,"LENGTH_KM":7.67,"ORD_STRA":1}},
{"type":"Feature","geometry":{"type":"LineString","coordinates":[[79.45208,29.03125],[79.45208,29.00208],[79.41875,28.94375]]},"properties":{"MAIN_RIV":41067217,"LENGTH_KM":10.95,"ORD_STRA":2}},
{"type":"Feature","geometry":{"type":"LineString","coordinates":[[79.47292,28.95833],[79.48125,28.94375]]},"properties":{"MAIN_RIV":41067217,"LENGTH_KM":2.18,"ORD_STRA":1}},
{"type":"Feature","geometry":{"type":"LineString","coordinates":[[79.48958,28.98542],[79.49375,28.95208],[79.48125,28.94375]]},"properties":{"MAIN_RIV":41067217,"LENGTH_KM":5.8,"ORD_STRA":2}},
{"type":"Feature","geometry":{"type":"LineString","coordinates":[[79.71875,28.9625],[79.71875,28.94792],[79.73542,28.94375]]},"properties":{"MAIN_RIV":41067217,"LENGTH_KM":3.45,"ORD_STRA":1}},
{"type":"Feature","geometry":{"type":"LineString","coordinates":[[79.69792,29.03542],[79.71458,28.99792],[79.73542,28.98125],[79.73542,28.94375]]},"properties":{"MAIN_RIV":41067217,"LENGTH_KM":12.12,"ORD_STRA":3}},
{"type":"Feature","geometry":{"type":"LineString","coordinates":[[79.7375,29.00833],[79.76042,28.98542],[79.75625,28.96875],[79.77292,28.94375]]},"properties":{"MAIN_RIV":41067217,"LENGTH_KM":9.03,"ORD_STRA":1}},
{"type":"Feature","geometry":{"type":"LineString","coordinates":[[79.77917,28.95],[79.77292,28.94375]]},"properties":{"MAIN_RIV":41067217,"LENGTH_KM":0.92,"ORD_STRA":1}},
{"type":"Feature","geometry":{"type":"LineString","coordinates":[[79.94792,29.00417],[79.94792,28.98542],[79.93125,28.98125],[79.90625,28.94375]]},"properties":{"MAIN_RIV":41067217,"LENGTH_KM":9,"ORD_STRA":1}},
{"type":"Feature","geometry":{"type":"LineString","coordinates":[[79.97708,29.01667],[79.97292,28.99375],[79.94792,28.97708],[79.92292,28.94375],[79.90625,28.94375]]},"properties":{"MAIN_RIV":41067217,"LENGTH_KM":12.89,"ORD_STRA":1}},
{"type":"Feature","geometry":{"type":"LineString","coordinates":[[80.00625,29.02083],[79.99792,29.00208],[80.00208,28.97292],[79.98125,28.94792],[79.99375,28.93958]]},"properties":{"MAIN_RIV":41067217,"LENGTH_KM":11.52,"ORD_STRA":1}},
{"type":"Feature","geometry":{"type":"LineString","coordinates":[[80.01458,28.98333],[80.01875,28.96042],[80.00625,28.93958],[79.99375,28.93958]]},"properties":{"MAIN_RIV":41067217,"LENGTH_KM":7.11,"ORD_STRA":1}},
{"type":"Feature","geometry":{"type":"LineString","coordinates":[[79.55208,28.97708],[79.53542,28.93542]]},"properties":{"MAIN_RIV":41067217,"LENGTH_KM":5.24,"ORD_STRA":3}},
{"type":"Feature","geometry":{"type":"LineString","coordinates":[[79.81458,28.95208],[79.83125,28.93542]]},"properties":{"MAIN_RIV":41067217,"LENGTH_KM":2.46,"ORD_STRA":3}},
{"type":"Feature","geometry":{"type":"LineString","coordinates":[[79.84375,28.94792],[79.83125,28.93542]]},"properties":{"MAIN_RIV":41067217,"LENGTH_KM":1.85,"ORD_STRA":2}},
{"type":"Feature","geometry":{"type":"LineString","coordinates":[[79.87917,28.94167],[79.87292,28.93542],[79.84375,28.94792]]},"properties":{"MAIN_RIV":41067217,"LENGTH_KM":4.39,"ORD_STRA":1}},
{"type":"Feature","geometry":{"type":"LineString","coordinates":[[79.5125,29.1375],[79.51875,29.13125],[79.51042,29.10208],[79.52292,29.08542],[79.51875,29.05208],[79.52708,29.04375],[79.51875,29.03542],[79.52292,29.00625],[79.51042,28.95625],[79.52292,28.93125],[79.53542,28.93542]]},"properties":{"MAIN_RIV":41067217,"LENGTH_KM":27.48,"ORD_STRA":1}},
{"type":"Feature","geometry":{"type":"MultiLineString","coordinates":[[[79.23958,29.01458],[79.24374,29.01043]],[[79.24792,29.00415],[79.24792,29.00315]]]},"properties":{"MAIN_RIV":41067217,"LENGTH_KM":15.43,"ORD_STRA":2}},
{"type":"Feature","geometry":{"type":"LineString","coordinates":[[79.29792,28.98125],[79.29304,28.97363]]},"properties":{"MAIN_RIV":41067217,"LENGTH_KM":9.07,"ORD_STRA":4}},
{"type":"Feature","geometry":{"type":"LineString","coordinates":[[79.87083,28.91458],[79.87708,28.91458]]},"properties":{"MAIN_RIV":41067217,"LENGTH_KM":0.61,"ORD_STRA":1}},
{"type":"Feature","geometry":{"type":"LineString","coordinates":[[79.90625,28.94375],[79.89375,28.92708],[79.87708,28.92292],[79.87708,28.91458]]},"properties":{"MAIN_RIV":41067217,"LENGTH_KM":5.07,"ORD_STRA":2}},
{"type":"Feature","geometry":{"type":"MultiLineString","coordinates":[[[79.41875,28.94375],[79.41875,28.94026]],[[79.41875,28.93953],[79.43542,28.92292],[79.42708,28.91042],[79.43542,28.90208]]]},"properties":{"MAIN_RIV":41067217,"LENGTH_KM":6.11,"ORD_STRA":2}},
{"type":"Feature","geometry":{"type":"MultiLineString","coordinates":[[[80.06042,28.96458],[80.07708,28.94574]],[[80.07354,28.94021],[80.06875,28.93276]],[[80.05998,28.89792],[80.05625,28.89792]]]},"properties":{"MAIN_RIV":41067217,"LENGTH_KM":9.34,"ORD_STRA":3}},
{"type":"Feature","geometry":{"type":"MultiLineString","coordinates":[[[79.42327,28.89375],[79.42414,28.89375]],[[79.42446,28.89375],[79.43542,28.90208]]]},"properties":{"MAIN_RIV":41067217,"LENGTH_KM":1.84,"ORD_STRA":1}},
{"type":"Feature","geometry":{"type":"LineString","coordinates":[[79.99375,28.93958],[79.96458,28.89375]]},"properties":{"MAIN_RIV":41067217,"LENGTH_KM":6.16,"ORD_STRA":2}},
{"type":"Feature","geometry":{"type":"LineString","coordinates":[[79.97083,28.89375],[79.96458,28.89375]]},"properties":{"MAIN_RIV":41067217,"LENGTH_KM":0.61,"ORD_STRA":1}},
{"type":"Feature","geometry":{"type":"LineString","coordinates":[[80.03542,28.91667],[80.03542,28.89375],[80.05625,28.89792]]},"properties":{"MAIN_RIV":41067217,"LENGTH_KM":5.09,"ORD_STRA":1}},
{"type":"Feature","geometry":{"type":"LineString","coordinates":[[79.43542,28.90208],[79.45208,28.88958]]},"properties":{"MAIN_RIV":41067217,"LENGTH_KM":2.25,"ORD_STRA":2}},
{"type":"Feature","geometry":{"type":"LineString","coordinates":[[79.48125,28.94375],[79.46875,28.93125],[79.46875,28.89792],[79.45208,28.88958]]},"properties":{"MAIN_RIV":41067217,"LENGTH_KM":8.15,"ORD_STRA":2}},
{"type":"Feature","geometry":{"type":"MultiLineString","coordinates":[[[79.59375,28.95208],[79.57708,28.93542],[79.56941,28.89309]],[[79.57088,28.89162],[79.57458,28.88792]]]},"properties":{"MAIN_RIV":41067217,"LENGTH_KM":8.63,"ORD_STRA":2}},
{"type":"Feature","geometry":{"type":"LineString","coordinates":[[79.64583,28.9375],[79.60625,28.88542]]},"properties":{"MAIN_RIV":41067217,"LENGTH_KM":7.24,"ORD_STRA":1}},
{"type":"Feature","geometry":{"type":"LineString","coordinates":[[79.45208,28.88958],[79.45625,28.88125]]},"properties":{"MAIN_RIV":41067217,"LENGTH_KM":1.08,"ORD_STRA":3}},
{"type":"Feature","geometry":{"type":"LineString","coordinates":[[79.60625,28.88542],[79.57914,28.88542]]},"properties":{"MAIN_RIV":41067217,"LENGTH_KM":3.26,"ORD_STRA":2}},
{"type":"Feature","geometry":{"type":"LineString","coordinates":[[79.67292,28.96458],[79.68958,28.92708],[79.66458,28.88542],[79.60625,28.88542]]},"properties":{"MAIN_RIV":41067217,"LENGTH_KM":16.43,"ORD_STRA":2}},
{"type":"Feature","geometry":{"type":"LineString","coordinates":[[79.73542,28.94375],[79.75625,28.91458],[79.75625,28.88125]]},"properties":{"MAIN_RIV":41067217,"LENGTH_KM":8.02,"ORD_STRA":3}},
{"type":"Feature","geometry":{"type":"LineString","coordinates":[[79.77292,28.94375],[79.78542,28.91875],[79.75625,28.88125]]},"properties":{"MAIN_RIV":41067217,"LENGTH_KM":8.47,"ORD_STRA":2}},
{"type":"Feature","geometry":{"type":"LineString","coordinates":[[79.87708,28.91458],[79.88125,28.88542],[79.88958,28.88125]]},"properties":{"MAIN_RIV":41067217,"LENGTH_KM":4.42,"ORD_STRA":2}},
{"type":"Feature","geometry":{"type":"LineString","coordinates":[[79.91458,28.925],[79.88958,28.88125]]},"properties":{"MAIN_RIV":41067217,"LENGTH_KM":5.78,"ORD_STRA":1}},
{"type":"Feature","geometry":{"type":"LineString","coordinates":[[79.97083,28.93958],[79.93958,28.90208],[79.93958,28.88125]]},"properties":{"MAIN_RIV":41067217,"LENGTH_KM":8.57,"ORD_STRA":1}},
{"type":"Feature","geometry":{"type":"LineString","coordinates":[[79.96458,28.89375],[79.93958,28.88125]]},"properties":{"MAIN_RIV":41067217,"LENGTH_KM":3.06,"ORD_STRA":2}},
{"type":"Feature","geometry":{"type":"LineString","coordinates":[[79.49167,28.89375],[79.48125,28.88958],[79.48125,28.87708],[79.45625,28.88125]]},"properties":{"MAIN_RIV":41067217,"LENGTH_KM":5.98,"ORD_STRA":1}},
{"type":"Feature","geometry":{"type":"LineString","coordinates":[[79.88958,28.88125],[79.88958,28.87708]]},"properties":{"MAIN_RIV":41067217,"LENGTH_KM":0.46,"ORD_STRA":2}},
{"type":"Feature","geometry":{"type":"LineString","coordinates":[[79.9125,28.88958],[79.88958,28.87708]]},"properties":{"MAIN_RIV":41067217,"LENGTH_KM":3.12,"ORD_STRA":1}},
{"type":"Feature","geometry":{"type":"LineString","coordinates":[[79.36458,28.97066],[79.36389,28.96806]]},"properties":{"MAIN_RIV":41067217,"LENGTH_KM":19.71,"ORD_STRA":1}},
{"type":"Feature","geometry":{"type":"LineString","coordinates":[[79.3875,28.975],[79.38183,28.96933]]},"properties":{"MAIN_RIV":41067217,"LENGTH_KM":17.56,"ORD_STRA":1}},
{"type":"Feature","geometry":{"type":"LineString","coordinates":[[79.88958,28.87708],[79.89375,28.86042],[79.88125,28.83958]]},"properties":{"MAIN_RIV":41067217,"LENGTH_KM":4.78,"ORD_STRA":2}},
{"type":"Feature","geometry":{"type":"LineString","coordinates":[[79.93958,28.88125],[79.90208,28.84375],[79.88125,28.83958]]},"properties":{"MAIN_RIV":41067217,"LENGTH_KM":8.04,"ORD_STRA":2}},
{"type":"Feature","geometry":{"type":"LineString","coordinates":[[79.67917,28.8625],[79.67536,28.85869]]},"properties":{"MAIN_RIV":41067217,"LENGTH_KM":4,"ORD_STRA":1}},
{"type":"Feature","geometry":{"type":"LineString","coordinates":[[79.75625,28.88125],[79.76042,28.87192]]},"properties":{"MAIN_RIV":41067217,"LENGTH_KM":6.82,"ORD_STRA":3}},
{"type":"Feature","geometry":{"type":"LineString","coordinates":[[79.80208,28.90417],[79.79995,28.88745]]},"properties":{"MAIN_RIV":41067217,"LENGTH_KM":8.66,"ORD_STRA":1}},
{"type":"Feature","geometry":{"type":"LineString","coordinates":[[79.70833,28.85417],[79.71186,28.85064]]},"properties":{"MAIN_RIV":41067217,"LENGTH_KM":3.55,"ORD_STRA":1}},
{"type":"Feature","geometry":{"type":"LineString","coordinates":[[79.71667,28.9125],[79.71042,28.90208],[79.74375,28.86875],[79.73958,28.85841]]},"properties":{"MAIN_RIV":41067217,"LENGTH_KM":11.96,"ORD_STRA":1}},
{"type":"Feature","geometry":{"type":"MultiLineString","coordinates":[[[79.83125,28.93542],[79.83763,28.87487]],[[79.84599,28.86651],[79.84792,28.8617]],[[79.84792,28.85744],[79.84114,28.84792]],[[79.83958,28.84775],[79.83689,28.84105]],[[79.83542,28.83876],[79.83542,28.83249]],[[79.83542,28.83019],[79.83542,28.81875]]]},"properties":{"MAIN_RIV":41067217,"LENGTH_KM":15.51,"ORD_STRA":3}},
{"type":"Feature","geometry":{"type":"MultiLineString","coordinates":[[[79.88125,28.83958],[79.87188,28.83958]],[[79.87046,28.83958],[79.86381,28.83881]],[[79.86316,28.83816],[79.86042,28.83501]],[[79.86042,28.83337],[79.86042,28.83278]],[[79.86042,28.83115],[79.86042,28.83026]],[[79.84976,28.81643],[79.83542,28.81875]]]},"properties":{"MAIN_RIV":41067217,"LENGTH_KM":6.44,"ORD_STRA":3}},
{"type":"Feature","geometry":{"type":"LineString","coordinates":[[80.00417,28.81458],[80.01875,28.81458]]},"properties":{"MAIN_RIV":41067217,"LENGTH_KM":1.42,"ORD_STRA":1}},
{"type":"Feature","geometry":{"type":"LineString","coordinates":[[80.00833,28.82917],[80.01875,28.81458]]},"properties":{"MAIN_RIV":41067217,"LENGTH_KM":2,"ORD_STRA":1}},
{"type":"Feature","geometry":{"type":"MultiLineString","coordinates":[[[80.05625,28.89792],[80.06066,28.88934]],[[80.06308,28.85892],[80.06426,28.84408]]]},"properties":{"MAIN_RIV":41067217,"LENGTH_KM":16.48,"ORD_STRA":3}},
{"type":"Feature","geometry":{"type":"LineString","coordinates":[[79.81042,28.80904],[79.81042,28.80208]]},"properties":{"MAIN_RIV":41067217,"LENGTH_KM":4.72,"ORD_STRA":3}},
{"type":"Feature","geometry":{"type":"LineString","coordinates":[[79.9625,28.8375],[79.94375,28.81875],[79.94375,28.80208]]},"properties":{"MAIN_RIV":41067217,"LENGTH_KM":5.18,"ORD_STRA":1}},
{"type":"Feature","geometry":{"type":"LineString","coordinates":[[79.975,28.83125],[79.96458,28.82708],[79.96458,28.80625],[79.94375,28.80208]]},"properties":{"MAIN_RIV":41067217,"LENGTH_KM":6.09,"ORD_STRA":1}},
{"type":"Feature","geometry":{"type":"MultiLineString","coordinates":[[[79.83542,28.81875],[79.81542,28.80125]],[[79.81286,28.80208],[79.81042,28.80208]]]},"properties":{"MAIN_RIV":41067217,"LENGTH_KM":3.95,"ORD_STRA":4}},
{"type":"Feature","geometry":{"type":"LineString","coordinates":[[80.02083,28.85833],[80.06809,28.80274]]},"properties":{"MAIN_RIV":41067217,"LENGTH_KM":8.88,"ORD_STRA":1}},
{"type":"Feature","geometry":{"type":"LineString","coordinates":[[80.01875,28.81458],[80.02708,28.79375],[80.06661,28.79792]]},"properties":{"MAIN_RIV":41067217,"LENGTH_KM":7.3,"ORD_STRA":2}},
{"type":"Feature","geometry":{"type":"MultiLineString","coordinates":[[[79.45625,28.88125],[79.45024,28.87108]],[[79.44972,28.87056],[79.44684,28.86767]],[[79.44514,28.86598],[79.44375,28.86349]]]},"properties":{"MAIN_RIV":41067217,"LENGTH_KM":15.89,"ORD_STRA":3}},
{"type":"Feature","geometry":{"type":"LineString","coordinates":[[79.81042,28.80208],[79.81042,28.79826]]},"properties":{"MAIN_RIV":41067217,"LENGTH_KM":1.54,"ORD_STRA":4}},
{"type":"Feature","geometry":{"type":"LineString","coordinates":[[79.53542,28.93542],[79.54792,28.92708],[79.54792,28.91042],[79.52292,28.8667]]},"properties":{"MAIN_RIV":41067217,"LENGTH_KM":26.13,"ORD_STRA":3}},
{"type":"Feature","geometry":{"type":"LineString","coordinates":[[79.9095,28.803],[79.91042,28.78472]]},"properties":{"MAIN_RIV":41067217,"LENGTH_KM":8.31,"ORD_STRA":1}},
{"type":"Feature","geometry":{"type":"LineString","coordinates":[[79.99583,28.78333],[80.01042,28.75208]]},"properties":{"MAIN_RIV":41067217,"LENGTH_KM":4.01,"ORD_STRA":1}},
{"type":"Feature","geometry":{"type":"LineString","coordinates":[[79.97083,28.7625],[79.98958,28.74792],[80.01042,28.75208]]},"properties":{"MAIN_RIV":41067217,"LENGTH_KM":4.8,"ORD_STRA":1}},
{"type":"Feature","geometry":{"type":"LineString","coordinates":[[79.94375,28.80208],[79.93125,28.76562]]},"properties":{"MAIN_RIV":41067217,"LENGTH_KM":11.88,"ORD_STRA":2}},
{"type":"Feature","geometry":{"type":"LineString","coordinates":[[80.01042,28.75208],[80.0214,28.74526]]},"properties":{"MAIN_RIV":41067217,"LENGTH_KM":7.35,"ORD_STRA":2}}
]}