{"type":"FeatureCollection", "features": [
{"type":"Feature","geometry":{"type":"Point","coordinates":[77.8628,30.51613]},"properties":{"Name_of_Ba":"Katha Pathar Barrage","District":"Dehradun","River":"Yamuna","Status":"Proposed"}},
{"type":"Feature","geometry":{"type":"Point","coordinates":[80.11076,28.9962]},"properties":{"Name_of_Ba":"Banbasa Barrage","District":"Champawat","River":"Sarada","Status":"Completed"}},
{"type":"Feature","geometry":{"type":"Point","coordinates":[78.1804,29.95654]},"properties":{"Name_of_Ba":"Bhimgoda Barrage","District":"Hardwar","River":"Ganga","Status":"Completed"}},
{"type":"Feature","geometry":{"type":"Point","coordinates":[79.705,30.49685]},"properties":{"Name_of_Ba":"Tamak Lata Barrage","District":"Chamoli","River":"dhauliganga","Status":"Completed"}},
{"type":"Feature","geometry":{"type":"Point","coordinates":[80.12182,29.05519]},"properties":{"Name_of_Ba":"Tanakpur Barrage","District":"Champawat","River":"Sarada","Status":"Completed"}},
{"type":"Feature","geometry":{"type":"Point","coordinates":[79.62901,30.49284]},"properties":{"Name_of_Ba":"Tapovan Vishnugad  Barrage","District":"Chamoli","River":"Dhauliganga","Status":"Completed"}},
{"type":"Feature","geometry":{"type":"Point","coordinates":[79.51373,30.67233]},"properties":{"Name_of_Ba":"Vishnu Prayag Barrage","District":"Chamoli","River":"Alaknanda","Status":"Completed"}},
{"type":"Feature","geometry":{"type":"Point","coordinates":[79.54799,29.27145]},"properties":{"Name_of_Ba":"Gola Barrage","District":"Nainital","River":"Gola River","Status":"Completed"}},
{"type":"Feature","geometry":{"type":"Point","coordinates":[79.13299,29.39897]},"properties":{"Name_of_Ba":"Kosi Barrage","District":"Nainital","River":"","Status":"Completed"}},
{"type":"Feature","geometry":{"type":"Point","coordinates":[78.28834,30.07435]},"properties":{"Name_of_Ba":"RishiKesh Barrage","District":"Dehradun","River":"Ganga","Status":"Completed"}},
{"type":"Feature","geometry":{"type":"Point","coordinates":[77.66569,30.43576]},"properties":{"Name_of_Ba":"Asan Barrage","District":"Dehradun","River":"Asan","Status":"Completed"}},
{"type":"Feature","geometry":{"type":"Point","coordinates":[79.00769,29.34555]},"properties":{"Name_of_Ba":"Dhela Barrage","District":"Almora","River":"Dhela River","Status":"Completed"}},
{"type":"Feature","geometry":{"type":"Point","coordinates":[78.42384,30.72954]},"properties":{"Name_of_Ba":"Joshiyara Barrage","District":"Uttarkashi","River":"Bhagirathi","Status":"Completed"}},
{"type":"Feature","geometry":{"type":"Point","coordinates":[78.07266,30.43734]},"properties":{"Name_of_Ba":"Bhatta Weir","District":"Dehradun","River":"bhatta","Status":""}},
{"type":"Feature","geometry":{"type":"Point","coordinates":[79.31443,29.41379]},"properties":{"Name_of_Ba":"Kota Trench Weir","District":"Nainital","River":"Dabka river","Status":""}},
{"type":"Feature","geometry":{"type":"Point","coordinates":[79.54061,28.91775]},"properties":{"Name_of_Ba":"Kiccha Barrage","District":"Udham Singh Nagar","River":"Kiccha","Status":"Completed"}},
{"type":"Feature","geometry":{"type":"Point","coordinates":[79.52908,29.00781]},"properties":{"Name_of_Ba":"Nangla Weir","District":"Udham Singh Nagar","River":"Kiccha","Status":"Completed"}},
{"type":"Feature","geometry":{"type":"Point","coordinates":[79.627,29.05]},"properties":{"Name_of_Ba":"Katna Weir","District":"Udham Singh Nagar","River":"Katna","Status":"Completed"}},
{"type":"Feature","geometry":{"type":"Point","coordinates":[79.66972,29.61278]},"properties":{"Name_of_Ba":"","District":"ALMORA","River":"","Status":""}},
{"type":"Feature","geometry":{"type":"Point","coordinates":[79.41167,29.66639]},"properties":{"Name_of_Ba":"","District":"ALMORA","River":"","Status":""}},
{"type":"Feature","geometry":{"type":"Point","coordinates":[79.77083,29.82722]},"properties":{"Name_of_Ba":"","District":"BAGESHWAR","River":"","Status":""}},
{"type":"Feature","geometry":{"type":"Point","coordinates":[79.775,29.84639]},"properties":{"Name_of_Ba":"","District":"BAGESHWAR","River":"","Status":""}},
{"type":"Feature","geometry":{"type":"Point","coordinates":[79.89833,29.94417]},"properties":{"Name_of_Ba":"","District":"BAGESHWAR","River":"","Status":""}},
{"type":"Feature","geometry":{"type":"Point","coordinates":[79.49472,30.74306]},"properties":{"Name_of_Ba":"","District":"CHAMOLI","River":"","Status":""}},
{"type":"Feature","geometry":{"type":"Point","coordinates":[79.495,30.745]},"properties":{"Name_of_Ba":"","District":"CHAMOLI","River":"","Status":""}},
{"type":"Feature","geometry":{"type":"Point","coordinates":[79.15306,30.28194]},"properties":{"Name_of_Ba":"","District":"CHAMOLI","River":"","Status":""}},
{"type":"Feature","geometry":{"type":"Point","coordinates":[79.56389,30.52833]},"properties":{"Name_of_Ba":"","District":"CHAMOLI","River":"","Status":""}},
{"type":"Feature","geometry":{"type":"Point","coordinates":[77.96611,30.31917]},"properties":{"Name_of_Ba":"","District":"DEHRADUN","River":"","Status":""}},
{"type":"Feature","geometry":{"type":"Point","coordinates":[77.96528,30.31889]},"properties":{"Name_of_Ba":"","District":"DEHRADUN","River":"","Status":""}},
{"type":"Feature","geometry":{"type":"Point","coordinates":[77.97111,30.31111]},"properties":{"Name_of_Ba":"","District":"DEHRADUN","River":"","Status":""}},
{"type":"Feature","geometry":{"type":"Point","coordinates":[77.97111,30.31139]},"properties":{"Name_of_Ba":"","District":"DEHRADUN","River":"","Status":""}},
{"type":"Feature","geometry":{"type":"Point","coordinates":[78.00722,30.26889]},"properties":{"Name_of_Ba":"","District":"DEHRADUN","River":"","Status":""}},
{"type":"Feature","geometry":{"type":"Point","coordinates":[77.97333,30.28639]},"properties":{"Name_of_Ba":"","District":"DEHRADUN","River":"","Status":""}},
{"type":"Feature","geometry":{"type":"Point","coordinates":[78.03083,30.31917]},"properties":{"Name_of_Ba":"","District":"DEHRADUN","River":"","Status":""}},
{"type":"Feature","geometry":{"type":"Point","coordinates":[77.99694,30.30028]},"properties":{"Name_of_Ba":"","District":"DEHRADUN","River":"","Status":""}},
{"type":"Feature","geometry":{"type":"Point","coordinates":[77.87,30.34861]},"properties":{"Name_of_Ba":"","District":"DEHRADUN","River":"","Status":""}},
{"type":"Feature","geometry":{"type":"Point","coordinates":[77.87722,30.35472]},"properties":{"Name_of_Ba":"","District":"DEHRADUN","River":"","Status":""}},
{"type":"Feature","geometry":{"type":"Point","coordinates":[77.87417,30.35417]},"properties":{"Name_of_Ba":"","District":"DEHRADUN","River":"","Status":""}},
{"type":"Feature","geometry":{"type":"Point","coordinates":[77.87194,30.34889]},"properties":{"Name_of_Ba":"","District":"DEHRADUN","River":"","Status":""}},
{"type":"Feature","geometry":{"type":"Point","coordinates":[78.02167,29.75389]},"properties":{"Name_of_Ba":"","District":"HARIDWAR","River":"","Status":""}},
{"type":"Feature","geometry":{"type":"Point","coordinates":[78.03806,29.75917]},"properties":{"Name_of_Ba":"","District":"HARIDWAR","River":"","Status":""}},
{"type":"Feature","geometry":{"type":"Point","coordinates":[78.04028,29.75667]},"properties":{"Name_of_Ba":"","District":"HARIDWAR","River":"","Status":""}},
{"type":"Feature","geometry":{"type":"Point","coordinates":[78.01778,29.75833]},"properties":{"Name_of_Ba":"","District":"HARIDWAR","River":"","Status":""}},
{"type":"Feature","geometry":{"type":"Point","coordinates":[77.87222,29.79389]},"properties":{"Name_of_Ba":"","District":"HARIDWAR","River":"","Status":""}},
{"type":"Feature","geometry":{"type":"Point","coordinates":[77.88222,29.78778]},"properties":{"Name_of_Ba":"","District":"HARIDWAR","River":"","Status":""}},
{"type":"Feature","geometry":{"type":"Point","coordinates":[77.88611,29.79556]},"properties":{"Name_of_Ba":"","District":"HARIDWAR","River":"","Status":""}},
{"type":"Feature","geometry":{"type":"Point","coordinates":[77.88306,29.79139]},"properties":{"Name_of_Ba":"","District":"HARIDWAR","River":"","Status":""}},
{"type":"Feature","geometry":{"type":"Point","coordinates":[77.87389,29.79583]},"properties":{"Name_of_Ba":"","District":"HARIDWAR","River":"","Status":""}},
{"type":"Feature","geometry":{"type":"Point","coordinates":[77.81528,29.94028]},"properties":{"Name_of_Ba":"","District":"HARIDWAR","River":"","Status":""}},
{"type":"Feature","geometry":{"type":"Point","coordinates":[77.81444,29.93972]},"properties":{"Name_of_Ba":"","District":"HARIDWAR","River":"","Status":""}},
{"type":"Feature","geometry":{"type":"Point","coordinates":[77.81306,29.93778]},"properties":{"Name_of_Ba":"","District":"HARIDWAR","River":"","Status":""}},
{"type":"Feature","geometry":{"type":"Point","coordinates":[77.81,29.93917]},"properties":{"Name_of_Ba":"","District":"HARIDWAR","River":"","Status":""}},
{"type":"Feature","geometry":{"type":"Point","coordinates":[77.81444,29.92444]},"properties":{"Name_of_Ba":"","District":"HARIDWAR","River":"","Status":""}},
{"type":"Feature","geometry":{"type":"Point","coordinates":[77.81,29.92833]},"properties":{"Name_of_Ba":"","District":"HARIDWAR","River":"","Status":""}},
{"type":"Feature","geometry":{"type":"Point","coordinates":[77.8125,29.92278]},"properties":{"Name_of_Ba":"","District":"HARIDWAR","River":"","Status":""}},
{"type":"Feature","geometry":{"type":"Point","coordinates":[77.81778,29.92972]},"properties":{"Name_of_Ba":"","District":"HARIDWAR","River":"","Status":""}},
{"type":"Feature","geometry":{"type":"Point","coordinates":[77.80944,29.92917]},"properties":{"Name_of_Ba":"","District":"HARIDWAR","River":"","Status":""}},
{"type":"Feature","geometry":{"type":"Point","coordinates":[77.81083,29.92833]},"properties":{"Name_of_Ba":"","District":"HARIDWAR","River":"","Status":""}},
{"type":"Feature","geometry":{"type":"Point","coordinates":[77.81167,29.92778]},"properties":{"Name_of_Ba":"","District":"HARIDWAR","River":"","Status":""}},
{"type":"Feature","geometry":{"type":"Point","coordinates":[77.80444,29.94778]},"properties":{"Name_of_Ba":"","District":"HARIDWAR","River":"","Status":""}},
{"type":"Feature","geometry":{"type":"Point","coordinates":[77.80722,29.95]},"properties":{"Name_of_Ba":"","District":"HARIDWAR","River":"","Status":""}},
{"type":"Feature","geometry":{"type":"Point","coordinates":[77.81056,29.94139]},"properties":{"Name_of_Ba":"","District":"HARIDWAR","River":"","Status":""}},
{"type":"Feature","geometry":{"type":"Point","coordinates":[77.8075,29.94444]},"properties":{"Name_of_Ba":"","District":"HARIDWAR","River":"","Status":""}},
{"type":"Feature","geometry":{"type":"Point","coordinates":[77.92833,29.80361]},"properties":{"Name_of_Ba":"","District":"HARIDWAR","River":"","Status":""}},
{"type":"Feature","geometry":{"type":"Point","coordinates":[77.92361,29.80389]},"properties":{"Name_of_Ba":"","District":"HARIDWAR","River":"","Status":""}},
{"type":"Feature","geometry":{"type":"Point","coordinates":[77.78139,29.80944]},"properties":{"Name_of_Ba":"","District":"HARIDWAR","River":"","Status":""}},
{"type":"Feature","geometry":{"type":"Point","coordinates":[77.94139,29.92472]},"properties":{"Name_of_Ba":"","District":"HARIDWAR","River":"","Status":""}},
{"type":"Feature","geometry":{"type":"Point","coordinates":[77.94028,29.92389]},"properties":{"Name_of_Ba":"","District":"HARIDWAR","River":"","Status":""}},
{"type":"Feature","geometry":{"type":"Point","coordinates":[77.93778,29.92222]},"properties":{"Name_of_Ba":"","District":"HARIDWAR","River":"","Status":""}},
{"type":"Feature","geometry":{"type":"Point","coordinates":[77.94167,29.92556]},"properties":{"Name_of_Ba":"","District":"HARIDWAR","River":"","Status":""}},
{"type":"Feature","geometry":{"type":"Point","coordinates":[77.93472,29.92417]},"properties":{"Name_of_Ba":"","District":"HARIDWAR","River":"","Status":""}},
{"type":"Feature","geometry":{"type":"Point","coordinates":[77.94583,29.91472]},"properties":{"Name_of_Ba":"","District":"HARIDWAR","River":"","Status":""}},
{"type":"Feature","geometry":{"type":"Point","coordinates":[77.94333,29.91917]},"properties":{"Name_of_Ba":"","District":"HARIDWAR","River":"","Status":""}},
{"type":"Feature","geometry":{"type":"Point","coordinates":[79.5625,29.34306]},"properties":{"Name_of_Ba":"","District":"NANITAL","River":"","Status":""}},
{"type":"Feature","geometry":{"type":"Point","coordinates":[79.58306,29.32528]},"properties":{"Name_of_Ba":"","District":"NANITAL","River":"","Status":""}},
{"type":"Feature","geometry":{"type":"Point","coordinates":[79.58306,29.32556]},"properties":{"Name_of_Ba":"","District":"NANITAL","River":"","Status":""}},
{"type":"Feature","geometry":{"type":"Point","coordinates":[79.54667,29.27194]},"properties":{"Name_of_Ba":"","District":"NANITAL","River":"","Status":""}},
{"type":"Feature","geometry":{"type":"Point","coordinates":[79.46306,29.38028]},"properties":{"Name_of_Ba":"","District":"NANITAL","River":"","Status":""}},
{"type":"Feature","geometry":{"type":"Point","coordinates":[79.13417,29.39917]},"properties":{"Name_of_Ba":"","District":"NANITAL","River":"","Status":""}},
{"type":"Feature","geometry":{"type":"Point","coordinates":[78.37167,29.78778]},"properties":{"Name_of_Ba":"","District":"PAURI","River":"","Status":""}},
{"type":"Feature","geometry":{"type":"Point","coordinates":[78.37194,29.7875]},"properties":{"Name_of_Ba":"","District":"PAURI","River":"","Status":""}},
{"type":"Feature","geometry":{"type":"Point","coordinates":[78.41333,29.76389]},"properties":{"Name_of_Ba":"","District":"PAURI","River":"","Status":""}},
{"type":"Feature","geometry":{"type":"Point","coordinates":[78.41833,29.78611]},"properties":{"Name_of_Ba":"","District":"PAURI","River":"","Status":""}},
{"type":"Feature","geometry":{"type":"Point","coordinates":[78.35333,30.12528]},"properties":{"Name_of_Ba":"","District":"PAURI","River":"","Status":""}},
{"type":"Feature","geometry":{"type":"Point","coordinates":[79.15361,29.16417]},"properties":{"Name_of_Ba":"","District":"UDHAM SINGH NAGAR","River":"","Status":""}},
{"type":"Feature","geometry":{"type":"Point","coordinates":[79.2525,29.045]},"properties":{"Name_of_Ba":"","District":"UDHAM SINGH NAGAR","River":"","Status":""}},
{"type":"Feature","geometry":{"type":"Point","coordinates":[78.82444,29.28306]},"properties":{"Name_of_Ba":"","District":"UDHAM SINGH NAGAR","River":"","Status":""}},
{"type":"Feature","geometry":{"type":"Point","coordinates":[78.83056,29.28306]},"properties":{"Name_of_Ba":"","District":"UDHAM SINGH NAGAR","River":"","Status":""}},
{"type":"Feature","geometry":{"type":"Point","coordinates":[78.83639,29.28167]},"properties":{"Name_of_Ba":"","District":"UDHAM SINGH NAGAR","River":"","Status":""}},
{"type":"Feature","geometry":{"type":"Point","coordinates":[78.95889,29.19056]},"properties":{"Name_of_Ba":"","District":"UDHAM SINGH NAGAR","River":"","Status":""}},
{"type":"Feature","geometry":{"type":"Point","coordinates":[78.95222,29.18972]},"properties":{"Name_of_Ba":"","District":"UDHAM SINGH NAGAR","River":"","Status":""}},
{"type":"Feature","geometry":{"type":"Point","coordinates":[78.95167,29.185]},"properties":{"Name_of_Ba":"","District":"UDHAM SINGH NAGAR","River":"","Status":""}},
{"type":"Feature","geometry":{"type":"Point","coordinates":[78.95167,29.18972]},"properties":{"Name_of_Ba":"","District":"UDHAM SINGH NAGAR","River":"","Status":""}},
{"type":"Feature","geometry":{"type":"Point","coordinates":[78.95139,29.19556]},"properties":{"Name_of_Ba":"","District":"UDHAM SINGH NAGAR","River":"","Status":""}},
{"type":"Feature","geometry":{"type":"Point","coordinates":[78.94833,29.19083]},"properties":{"Name_of_Ba":"","District":"UDHAM SINGH NAGAR","River":"","Status":""}},
{"type":"Feature","geometry":{"type":"Point","coordinates":[78.94667,29.19361]},"properties":{"Name_of_Ba":"","District":"UDHAM SINGH NAGAR","River":"","Status":""}},
{"type":"Feature","geometry":{"type":"Point","coordinates":[78.94778,29.19472]},"properties":{"Name_of_Ba":"","District":"UDHAM SINGH NAGAR","River":"","Status":""}},
{"type":"Feature","geometry":{"type":"Point","coordinates":[78.96889,29.21833]},"properties":{"Name_of_Ba":"","District":"UDHAM SINGH NAGAR","River":"","Status":""}},
{"type":"Feature","geometry":{"type":"Point","coordinates":[78.99028,29.18556]},"properties":{"Name_of_Ba":"","District":"UDHAM SINGH NAGAR","River":"","Status":""}},
{"type":"Feature","geometry":{"type":"Point","coordinates":[78.97028,29.20694]},"properties":{"Name_of_Ba":"","District":"UDHAM SINGH NAGAR","River":"","Status":""}},
{"type":"Feature","geometry":{"type":"Point","coordinates":[79.96778,28.90778]},"properties":{"Name_of_Ba":"","District":"UDHAM SINGH NAGAR","River":"","Status":""}},
{"type":"Feature","geometry":{"type":"Point","coordinates":[79.95944,28.92861]},"properties":{"Name_of_Ba":"","District":"UDHAM SINGH NAGAR","River":"","Status":""}},
{"type":"Feature","geometry":{"type":"Point","coordinates":[79.95944,28.92917]},"properties":{"Name_of_Ba":"","District":"UDHAM SINGH NAGAR","River":"","Status":""}},
{"type":"Feature","geometry":{"type":"Point","coordinates":[79.4925,28.93361]},"properties":{"Name_of_Ba":"","District":"UDHAM SINGH NAGAR","River":"","Status":""}},
{"type":"Feature","geometry":{"type":"Point","coordinates":[79.49583,28.9325]},"properties":{"Name_of_Ba":"","District":"UDHAM SINGH NAGAR","River":"","Status":""}},
{"type":"Feature","geometry":{"type":"Point","coordinates":[79.49556,28.93361]},"properties":{"Name_of_Ba":"","District":"UDHAM SINGH NAGAR","River":"","Status":""}},
{"type":"Feature","geometry":{"type":"Point","coordinates":[79.47333,28.90472]},"properties":{"Name_of_Ba":"","District":"UDHAM SINGH NAGAR","River":"","Status":""}},
{"type":"Feature","geometry":{"type":"Point","coordinates":[79.48028,28.89889]},"properties":{"Name_of_Ba":"","District":"UDHAM SINGH NAGAR","River":"","Status":""}},
{"type":"Feature","geometry":{"type":"Point","coordinates":[79.48361,28.90556]},"properties":{"Name_of_Ba":"","District":"UDHAM SINGH NAGAR","River":"","Status":""}},
{"type":"Feature","geometry":{"type":"Point","coordinates":[79.31944,29.03889]},"properties":{"Name_of_Ba":"","District":"UDHAM SINGH NAGAR","River":"","Status":""}},
{"type":"Feature","geometry":{"type":"Point","coordinates":[79.31694,29.03722]},"properties":{"Name_of_Ba":"","District":"UDHAM SINGH NAGAR","River":"","Status":""}},
{"type":"Feature","geometry":{"type":"Point","coordinates":[79.31528,29.04444]},"properties":{"Name_of_Ba":"","District":"UDHAM SINGH NAGAR","River":"","Status":""}},
{"type":"Feature","geometry":{"type":"Point","coordinates":[79.31917,29.04556]},"properties":{"Name_of_Ba":"","District":"UDHAM SINGH NAGAR","River":"","Status":""}},
{"type":"Feature","geometry":{"type":"Point","coordinates":[78.79194,29.27278]},"properties":{"Name_of_Ba":"","District":"UDHAM SINGH NAGAR","River":"","Status":""}},
{"type":"Feature","geometry":{"type":"Point","coordinates":[78.78917,29.27083]},"properties":{"Name_of_Ba":"","District":"UDHAM SINGH NAGAR","River":"","Status":""}},
{"type":"Feature","geometry":{"type":"Point","coordinates":[78.79528,29.27583]},"properties":{"Name_of_Ba":"","District":"UDHAM SINGH NAGAR","River":"","Status":""}},
{"type":"Feature","geometry":{"type":"Point","coordinates":[78.78583,29.26833]},"properties":{"Name_of_Ba":"","District":"UDHAM SINGH NAGAR","River":"","Status":""}},
{"type":"Feature","geometry":{"type":"Point","coordinates":[78.8,29.27861]},"properties":{"Name_of_Ba":"","District":"UDHAM SINGH NAGAR","River":"","Status":""}},
{"type":"Feature","geometry":{"type":"Point","coordinates":[78.95278,29.13833]},"properties":{"Name_of_Ba":"","District":"UDHAM SINGH NAGAR","River":"","Status":""}},
{"type":"Feature","geometry":{"type":"Point","coordinates":[78.95167,29.14056]},"properties":{"Name_of_Ba":"","District":"UDHAM SINGH NAGAR","River":"","Status":""}},
{"type":"Feature","geometry":{"type":"Point","coordinates":[78.95333,29.14389]},"properties":{"Name_of_Ba":"","District":"UDHAM SINGH NAGAR","River":"","Status":""}},
{"type":"Feature","geometry":{"type":"Point","coordinates":[78.94306,29.14111]},"properties":{"Name_of_Ba":"","District":"UDHAM SINGH NAGAR","River":"","Status":""}},
{"type":"Feature","geometry":{"type":"Point","coordinates":[78.94389,29.14417]},"properties":{"Name_of_Ba":"","District":"UDHAM SINGH NAGAR","River":"","Status":""}},
{"type":"Feature","geometry":{"type":"Point","coordinates":[78.94417,29.13139]},"properties":{"Name_of_Ba":"","District":"UDHAM SINGH NAGAR","River":"","Status":""}},
{"type":"Feature","geometry":{"type":"Point","coordinates":[78.94194,29.12944]},"properties":{"Name_of_Ba":"","District":"UDHAM SINGH NAGAR","River":"","Status":""}},
{"type":"Feature","geometry":{"type":"Point","coordinates":[78.94139,29.12889]},"properties":{"Name_of_Ba":"","District":"UDHAM SINGH NAGAR","River":"","Status":""}},
{"type":"Feature","geometry":{"type":"Point","coordinates":[78.9425,29.12889]},"properties":{"Name_of_Ba":"","District":"UDHAM SINGH NAGAR","River":"","Status":""}},
{"type":"Feature","geometry":{"type":"Point","coordinates":[78.94306,29.13194]},"properties":{"Name_of_Ba":"","District":"UDHAM SINGH NAGAR","River":"","Status":""}},
{"type":"Feature","geometry":{"type":"Point","coordinates":[78.94472,29.12944]},"properties":{"Name_of_Ba":"","District":"UDHAM SINGH NAGAR","River":"","Status":""}},
{"type":"Feature","geometry":{"type":"Point","coordinates":[78.95694,29.12472]},"properties":{"Name_of_Ba":"","District":"UDHAM SINGH NAGAR","River":"","Status":""}},
{"type":"Feature","geometry":{"type":"Point","coordinates":[78.95667,29.12556]},"properties":{"Name_of_Ba":"","District":"UDHAM SINGH NAGAR","River":"","Status":""}},
{"type":"Feature","geometry":{"type":"Point","coordinates":[78.94667,29.13722]},"properties":{"Name_of_Ba":"","District":"UDHAM SINGH NAGAR","River":"","Status":""}},
{"type":"Feature","geometry":{"type":"Point","coordinates":[78.94861,29.13083]},"properties":{"Name_of_Ba":"","District":"UDHAM SINGH NAGAR","River":"","Status":""}},
{"type":"Feature","geometry":{"type":"Point","coordinates":[78.94167,29.13306]},"properties":{"Name_of_Ba":"","District":"UDHAM SINGH NAGAR","River":"","Status":""}},
{"type":"Feature","geometry":{"type":"Point","coordinates":[79.8075,28.94833]},"properties":{"Name_of_Ba":"","District":"UDHAM SINGH NAGAR","River":"","Status":""}},
{"type":"Feature","geometry":{"type":"Point","coordinates":[79.80722,28.94833]},"properties":{"Name_of_Ba":"","District":"UDHAM SINGH NAGAR","River":"","Status":""}},
{"type":"Feature","geometry":{"type":"Point","coordinates":[79.80528,28.94944]},"properties":{"Name_of_Ba":"","District":"UDHAM SINGH NAGAR","River":"","Status":""}},
{"type":"Feature","geometry":{"type":"Point","coordinates":[79.80889,28.95028]},"properties":{"Name_of_Ba":"","District":"UDHAM SINGH NAGAR","River":"","Status":""}},
{"type":"Feature","geometry":{"type":"Point","coordinates":[79.81028,28.945]},"properties":{"Name_of_Ba":"","District":"UDHAM SINGH NAGAR","River":"","Status":""}},
{"type":"Feature","geometry":{"type":"Point","coordinates":[79.055,29.15833]},"properties":{"Name_of_Ba":"","District":"UDHAM SINGH NAGAR","River":"","Status":""}},
{"type":"Feature","geometry":{"type":"Point","coordinates":[79.05528,29.16111]},"properties":{"Name_of_Ba":"","District":"UDHAM SINGH NAGAR","River":"","Status":""}},
{"type":"Feature","geometry":{"type":"Point","coordinates":[79.37028,28.9875]},"properties":{"Name_of_Ba":"","District":"UDHAM SINGH NAGAR","River":"","Status":""}},
{"type":"Feature","geometry":{"type":"Point","coordinates":[78.45528,30.75417]},"properties":{"Name_of_Ba":"","District":"UTTARKASHI","River":"","Status":""}},
{"type":"Feature","geometry":{"type":"Point","coordinates":[78.42472,30.72944]},"properties":{"Name_of_Ba":"","District":"UTTARKASHI","River":"","Status":""}},
{"type":"Feature","geometry":{"type":"Point","coordinates":[79.80778,29.70889]},"properties":{"Name_of_Ba":"","District":"ALMORA","River":"","Status":""}},
{"type":"Feature","geometry":{"type":"Point","coordinates":[79.77056,29.59028]},"properties":{"Name_of_Ba":"","District":"ALMORA","River":"","Status":""}},
{"type":"Feature","geometry":{"type":"Point","coordinates":[79.75472,29.59361]},"properties":{"Name_of_Ba":"","District":"ALMORA","River":"","Status":""}},
{"type":"Feature","geometry":{"type":"Point","coordinates":[79.74278,29.60139]},"properties":{"Name_of_Ba":"","District":"ALMORA","River":"","Status":""}},
{"type":"Feature","geometry":{"type":"Point","coordinates":[79.74333,29.6125]},"properties":{"Name_of_Ba":"","District":"ALMORA","River":"","Status":""}},
{"type":"Feature","geometry":{"type":"Point","coordinates":[79.86056,29.69889]},"properties":{"Name_of_Ba":"","District":"ALMORA","River":"","Status":""}},
{"type":"Feature","geometry":{"type":"Point","coordinates":[79.85806,29.69917]},"properties":{"Name_of_Ba":"","District":"ALMORA","River":"","Status":""}},
{"type":"Feature","geometry":{"type":"Point","coordinates":[79.85861,29.69222]},"properties":{"Name_of_Ba":"","District":"ALMORA","River":"","Status":""}},
{"type":"Feature","geometry":{"type":"Point","coordinates":[79.85778,29.69944]},"properties":{"Name_of_Ba":"","District":"ALMORA","River":"","Status":""}},
{"type":"Feature","geometry":{"type":"Point","coordinates":[79.75611,29.63639]},"properties":{"Name_of_Ba":"","District":"ALMORA","River":"","Status":""}},
{"type":"Feature","geometry":{"type":"Point","coordinates":[79.84167,29.70111]},"properties":{"Name_of_Ba":"","District":"ALMORA","River":"","Status":""}},
{"type":"Feature","geometry":{"type":"Point","coordinates":[79.84167,29.70278]},"properties":{"Name_of_Ba":"","District":"ALMORA","River":"","Status":""}},
{"type":"Feature","geometry":{"type":"Point","coordinates":[79.84167,29.70306]},"properties":{"Name_of_Ba":"","District":"ALMORA","River":"","Status":""}},
{"type":"Feature","geometry":{"type":"Point","coordinates":[79.84194,29.70083]},"properties":{"Name_of_Ba":"","District":"ALMORA","River":"","Status":""}},
{"type":"Feature","geometry":{"type":"Point","coordinates":[79.84167,29.7025]},"properties":{"Name_of_Ba":"","District":"ALMORA","River":"","Status":""}},
{"type":"Feature","geometry":{"type":"Point","coordinates":[79.84194,29.70306]},"properties":{"Name_of_Ba":"","District":"ALMORA","River":"","Status":""}},
{"type":"Feature","geometry":{"type":"Point","coordinates":[79.84528,29.70472]},"properties":{"Name_of_Ba":"","District":"ALMORA","River":"","Status":""}},
{"type":"Feature","geometry":{"type":"Point","coordinates":[79.86917,29.65861]},"properties":{"Name_of_Ba":"","District":"ALMORA","River":"","Status":""}},
{"type":"Feature","geometry":{"type":"Point","coordinates":[79.75778,29.64111]},"properties":{"Name_of_Ba":"","District":"ALMORA","River":"","Status":""}},
{"type":"Feature","geometry":{"type":"Point","coordinates":[79.70806,29.62889]},"properties":{"Name_of_Ba":"","District":"ALMORA","River":"","Status":""}},
{"type":"Feature","geometry":{"type":"Point","coordinates":[79.74222,29.63806]},"properties":{"Name_of_Ba":"","District":"ALMORA","River":"","Status":""}},
{"type":"Feature","geometry":{"type":"Point","coordinates":[79.29389,29.59444]},"properties":{"Name_of_Ba":"","District":"ALMORA","River":"","Status":""}},
{"type":"Feature","geometry":{"type":"Point","coordinates":[79.30528,29.63306]},"properties":{"Name_of_Ba":"","District":"ALMORA","River":"","Status":""}},
{"type":"Feature","geometry":{"type":"Point","coordinates":[79.29556,29.64139]},"properties":{"Name_of_Ba":"","District":"ALMORA","River":"","Status":""}},
{"type":"Feature","geometry":{"type":"Point","coordinates":[79.29583,29.64083]},"properties":{"Name_of_Ba":"","District":"ALMORA","River":"","Status":""}},
{"type":"Feature","geometry":{"type":"Point","coordinates":[79.30222,29.59889]},"properties":{"Name_of_Ba":"","District":"ALMORA","River":"","Status":""}},
{"type":"Feature","geometry":{"type":"Point","coordinates":[79.31167,29.61889]},"properties":{"Name_of_Ba":"","District":"ALMORA","River":"","Status":""}},
{"type":"Feature","geometry":{"type":"Point","coordinates":[79.31833,29.61806]},"properties":{"Name_of_Ba":"","District":"ALMORA","River":"","Status":""}},
{"type":"Feature","geometry":{"type":"Point","coordinates":[79.29222,29.65417]},"properties":{"Name_of_Ba":"","District":"ALMORA","River":"","Status":""}},
{"type":"Feature","geometry":{"type":"Point","coordinates":[79.28417,29.64333]},"properties":{"Name_of_Ba":"","District":"ALMORA","River":"","Status":""}},
{"type":"Feature","geometry":{"type":"Point","coordinates":[79.27444,29.66889]},"properties":{"Name_of_Ba":"","District":"ALMORA","River":"","Status":""}},
{"type":"Feature","geometry":{"type":"Point","coordinates":[79.30306,29.60806]},"properties":{"Name_of_Ba":"","District":"ALMORA","River":"","Status":""}},
{"type":"Feature","geometry":{"type":"Point","coordinates":[79.30333,29.60806]},"properties":{"Name_of_Ba":"","District":"ALMORA","River":"","Status":""}},
{"type":"Feature","geometry":{"type":"Point","coordinates":[79.28167,29.6225]},"properties":{"Name_of_Ba":"","District":"ALMORA","River":"","Status":""}},
{"type":"Feature","geometry":{"type":"Point","coordinates":[79.38583,29.88306]},"properties":{"Name_of_Ba":"","District":"ALMORA","River":"","Status":""}},
{"type":"Feature","geometry":{"type":"Point","coordinates":[79.41278,29.91167]},"properties":{"Name_of_Ba":"","District":"ALMORA","River":"","Status":""}},
{"type":"Feature","geometry":{"type":"Point","coordinates":[79.41972,29.88167]},"properties":{"Name_of_Ba":"","District":"ALMORA","River":"","Status":""}},
{"type":"Feature","geometry":{"type":"Point","coordinates":[79.40806,29.82472]},"properties":{"Name_of_Ba":"","District":"ALMORA","River":"","Status":""}},
{"type":"Feature","geometry":{"type":"Point","coordinates":[79.78111,29.57583]},"properties":{"Name_of_Ba":"","District":"ALMORA","River":"","Status":""}},
{"type":"Feature","geometry":{"type":"Point","coordinates":[79.79083,29.58028]},"properties":{"Name_of_Ba":"","District":"ALMORA","River":"","Status":""}},
{"type":"Feature","geometry":{"type":"Point","coordinates":[79.78833,29.58028]},"properties":{"Name_of_Ba":"","District":"ALMORA","River":"","Status":""}},
{"type":"Feature","geometry":{"type":"Point","coordinates":[79.8325,29.58306]},"properties":{"Name_of_Ba":"","District":"ALMORA","River":"","Status":""}},
{"type":"Feature","geometry":{"type":"Point","coordinates":[79.78056,29.61083]},"properties":{"Name_of_Ba":"","District":"ALMORA","River":"","Status":""}},
{"type":"Feature","geometry":{"type":"Point","coordinates":[79.86694,29.6375]},"properties":{"Name_of_Ba":"","District":"ALMORA","River":"","Status":""}},
{"type":"Feature","geometry":{"type":"Point","coordinates":[79.87056,29.64472]},"properties":{"Name_of_Ba":"","District":"ALMORA","River":"","Status":""}},
{"type":"Feature","geometry":{"type":"Point","coordinates":[79.86889,29.64111]},"properties":{"Name_of_Ba":"","District":"ALMORA","River":"","Status":""}},
{"type":"Feature","geometry":{"type":"Point","coordinates":[79.86917,29.64417]},"properties":{"Name_of_Ba":"","District":"ALMORA","River":"","Status":""}},
{"type":"Feature","geometry":{"type":"Point","coordinates":[79.86806,29.64]},"properties":{"Name_of_Ba":"","District":"ALMORA","River":"","Status":""}},
{"type":"Feature","geometry":{"type":"Point","coordinates":[79.87083,29.64417]},"properties":{"Name_of_Ba":"","District":"ALMORA","River":"","Status":""}},
{"type":"Feature","geometry":{"type":"Point","coordinates":[79.85444,29.63611]},"properties":{"Name_of_Ba":"","District":"ALMORA","River":"","Status":""}},
{"type":"Feature","geometry":{"type":"Point","coordinates":[79.86944,29.64389]},"properties":{"Name_of_Ba":"","District":"ALMORA","River":"","Status":""}},
{"type":"Feature","geometry":{"type":"Point","coordinates":[79.87333,29.64222]},"properties":{"Name_of_Ba":"","District":"ALMORA","River":"","Status":""}},
{"type":"Feature","geometry":{"type":"Point","coordinates":[79.86694,29.6375]},"properties":{"Name_of_Ba":"","District":"ALMORA","River":"","Status":""}},
{"type":"Feature","geometry":{"type":"Point","coordinates":[79.88361,29.61278]},"properties":{"Name_of_Ba":"","District":"ALMORA","River":"","Status":""}},
{"type":"Feature","geometry":{"type":"Point","coordinates":[79.89,29.65]},"properties":{"Name_of_Ba":"","District":"ALMORA","River":"","Status":""}},
{"type":"Feature","geometry":{"type":"Point","coordinates":[79.85278,29.6375]},"properties":{"Name_of_Ba":"","District":"ALMORA","River":"","Status":""}},
{"type":"Feature","geometry":{"type":"Point","coordinates":[79.85417,29.6375]},"properties":{"Name_of_Ba":"","District":"ALMORA","River":"","Status":""}},
{"type":"Feature","geometry":{"type":"Point","coordinates":[79.90194,29.61444]},"properties":{"Name_of_Ba":"","District":"ALMORA","River":"","Status":""}},
{"type":"Feature","geometry":{"type":"Point","coordinates":[79.8325,29.58306]},"properties":{"Name_of_Ba":"","District":"ALMORA","River":"","Status":""}},
{"type":"Feature","geometry":{"type":"Point","coordinates":[79.89417,29.60417]},"properties":{"Name_of_Ba":"","District":"ALMORA","River":"","Status":""}},
{"type":"Feature","geometry":{"type":"Point","coordinates":[79.89361,29.64389]},"properties":{"Name_of_Ba":"","District":"ALMORA","River":"","Status":""}},
{"type":"Feature","geometry":{"type":"Point","coordinates":[79.92972,29.50528]},"properties":{"Name_of_Ba":"","District":"ALMORA","River":"","Status":""}},
{"type":"Feature","geometry":{"type":"Point","coordinates":[79.88944,29.57361]},"properties":{"Name_of_Ba":"","District":"ALMORA","River":"","Status":""}},
{"type":"Feature","geometry":{"type":"Point","coordinates":[79.88944,29.57361]},"properties":{"Name_of_Ba":"","District":"ALMORA","River":"","Status":""}},
{"type":"Feature","geometry":{"type":"Point","coordinates":[79.91917,29.63194]},"properties":{"Name_of_Ba":"","District":"ALMORA","River":"","Status":""}},
{"type":"Feature","geometry":{"type":"Point","coordinates":[79.48861,29.72889]},"properties":{"Name_of_Ba":"","District":"ALMORA","River":"","Status":""}},
{"type":"Feature","geometry":{"type":"Point","coordinates":[79.48639,29.72694]},"properties":{"Name_of_Ba":"","District":"ALMORA","River":"","Status":""}},
{"type":"Feature","geometry":{"type":"Point","coordinates":[79.47778,29.80389]},"properties":{"Name_of_Ba":"","District":"ALMORA","River":"","Status":""}},
{"type":"Feature","geometry":{"type":"Point","coordinates":[79.42861,29.78667]},"properties":{"Name_of_Ba":"","District":"ALMORA","River":"","Status":""}},
{"type":"Feature","geometry":{"type":"Point","coordinates":[79.42694,29.78833]},"properties":{"Name_of_Ba":"","District":"ALMORA","River":"","Status":""}},
{"type":"Feature","geometry":{"type":"Point","coordinates":[79.49917,29.77444]},"properties":{"Name_of_Ba":"","District":"ALMORA","River":"","Status":""}},
{"type":"Feature","geometry":{"type":"Point","coordinates":[79.38861,29.76722]},"properties":{"Name_of_Ba":"","District":"ALMORA","River":"","Status":""}},
{"type":"Feature","geometry":{"type":"Point","coordinates":[79.49472,29.77722]},"properties":{"Name_of_Ba":"","District":"ALMORA","River":"","Status":""}},
{"type":"Feature","geometry":{"type":"Point","coordinates":[79.48639,29.79611]},"properties":{"Name_of_Ba":"","District":"ALMORA","River":"","Status":""}},
{"type":"Feature","geometry":{"type":"Point","coordinates":[79.59139,29.61083]},"properties":{"Name_of_Ba":"","District":"ALMORA","River":"","Status":""}},
{"type":"Feature","geometry":{"type":"Point","coordinates":[79.62861,29.67389]},"properties":{"Name_of_Ba":"","District":"ALMORA","River":"","Status":""}},
{"type":"Feature","geometry":{"type":"Point","coordinates":[79.63528,29.73222]},"properties":{"Name_of_Ba":"","District":"ALMORA","River":"","Status":""}},
{"type":"Feature","geometry":{"type":"Point","coordinates":[79.63722,29.73278]},"properties":{"Name_of_Ba":"","District":"ALMORA","River":"","Status":""}},
{"type":"Feature","geometry":{"type":"Point","coordinates":[79.63667,29.73194]},"properties":{"Name_of_Ba":"","District":"ALMORA","River":"","Status":""}},
{"type":"Feature","geometry":{"type":"Point","coordinates":[79.68417,29.62417]},"properties":{"Name_of_Ba":"","District":"ALMORA","River":"","Status":""}},
{"type":"Feature","geometry":{"type":"Point","coordinates":[79.62028,29.62]},"properties":{"Name_of_Ba":"","District":"ALMORA","River":"","Status":""}},
{"type":"Feature","geometry":{"type":"Point","coordinates":[79.6925,29.62917]},"properties":{"Name_of_Ba":"","District":"ALMORA","River":"","Status":""}},
{"type":"Feature","geometry":{"type":"Point","coordinates":[79.60806,29.62861]},"properties":{"Name_of_Ba":"","District":"ALMORA","River":"","Status":""}},
{"type":"Feature","geometry":{"type":"Point","coordinates":[79.54528,29.60528]},"properties":{"Name_of_Ba":"","District":"ALMORA","River":"","Status":""}},
{"type":"Feature","geometry":{"type":"Point","coordinates":[79.70583,29.61917]},"properties":{"Name_of_Ba":"","District":"ALMORA","River":"","Status":""}},
{"type":"Feature","geometry":{"type":"Point","coordinates":[79.63667,29.58806]},"properties":{"Name_of_Ba":"","District":"ALMORA","River":"","Status":""}},
{"type":"Feature","geometry":{"type":"Point","coordinates":[79.63472,29.69611]},"properties":{"Name_of_Ba":"","District":"ALMORA","River":"","Status":""}},
{"type":"Feature","geometry":{"type":"Point","coordinates":[79.63889,29.64556]},"properties":{"Name_of_Ba":"","District":"ALMORA","River":"","Status":""}},
{"type":"Feature","geometry":{"type":"Point","coordinates":[79.63944,29.64556]},"properties":{"Name_of_Ba":"","District":"ALMORA","River":"","Status":""}},
{"type":"Feature","geometry":{"type":"Point","coordinates":[79.63833,29.64611]},"properties":{"Name_of_Ba":"","District":"ALMORA","River":"","Status":""}},
{"type":"Feature","geometry":{"type":"Point","coordinates":[79.63889,29.66111]},"properties":{"Name_of_Ba":"","District":"ALMORA","River":"","Status":""}},
{"type":"Feature","geometry":{"type":"Point","coordinates":[79.63194,29.67194]},"properties":{"Name_of_Ba":"","District":"ALMORA","River":"","Status":""}},
{"type":"Feature","geometry":{"type":"Point","coordinates":[79.63917,29.66139]},"properties":{"Name_of_Ba":"","District":"ALMORA","River":"","Status":""}},
{"type":"Feature","geometry":{"type":"Point","coordinates":[79.59472,29.63083]},"properties":{"Name_of_Ba":"","District":"ALMORA","River":"","Status":""}},
{"type":"Feature","geometry":{"type":"Point","coordinates":[79.63194,29.66306]},"properties":{"Name_of_Ba":"","District":"ALMORA","River":"","Status":""}},
{"type":"Feature","geometry":{"type":"Point","coordinates":[79.60278,29.65444]},"properties":{"Name_of_Ba":"","District":"ALMORA","River":"","Status":""}},
{"type":"Feature","geometry":{"type":"Point","coordinates":[79.60222,29.65444]},"properties":{"Name_of_Ba":"","District":"ALMORA","River":"","Status":""}},
{"type":"Feature","geometry":{"type":"Point","coordinates":[79.63333,29.71889]},"properties":{"Name_of_Ba":"","District":"ALMORA","River":"","Status":""}},
{"type":"Feature","geometry":{"type":"Point","coordinates":[79.56806,29.55861]},"properties":{"Name_of_Ba":"","District":"ALMORA","River":"","Status":""}},
{"type":"Feature","geometry":{"type":"Point","coordinates":[79.66306,29.59528]},"properties":{"Name_of_Ba":"","District":"ALMORA","River":"","Status":""}},
{"type":"Feature","geometry":{"type":"Point","coordinates":[79.66306,29.59556]},"properties":{"Name_of_Ba":"","District":"ALMORA","River":"","Status":""}},
{"type":"Feature","geometry":{"type":"Point","coordinates":[79.59167,29.6875]},"properties":{"Name_of_Ba":"","District":"ALMORA","River":"","Status":""}},
{"type":"Feature","geometry":{"type":"Point","coordinates":[79.73417,29.50778]},"properties":{"Name_of_Ba":"","District":"ALMORA","River":"","Status":""}},
{"type":"Feature","geometry":{"type":"Point","coordinates":[79.7475,29.58861]},"properties":{"Name_of_Ba":"","District":"ALMORA","River":"","Status":""}},
{"type":"Feature","geometry":{"type":"Point","coordinates":[79.74861,29.58778]},"properties":{"Name_of_Ba":"","District":"ALMORA","River":"","Status":""}},
{"type":"Feature","geometry":{"type":"Point","coordinates":[79.70306,29.57167]},"properties":{"Name_of_Ba":"","District":"ALMORA","River":"","Status":""}},
{"type":"Feature","geometry":{"type":"Point","coordinates":[79.70056,29.575]},"properties":{"Name_of_Ba":"","District":"ALMORA","River":"","Status":""}},
{"type":"Feature","geometry":{"type":"Point","coordinates":[79.73944,29.51]},"properties":{"Name_of_Ba":"","District":"ALMORA","River":"","Status":""}},
{"type":"Feature","geometry":{"type":"Point","coordinates":[79.74167,29.51083]},"properties":{"Name_of_Ba":"","District":"ALMORA","River":"","Status":""}},
{"type":"Feature","geometry":{"type":"Point","coordinates":[79.70972,29.57833]},"properties":{"Name_of_Ba":"","District":"ALMORA","River":"","Status":""}},
{"type":"Feature","geometry":{"type":"Point","coordinates":[79.71194,29.58028]},"properties":{"Name_of_Ba":"","District":"ALMORA","River":"","Status":""}},
{"type":"Feature","geometry":{"type":"Point","coordinates":[79.71194,29.58028]},"properties":{"Name_of_Ba":"","District":"ALMORA","River":"","Status":""}},
{"type":"Feature","geometry":{"type":"Point","coordinates":[79.81028,29.54667]},"properties":{"Name_of_Ba":"","District":"ALMORA","River":"","Status":""}},
{"type":"Feature","geometry":{"type":"Point","coordinates":[79.84389,29.54139]},"properties":{"Name_of_Ba":"","District":"ALMORA","River":"","Status":""}},
{"type":"Feature","geometry":{"type":"Point","coordinates":[79.85056,29.47139]},"properties":{"Name_of_Ba":"","District":"ALMORA","River":"","Status":""}},
{"type":"Feature","geometry":{"type":"Point","coordinates":[79.67083,29.58167]},"properties":{"Name_of_Ba":"","District":"ALMORA","River":"","Status":""}},
{"type":"Feature","geometry":{"type":"Point","coordinates":[79.67028,29.58167]},"properties":{"Name_of_Ba":"","District":"ALMORA","River":"","Status":""}},
{"type":"Feature","geometry":{"type":"Point","coordinates":[79.77417,29.52528]},"properties":{"Name_of_Ba":"","District":"ALMORA","River":"","Status":""}},
{"type":"Feature","geometry":{"type":"Point","coordinates":[79.7525,29.44944]},"properties":{"Name_of_Ba":"","District":"ALMORA","River":"","Status":""}},
{"type":"Feature","geometry":{"type":"Point","coordinates":[79.75333,29.44917]},"properties":{"Name_of_Ba":"","District":"ALMORA","River":"","Status":""}},
{"type":"Feature","geometry":{"type":"Point","coordinates":[79.75333,29.44611]},"properties":{"Name_of_Ba":"","District":"ALMORA","River":"","Status":""}},
{"type":"Feature","geometry":{"type":"Point","coordinates":[79.75556,29.54056]},"properties":{"Name_of_Ba":"","District":"ALMORA","River":"","Status":""}},
{"type":"Feature","geometry":{"type":"Point","coordinates":[79.86306,29.50361]},"properties":{"Name_of_Ba":"","District":"ALMORA","River":"","Status":""}},
{"type":"Feature","geometry":{"type":"Point","coordinates":[79.83778,29.48833]},"properties":{"Name_of_Ba":"","District":"ALMORA","River":"","Status":""}},
{"type":"Feature","geometry":{"type":"Point","coordinates":[79.83139,29.48472]},"properties":{"Name_of_Ba":"","District":"ALMORA","River":"","Status":""}},
{"type":"Feature","geometry":{"type":"Point","coordinates":[79.83167,29.48694]},"properties":{"Name_of_Ba":"","District":"ALMORA","River":"","Status":""}},
{"type":"Feature","geometry":{"type":"Point","coordinates":[79.83417,29.48972]},"properties":{"Name_of_Ba":"","District":"ALMORA","River":"","Status":""}},
{"type":"Feature","geometry":{"type":"Point","coordinates":[79.81222,29.48472]},"properties":{"Name_of_Ba":"","District":"ALMORA","River":"","Status":""}},
{"type":"Feature","geometry":{"type":"Point","coordinates":[79.78028,29.56222]},"properties":{"Name_of_Ba":"","District":"ALMORA","River":"","Status":""}},
{"type":"Feature","geometry":{"type":"Point","coordinates":[79.70194,29.57194]},"properties":{"Name_of_Ba":"","District":"ALMORA","River":"","Status":""}},
{"type":"Feature","geometry":{"type":"Point","coordinates":[79.70111,29.57333]},"properties":{"Name_of_Ba":"","District":"ALMORA","River":"","Status":""}},
{"type":"Feature","geometry":{"type":"Point","coordinates":[79.80917,29.53889]},"properties":{"Name_of_Ba":"","District":"ALMORA","River":"","Status":""}},
{"type":"Feature","geometry":{"type":"Point","coordinates":[79.70417,29.46806]},"properties":{"Name_of_Ba":"","District":"ALMORA","River":"","Status":""}},
{"type":"Feature","geometry":{"type":"Point","coordinates":[79.73472,29.47333]},"properties":{"Name_of_Ba":"","District":"ALMORA","River":"","Status":""}},
{"type":"Feature","geometry":{"type":"Point","coordinates":[79.85444,29.49972]},"properties":{"Name_of_Ba":"","District":"ALMORA","River":"","Status":""}},
{"type":"Feature","geometry":{"type":"Point","coordinates":[79.8475,29.54306]},"properties":{"Name_of_Ba":"","District":"ALMORA","River":"","Status":""}},
{"type":"Feature","geometry":{"type":"Point","coordinates":[79.73472,29.51306]},"properties":{"Name_of_Ba":"","District":"ALMORA","River":"","Status":""}},
{"type":"Feature","geometry":{"type":"Point","coordinates":[79.84806,29.43778]},"properties":{"Name_of_Ba":"","District":"ALMORA","River":"","Status":""}},
{"type":"Feature","geometry":{"type":"Point","coordinates":[79.88417,29.48306]},"properties":{"Name_of_Ba":"","District":"ALMORA","River":"","Status":""}},
{"type":"Feature","geometry":{"type":"Point","coordinates":[79.88444,29.48222]},"properties":{"Name_of_Ba":"","District":"ALMORA","River":"","Status":""}},
{"type":"Feature","geometry":{"type":"Point","coordinates":[79.82389,29.5325]},"properties":{"Name_of_Ba":"","District":"ALMORA","River":"","Status":""}},
{"type":"Feature","geometry":{"type":"Point","coordinates":[79.735,29.60083]},"properties":{"Name_of_Ba":"","District":"ALMORA","River":"","Status":""}},
{"type":"Feature","geometry":{"type":"Point","coordinates":[79.17,29.68583]},"properties":{"Name_of_Ba":"","District":"ALMORA","River":"","Status":""}},
{"type":"Feature","geometry":{"type":"Point","coordinates":[79.16611,29.68944]},"properties":{"Name_of_Ba":"","District":"ALMORA","River":"","Status":""}},
{"type":"Feature","geometry":{"type":"Point","coordinates":[79.13472,29.66667]},"properties":{"Name_of_Ba":"","District":"ALMORA","River":"","Status":""}},
{"type":"Feature","geometry":{"type":"Point","coordinates":[79.10778,29.60639]},"properties":{"Name_of_Ba":"","District":"ALMORA","River":"","Status":""}},
{"type":"Feature","geometry":{"type":"Point","coordinates":[79.19,29.83611]},"properties":{"Name_of_Ba":"","District":"ALMORA","River":"","Status":""}},
{"type":"Feature","geometry":{"type":"Point","coordinates":[79.20667,29.84861]},"properties":{"Name_of_Ba":"","District":"ALMORA","River":"","Status":""}},
{"type":"Feature","geometry":{"type":"Point","coordinates":[79.69694,29.73194]},"properties":{"Name_of_Ba":"","District":"ALMORA","River":"","Status":""}},
{"type":"Feature","geometry":{"type":"Point","coordinates":[79.68194,29.79861]},"properties":{"Name_of_Ba":"","District":"ALMORA","River":"","Status":""}},
{"type":"Feature","geometry":{"type":"Point","coordinates":[79.53917,29.79611]},"properties":{"Name_of_Ba":"","District":"ALMORA","River":"","Status":""}},
{"type":"Feature","geometry":{"type":"Point","coordinates":[79.56806,29.78528]},"properties":{"Name_of_Ba":"","District":"ALMORA","River":"","Status":""}},
{"type":"Feature","geometry":{"type":"Point","coordinates":[79.69917,29.71694]},"properties":{"Name_of_Ba":"","District":"ALMORA","River":"","Status":""}},
{"type":"Feature","geometry":{"type":"Point","coordinates":[79.70528,29.70389]},"properties":{"Name_of_Ba":"","District":"ALMORA","River":"","Status":""}},
{"type":"Feature","geometry":{"type":"Point","coordinates":[79.70806,29.70611]},"properties":{"Name_of_Ba":"","District":"ALMORA","River":"","Status":""}},
{"type":"Feature","geometry":{"type":"Point","coordinates":[79.70944,29.7075]},"properties":{"Name_of_Ba":"","District":"ALMORA","River":"","Status":""}},
{"type":"Feature","geometry":{"type":"Point","coordinates":[79.69083,29.73361]},"properties":{"Name_of_Ba":"","District":"ALMORA","River":"","Status":""}},
{"type":"Feature","geometry":{"type":"Point","coordinates":[79.61833,29.73417]},"properties":{"Name_of_Ba":"","District":"ALMORA","River":"","Status":""}},
{"type":"Feature","geometry":{"type":"Point","coordinates":[79.61833,29.72639]},"properties":{"Name_of_Ba":"","District":"ALMORA","River":"","Status":""}},
{"type":"Feature","geometry":{"type":"Point","coordinates":[79.52806,29.785]},"properties":{"Name_of_Ba":"","District":"ALMORA","River":"","Status":""}},
{"type":"Feature","geometry":{"type":"Point","coordinates":[79.52944,29.78583]},"properties":{"Name_of_Ba":"","District":"ALMORA","River":"","Status":""}},
{"type":"Feature","geometry":{"type":"Point","coordinates":[79.5575,29.78417]},"properties":{"Name_of_Ba":"","District":"ALMORA","River":"","Status":""}},
{"type":"Feature","geometry":{"type":"Point","coordinates":[79.63028,29.77861]},"properties":{"Name_of_Ba":"","District":"ALMORA","River":"","Status":""}},
{"type":"Feature","geometry":{"type":"Point","coordinates":[79.61417,29.77]},"properties":{"Name_of_Ba":"","District":"ALMORA","River":"","Status":""}},
{"type":"Feature","geometry":{"type":"Point","coordinates":[79.61389,29.77]},"properties":{"Name_of_Ba":"","District":"ALMORA","River":"","Status":""}},
{"type":"Feature","geometry":{"type":"Point","coordinates":[79.61417,29.77]},"properties":{"Name_of_Ba":"","District":"ALMORA","River":"","Status":""}},
{"type":"Feature","geometry":{"type":"Point","coordinates":[79.61944,29.76972]},"properties":{"Name_of_Ba":"","District":"ALMORA","River":"","Status":""}},
{"type":"Feature","geometry":{"type":"Point","coordinates":[79.43,29.65556]},"properties":{"Name_of_Ba":"","District":"ALMORA","River":"","Status":""}},
{"type":"Feature","geometry":{"type":"Point","coordinates":[79.49,29.72306]},"properties":{"Name_of_Ba":"","District":"ALMORA","River":"","Status":""}},
{"type":"Feature","geometry":{"type":"Point","coordinates":[79.47833,29.62056]},"properties":{"Name_of_Ba":"","District":"ALMORA","River":"","Status":""}},
{"type":"Feature","geometry":{"type":"Point","coordinates":[79.33667,29.63278]},"properties":{"Name_of_Ba":"","District":"ALMORA","River":"","Status":""}},
{"type":"Feature","geometry":{"type":"Point","coordinates":[79.32944,29.64278]},"properties":{"Name_of_Ba":"","District":"ALMORA","River":"","Status":""}},
{"type":"Feature","geometry":{"type":"Point","coordinates":[79.42722,29.64028]},"properties":{"Name_of_Ba":"","District":"ALMORA","River":"","Status":""}},
{"type":"Feature","geometry":{"type":"Point","coordinates":[79.33028,29.64333]},"properties":{"Name_of_Ba":"","District":"ALMORA","River":"","Status":""}},
{"type":"Feature","geometry":{"type":"Point","coordinates":[79.34833,29.62444]},"properties":{"Name_of_Ba":"","District":"ALMORA","River":"","Status":""}},
{"type":"Feature","geometry":{"type":"Point","coordinates":[79.42028,29.67167]},"properties":{"Name_of_Ba":"","District":"ALMORA","River":"","Status":""}},
{"type":"Feature","geometry":{"type":"Point","coordinates":[79.8025,29.90361]},"properties":{"Name_of_Ba":"","District":"BAGESHWAR","River":"","Status":""}},
{"type":"Feature","geometry":{"type":"Point","coordinates":[79.87333,29.86917]},"properties":{"Name_of_Ba":"","District":"BAGESHWAR","River":"","Status":""}},
{"type":"Feature","geometry":{"type":"Point","coordinates":[79.79278,29.87278]},"properties":{"Name_of_Ba":"","District":"BAGESHWAR","River":"","Status":""}},
{"type":"Feature","geometry":{"type":"Point","coordinates":[79.96222,29.78361]},"properties":{"Name_of_Ba":"","District":"BAGESHWAR","River":"","Status":""}},
{"type":"Feature","geometry":{"type":"Point","coordinates":[79.81917,29.74972]},"properties":{"Name_of_Ba":"","District":"BAGESHWAR","River":"","Status":""}},
{"type":"Feature","geometry":{"type":"Point","coordinates":[79.81944,29.75]},"properties":{"Name_of_Ba":"","District":"BAGESHWAR","River":"","Status":""}},
{"type":"Feature","geometry":{"type":"Point","coordinates":[79.79861,29.89639]},"properties":{"Name_of_Ba":"","District":"BAGESHWAR","River":"","Status":""}},
{"type":"Feature","geometry":{"type":"Point","coordinates":[79.89389,29.80667]},"properties":{"Name_of_Ba":"","District":"BAGESHWAR","River":"","Status":""}},
{"type":"Feature","geometry":{"type":"Point","coordinates":[79.92639,29.87222]},"properties":{"Name_of_Ba":"","District":"BAGESHWAR","River":"","Status":""}},
{"type":"Feature","geometry":{"type":"Point","coordinates":[79.90667,29.87306]},"properties":{"Name_of_Ba":"","District":"BAGESHWAR","River":"","Status":""}},
{"type":"Feature","geometry":{"type":"Point","coordinates":[79.72167,29.87028]},"properties":{"Name_of_Ba":"","District":"BAGESHWAR","River":"","Status":""}},
{"type":"Feature","geometry":{"type":"Point","coordinates":[79.72167,29.87028]},"properties":{"Name_of_Ba":"","District":"BAGESHWAR","River":"","Status":""}},
{"type":"Feature","geometry":{"type":"Point","coordinates":[79.73083,29.87056]},"properties":{"Name_of_Ba":"","District":"BAGESHWAR","River":"","Status":""}},
{"type":"Feature","geometry":{"type":"Point","coordinates":[79.73,29.87028]},"properties":{"Name_of_Ba":"","District":"BAGESHWAR","River":"","Status":""}},
{"type":"Feature","geometry":{"type":"Point","coordinates":[79.82778,29.81028]},"properties":{"Name_of_Ba":"","District":"BAGESHWAR","River":"","Status":""}},
{"type":"Feature","geometry":{"type":"Point","coordinates":[79.67972,29.88444]},"properties":{"Name_of_Ba":"","District":"BAGESHWAR","River":"","Status":""}},
{"type":"Feature","geometry":{"type":"Point","coordinates":[79.8375,29.86889]},"properties":{"Name_of_Ba":"","District":"BAGESHWAR","River":"","Status":""}},
{"type":"Feature","geometry":{"type":"Point","coordinates":[79.81389,29.81194]},"properties":{"Name_of_Ba":"","District":"BAGESHWAR","River":"","Status":""}},
{"type":"Feature","geometry":{"type":"Point","coordinates":[79.78944,29.88]},"properties":{"Name_of_Ba":"","District":"BAGESHWAR","River":"","Status":""}},
{"type":"Feature","geometry":{"type":"Point","coordinates":[79.89056,29.81111]},"properties":{"Name_of_Ba":"","District":"BAGESHWAR","River":"","Status":""}},
{"type":"Feature","geometry":{"type":"Point","coordinates":[79.88528,29.79889]},"properties":{"Name_of_Ba":"","District":"BAGESHWAR","River":"","Status":""}},
{"type":"Feature","geometry":{"type":"Point","coordinates":[79.88528,29.79861]},"properties":{"Name_of_Ba":"","District":"BAGESHWAR","River":"","Status":""}},
{"type":"Feature","geometry":{"type":"Point","coordinates":[79.885,29.79917]},"properties":{"Name_of_Ba":"","District":"BAGESHWAR","River":"","Status":""}},
{"type":"Feature","geometry":{"type":"Point","coordinates":[79.885,29.81778]},"properties":{"Name_of_Ba":"","District":"BAGESHWAR","River":"","Status":""}},
{"type":"Feature","geometry":{"type":"Point","coordinates":[79.89778,29.87694]},"properties":{"Name_of_Ba":"","District":"BAGESHWAR","River":"","Status":""}},
{"type":"Feature","geometry":{"type":"Point","coordinates":[79.85833,29.73917]},"properties":{"Name_of_Ba":"","District":"BAGESHWAR","River":"","Status":""}},
{"type":"Feature","geometry":{"type":"Point","coordinates":[79.90361,29.87333]},"properties":{"Name_of_Ba":"","District":"BAGESHWAR","River":"","Status":""}},
{"type":"Feature","geometry":{"type":"Point","coordinates":[79.61528,29.90694]},"properties":{"Name_of_Ba":"","District":"BAGESHWAR","River":"","Status":""}},
{"type":"Feature","geometry":{"type":"Point","coordinates":[79.64056,29.89972]},"properties":{"Name_of_Ba":"","District":"BAGESHWAR","River":"","Status":""}},
{"type":"Feature","geometry":{"type":"Point","coordinates":[79.64056,29.89972]},"properties":{"Name_of_Ba":"","District":"BAGESHWAR","River":"","Status":""}},
{"type":"Feature","geometry":{"type":"Point","coordinates":[79.56611,29.8825]},"properties":{"Name_of_Ba":"","District":"BAGESHWAR","River":"","Status":""}},
{"type":"Feature","geometry":{"type":"Point","coordinates":[79.60806,29.88139]},"properties":{"Name_of_Ba":"","District":"BAGESHWAR","River":"","Status":""}},
{"type":"Feature","geometry":{"type":"Point","coordinates":[79.60806,29.88167]},"properties":{"Name_of_Ba":"","District":"BAGESHWAR","River":"","Status":""}},
{"type":"Feature","geometry":{"type":"Point","coordinates":[79.565,29.97222]},"properties":{"Name_of_Ba":"","District":"BAGESHWAR","River":"","Status":""}},
{"type":"Feature","geometry":{"type":"Point","coordinates":[79.56639,29.97389]},"properties":{"Name_of_Ba":"","District":"BAGESHWAR","River":"","Status":""}},
{"type":"Feature","geometry":{"type":"Point","coordinates":[79.56667,29.97333]},"properties":{"Name_of_Ba":"","District":"BAGESHWAR","River":"","Status":""}},
{"type":"Feature","geometry":{"type":"Point","coordinates":[79.56472,29.97222]},"properties":{"Name_of_Ba":"","District":"BAGESHWAR","River":"","Status":""}},
{"type":"Feature","geometry":{"type":"Point","coordinates":[79.565,29.97222]},"properties":{"Name_of_Ba":"","District":"BAGESHWAR","River":"","Status":""}},
{"type":"Feature","geometry":{"type":"Point","coordinates":[79.56389,29.97444]},"properties":{"Name_of_Ba":"","District":"BAGESHWAR","River":"","Status":""}},
{"type":"Feature","geometry":{"type":"Point","coordinates":[79.565,29.9725]},"properties":{"Name_of_Ba":"","District":"BAGESHWAR","River":"","Status":""}},
{"type":"Feature","geometry":{"type":"Point","coordinates":[79.565,29.97278]},"properties":{"Name_of_Ba":"","District":"BAGESHWAR","River":"","Status":""}},
{"type":"Feature","geometry":{"type":"Point","coordinates":[79.65583,29.89306]},"properties":{"Name_of_Ba":"","District":"BAGESHWAR","River":"","Status":""}},
{"type":"Feature","geometry":{"type":"Point","coordinates":[79.65389,29.89444]},"properties":{"Name_of_Ba":"","District":"BAGESHWAR","River":"","Status":""}},
{"type":"Feature","geometry":{"type":"Point","coordinates":[79.59139,29.85778]},"properties":{"Name_of_Ba":"","District":"BAGESHWAR","River":"","Status":""}},
{"type":"Feature","geometry":{"type":"Point","coordinates":[79.59556,29.85778]},"properties":{"Name_of_Ba":"","District":"BAGESHWAR","River":"","Status":""}},
{"type":"Feature","geometry":{"type":"Point","coordinates":[79.585,29.86556]},"properties":{"Name_of_Ba":"","District":"BAGESHWAR","River":"","Status":""}},
{"type":"Feature","geometry":{"type":"Point","coordinates":[79.585,29.86556]},"properties":{"Name_of_Ba":"","District":"BAGESHWAR","River":"","Status":""}},
{"type":"Feature","geometry":{"type":"Point","coordinates":[79.59056,29.85611]},"properties":{"Name_of_Ba":"","District":"BAGESHWAR","River":"","Status":""}},
{"type":"Feature","geometry":{"type":"Point","coordinates":[79.58889,29.85583]},"properties":{"Name_of_Ba":"","District":"BAGESHWAR","River":"","Status":""}},
{"type":"Feature","geometry":{"type":"Point","coordinates":[79.59444,29.85861]},"properties":{"Name_of_Ba":"","District":"BAGESHWAR","River":"","Status":""}},
{"type":"Feature","geometry":{"type":"Point","coordinates":[79.65278,29.87167]},"properties":{"Name_of_Ba":"","District":"BAGESHWAR","River":"","Status":""}},
{"type":"Feature","geometry":{"type":"Point","coordinates":[79.65417,29.87333]},"properties":{"Name_of_Ba":"","District":"BAGESHWAR","River":"","Status":""}},
{"type":"Feature","geometry":{"type":"Point","coordinates":[79.65389,29.87194]},"properties":{"Name_of_Ba":"","District":"BAGESHWAR","River":"","Status":""}},
{"type":"Feature","geometry":{"type":"Point","coordinates":[79.65472,29.87111]},"properties":{"Name_of_Ba":"","District":"BAGESHWAR","River":"","Status":""}},
{"type":"Feature","geometry":{"type":"Point","coordinates":[79.65444,29.87333]},"properties":{"Name_of_Ba":"","District":"BAGESHWAR","River":"","Status":""}},
{"type":"Feature","geometry":{"type":"Point","coordinates":[79.57167,29.955]},"properties":{"Name_of_Ba":"","District":"BAGESHWAR","River":"","Status":""}},
{"type":"Feature","geometry":{"type":"Point","coordinates":[79.56972,29.95889]},"properties":{"Name_of_Ba":"","District":"BAGESHWAR","River":"","Status":""}},
{"type":"Feature","geometry":{"type":"Point","coordinates":[79.61083,29.87056]},"properties":{"Name_of_Ba":"","District":"BAGESHWAR","River":"","Status":""}},
{"type":"Feature","geometry":{"type":"Point","coordinates":[79.60972,29.87222]},"properties":{"Name_of_Ba":"","District":"BAGESHWAR","River":"","Status":""}},
{"type":"Feature","geometry":{"type":"Point","coordinates":[79.61083,29.87194]},"properties":{"Name_of_Ba":"","District":"BAGESHWAR","River":"","Status":""}},
{"type":"Feature","geometry":{"type":"Point","coordinates":[79.65389,29.89583]},"properties":{"Name_of_Ba":"","District":"BAGESHWAR","River":"","Status":""}},
{"type":"Feature","geometry":{"type":"Point","coordinates":[79.65389,29.89583]},"properties":{"Name_of_Ba":"","District":"BAGESHWAR","River":"","Status":""}},
{"type":"Feature","geometry":{"type":"Point","coordinates":[79.58944,29.85778]},"properties":{"Name_of_Ba":"","District":"BAGESHWAR","River":"","Status":""}},
{"type":"Feature","geometry":{"type":"Point","coordinates":[79.58806,29.85833]},"properties":{"Name_of_Ba":"","District":"BAGESHWAR","River":"","Status":""}},
{"type":"Feature","geometry":{"type":"Point","coordinates":[79.56139,29.8975]},"properties":{"Name_of_Ba":"","District":"BAGESHWAR","River":"","Status":""}},
{"type":"Feature","geometry":{"type":"Point","coordinates":[79.635,29.90833]},"properties":{"Name_of_Ba":"","District":"BAGESHWAR","River":"","Status":""}},
{"type":"Feature","geometry":{"type":"Point","coordinates":[79.63444,29.91333]},"properties":{"Name_of_Ba":"","District":"BAGESHWAR","River":"","Status":""}},
{"type":"Feature","geometry":{"type":"Point","coordinates":[79.635,29.90833]},"properties":{"Name_of_Ba":"","District":"BAGESHWAR","River":"","Status":""}},
{"type":"Feature","geometry":{"type":"Point","coordinates":[79.635,29.90833]},"properties":{"Name_of_Ba":"","District":"BAGESHWAR","River":"","Status":""}},
{"type":"Feature","geometry":{"type":"Point","coordinates":[79.635,29.90861]},"properties":{"Name_of_Ba":"","District":"BAGESHWAR","River":"","Status":""}},
{"type":"Feature","geometry":{"type":"Point","coordinates":[79.87944,29.91889]},"properties":{"Name_of_Ba":"","District":"BAGESHWAR","River":"","Status":""}},
{"type":"Feature","geometry":{"type":"Point","coordinates":[79.88028,29.89222]},"properties":{"Name_of_Ba":"","District":"BAGESHWAR","River":"","Status":""}},
{"type":"Feature","geometry":{"type":"Point","coordinates":[79.76194,29.94028]},"properties":{"Name_of_Ba":"","District":"BAGESHWAR","River":"","Status":""}},
{"type":"Feature","geometry":{"type":"Point","coordinates":[79.75472,29.95]},"properties":{"Name_of_Ba":"","District":"BAGESHWAR","River":"","Status":""}},
{"type":"Feature","geometry":{"type":"Point","coordinates":[79.75583,29.94583]},"properties":{"Name_of_Ba":"","District":"BAGESHWAR","River":"","Status":""}},
{"type":"Feature","geometry":{"type":"Point","coordinates":[79.7525,29.96472]},"properties":{"Name_of_Ba":"","District":"BAGESHWAR","River":"","Status":""}},
{"type":"Feature","geometry":{"type":"Point","coordinates":[80.03333,29.94417]},"properties":{"Name_of_Ba":"","District":"BAGESHWAR","River":"","Status":""}},
{"type":"Feature","geometry":{"type":"Point","coordinates":[79.94806,29.86139]},"properties":{"Name_of_Ba":"","District":"BAGESHWAR","River":"","Status":""}},
{"type":"Feature","geometry":{"type":"Point","coordinates":[79.80444,29.9275]},"properties":{"Name_of_Ba":"","District":"BAGESHWAR","River":"","Status":""}},
{"type":"Feature","geometry":{"type":"Point","coordinates":[79.8075,29.93083]},"properties":{"Name_of_Ba":"","District":"BAGESHWAR","River":"","Status":""}},
{"type":"Feature","geometry":{"type":"Point","coordinates":[79.80833,29.92833]},"properties":{"Name_of_Ba":"","District":"BAGESHWAR","River":"","Status":""}},
{"type":"Feature","geometry":{"type":"Point","coordinates":[79.80056,29.91861]},"properties":{"Name_of_Ba":"","District":"BAGESHWAR","River":"","Status":""}},
{"type":"Feature","geometry":{"type":"Point","coordinates":[79.80694,29.93139]},"properties":{"Name_of_Ba":"","District":"BAGESHWAR","River":"","Status":""}},
{"type":"Feature","geometry":{"type":"Point","coordinates":[80.09861,29.92111]},"properties":{"Name_of_Ba":"","District":"BAGESHWAR","River":"","Status":""}},
{"type":"Feature","geometry":{"type":"Point","coordinates":[79.91222,29.98556]},"properties":{"Name_of_Ba":"","District":"BAGESHWAR","River":"","Status":""}},
{"type":"Feature","geometry":{"type":"Point","coordinates":[79.85306,29.87222]},"properties":{"Name_of_Ba":"","District":"BAGESHWAR","River":"","Status":""}},
{"type":"Feature","geometry":{"type":"Point","coordinates":[80.03778,29.91083]},"properties":{"Name_of_Ba":"","District":"BAGESHWAR","River":"","Status":""}},
{"type":"Feature","geometry":{"type":"Point","coordinates":[79.83333,29.91528]},"properties":{"Name_of_Ba":"","District":"BAGESHWAR","River":"","Status":""}},
{"type":"Feature","geometry":{"type":"Point","coordinates":[79.83639,29.91389]},"properties":{"Name_of_Ba":"","District":"BAGESHWAR","River":"","Status":""}},
{"type":"Feature","geometry":{"type":"Point","coordinates":[79.83528,29.91389]},"properties":{"Name_of_Ba":"","District":"BAGESHWAR","River":"","Status":""}},
{"type":"Feature","geometry":{"type":"Point","coordinates":[79.78306,29.97278]},"properties":{"Name_of_Ba":"","District":"BAGESHWAR","River":"","Status":""}},
{"type":"Feature","geometry":{"type":"Point","coordinates":[79.81083,29.98472]},"properties":{"Name_of_Ba":"","District":"BAGESHWAR","River":"","Status":""}},
{"type":"Feature","geometry":{"type":"Point","coordinates":[79.81028,29.98611]},"properties":{"Name_of_Ba":"","District":"BAGESHWAR","River":"","Status":""}},
{"type":"Feature","geometry":{"type":"Point","coordinates":[79.96389,29.88056]},"properties":{"Name_of_Ba":"","District":"BAGESHWAR","River":"","Status":""}},
{"type":"Feature","geometry":{"type":"Point","coordinates":[79.76417,29.93889]},"properties":{"Name_of_Ba":"","District":"BAGESHWAR","River":"","Status":""}},
{"type":"Feature","geometry":{"type":"Point","coordinates":[79.77583,29.92611]},"properties":{"Name_of_Ba":"","District":"BAGESHWAR","River":"","Status":""}},
{"type":"Feature","geometry":{"type":"Point","coordinates":[80.13333,29.90917]},"properties":{"Name_of_Ba":"","District":"BAGESHWAR","River":"","Status":""}},
{"type":"Feature","geometry":{"type":"Point","coordinates":[80.13306,29.90917]},"properties":{"Name_of_Ba":"","District":"BAGESHWAR","River":"","Status":""}},
{"type":"Feature","geometry":{"type":"Point","coordinates":[79.99889,29.87278]},"properties":{"Name_of_Ba":"","District":"BAGESHWAR","River":"","Status":""}},
{"type":"Feature","geometry":{"type":"Point","coordinates":[79.99889,29.87278]},"properties":{"Name_of_Ba":"","District":"BAGESHWAR","River":"","Status":""}},
{"type":"Feature","geometry":{"type":"Point","coordinates":[80.00056,29.87361]},"properties":{"Name_of_Ba":"","District":"BAGESHWAR","River":"","Status":""}},
{"type":"Feature","geometry":{"type":"Point","coordinates":[80.00083,29.87]},"properties":{"Name_of_Ba":"","District":"BAGESHWAR","River":"","Status":""}},
{"type":"Feature","geometry":{"type":"Point","coordinates":[80.00056,29.87389]},"properties":{"Name_of_Ba":"","District":"BAGESHWAR","River":"","Status":""}},
{"type":"Feature","geometry":{"type":"Point","coordinates":[79.99833,29.87278]},"properties":{"Name_of_Ba":"","District":"BAGESHWAR","River":"","Status":""}},
{"type":"Feature","geometry":{"type":"Point","coordinates":[79.97944,29.86972]},"properties":{"Name_of_Ba":"","District":"BAGESHWAR","River":"","Status":""}},
{"type":"Feature","geometry":{"type":"Point","coordinates":[79.9975,29.87556]},"properties":{"Name_of_Ba":"","District":"BAGESHWAR","River":"","Status":""}},
{"type":"Feature","geometry":{"type":"Point","coordinates":[79.87139,29.90028]},"properties":{"Name_of_Ba":"","District":"BAGESHWAR","River":"","Status":""}},
{"type":"Feature","geometry":{"type":"Point","coordinates":[79.87583,29.90806]},"properties":{"Name_of_Ba":"","District":"BAGESHWAR","River":"","Status":""}},
{"type":"Feature","geometry":{"type":"Point","coordinates":[79.86667,29.97444]},"properties":{"Name_of_Ba":"","District":"BAGESHWAR","River":"","Status":""}},
{"type":"Feature","geometry":{"type":"Point","coordinates":[79.87111,29.91528]},"properties":{"Name_of_Ba":"","District":"BAGESHWAR","River":"","Status":""}},
{"type":"Feature","geometry":{"type":"Point","coordinates":[79.88528,30.08222]},"properties":{"Name_of_Ba":"","District":"BAGESHWAR","River":"","Status":""}},
{"type":"Feature","geometry":{"type":"Point","coordinates":[80.11333,29.91833]},"properties":{"Name_of_Ba":"","District":"BAGESHWAR","River":"","Status":""}},
{"type":"Feature","geometry":{"type":"Point","coordinates":[79.28389,30.44333]},"properties":{"Name_of_Ba":"","District":"CHAMOLI","River":"","Status":""}},
{"type":"Feature","geometry":{"type":"Point","coordinates":[79.28389,30.4425]},"properties":{"Name_of_Ba":"","District":"CHAMOLI","River":"","Status":""}},
{"type":"Feature","geometry":{"type":"Point","coordinates":[79.28389,30.44333]},"properties":{"Name_of_Ba":"","District":"CHAMOLI","River":"","Status":""}},
{"type":"Feature","geometry":{"type":"Point","coordinates":[79.28417,30.44306]},"properties":{"Name_of_Ba":"","District":"CHAMOLI","River":"","Status":""}},
{"type":"Feature","geometry":{"type":"Point","coordinates":[79.28417,30.44306]},"properties":{"Name_of_Ba":"","District":"CHAMOLI","River":"","Status":""}},
{"type":"Feature","geometry":{"type":"Point","coordinates":[79.28528,30.44]},"properties":{"Name_of_Ba":"","District":"CHAMOLI","River":"","Status":""}},
{"type":"Feature","geometry":{"type":"Point","coordinates":[79.285,30.44]},"properties":{"Name_of_Ba":"","District":"CHAMOLI","River":"","Status":""}},
{"type":"Feature","geometry":{"type":"Point","coordinates":[79.28194,30.44417]},"properties":{"Name_of_Ba":"","District":"CHAMOLI","River":"","Status":""}},
{"type":"Feature","geometry":{"type":"Point","coordinates":[79.28194,30.44667]},"properties":{"Name_of_Ba":"","District":"CHAMOLI","River":"","Status":""}},
{"type":"Feature","geometry":{"type":"Point","coordinates":[79.28222,30.44639]},"properties":{"Name_of_Ba":"","District":"CHAMOLI","River":"","Status":""}},
{"type":"Feature","geometry":{"type":"Point","coordinates":[79.28222,30.44667]},"properties":{"Name_of_Ba":"","District":"CHAMOLI","River":"","Status":""}},
{"type":"Feature","geometry":{"type":"Point","coordinates":[79.28194,30.44667]},"properties":{"Name_of_Ba":"","District":"CHAMOLI","River":"","Status":""}},
{"type":"Feature","geometry":{"type":"Point","coordinates":[79.28194,30.44722]},"properties":{"Name_of_Ba":"","District":"CHAMOLI","River":"","Status":""}},
{"type":"Feature","geometry":{"type":"Point","coordinates":[79.28222,30.44694]},"properties":{"Name_of_Ba":"","District":"CHAMOLI","River":"","Status":""}},
{"type":"Feature","geometry":{"type":"Point","coordinates":[79.28194,30.44639]},"properties":{"Name_of_Ba":"","District":"CHAMOLI","River":"","Status":""}},
{"type":"Feature","geometry":{"type":"Point","coordinates":[79.48194,30.34417]},"properties":{"Name_of_Ba":"","District":"CHAMOLI","River":"","Status":""}},
{"type":"Feature","geometry":{"type":"Point","coordinates":[79.48194,30.34417]},"properties":{"Name_of_Ba":"","District":"CHAMOLI","River":"","Status":""}},
{"type":"Feature","geometry":{"type":"Point","coordinates":[79.59417,30.07389]},"properties":{"Name_of_Ba":"","District":"CHAMOLI","River":"","Status":""}},
{"type":"Feature","geometry":{"type":"Point","coordinates":[79.66639,30.20556]},"properties":{"Name_of_Ba":"","District":"CHAMOLI","River":"","Status":""}},
{"type":"Feature","geometry":{"type":"Point","coordinates":[79.24667,30.16]},"properties":{"Name_of_Ba":"","District":"CHAMOLI","River":"","Status":""}},
{"type":"Feature","geometry":{"type":"Point","coordinates":[79.22083,30.14833]},"properties":{"Name_of_Ba":"","District":"CHAMOLI","River":"","Status":""}},
{"type":"Feature","geometry":{"type":"Point","coordinates":[79.09556,30.20278]},"properties":{"Name_of_Ba":"","District":"CHAMOLI","River":"","Status":""}},
{"type":"Feature","geometry":{"type":"Point","coordinates":[79.21528,30.15833]},"properties":{"Name_of_Ba":"","District":"CHAMOLI","River":"","Status":""}},
{"type":"Feature","geometry":{"type":"Point","coordinates":[79.29111,29.96778]},"properties":{"Name_of_Ba":"","District":"CHAMOLI","River":"","Status":""}},
{"type":"Feature","geometry":{"type":"Point","coordinates":[79.18028,30.19]},"properties":{"Name_of_Ba":"","District":"CHAMOLI","River":"","Status":""}},
{"type":"Feature","geometry":{"type":"Point","coordinates":[79.50722,30.19861]},"properties":{"Name_of_Ba":"","District":"CHAMOLI","River":"","Status":""}},
{"type":"Feature","geometry":{"type":"Point","coordinates":[79.42972,30.24778]},"properties":{"Name_of_Ba":"","District":"CHAMOLI","River":"","Status":""}},
{"type":"Feature","geometry":{"type":"Point","coordinates":[79.58306,30.30528]},"properties":{"Name_of_Ba":"","District":"CHAMOLI","River":"","Status":""}},
{"type":"Feature","geometry":{"type":"Point","coordinates":[79.58222,30.30389]},"properties":{"Name_of_Ba":"","District":"CHAMOLI","River":"","Status":""}},
{"type":"Feature","geometry":{"type":"Point","coordinates":[79.5825,30.30389]},"properties":{"Name_of_Ba":"","District":"CHAMOLI","River":"","Status":""}},
{"type":"Feature","geometry":{"type":"Point","coordinates":[79.56083,30.2775]},"properties":{"Name_of_Ba":"","District":"CHAMOLI","River":"","Status":""}},
{"type":"Feature","geometry":{"type":"Point","coordinates":[79.55944,30.29417]},"properties":{"Name_of_Ba":"","District":"CHAMOLI","River":"","Status":""}},
{"type":"Feature","geometry":{"type":"Point","coordinates":[79.60694,30.245]},"properties":{"Name_of_Ba":"","District":"CHAMOLI","River":"","Status":""}},
{"type":"Feature","geometry":{"type":"Point","coordinates":[79.39833,30.31444]},"properties":{"Name_of_Ba":"","District":"CHAMOLI","River":"","Status":""}},
{"type":"Feature","geometry":{"type":"Point","coordinates":[79.43361,30.31556]},"properties":{"Name_of_Ba":"","District":"CHAMOLI","River":"","Status":""}},
{"type":"Feature","geometry":{"type":"Point","coordinates":[79.43056,30.31528]},"properties":{"Name_of_Ba":"","District":"CHAMOLI","River":"","Status":""}},
{"type":"Feature","geometry":{"type":"Point","coordinates":[79.42889,30.315]},"properties":{"Name_of_Ba":"","District":"CHAMOLI","River":"","Status":""}},
{"type":"Feature","geometry":{"type":"Point","coordinates":[79.565,30.25778]},"properties":{"Name_of_Ba":"","District":"CHAMOLI","River":"","Status":""}},
{"type":"Feature","geometry":{"type":"Point","coordinates":[79.50556,30.32611]},"properties":{"Name_of_Ba":"","District":"CHAMOLI","River":"","Status":""}},
{"type":"Feature","geometry":{"type":"Point","coordinates":[79.50667,30.32167]},"properties":{"Name_of_Ba":"","District":"CHAMOLI","River":"","Status":""}},
{"type":"Feature","geometry":{"type":"Point","coordinates":[79.50583,30.32194]},"properties":{"Name_of_Ba":"","District":"CHAMOLI","River":"","Status":""}},
{"type":"Feature","geometry":{"type":"Point","coordinates":[79.47583,30.23889]},"properties":{"Name_of_Ba":"","District":"CHAMOLI","River":"","Status":""}},
{"type":"Feature","geometry":{"type":"Point","coordinates":[79.47111,30.17056]},"properties":{"Name_of_Ba":"","District":"CHAMOLI","River":"","Status":""}},
{"type":"Feature","geometry":{"type":"Point","coordinates":[79.47806,30.17083]},"properties":{"Name_of_Ba":"","District":"CHAMOLI","River":"","Status":""}},
{"type":"Feature","geometry":{"type":"Point","coordinates":[79.61583,30.69889]},"properties":{"Name_of_Ba":"","District":"CHAMOLI","River":"","Status":""}},
{"type":"Feature","geometry":{"type":"Point","coordinates":[79.45361,30.53528]},"properties":{"Name_of_Ba":"","District":"CHAMOLI","River":"","Status":""}},
{"type":"Feature","geometry":{"type":"Point","coordinates":[79.45389,30.535]},"properties":{"Name_of_Ba":"","District":"CHAMOLI","River":"","Status":""}},
{"type":"Feature","geometry":{"type":"Point","coordinates":[79.45361,30.535]},"properties":{"Name_of_Ba":"","District":"CHAMOLI","River":"","Status":""}},
{"type":"Feature","geometry":{"type":"Point","coordinates":[79.45556,30.53583]},"properties":{"Name_of_Ba":"","District":"CHAMOLI","River":"","Status":""}},
{"type":"Feature","geometry":{"type":"Point","coordinates":[79.45167,30.53528]},"properties":{"Name_of_Ba":"","District":"CHAMOLI","River":"","Status":""}},
{"type":"Feature","geometry":{"type":"Point","coordinates":[79.51333,30.50806]},"properties":{"Name_of_Ba":"","District":"CHAMOLI","River":"","Status":""}},
{"type":"Feature","geometry":{"type":"Point","coordinates":[79.45556,30.53639]},"properties":{"Name_of_Ba":"","District":"CHAMOLI","River":"","Status":""}},
{"type":"Feature","geometry":{"type":"Point","coordinates":[79.29667,30.19389]},"properties":{"Name_of_Ba":"","District":"CHAMOLI","River":"","Status":""}},
{"type":"Feature","geometry":{"type":"Point","coordinates":[79.28083,30.28917]},"properties":{"Name_of_Ba":"","District":"CHAMOLI","River":"","Status":""}},
{"type":"Feature","geometry":{"type":"Point","coordinates":[79.28694,30.17222]},"properties":{"Name_of_Ba":"","District":"CHAMOLI","River":"","Status":""}},
{"type":"Feature","geometry":{"type":"Point","coordinates":[79.56444,30.00389]},"properties":{"Name_of_Ba":"","District":"CHAMOLI","River":"","Status":""}},
{"type":"Feature","geometry":{"type":"Point","coordinates":[79.48667,30.14417]},"properties":{"Name_of_Ba":"","District":"CHAMOLI","River":"","Status":""}},
{"type":"Feature","geometry":{"type":"Point","coordinates":[79.48667,30.14417]},"properties":{"Name_of_Ba":"","District":"CHAMOLI","River":"","Status":""}},
{"type":"Feature","geometry":{"type":"Point","coordinates":[79.58083,30.14194]},"properties":{"Name_of_Ba":"","District":"CHAMOLI","River":"","Status":""}},
{"type":"Feature","geometry":{"type":"Point","coordinates":[79.55,30.13583]},"properties":{"Name_of_Ba":"","District":"CHAMOLI","River":"","Status":""}},
{"type":"Feature","geometry":{"type":"Point","coordinates":[79.58917,30.17694]},"properties":{"Name_of_Ba":"","District":"CHAMOLI","River":"","Status":""}},
{"type":"Feature","geometry":{"type":"Point","coordinates":[80.0975,29.45389]},"properties":{"Name_of_Ba":"","District":"CHAMPAWAT","River":"","Status":""}},
{"type":"Feature","geometry":{"type":"Point","coordinates":[80.05222,29.46972]},"properties":{"Name_of_Ba":"","District":"CHAMPAWAT","River":"","Status":""}},
{"type":"Feature","geometry":{"type":"Point","coordinates":[80.0525,29.46917]},"properties":{"Name_of_Ba":"","District":"CHAMPAWAT","River":"","Status":""}},
{"type":"Feature","geometry":{"type":"Point","coordinates":[80.05222,29.46972]},"properties":{"Name_of_Ba":"","District":"CHAMPAWAT","River":"","Status":""}},
{"type":"Feature","geometry":{"type":"Point","coordinates":[80.025,29.43806]},"properties":{"Name_of_Ba":"","District":"CHAMPAWAT","River":"","Status":""}},
{"type":"Feature","geometry":{"type":"Point","coordinates":[80.07806,29.47667]},"properties":{"Name_of_Ba":"","District":"CHAMPAWAT","River":"","Status":""}},
{"type":"Feature","geometry":{"type":"Point","coordinates":[80.07639,29.47833]},"properties":{"Name_of_Ba":"","District":"CHAMPAWAT","River":"","Status":""}},
{"type":"Feature","geometry":{"type":"Point","coordinates":[80.07583,29.47889]},"properties":{"Name_of_Ba":"","District":"CHAMPAWAT","River":"","Status":""}},
{"type":"Feature","geometry":{"type":"Point","coordinates":[80.07639,29.44806]},"properties":{"Name_of_Ba":"","District":"CHAMPAWAT","River":"","Status":""}},
{"type":"Feature","geometry":{"type":"Point","coordinates":[80.08472,29.45917]},"properties":{"Name_of_Ba":"","District":"CHAMPAWAT","River":"","Status":""}},
{"type":"Feature","geometry":{"type":"Point","coordinates":[80.09556,29.45222]},"properties":{"Name_of_Ba":"","District":"CHAMPAWAT","River":"","Status":""}},
{"type":"Feature","geometry":{"type":"Point","coordinates":[80.09556,29.45194]},"properties":{"Name_of_Ba":"","District":"CHAMPAWAT","River":"","Status":""}},
{"type":"Feature","geometry":{"type":"Point","coordinates":[80.09556,29.45222]},"properties":{"Name_of_Ba":"","District":"CHAMPAWAT","River":"","Status":""}},
{"type":"Feature","geometry":{"type":"Point","coordinates":[80.00611,29.43889]},"properties":{"Name_of_Ba":"","District":"CHAMPAWAT","River":"","Status":""}},
{"type":"Feature","geometry":{"type":"Point","coordinates":[79.97639,29.48278]},"properties":{"Name_of_Ba":"","District":"CHAMPAWAT","River":"","Status":""}},
{"type":"Feature","geometry":{"type":"Point","coordinates":[79.97667,29.48306]},"properties":{"Name_of_Ba":"","District":"CHAMPAWAT","River":"","Status":""}},
{"type":"Feature","geometry":{"type":"Point","coordinates":[80.09528,29.31028]},"properties":{"Name_of_Ba":"","District":"CHAMPAWAT","River":"","Status":""}},
{"type":"Feature","geometry":{"type":"Point","coordinates":[80.09528,29.31333]},"properties":{"Name_of_Ba":"","District":"CHAMPAWAT","River":"","Status":""}},
{"type":"Feature","geometry":{"type":"Point","coordinates":[80.24639,29.2825]},"properties":{"Name_of_Ba":"","District":"CHAMPAWAT","River":"","Status":""}},
{"type":"Feature","geometry":{"type":"Point","coordinates":[80.03806,29.34444]},"properties":{"Name_of_Ba":"","District":"CHAMPAWAT","River":"","Status":""}},
{"type":"Feature","geometry":{"type":"Point","coordinates":[80.03806,29.34444]},"properties":{"Name_of_Ba":"","District":"CHAMPAWAT","River":"","Status":""}},
{"type":"Feature","geometry":{"type":"Point","coordinates":[80.02528,29.34333]},"properties":{"Name_of_Ba":"","District":"CHAMPAWAT","River":"","Status":""}},
{"type":"Feature","geometry":{"type":"Point","coordinates":[80.03806,29.34417]},"properties":{"Name_of_Ba":"","District":"CHAMPAWAT","River":"","Status":""}},
{"type":"Feature","geometry":{"type":"Point","coordinates":[80.09611,29.34611]},"properties":{"Name_of_Ba":"","District":"CHAMPAWAT","River":"","Status":""}},
{"type":"Feature","geometry":{"type":"Point","coordinates":[80.09444,29.34333]},"properties":{"Name_of_Ba":"","District":"CHAMPAWAT","River":"","Status":""}},
{"type":"Feature","geometry":{"type":"Point","coordinates":[80.09361,29.3425]},"properties":{"Name_of_Ba":"","District":"CHAMPAWAT","River":"","Status":""}},
{"type":"Feature","geometry":{"type":"Point","coordinates":[80.10194,29.34306]},"properties":{"Name_of_Ba":"","District":"CHAMPAWAT","River":"","Status":""}},
{"type":"Feature","geometry":{"type":"Point","coordinates":[80.10111,29.325]},"properties":{"Name_of_Ba":"","District":"CHAMPAWAT","River":"","Status":""}},
{"type":"Feature","geometry":{"type":"Point","coordinates":[80.11889,29.31806]},"properties":{"Name_of_Ba":"","District":"CHAMPAWAT","River":"","Status":""}},
{"type":"Feature","geometry":{"type":"Point","coordinates":[80.1775,29.3825]},"properties":{"Name_of_Ba":"","District":"CHAMPAWAT","River":"","Status":""}},
{"type":"Feature","geometry":{"type":"Point","coordinates":[80.105,29.32556]},"properties":{"Name_of_Ba":"","District":"CHAMPAWAT","River":"","Status":""}},
{"type":"Feature","geometry":{"type":"Point","coordinates":[80.09444,29.34333]},"properties":{"Name_of_Ba":"","District":"CHAMPAWAT","River":"","Status":""}},
{"type":"Feature","geometry":{"type":"Point","coordinates":[80.12417,29.34611]},"properties":{"Name_of_Ba":"","District":"CHAMPAWAT","River":"","Status":""}},
{"type":"Feature","geometry":{"type":"Point","coordinates":[80.09444,29.34333]},"properties":{"Name_of_Ba":"","District":"CHAMPAWAT","River":"","Status":""}},
{"type":"Feature","geometry":{"type":"Point","coordinates":[80.13278,29.33556]},"properties":{"Name_of_Ba":"","District":"CHAMPAWAT","River":"","Status":""}},
{"type":"Feature","geometry":{"type":"Point","coordinates":[80.11806,29.34167]},"properties":{"Name_of_Ba":"","District":"CHAMPAWAT","River":"","Status":""}},
{"type":"Feature","geometry":{"type":"Point","coordinates":[80.12417,29.34611]},"properties":{"Name_of_Ba":"","District":"CHAMPAWAT","River":"","Status":""}},
{"type":"Feature","geometry":{"type":"Point","coordinates":[80.03444,29.34722]},"properties":{"Name_of_Ba":"","District":"CHAMPAWAT","River":"","Status":""}},
{"type":"Feature","geometry":{"type":"Point","coordinates":[80.03444,29.34722]},"properties":{"Name_of_Ba":"","District":"CHAMPAWAT","River":"","Status":""}},
{"type":"Feature","geometry":{"type":"Point","coordinates":[80.03722,29.35306]},"properties":{"Name_of_Ba":"","District":"CHAMPAWAT","River":"","Status":""}},
{"type":"Feature","geometry":{"type":"Point","coordinates":[80.09417,29.32889]},"properties":{"Name_of_Ba":"","District":"CHAMPAWAT","River":"","Status":""}},
{"type":"Feature","geometry":{"type":"Point","coordinates":[80.03139,29.33417]},"properties":{"Name_of_Ba":"","District":"CHAMPAWAT","River":"","Status":""}},
{"type":"Feature","geometry":{"type":"Point","coordinates":[80.03139,29.33417]},"properties":{"Name_of_Ba":"","District":"CHAMPAWAT","River":"","Status":""}},
{"type":"Feature","geometry":{"type":"Point","coordinates":[80.04361,29.34278]},"properties":{"Name_of_Ba":"","District":"CHAMPAWAT","River":"","Status":""}},
{"type":"Feature","geometry":{"type":"Point","coordinates":[80.03139,29.33417]},"properties":{"Name_of_Ba":"","District":"CHAMPAWAT","River":"","Status":""}},
{"type":"Feature","geometry":{"type":"Point","coordinates":[80.03139,29.33417]},"properties":{"Name_of_Ba":"","District":"CHAMPAWAT","River":"","Status":""}},
{"type":"Feature","geometry":{"type":"Point","coordinates":[80.03139,29.33417]},"properties":{"Name_of_Ba":"","District":"CHAMPAWAT","River":"","Status":""}},
{"type":"Feature","geometry":{"type":"Point","coordinates":[80.04278,29.34278]},"properties":{"Name_of_Ba":"","District":"CHAMPAWAT","River":"","Status":""}},
{"type":"Feature","geometry":{"type":"Point","coordinates":[80.03139,29.33417]},"properties":{"Name_of_Ba":"","District":"CHAMPAWAT","River":"","Status":""}},
{"type":"Feature","geometry":{"type":"Point","coordinates":[80.04333,29.3425]},"properties":{"Name_of_Ba":"","District":"CHAMPAWAT","River":"","Status":""}},
{"type":"Feature","geometry":{"type":"Point","coordinates":[80.04361,29.3425]},"properties":{"Name_of_Ba":"","District":"CHAMPAWAT","River":"","Status":""}},
{"type":"Feature","geometry":{"type":"Point","coordinates":[80.03139,29.33417]},"properties":{"Name_of_Ba":"","District":"CHAMPAWAT","River":"","Status":""}},
{"type":"Feature","geometry":{"type":"Point","coordinates":[80.04417,29.34278]},"properties":{"Name_of_Ba":"","District":"CHAMPAWAT","River":"","Status":""}},
{"type":"Feature","geometry":{"type":"Point","coordinates":[80.03139,29.33417]},"properties":{"Name_of_Ba":"","District":"CHAMPAWAT","River":"","Status":""}},
{"type":"Feature","geometry":{"type":"Point","coordinates":[80.04278,29.35306]},"properties":{"Name_of_Ba":"","District":"CHAMPAWAT","River":"","Status":""}},
{"type":"Feature","geometry":{"type":"Point","coordinates":[79.97306,29.38611]},"properties":{"Name_of_Ba":"","District":"CHAMPAWAT","River":"","Status":""}},
{"type":"Feature","geometry":{"type":"Point","coordinates":[80.03139,29.33417]},"properties":{"Name_of_Ba":"","District":"CHAMPAWAT","River":"","Status":""}},
{"type":"Feature","geometry":{"type":"Point","coordinates":[80.03139,29.33417]},"properties":{"Name_of_Ba":"","District":"CHAMPAWAT","River":"","Status":""}},
{"type":"Feature","geometry":{"type":"Point","coordinates":[80.03139,29.33417]},"properties":{"Name_of_Ba":"","District":"CHAMPAWAT","River":"","Status":""}},
{"type":"Feature","geometry":{"type":"Point","coordinates":[80.04417,29.35194]},"properties":{"Name_of_Ba":"","District":"CHAMPAWAT","River":"","Status":""}},
{"type":"Feature","geometry":{"type":"Point","coordinates":[80.04667,29.35556]},"properties":{"Name_of_Ba":"","District":"CHAMPAWAT","River":"","Status":""}},
{"type":"Feature","geometry":{"type":"Point","coordinates":[80.04389,29.35083]},"properties":{"Name_of_Ba":"","District":"CHAMPAWAT","River":"","Status":""}},
{"type":"Feature","geometry":{"type":"Point","coordinates":[80.09417,29.32889]},"properties":{"Name_of_Ba":"","District":"CHAMPAWAT","River":"","Status":""}},
{"type":"Feature","geometry":{"type":"Point","coordinates":[80.10139,29.32694]},"properties":{"Name_of_Ba":"","District":"CHAMPAWAT","River":"","Status":""}},
{"type":"Feature","geometry":{"type":"Point","coordinates":[80.10111,29.32639]},"properties":{"Name_of_Ba":"","District":"CHAMPAWAT","River":"","Status":""}},
{"type":"Feature","geometry":{"type":"Point","coordinates":[80.09417,29.32889]},"properties":{"Name_of_Ba":"","District":"CHAMPAWAT","River":"","Status":""}},
{"type":"Feature","geometry":{"type":"Point","coordinates":[80.10028,29.30583]},"properties":{"Name_of_Ba":"","District":"CHAMPAWAT","River":"","Status":""}},
{"type":"Feature","geometry":{"type":"Point","coordinates":[80.10139,29.32694]},"properties":{"Name_of_Ba":"","District":"CHAMPAWAT","River":"","Status":""}},
{"type":"Feature","geometry":{"type":"Point","coordinates":[80.09417,29.32889]},"properties":{"Name_of_Ba":"","District":"CHAMPAWAT","River":"","Status":""}},
{"type":"Feature","geometry":{"type":"Point","coordinates":[80.09417,29.32889]},"properties":{"Name_of_Ba":"","District":"CHAMPAWAT","River":"","Status":""}},
{"type":"Feature","geometry":{"type":"Point","coordinates":[80.10139,29.32694]},"properties":{"Name_of_Ba":"","District":"CHAMPAWAT","River":"","Status":""}},
{"type":"Feature","geometry":{"type":"Point","coordinates":[80.09417,29.32889]},"properties":{"Name_of_Ba":"","District":"CHAMPAWAT","River":"","Status":""}},
{"type":"Feature","geometry":{"type":"Point","coordinates":[80.10111,29.29722]},"properties":{"Name_of_Ba":"","District":"CHAMPAWAT","River":"","Status":""}},
{"type":"Feature","geometry":{"type":"Point","coordinates":[80.09972,29.315]},"properties":{"Name_of_Ba":"","District":"CHAMPAWAT","River":"","Status":""}},
{"type":"Feature","geometry":{"type":"Point","coordinates":[80.02417,29.35778]},"properties":{"Name_of_Ba":"","District":"CHAMPAWAT","River":"","Status":""}},
{"type":"Feature","geometry":{"type":"Point","coordinates":[80.03139,29.33417]},"properties":{"Name_of_Ba":"","District":"CHAMPAWAT","River":"","Status":""}},
{"type":"Feature","geometry":{"type":"Point","coordinates":[80.02472,29.35222]},"properties":{"Name_of_Ba":"","District":"CHAMPAWAT","River":"","Status":""}},
{"type":"Feature","geometry":{"type":"Point","coordinates":[80.02583,29.35778]},"properties":{"Name_of_Ba":"","District":"CHAMPAWAT","River":"","Status":""}},
{"type":"Feature","geometry":{"type":"Point","coordinates":[80.12167,29.16056]},"properties":{"Name_of_Ba":"","District":"CHAMPAWAT","River":"","Status":""}},
{"type":"Feature","geometry":{"type":"Point","coordinates":[80.10111,29.32639]},"properties":{"Name_of_Ba":"","District":"CHAMPAWAT","River":"","Status":""}},
{"type":"Feature","geometry":{"type":"Point","coordinates":[80.02833,29.31361]},"properties":{"Name_of_Ba":"","District":"CHAMPAWAT","River":"","Status":""}},
{"type":"Feature","geometry":{"type":"Point","coordinates":[80.1975,29.41278]},"properties":{"Name_of_Ba":"","District":"CHAMPAWAT","River":"","Status":""}},
{"type":"Feature","geometry":{"type":"Point","coordinates":[80.1975,29.41278]},"properties":{"Name_of_Ba":"","District":"CHAMPAWAT","River":"","Status":""}},
{"type":"Feature","geometry":{"type":"Point","coordinates":[80.19694,29.41333]},"properties":{"Name_of_Ba":"","District":"CHAMPAWAT","River":"","Status":""}},
{"type":"Feature","geometry":{"type":"Point","coordinates":[80.1975,29.41278]},"properties":{"Name_of_Ba":"","District":"CHAMPAWAT","River":"","Status":""}},
{"type":"Feature","geometry":{"type":"Point","coordinates":[80.02917,29.38917]},"properties":{"Name_of_Ba":"","District":"CHAMPAWAT","River":"","Status":""}},
{"type":"Feature","geometry":{"type":"Point","coordinates":[80.07278,29.39083]},"properties":{"Name_of_Ba":"","District":"CHAMPAWAT","River":"","Status":""}},
{"type":"Feature","geometry":{"type":"Point","coordinates":[80.07556,29.39722]},"properties":{"Name_of_Ba":"","District":"CHAMPAWAT","River":"","Status":""}},
{"type":"Feature","geometry":{"type":"Point","coordinates":[80.07944,29.395]},"properties":{"Name_of_Ba":"","District":"CHAMPAWAT","River":"","Status":""}},
{"type":"Feature","geometry":{"type":"Point","coordinates":[80.07556,29.3975]},"properties":{"Name_of_Ba":"","District":"CHAMPAWAT","River":"","Status":""}},
{"type":"Feature","geometry":{"type":"Point","coordinates":[80.07556,29.39778]},"properties":{"Name_of_Ba":"","District":"CHAMPAWAT","River":"","Status":""}},
{"type":"Feature","geometry":{"type":"Point","coordinates":[80.08361,29.37833]},"properties":{"Name_of_Ba":"","District":"CHAMPAWAT","River":"","Status":""}},
{"type":"Feature","geometry":{"type":"Point","coordinates":[80.17111,29.41417]},"properties":{"Name_of_Ba":"","District":"CHAMPAWAT","River":"","Status":""}},
{"type":"Feature","geometry":{"type":"Point","coordinates":[80.09333,29.42222]},"properties":{"Name_of_Ba":"","District":"CHAMPAWAT","River":"","Status":""}},
{"type":"Feature","geometry":{"type":"Point","coordinates":[80.18778,29.43111]},"properties":{"Name_of_Ba":"","District":"CHAMPAWAT","River":"","Status":""}},
{"type":"Feature","geometry":{"type":"Point","coordinates":[80.04972,29.3875]},"properties":{"Name_of_Ba":"","District":"CHAMPAWAT","River":"","Status":""}},
{"type":"Feature","geometry":{"type":"Point","coordinates":[80.04722,29.39556]},"properties":{"Name_of_Ba":"","District":"CHAMPAWAT","River":"","Status":""}},
{"type":"Feature","geometry":{"type":"Point","coordinates":[80.05361,29.39111]},"properties":{"Name_of_Ba":"","District":"CHAMPAWAT","River":"","Status":""}},
{"type":"Feature","geometry":{"type":"Point","coordinates":[80.04583,29.3925]},"properties":{"Name_of_Ba":"","District":"CHAMPAWAT","River":"","Status":""}},
{"type":"Feature","geometry":{"type":"Point","coordinates":[80.04528,29.39333]},"properties":{"Name_of_Ba":"","District":"CHAMPAWAT","River":"","Status":""}},
{"type":"Feature","geometry":{"type":"Point","coordinates":[80.04528,29.39361]},"properties":{"Name_of_Ba":"","District":"CHAMPAWAT","River":"","Status":""}},
{"type":"Feature","geometry":{"type":"Point","coordinates":[80.04694,29.39528]},"properties":{"Name_of_Ba":"","District":"CHAMPAWAT","River":"","Status":""}},
{"type":"Feature","geometry":{"type":"Point","coordinates":[80.05167,29.38667]},"properties":{"Name_of_Ba":"","District":"CHAMPAWAT","River":"","Status":""}},
{"type":"Feature","geometry":{"type":"Point","coordinates":[80.05056,29.39861]},"properties":{"Name_of_Ba":"","District":"CHAMPAWAT","River":"","Status":""}},
{"type":"Feature","geometry":{"type":"Point","coordinates":[80.04667,29.39306]},"properties":{"Name_of_Ba":"","District":"CHAMPAWAT","River":"","Status":""}},
{"type":"Feature","geometry":{"type":"Point","coordinates":[80.05389,29.39056]},"properties":{"Name_of_Ba":"","District":"CHAMPAWAT","River":"","Status":""}},
{"type":"Feature","geometry":{"type":"Point","coordinates":[80.04528,29.39361]},"properties":{"Name_of_Ba":"","District":"CHAMPAWAT","River":"","Status":""}},
{"type":"Feature","geometry":{"type":"Point","coordinates":[80.04583,29.39417]},"properties":{"Name_of_Ba":"","District":"CHAMPAWAT","River":"","Status":""}},
{"type":"Feature","geometry":{"type":"Point","coordinates":[80.04944,29.39694]},"properties":{"Name_of_Ba":"","District":"CHAMPAWAT","River":"","Status":""}},
{"type":"Feature","geometry":{"type":"Point","coordinates":[80.05028,29.39861]},"properties":{"Name_of_Ba":"","District":"CHAMPAWAT","River":"","Status":""}},
{"type":"Feature","geometry":{"type":"Point","coordinates":[80.04806,29.39028]},"properties":{"Name_of_Ba":"","District":"CHAMPAWAT","River":"","Status":""}},
{"type":"Feature","geometry":{"type":"Point","coordinates":[79.90389,29.36972]},"properties":{"Name_of_Ba":"","District":"CHAMPAWAT","River":"","Status":""}},
{"type":"Feature","geometry":{"type":"Point","coordinates":[79.90361,29.36972]},"properties":{"Name_of_Ba":"","District":"CHAMPAWAT","River":"","Status":""}},
{"type":"Feature","geometry":{"type":"Point","coordinates":[79.90528,29.29833]},"properties":{"Name_of_Ba":"","District":"CHAMPAWAT","River":"","Status":""}},
{"type":"Feature","geometry":{"type":"Point","coordinates":[79.9075,29.29889]},"properties":{"Name_of_Ba":"","District":"CHAMPAWAT","River":"","Status":""}},
{"type":"Feature","geometry":{"type":"Point","coordinates":[79.90806,29.30111]},"properties":{"Name_of_Ba":"","District":"CHAMPAWAT","River":"","Status":""}},
{"type":"Feature","geometry":{"type":"Point","coordinates":[79.90722,29.29944]},"properties":{"Name_of_Ba":"","District":"CHAMPAWAT","River":"","Status":""}},
{"type":"Feature","geometry":{"type":"Point","coordinates":[79.89639,29.29611]},"properties":{"Name_of_Ba":"","District":"CHAMPAWAT","River":"","Status":""}},
{"type":"Feature","geometry":{"type":"Point","coordinates":[79.90528,29.29806]},"properties":{"Name_of_Ba":"","District":"CHAMPAWAT","River":"","Status":""}},
{"type":"Feature","geometry":{"type":"Point","coordinates":[79.90722,29.29944]},"properties":{"Name_of_Ba":"","District":"CHAMPAWAT","River":"","Status":""}},
{"type":"Feature","geometry":{"type":"Point","coordinates":[79.97083,29.45917]},"properties":{"Name_of_Ba":"","District":"CHAMPAWAT","River":"","Status":""}},
{"type":"Feature","geometry":{"type":"Point","coordinates":[79.89833,29.39167]},"properties":{"Name_of_Ba":"","District":"CHAMPAWAT","River":"","Status":""}},
{"type":"Feature","geometry":{"type":"Point","coordinates":[79.90167,29.39611]},"properties":{"Name_of_Ba":"","District":"CHAMPAWAT","River":"","Status":""}},
{"type":"Feature","geometry":{"type":"Point","coordinates":[80.01361,29.38222]},"properties":{"Name_of_Ba":"","District":"CHAMPAWAT","River":"","Status":""}},
{"type":"Feature","geometry":{"type":"Point","coordinates":[79.94472,29.40361]},"properties":{"Name_of_Ba":"","District":"CHAMPAWAT","River":"","Status":""}},
{"type":"Feature","geometry":{"type":"Point","coordinates":[79.94472,29.40361]},"properties":{"Name_of_Ba":"","District":"CHAMPAWAT","River":"","Status":""}},
{"type":"Feature","geometry":{"type":"Point","coordinates":[79.94861,29.40278]},"properties":{"Name_of_Ba":"","District":"CHAMPAWAT","River":"","Status":""}},
{"type":"Feature","geometry":{"type":"Point","coordinates":[79.94778,29.39583]},"properties":{"Name_of_Ba":"","District":"CHAMPAWAT","River":"","Status":""}},
{"type":"Feature","geometry":{"type":"Point","coordinates":[79.94806,29.39556]},"properties":{"Name_of_Ba":"","District":"CHAMPAWAT","River":"","Status":""}},
{"type":"Feature","geometry":{"type":"Point","coordinates":[79.94944,29.39806]},"properties":{"Name_of_Ba":"","District":"CHAMPAWAT","River":"","Status":""}},
{"type":"Feature","geometry":{"type":"Point","coordinates":[79.94917,29.40306]},"properties":{"Name_of_Ba":"","District":"CHAMPAWAT","River":"","Status":""}},
{"type":"Feature","geometry":{"type":"Point","coordinates":[79.94917,29.39833]},"properties":{"Name_of_Ba":"","District":"CHAMPAWAT","River":"","Status":""}},
{"type":"Feature","geometry":{"type":"Point","coordinates":[79.94611,29.38861]},"properties":{"Name_of_Ba":"","District":"CHAMPAWAT","River":"","Status":""}},
{"type":"Feature","geometry":{"type":"Point","coordinates":[79.97639,29.37028]},"properties":{"Name_of_Ba":"","District":"CHAMPAWAT","River":"","Status":""}},
{"type":"Feature","geometry":{"type":"Point","coordinates":[79.97667,29.37056]},"properties":{"Name_of_Ba":"","District":"CHAMPAWAT","River":"","Status":""}},
{"type":"Feature","geometry":{"type":"Point","coordinates":[79.97472,29.37028]},"properties":{"Name_of_Ba":"","District":"CHAMPAWAT","River":"","Status":""}},
{"type":"Feature","geometry":{"type":"Point","coordinates":[79.94722,29.39139]},"properties":{"Name_of_Ba":"","District":"CHAMPAWAT","River":"","Status":""}},
{"type":"Feature","geometry":{"type":"Point","coordinates":[79.94722,29.39139]},"properties":{"Name_of_Ba":"","District":"CHAMPAWAT","River":"","Status":""}},
{"type":"Feature","geometry":{"type":"Point","coordinates":[79.89833,29.295]},"properties":{"Name_of_Ba":"","District":"CHAMPAWAT","River":"","Status":""}},
{"type":"Feature","geometry":{"type":"Point","coordinates":[79.8725,29.29667]},"properties":{"Name_of_Ba":"","District":"CHAMPAWAT","River":"","Status":""}},
{"type":"Feature","geometry":{"type":"Point","coordinates":[79.97,29.44889]},"properties":{"Name_of_Ba":"","District":"CHAMPAWAT","River":"","Status":""}},
{"type":"Feature","geometry":{"type":"Point","coordinates":[79.93806,29.40639]},"properties":{"Name_of_Ba":"","District":"CHAMPAWAT","River":"","Status":""}},
{"type":"Feature","geometry":{"type":"Point","coordinates":[79.93833,29.40611]},"properties":{"Name_of_Ba":"","District":"CHAMPAWAT","River":"","Status":""}},
{"type":"Feature","geometry":{"type":"Point","coordinates":[77.96583,30.70417]},"properties":{"Name_of_Ba":"","District":"DEHRADUN","River":"","Status":""}},
{"type":"Feature","geometry":{"type":"Point","coordinates":[77.96639,30.70333]},"properties":{"Name_of_Ba":"","District":"DEHRADUN","River":"","Status":""}},
{"type":"Feature","geometry":{"type":"Point","coordinates":[77.97111,30.70972]},"properties":{"Name_of_Ba":"","District":"DEHRADUN","River":"","Status":""}},
{"type":"Feature","geometry":{"type":"Point","coordinates":[77.97194,30.71028]},"properties":{"Name_of_Ba":"","District":"DEHRADUN","River":"","Status":""}},
{"type":"Feature","geometry":{"type":"Point","coordinates":[77.99222,30.69583]},"properties":{"Name_of_Ba":"","District":"DEHRADUN","River":"","Status":""}},
{"type":"Feature","geometry":{"type":"Point","coordinates":[77.99389,30.69722]},"properties":{"Name_of_Ba":"","District":"DEHRADUN","River":"","Status":""}},
{"type":"Feature","geometry":{"type":"Point","coordinates":[77.83972,30.81417]},"properties":{"Name_of_Ba":"","District":"DEHRADUN","River":"","Status":""}},
{"type":"Feature","geometry":{"type":"Point","coordinates":[78.00583,30.68972]},"properties":{"Name_of_Ba":"","District":"DEHRADUN","River":"","Status":""}},
{"type":"Feature","geometry":{"type":"Point","coordinates":[77.95056,30.70111]},"properties":{"Name_of_Ba":"","District":"DEHRADUN","River":"","Status":""}},
{"type":"Feature","geometry":{"type":"Point","coordinates":[78.02028,30.68167]},"properties":{"Name_of_Ba":"","District":"DEHRADUN","River":"","Status":""}},
{"type":"Feature","geometry":{"type":"Point","coordinates":[78.02083,30.68361]},"properties":{"Name_of_Ba":"","District":"DEHRADUN","River":"","Status":""}},
{"type":"Feature","geometry":{"type":"Point","coordinates":[78.02194,30.685]},"properties":{"Name_of_Ba":"","District":"DEHRADUN","River":"","Status":""}},
{"type":"Feature","geometry":{"type":"Point","coordinates":[78.02083,30.68333]},"properties":{"Name_of_Ba":"","District":"DEHRADUN","River":"","Status":""}},
{"type":"Feature","geometry":{"type":"Point","coordinates":[78.04417,30.67889]},"properties":{"Name_of_Ba":"","District":"DEHRADUN","River":"","Status":""}},
{"type":"Feature","geometry":{"type":"Point","coordinates":[78.04583,30.68722]},"properties":{"Name_of_Ba":"","District":"DEHRADUN","River":"","Status":""}},
{"type":"Feature","geometry":{"type":"Point","coordinates":[78.03667,30.69583]},"properties":{"Name_of_Ba":"","District":"DEHRADUN","River":"","Status":""}},
{"type":"Feature","geometry":{"type":"Point","coordinates":[78.03833,30.69833]},"properties":{"Name_of_Ba":"","District":"DEHRADUN","River":"","Status":""}},
{"type":"Feature","geometry":{"type":"Point","coordinates":[78.0375,30.695]},"properties":{"Name_of_Ba":"","District":"DEHRADUN","River":"","Status":""}},
{"type":"Feature","geometry":{"type":"Point","coordinates":[78.03806,30.69444]},"properties":{"Name_of_Ba":"","District":"DEHRADUN","River":"","Status":""}},
{"type":"Feature","geometry":{"type":"Point","coordinates":[77.87361,30.73194]},"properties":{"Name_of_Ba":"","District":"DEHRADUN","River":"","Status":""}},
{"type":"Feature","geometry":{"type":"Point","coordinates":[77.89528,30.70917]},"properties":{"Name_of_Ba":"","District":"DEHRADUN","River":"","Status":""}},
{"type":"Feature","geometry":{"type":"Point","coordinates":[77.88472,30.70944]},"properties":{"Name_of_Ba":"","District":"DEHRADUN","River":"","Status":""}},
{"type":"Feature","geometry":{"type":"Point","coordinates":[77.89306,30.71583]},"properties":{"Name_of_Ba":"","District":"DEHRADUN","River":"","Status":""}},
{"type":"Feature","geometry":{"type":"Point","coordinates":[77.98694,30.73528]},"properties":{"Name_of_Ba":"","District":"DEHRADUN","River":"","Status":""}},
{"type":"Feature","geometry":{"type":"Point","coordinates":[77.98194,30.73722]},"properties":{"Name_of_Ba":"","District":"DEHRADUN","River":"","Status":""}},
{"type":"Feature","geometry":{"type":"Point","coordinates":[77.97583,30.70972]},"properties":{"Name_of_Ba":"","District":"DEHRADUN","River":"","Status":""}},
{"type":"Feature","geometry":{"type":"Point","coordinates":[77.92889,30.91361]},"properties":{"Name_of_Ba":"","District":"DEHRADUN","River":"","Status":""}},
{"type":"Feature","geometry":{"type":"Point","coordinates":[77.98389,30.72028]},"properties":{"Name_of_Ba":"","District":"DEHRADUN","River":"","Status":""}},
{"type":"Feature","geometry":{"type":"Point","coordinates":[77.99944,30.72778]},"properties":{"Name_of_Ba":"","District":"DEHRADUN","River":"","Status":""}},
{"type":"Feature","geometry":{"type":"Point","coordinates":[77.98528,30.71861]},"properties":{"Name_of_Ba":"","District":"DEHRADUN","River":"","Status":""}},
{"type":"Feature","geometry":{"type":"Point","coordinates":[78.02861,30.66833]},"properties":{"Name_of_Ba":"","District":"DEHRADUN","River":"","Status":""}},
{"type":"Feature","geometry":{"type":"Point","coordinates":[77.8825,30.725]},"properties":{"Name_of_Ba":"","District":"DEHRADUN","River":"","Status":""}},
{"type":"Feature","geometry":{"type":"Point","coordinates":[78.23,30.1775]},"properties":{"Name_of_Ba":"","District":"DEHRADUN","River":"","Status":""}},
{"type":"Feature","geometry":{"type":"Point","coordinates":[78.22944,30.2125]},"properties":{"Name_of_Ba":"","District":"DEHRADUN","River":"","Status":""}},
{"type":"Feature","geometry":{"type":"Point","coordinates":[78.23083,30.20889]},"properties":{"Name_of_Ba":"","District":"DEHRADUN","River":"","Status":""}},
{"type":"Feature","geometry":{"type":"Point","coordinates":[78.13417,30.15056]},"properties":{"Name_of_Ba":"","District":"DEHRADUN","River":"","Status":""}},
{"type":"Feature","geometry":{"type":"Point","coordinates":[78.13389,30.15056]},"properties":{"Name_of_Ba":"","District":"DEHRADUN","River":"","Status":""}},
{"type":"Feature","geometry":{"type":"Point","coordinates":[78.26389,30.24778]},"properties":{"Name_of_Ba":"","District":"DEHRADUN","River":"","Status":""}},
{"type":"Feature","geometry":{"type":"Point","coordinates":[78.27056,30.24444]},"properties":{"Name_of_Ba":"","District":"DEHRADUN","River":"","Status":""}},
{"type":"Feature","geometry":{"type":"Point","coordinates":[78.14972,30.22333]},"properties":{"Name_of_Ba":"","District":"DEHRADUN","River":"","Status":""}},
{"type":"Feature","geometry":{"type":"Point","coordinates":[78.15306,30.22139]},"properties":{"Name_of_Ba":"","District":"DEHRADUN","River":"","Status":""}},
{"type":"Feature","geometry":{"type":"Point","coordinates":[78.15833,30.13556]},"properties":{"Name_of_Ba":"","District":"DEHRADUN","River":"","Status":""}},
{"type":"Feature","geometry":{"type":"Point","coordinates":[78.0725,30.20139]},"properties":{"Name_of_Ba":"","District":"DEHRADUN","River":"","Status":""}},
{"type":"Feature","geometry":{"type":"Point","coordinates":[78.0775,30.19472]},"properties":{"Name_of_Ba":"","District":"DEHRADUN","River":"","Status":""}},
{"type":"Feature","geometry":{"type":"Point","coordinates":[78.18833,30.14861]},"properties":{"Name_of_Ba":"","District":"DEHRADUN","River":"","Status":""}},
{"type":"Feature","geometry":{"type":"Point","coordinates":[78.22417,30.19111]},"properties":{"Name_of_Ba":"","District":"DEHRADUN","River":"","Status":""}},
{"type":"Feature","geometry":{"type":"Point","coordinates":[78.22306,30.19472]},"properties":{"Name_of_Ba":"","District":"DEHRADUN","River":"","Status":""}},
{"type":"Feature","geometry":{"type":"Point","coordinates":[78.22889,30.20139]},"properties":{"Name_of_Ba":"","District":"DEHRADUN","River":"","Status":""}},
{"type":"Feature","geometry":{"type":"Point","coordinates":[78.07333,30.18444]},"properties":{"Name_of_Ba":"","District":"DEHRADUN","River":"","Status":""}},
{"type":"Feature","geometry":{"type":"Point","coordinates":[78.07111,30.18583]},"properties":{"Name_of_Ba":"","District":"DEHRADUN","River":"","Status":""}},
{"type":"Feature","geometry":{"type":"Point","coordinates":[78.08028,30.17889]},"properties":{"Name_of_Ba":"","District":"DEHRADUN","River":"","Status":""}},
{"type":"Feature","geometry":{"type":"Point","coordinates":[78.07167,30.18556]},"properties":{"Name_of_Ba":"","District":"DEHRADUN","River":"","Status":""}},
{"type":"Feature","geometry":{"type":"Point","coordinates":[78.08028,30.17889]},"properties":{"Name_of_Ba":"","District":"DEHRADUN","River":"","Status":""}},
{"type":"Feature","geometry":{"type":"Point","coordinates":[78.07111,30.18611]},"properties":{"Name_of_Ba":"","District":"DEHRADUN","River":"","Status":""}},
{"type":"Feature","geometry":{"type":"Point","coordinates":[77.99056,30.57083]},"properties":{"Name_of_Ba":"","District":"DEHRADUN","River":"","Status":""}},
{"type":"Feature","geometry":{"type":"Point","coordinates":[77.74417,30.59528]},"properties":{"Name_of_Ba":"","District":"DEHRADUN","River":"","Status":""}},
{"type":"Feature","geometry":{"type":"Point","coordinates":[77.99111,30.57472]},"properties":{"Name_of_Ba":"","District":"DEHRADUN","River":"","Status":""}},
{"type":"Feature","geometry":{"type":"Point","coordinates":[77.97611,30.56944]},"properties":{"Name_of_Ba":"","District":"DEHRADUN","River":"","Status":""}},
{"type":"Feature","geometry":{"type":"Point","coordinates":[77.85278,30.63917]},"properties":{"Name_of_Ba":"","District":"DEHRADUN","River":"","Status":""}},
{"type":"Feature","geometry":{"type":"Point","coordinates":[77.85278,30.63972]},"properties":{"Name_of_Ba":"","District":"DEHRADUN","River":"","Status":""}},
{"type":"Feature","geometry":{"type":"Point","coordinates":[77.8525,30.63944]},"properties":{"Name_of_Ba":"","District":"DEHRADUN","River":"","Status":""}},
{"type":"Feature","geometry":{"type":"Point","coordinates":[77.79389,30.58111]},"properties":{"Name_of_Ba":"","District":"DEHRADUN","River":"","Status":""}},
{"type":"Feature","geometry":{"type":"Point","coordinates":[77.81889,30.58417]},"properties":{"Name_of_Ba":"","District":"DEHRADUN","River":"","Status":""}},
{"type":"Feature","geometry":{"type":"Point","coordinates":[77.76722,30.57639]},"properties":{"Name_of_Ba":"","District":"DEHRADUN","River":"","Status":""}},
{"type":"Feature","geometry":{"type":"Point","coordinates":[77.74667,30.59222]},"properties":{"Name_of_Ba":"","District":"DEHRADUN","River":"","Status":""}},
{"type":"Feature","geometry":{"type":"Point","coordinates":[77.8525,30.63889]},"properties":{"Name_of_Ba":"","District":"DEHRADUN","River":"","Status":""}},
{"type":"Feature","geometry":{"type":"Point","coordinates":[77.85306,30.63861]},"properties":{"Name_of_Ba":"","District":"DEHRADUN","River":"","Status":""}},
{"type":"Feature","geometry":{"type":"Point","coordinates":[77.79139,30.6125]},"properties":{"Name_of_Ba":"","District":"DEHRADUN","River":"","Status":""}},
{"type":"Feature","geometry":{"type":"Point","coordinates":[77.91472,30.63361]},"properties":{"Name_of_Ba":"","District":"DEHRADUN","River":"","Status":""}},
{"type":"Feature","geometry":{"type":"Point","coordinates":[77.91639,30.63056]},"properties":{"Name_of_Ba":"","District":"DEHRADUN","River":"","Status":""}},
{"type":"Feature","geometry":{"type":"Point","coordinates":[77.97111,30.56]},"properties":{"Name_of_Ba":"","District":"DEHRADUN","River":"","Status":""}},
{"type":"Feature","geometry":{"type":"Point","coordinates":[77.90472,30.64361]},"properties":{"Name_of_Ba":"","District":"DEHRADUN","River":"","Status":""}},
{"type":"Feature","geometry":{"type":"Point","coordinates":[77.79444,30.57639]},"properties":{"Name_of_Ba":"","District":"DEHRADUN","River":"","Status":""}},
{"type":"Feature","geometry":{"type":"Point","coordinates":[77.85722,30.63472]},"properties":{"Name_of_Ba":"","District":"DEHRADUN","River":"","Status":""}},
{"type":"Feature","geometry":{"type":"Point","coordinates":[77.85556,30.64583]},"properties":{"Name_of_Ba":"","District":"DEHRADUN","River":"","Status":""}},
{"type":"Feature","geometry":{"type":"Point","coordinates":[77.8575,30.635]},"properties":{"Name_of_Ba":"","District":"DEHRADUN","River":"","Status":""}},
{"type":"Feature","geometry":{"type":"Point","coordinates":[77.85278,30.64]},"properties":{"Name_of_Ba":"","District":"DEHRADUN","River":"","Status":""}},
{"type":"Feature","geometry":{"type":"Point","coordinates":[77.85333,30.63833]},"properties":{"Name_of_Ba":"","District":"DEHRADUN","River":"","Status":""}},
{"type":"Feature","geometry":{"type":"Point","coordinates":[77.86,30.63806]},"properties":{"Name_of_Ba":"","District":"DEHRADUN","River":"","Status":""}},
{"type":"Feature","geometry":{"type":"Point","coordinates":[77.85333,30.63833]},"properties":{"Name_of_Ba":"","District":"DEHRADUN","River":"","Status":""}},
{"type":"Feature","geometry":{"type":"Point","coordinates":[77.85278,30.64]},"properties":{"Name_of_Ba":"","District":"DEHRADUN","River":"","Status":""}},
{"type":"Feature","geometry":{"type":"Point","coordinates":[77.89361,30.60889]},"properties":{"Name_of_Ba":"","District":"DEHRADUN","River":"","Status":""}},
{"type":"Feature","geometry":{"type":"Point","coordinates":[77.86444,30.64139]},"properties":{"Name_of_Ba":"","District":"DEHRADUN","River":"","Status":""}},
{"type":"Feature","geometry":{"type":"Point","coordinates":[78.17056,30.26222]},"properties":{"Name_of_Ba":"","District":"DEHRADUN","River":"","Status":""}},
{"type":"Feature","geometry":{"type":"Point","coordinates":[78.10944,30.33222]},"properties":{"Name_of_Ba":"","District":"DEHRADUN","River":"","Status":""}},
{"type":"Feature","geometry":{"type":"Point","coordinates":[78.15417,30.37611]},"properties":{"Name_of_Ba":"","District":"DEHRADUN","River":"","Status":""}},
{"type":"Feature","geometry":{"type":"Point","coordinates":[78.17,30.2625]},"properties":{"Name_of_Ba":"","District":"DEHRADUN","River":"","Status":""}},
{"type":"Feature","geometry":{"type":"Point","coordinates":[77.96583,30.29833]},"properties":{"Name_of_Ba":"","District":"DEHRADUN","River":"","Status":""}},
{"type":"Feature","geometry":{"type":"Point","coordinates":[77.98111,30.31639]},"properties":{"Name_of_Ba":"","District":"DEHRADUN","River":"","Status":""}},
{"type":"Feature","geometry":{"type":"Point","coordinates":[78.13361,30.39806]},"properties":{"Name_of_Ba":"","District":"DEHRADUN","River":"","Status":""}},
{"type":"Feature","geometry":{"type":"Point","coordinates":[78.13139,30.38806]},"properties":{"Name_of_Ba":"","District":"DEHRADUN","River":"","Status":""}},
{"type":"Feature","geometry":{"type":"Point","coordinates":[78.11222,30.36278]},"properties":{"Name_of_Ba":"","District":"DEHRADUN","River":"","Status":""}},
{"type":"Feature","geometry":{"type":"Point","coordinates":[78.17556,30.26611]},"properties":{"Name_of_Ba":"","District":"DEHRADUN","River":"","Status":""}},
{"type":"Feature","geometry":{"type":"Point","coordinates":[78.14111,30.36472]},"properties":{"Name_of_Ba":"","District":"DEHRADUN","River":"","Status":""}},
{"type":"Feature","geometry":{"type":"Point","coordinates":[78.26556,30.25611]},"properties":{"Name_of_Ba":"","District":"DEHRADUN","River":"","Status":""}},
{"type":"Feature","geometry":{"type":"Point","coordinates":[78.26528,30.25611]},"properties":{"Name_of_Ba":"","District":"DEHRADUN","River":"","Status":""}},
{"type":"Feature","geometry":{"type":"Point","coordinates":[78.12444,30.3475]},"properties":{"Name_of_Ba":"","District":"DEHRADUN","River":"","Status":""}},
{"type":"Feature","geometry":{"type":"Point","coordinates":[77.91333,30.31222]},"properties":{"Name_of_Ba":"","District":"DEHRADUN","River":"","Status":""}},
{"type":"Feature","geometry":{"type":"Point","coordinates":[77.91306,30.31222]},"properties":{"Name_of_Ba":"","District":"DEHRADUN","River":"","Status":""}},
{"type":"Feature","geometry":{"type":"Point","coordinates":[77.91417,30.3125]},"properties":{"Name_of_Ba":"","District":"DEHRADUN","River":"","Status":""}},
{"type":"Feature","geometry":{"type":"Point","coordinates":[77.91361,30.3125]},"properties":{"Name_of_Ba":"","District":"DEHRADUN","River":"","Status":""}},
{"type":"Feature","geometry":{"type":"Point","coordinates":[77.77694,30.40472]},"properties":{"Name_of_Ba":"","District":"DEHRADUN","River":"","Status":""}},
{"type":"Feature","geometry":{"type":"Point","coordinates":[77.77583,30.405]},"properties":{"Name_of_Ba":"","District":"DEHRADUN","River":"","Status":""}},
{"type":"Feature","geometry":{"type":"Point","coordinates":[77.77583,30.40472]},"properties":{"Name_of_Ba":"","District":"DEHRADUN","River":"","Status":""}},
{"type":"Feature","geometry":{"type":"Point","coordinates":[77.77611,30.405]},"properties":{"Name_of_Ba":"","District":"DEHRADUN","River":"","Status":""}},
{"type":"Feature","geometry":{"type":"Point","coordinates":[77.77556,30.40528]},"properties":{"Name_of_Ba":"","District":"DEHRADUN","River":"","Status":""}},
{"type":"Feature","geometry":{"type":"Point","coordinates":[77.77528,30.40556]},"properties":{"Name_of_Ba":"","District":"DEHRADUN","River":"","Status":""}},
{"type":"Feature","geometry":{"type":"Point","coordinates":[77.77583,30.40528]},"properties":{"Name_of_Ba":"","District":"DEHRADUN","River":"","Status":""}},
{"type":"Feature","geometry":{"type":"Point","coordinates":[77.77639,30.405]},"properties":{"Name_of_Ba":"","District":"DEHRADUN","River":"","Status":""}},
{"type":"Feature","geometry":{"type":"Point","coordinates":[77.81278,30.38806]},"properties":{"Name_of_Ba":"","District":"DEHRADUN","River":"","Status":""}},
{"type":"Feature","geometry":{"type":"Point","coordinates":[77.69361,30.41778]},"properties":{"Name_of_Ba":"","District":"DEHRADUN","River":"","Status":""}},
{"type":"Feature","geometry":{"type":"Point","coordinates":[77.69333,30.42056]},"properties":{"Name_of_Ba":"","District":"DEHRADUN","River":"","Status":""}},
{"type":"Feature","geometry":{"type":"Point","coordinates":[77.78944,30.45694]},"properties":{"Name_of_Ba":"","District":"DEHRADUN","River":"","Status":""}},
{"type":"Feature","geometry":{"type":"Point","coordinates":[77.90889,30.45528]},"properties":{"Name_of_Ba":"","District":"DEHRADUN","River":"","Status":""}},
{"type":"Feature","geometry":{"type":"Point","coordinates":[77.91583,30.46056]},"properties":{"Name_of_Ba":"","District":"DEHRADUN","River":"","Status":""}},
{"type":"Feature","geometry":{"type":"Point","coordinates":[77.81056,30.43528]},"properties":{"Name_of_Ba":"","District":"DEHRADUN","River":"","Status":""}},
{"type":"Feature","geometry":{"type":"Point","coordinates":[77.92222,30.47306]},"properties":{"Name_of_Ba":"","District":"DEHRADUN","River":"","Status":""}},
{"type":"Feature","geometry":{"type":"Point","coordinates":[77.89028,30.48083]},"properties":{"Name_of_Ba":"","District":"DEHRADUN","River":"","Status":""}},
{"type":"Feature","geometry":{"type":"Point","coordinates":[77.90167,30.48028]},"properties":{"Name_of_Ba":"","District":"DEHRADUN","River":"","Status":""}},
{"type":"Feature","geometry":{"type":"Point","coordinates":[77.9025,30.47611]},"properties":{"Name_of_Ba":"","District":"DEHRADUN","River":"","Status":""}},
{"type":"Feature","geometry":{"type":"Point","coordinates":[77.91694,30.47444]},"properties":{"Name_of_Ba":"","District":"DEHRADUN","River":"","Status":""}},
{"type":"Feature","geometry":{"type":"Point","coordinates":[77.80333,30.465]},"properties":{"Name_of_Ba":"","District":"DEHRADUN","River":"","Status":""}},
{"type":"Feature","geometry":{"type":"Point","coordinates":[77.80222,30.46778]},"properties":{"Name_of_Ba":"","District":"DEHRADUN","River":"","Status":""}},
{"type":"Feature","geometry":{"type":"Point","coordinates":[77.80778,30.46889]},"properties":{"Name_of_Ba":"","District":"DEHRADUN","River":"","Status":""}},
{"type":"Feature","geometry":{"type":"Point","coordinates":[77.86389,30.42917]},"properties":{"Name_of_Ba":"","District":"DEHRADUN","River":"","Status":""}},
{"type":"Feature","geometry":{"type":"Point","coordinates":[77.85389,30.42194]},"properties":{"Name_of_Ba":"","District":"DEHRADUN","River":"","Status":""}},
{"type":"Feature","geometry":{"type":"Point","coordinates":[77.7875,30.49056]},"properties":{"Name_of_Ba":"","District":"DEHRADUN","River":"","Status":""}},
{"type":"Feature","geometry":{"type":"Point","coordinates":[77.79326,30.49564]},"properties":{"Name_of_Ba":"","District":"DEHRADUN","River":"","Status":""}},
{"type":"Feature","geometry":{"type":"Point","coordinates":[77.92028,30.45944]},"properties":{"Name_of_Ba":"","District":"DEHRADUN","River":"","Status":""}},
{"type":"Feature","geometry":{"type":"Point","coordinates":[77.92889,30.46222]},"properties":{"Name_of_Ba":"","District":"DEHRADUN","River":"","Status":""}},
{"type":"Feature","geometry":{"type":"Point","coordinates":[77.68806,30.44222]},"properties":{"Name_of_Ba":"","District":"DEHRADUN","River":"","Status":""}},
{"type":"Feature","geometry":{"type":"Point","coordinates":[77.66556,30.43694]},"properties":{"Name_of_Ba":"","District":"DEHRADUN","River":"","Status":""}},
{"type":"Feature","geometry":{"type":"Point","coordinates":[77.68361,30.43417]},"properties":{"Name_of_Ba":"","District":"DEHRADUN","River":"","Status":""}},
{"type":"Feature","geometry":{"type":"Point","coordinates":[77.85,30.50778]},"properties":{"Name_of_Ba":"","District":"DEHRADUN","River":"","Status":""}},
{"type":"Feature","geometry":{"type":"Point","coordinates":[77.73667,30.46056]},"properties":{"Name_of_Ba":"","District":"DEHRADUN","River":"","Status":""}},
{"type":"Feature","geometry":{"type":"Point","coordinates":[77.73639,30.45917]},"properties":{"Name_of_Ba":"","District":"DEHRADUN","River":"","Status":""}},
{"type":"Feature","geometry":{"type":"Point","coordinates":[77.73667,30.46028]},"properties":{"Name_of_Ba":"","District":"DEHRADUN","River":"","Status":""}},
{"type":"Feature","geometry":{"type":"Point","coordinates":[77.73556,30.46056]},"properties":{"Name_of_Ba":"","District":"DEHRADUN","River":"","Status":""}},
{"type":"Feature","geometry":{"type":"Point","coordinates":[77.77889,30.48444]},"properties":{"Name_of_Ba":"","District":"DEHRADUN","River":"","Status":""}},
{"type":"Feature","geometry":{"type":"Point","coordinates":[77.73917,30.46111]},"properties":{"Name_of_Ba":"","District":"DEHRADUN","River":"","Status":""}},
{"type":"Feature","geometry":{"type":"Point","coordinates":[77.73667,30.46083]},"properties":{"Name_of_Ba":"","District":"DEHRADUN","River":"","Status":""}},
{"type":"Feature","geometry":{"type":"Point","coordinates":[77.82472,30.34917]},"properties":{"Name_of_Ba":"","District":"DEHRADUN","River":"","Status":""}},
{"type":"Feature","geometry":{"type":"Point","coordinates":[77.83778,30.34028]},"properties":{"Name_of_Ba":"","District":"DEHRADUN","River":"","Status":""}},
{"type":"Feature","geometry":{"type":"Point","coordinates":[77.87056,30.42833]},"properties":{"Name_of_Ba":"","District":"DEHRADUN","River":"","Status":""}},
{"type":"Feature","geometry":{"type":"Point","coordinates":[77.79139,30.43361]},"properties":{"Name_of_Ba":"","District":"DEHRADUN","River":"","Status":""}},
{"type":"Feature","geometry":{"type":"Point","coordinates":[77.78722,30.42611]},"properties":{"Name_of_Ba":"","District":"DEHRADUN","River":"","Status":""}},
{"type":"Feature","geometry":{"type":"Point","coordinates":[77.77194,30.425]},"properties":{"Name_of_Ba":"","District":"DEHRADUN","River":"","Status":""}},
{"type":"Feature","geometry":{"type":"Point","coordinates":[77.83028,30.44139]},"properties":{"Name_of_Ba":"","District":"DEHRADUN","River":"","Status":""}},
{"type":"Feature","geometry":{"type":"Point","coordinates":[77.83528,30.44194]},"properties":{"Name_of_Ba":"","District":"DEHRADUN","River":"","Status":""}},
{"type":"Feature","geometry":{"type":"Point","coordinates":[77.82556,30.44056]},"properties":{"Name_of_Ba":"","District":"DEHRADUN","River":"","Status":""}},
{"type":"Feature","geometry":{"type":"Point","coordinates":[77.82694,30.43944]},"properties":{"Name_of_Ba":"","District":"DEHRADUN","River":"","Status":""}},
{"type":"Feature","geometry":{"type":"Point","coordinates":[77.80111,30.44111]},"properties":{"Name_of_Ba":"","District":"DEHRADUN","River":"","Status":""}},
{"type":"Feature","geometry":{"type":"Point","coordinates":[77.93972,30.4475]},"properties":{"Name_of_Ba":"","District":"DEHRADUN","River":"","Status":""}},
{"type":"Feature","geometry":{"type":"Point","coordinates":[77.64694,30.42889]},"properties":{"Name_of_Ba":"","District":"DEHRADUN","River":"","Status":""}},
{"type":"Feature","geometry":{"type":"Point","coordinates":[77.65722,30.42639]},"properties":{"Name_of_Ba":"","District":"DEHRADUN","River":"","Status":""}},
{"type":"Feature","geometry":{"type":"Point","coordinates":[77.65611,30.43222]},"properties":{"Name_of_Ba":"","District":"DEHRADUN","River":"","Status":""}},
{"type":"Feature","geometry":{"type":"Point","coordinates":[77.65861,30.42639]},"properties":{"Name_of_Ba":"","District":"DEHRADUN","River":"","Status":""}},
{"type":"Feature","geometry":{"type":"Point","coordinates":[77.87806,30.455]},"properties":{"Name_of_Ba":"","District":"DEHRADUN","River":"","Status":""}},
{"type":"Feature","geometry":{"type":"Point","coordinates":[77.925,30.50028]},"properties":{"Name_of_Ba":"","District":"DEHRADUN","River":"","Status":""}},
{"type":"Feature","geometry":{"type":"Point","coordinates":[77.91694,30.49472]},"properties":{"Name_of_Ba":"","District":"DEHRADUN","River":"","Status":""}},
{"type":"Feature","geometry":{"type":"Point","coordinates":[77.92111,30.49306]},"properties":{"Name_of_Ba":"","District":"DEHRADUN","River":"","Status":""}},
{"type":"Feature","geometry":{"type":"Point","coordinates":[77.92139,30.49333]},"properties":{"Name_of_Ba":"","District":"DEHRADUN","River":"","Status":""}},
{"type":"Feature","geometry":{"type":"Point","coordinates":[77.91833,30.49583]},"properties":{"Name_of_Ba":"","District":"DEHRADUN","River":"","Status":""}},
{"type":"Feature","geometry":{"type":"Point","coordinates":[77.92,30.49306]},"properties":{"Name_of_Ba":"","District":"DEHRADUN","River":"","Status":""}},
{"type":"Feature","geometry":{"type":"Point","coordinates":[77.91972,30.49306]},"properties":{"Name_of_Ba":"","District":"DEHRADUN","River":"","Status":""}},
{"type":"Feature","geometry":{"type":"Point","coordinates":[77.76306,30.39806]},"properties":{"Name_of_Ba":"","District":"DEHRADUN","River":"","Status":""}},
{"type":"Feature","geometry":{"type":"Point","coordinates":[77.81444,30.48306]},"properties":{"Name_of_Ba":"","District":"DEHRADUN","River":"","Status":""}},
{"type":"Feature","geometry":{"type":"Point","coordinates":[77.77583,30.48722]},"properties":{"Name_of_Ba":"","District":"DEHRADUN","River":"","Status":""}},
{"type":"Feature","geometry":{"type":"Point","coordinates":[77.77611,30.48694]},"properties":{"Name_of_Ba":"","District":"DEHRADUN","River":"","Status":""}},
{"type":"Feature","geometry":{"type":"Point","coordinates":[77.7725,30.48639]},"properties":{"Name_of_Ba":"","District":"DEHRADUN","River":"","Status":""}},
{"type":"Feature","geometry":{"type":"Point","coordinates":[77.875,30.49417]},"properties":{"Name_of_Ba":"","District":"DEHRADUN","River":"","Status":""}},
{"type":"Feature","geometry":{"type":"Point","coordinates":[77.87556,30.49472]},"properties":{"Name_of_Ba":"","District":"DEHRADUN","River":"","Status":""}},
{"type":"Feature","geometry":{"type":"Point","coordinates":[77.87667,30.49333]},"properties":{"Name_of_Ba":"","District":"DEHRADUN","River":"","Status":""}},
{"type":"Feature","geometry":{"type":"Point","coordinates":[77.875,30.49444]},"properties":{"Name_of_Ba":"","District":"DEHRADUN","River":"","Status":""}},
{"type":"Feature","geometry":{"type":"Point","coordinates":[77.87694,30.49222]},"properties":{"Name_of_Ba":"","District":"DEHRADUN","River":"","Status":""}},
{"type":"Feature","geometry":{"type":"Point","coordinates":[77.87667,30.49333]},"properties":{"Name_of_Ba":"","District":"DEHRADUN","River":"","Status":""}},
{"type":"Feature","geometry":{"type":"Point","coordinates":[77.87667,30.49333]},"properties":{"Name_of_Ba":"","District":"DEHRADUN","River":"","Status":""}},
{"type":"Feature","geometry":{"type":"Point","coordinates":[77.87667,30.49333]},"properties":{"Name_of_Ba":"","District":"DEHRADUN","River":"","Status":""}},
{"type":"Feature","geometry":{"type":"Point","coordinates":[77.87722,30.49222]},"properties":{"Name_of_Ba":"","District":"DEHRADUN","River":"","Status":""}},
{"type":"Feature","geometry":{"type":"Point","coordinates":[77.87667,30.49333]},"properties":{"Name_of_Ba":"","District":"DEHRADUN","River":"","Status":""}},
{"type":"Feature","geometry":{"type":"Point","coordinates":[77.8725,30.45028]},"properties":{"Name_of_Ba":"","District":"DEHRADUN","River":"","Status":""}},
{"type":"Feature","geometry":{"type":"Point","coordinates":[77.84944,30.445]},"properties":{"Name_of_Ba":"","District":"DEHRADUN","River":"","Status":""}},
{"type":"Feature","geometry":{"type":"Point","coordinates":[77.80833,30.35778]},"properties":{"Name_of_Ba":"","District":"DEHRADUN","River":"","Status":""}},
{"type":"Feature","geometry":{"type":"Point","coordinates":[77.70417,30.42778]},"properties":{"Name_of_Ba":"","District":"DEHRADUN","River":"","Status":""}},
{"type":"Feature","geometry":{"type":"Point","coordinates":[77.90167,30.44167]},"properties":{"Name_of_Ba":"","District":"DEHRADUN","River":"","Status":""}},
{"type":"Feature","geometry":{"type":"Point","coordinates":[77.90139,30.44139]},"properties":{"Name_of_Ba":"","District":"DEHRADUN","River":"","Status":""}},
{"type":"Feature","geometry":{"type":"Point","coordinates":[77.90417,30.44278]},"properties":{"Name_of_Ba":"","District":"DEHRADUN","River":"","Status":""}},
{"type":"Feature","geometry":{"type":"Point","coordinates":[77.90417,30.44278]},"properties":{"Name_of_Ba":"","District":"DEHRADUN","River":"","Status":""}},
{"type":"Feature","geometry":{"type":"Point","coordinates":[77.89694,30.44139]},"properties":{"Name_of_Ba":"","District":"DEHRADUN","River":"","Status":""}},
{"type":"Feature","geometry":{"type":"Point","coordinates":[77.90139,30.44139]},"properties":{"Name_of_Ba":"","District":"DEHRADUN","River":"","Status":""}},
{"type":"Feature","geometry":{"type":"Point","coordinates":[77.89667,30.44472]},"properties":{"Name_of_Ba":"","District":"DEHRADUN","River":"","Status":""}},
{"type":"Feature","geometry":{"type":"Point","coordinates":[77.73111,30.37056]},"properties":{"Name_of_Ba":"","District":"DEHRADUN","River":"","Status":""}},
{"type":"Feature","geometry":{"type":"Point","coordinates":[77.72694,30.375]},"properties":{"Name_of_Ba":"","District":"DEHRADUN","River":"","Status":""}},
{"type":"Feature","geometry":{"type":"Point","coordinates":[77.72694,30.37556]},"properties":{"Name_of_Ba":"","District":"DEHRADUN","River":"","Status":""}},
{"type":"Feature","geometry":{"type":"Point","coordinates":[77.87778,30.49083]},"properties":{"Name_of_Ba":"","District":"DEHRADUN","River":"","Status":""}},
{"type":"Feature","geometry":{"type":"Point","coordinates":[77.88194,30.48861]},"properties":{"Name_of_Ba":"","District":"DEHRADUN","River":"","Status":""}},
{"type":"Feature","geometry":{"type":"Point","coordinates":[77.88194,30.48833]},"properties":{"Name_of_Ba":"","District":"DEHRADUN","River":"","Status":""}},
{"type":"Feature","geometry":{"type":"Point","coordinates":[77.88778,30.47389]},"properties":{"Name_of_Ba":"","District":"DEHRADUN","River":"","Status":""}},
{"type":"Feature","geometry":{"type":"Point","coordinates":[78.02611,29.9725]},"properties":{"Name_of_Ba":"","District":"HARIDWAR","River":"","Status":""}},
{"type":"Feature","geometry":{"type":"Point","coordinates":[78.01778,29.97306]},"properties":{"Name_of_Ba":"","District":"HARIDWAR","River":"","Status":""}},
{"type":"Feature","geometry":{"type":"Point","coordinates":[78.02389,29.88111]},"properties":{"Name_of_Ba":"","District":"HARIDWAR","River":"","Status":""}},
{"type":"Feature","geometry":{"type":"Point","coordinates":[78.02694,29.87972]},"properties":{"Name_of_Ba":"","District":"HARIDWAR","River":"","Status":""}},
{"type":"Feature","geometry":{"type":"Point","coordinates":[78.02306,29.885]},"properties":{"Name_of_Ba":"","District":"HARIDWAR","River":"","Status":""}},
{"type":"Feature","geometry":{"type":"Point","coordinates":[78.01806,29.88389]},"properties":{"Name_of_Ba":"","District":"HARIDWAR","River":"","Status":""}},
{"type":"Feature","geometry":{"type":"Point","coordinates":[78.02056,29.86944]},"properties":{"Name_of_Ba":"","District":"HARIDWAR","River":"","Status":""}},
{"type":"Feature","geometry":{"type":"Point","coordinates":[78.02278,29.88556]},"properties":{"Name_of_Ba":"","District":"HARIDWAR","River":"","Status":""}},
{"type":"Feature","geometry":{"type":"Point","coordinates":[78,29.83306]},"properties":{"Name_of_Ba":"","District":"HARIDWAR","River":"","Status":""}},
{"type":"Feature","geometry":{"type":"Point","coordinates":[78.00111,29.83944]},"properties":{"Name_of_Ba":"","District":"HARIDWAR","River":"","Status":""}},
{"type":"Feature","geometry":{"type":"Point","coordinates":[78.00333,29.8375]},"properties":{"Name_of_Ba":"","District":"HARIDWAR","River":"","Status":""}},
{"type":"Feature","geometry":{"type":"Point","coordinates":[78.06306,29.89194]},"properties":{"Name_of_Ba":"","District":"HARIDWAR","River":"","Status":""}},
{"type":"Feature","geometry":{"type":"Point","coordinates":[78.06583,29.90028]},"properties":{"Name_of_Ba":"","District":"HARIDWAR","River":"","Status":""}},
{"type":"Feature","geometry":{"type":"Point","coordinates":[78.00333,29.98611]},"properties":{"Name_of_Ba":"","District":"HARIDWAR","River":"","Status":""}},
{"type":"Feature","geometry":{"type":"Point","coordinates":[78.00111,29.98722]},"properties":{"Name_of_Ba":"","District":"HARIDWAR","River":"","Status":""}},
{"type":"Feature","geometry":{"type":"Point","coordinates":[78.00556,29.98083]},"properties":{"Name_of_Ba":"","District":"HARIDWAR","River":"","Status":""}},
{"type":"Feature","geometry":{"type":"Point","coordinates":[78.00083,29.98722]},"properties":{"Name_of_Ba":"","District":"HARIDWAR","River":"","Status":""}},
{"type":"Feature","geometry":{"type":"Point","coordinates":[78.02583,29.99694]},"properties":{"Name_of_Ba":"","District":"HARIDWAR","River":"","Status":""}},
{"type":"Feature","geometry":{"type":"Point","coordinates":[78.12472,29.78889]},"properties":{"Name_of_Ba":"","District":"HARIDWAR","River":"","Status":""}},
{"type":"Feature","geometry":{"type":"Point","coordinates":[78.12944,29.79278]},"properties":{"Name_of_Ba":"","District":"HARIDWAR","River":"","Status":""}},
{"type":"Feature","geometry":{"type":"Point","coordinates":[78.12278,29.78639]},"properties":{"Name_of_Ba":"","District":"HARIDWAR","River":"","Status":""}},
{"type":"Feature","geometry":{"type":"Point","coordinates":[78.12333,29.78694]},"properties":{"Name_of_Ba":"","District":"HARIDWAR","River":"","Status":""}},
{"type":"Feature","geometry":{"type":"Point","coordinates":[78.12361,29.78722]},"properties":{"Name_of_Ba":"","District":"HARIDWAR","River":"","Status":""}},
{"type":"Feature","geometry":{"type":"Point","coordinates":[78.09,29.85417]},"properties":{"Name_of_Ba":"","District":"HARIDWAR","River":"","Status":""}},
{"type":"Feature","geometry":{"type":"Point","coordinates":[78.07833,29.85917]},"properties":{"Name_of_Ba":"","District":"HARIDWAR","River":"","Status":""}},
{"type":"Feature","geometry":{"type":"Point","coordinates":[78.08333,29.88139]},"properties":{"Name_of_Ba":"","District":"HARIDWAR","River":"","Status":""}},
{"type":"Feature","geometry":{"type":"Point","coordinates":[78.08139,29.8675]},"properties":{"Name_of_Ba":"","District":"HARIDWAR","River":"","Status":""}},
{"type":"Feature","geometry":{"type":"Point","coordinates":[78.09722,29.85806]},"properties":{"Name_of_Ba":"","District":"HARIDWAR","River":"","Status":""}},
{"type":"Feature","geometry":{"type":"Point","coordinates":[78.08417,29.88306]},"properties":{"Name_of_Ba":"","District":"HARIDWAR","River":"","Status":""}},
{"type":"Feature","geometry":{"type":"Point","coordinates":[78.06889,29.89806]},"properties":{"Name_of_Ba":"","District":"HARIDWAR","River":"","Status":""}},
{"type":"Feature","geometry":{"type":"Point","coordinates":[78.07806,29.85889]},"properties":{"Name_of_Ba":"","District":"HARIDWAR","River":"","Status":""}},
{"type":"Feature","geometry":{"type":"Point","coordinates":[78.09528,29.86139]},"properties":{"Name_of_Ba":"","District":"HARIDWAR","River":"","Status":""}},
{"type":"Feature","geometry":{"type":"Point","coordinates":[78.09361,29.85611]},"properties":{"Name_of_Ba":"","District":"HARIDWAR","River":"","Status":""}},
{"type":"Feature","geometry":{"type":"Point","coordinates":[78.13556,29.80139]},"properties":{"Name_of_Ba":"","District":"HARIDWAR","River":"","Status":""}},
{"type":"Feature","geometry":{"type":"Point","coordinates":[78.13389,29.79778]},"properties":{"Name_of_Ba":"","District":"HARIDWAR","River":"","Status":""}},
{"type":"Feature","geometry":{"type":"Point","coordinates":[78.13583,29.79722]},"properties":{"Name_of_Ba":"","District":"HARIDWAR","River":"","Status":""}},
{"type":"Feature","geometry":{"type":"Point","coordinates":[77.91472,29.98361]},"properties":{"Name_of_Ba":"","District":"HARIDWAR","River":"","Status":""}},
{"type":"Feature","geometry":{"type":"Point","coordinates":[78.045,29.9175]},"properties":{"Name_of_Ba":"","District":"HARIDWAR","River":"","Status":""}},
{"type":"Feature","geometry":{"type":"Point","coordinates":[78.10528,29.8775]},"properties":{"Name_of_Ba":"","District":"HARIDWAR","River":"","Status":""}},
{"type":"Feature","geometry":{"type":"Point","coordinates":[78.09972,29.88]},"properties":{"Name_of_Ba":"","District":"HARIDWAR","River":"","Status":""}},
{"type":"Feature","geometry":{"type":"Point","coordinates":[78.10278,29.88278]},"properties":{"Name_of_Ba":"","District":"HARIDWAR","River":"","Status":""}},
{"type":"Feature","geometry":{"type":"Point","coordinates":[78.10694,29.87972]},"properties":{"Name_of_Ba":"","District":"HARIDWAR","River":"","Status":""}},
{"type":"Feature","geometry":{"type":"Point","coordinates":[78.14639,29.85194]},"properties":{"Name_of_Ba":"","District":"HARIDWAR","River":"","Status":""}},
{"type":"Feature","geometry":{"type":"Point","coordinates":[77.99,29.84944]},"properties":{"Name_of_Ba":"","District":"HARIDWAR","River":"","Status":""}},
{"type":"Feature","geometry":{"type":"Point","coordinates":[77.99333,29.84917]},"properties":{"Name_of_Ba":"","District":"HARIDWAR","River":"","Status":""}},
{"type":"Feature","geometry":{"type":"Point","coordinates":[77.9925,29.85111]},"properties":{"Name_of_Ba":"","District":"HARIDWAR","River":"","Status":""}},
{"type":"Feature","geometry":{"type":"Point","coordinates":[77.99417,29.84917]},"properties":{"Name_of_Ba":"","District":"HARIDWAR","River":"","Status":""}},
{"type":"Feature","geometry":{"type":"Point","coordinates":[78.12861,29.85472]},"properties":{"Name_of_Ba":"","District":"HARIDWAR","River":"","Status":""}},
{"type":"Feature","geometry":{"type":"Point","coordinates":[77.91722,30.00889]},"properties":{"Name_of_Ba":"","District":"HARIDWAR","River":"","Status":""}},
{"type":"Feature","geometry":{"type":"Point","coordinates":[77.91667,30.00611]},"properties":{"Name_of_Ba":"","District":"HARIDWAR","River":"","Status":""}},
{"type":"Feature","geometry":{"type":"Point","coordinates":[77.96528,30.02361]},"properties":{"Name_of_Ba":"","District":"HARIDWAR","River":"","Status":""}},
{"type":"Feature","geometry":{"type":"Point","coordinates":[77.97222,30.02417]},"properties":{"Name_of_Ba":"","District":"HARIDWAR","River":"","Status":""}},
{"type":"Feature","geometry":{"type":"Point","coordinates":[77.96083,30.03472]},"properties":{"Name_of_Ba":"","District":"HARIDWAR","River":"","Status":""}},
{"type":"Feature","geometry":{"type":"Point","coordinates":[77.95611,30.02278]},"properties":{"Name_of_Ba":"","District":"HARIDWAR","River":"","Status":""}},
{"type":"Feature","geometry":{"type":"Point","coordinates":[78.10472,29.85056]},"properties":{"Name_of_Ba":"","District":"HARIDWAR","River":"","Status":""}},
{"type":"Feature","geometry":{"type":"Point","coordinates":[78.09611,29.84444]},"properties":{"Name_of_Ba":"","District":"HARIDWAR","River":"","Status":""}},
{"type":"Feature","geometry":{"type":"Point","coordinates":[78.10861,29.84472]},"properties":{"Name_of_Ba":"","District":"HARIDWAR","River":"","Status":""}},
{"type":"Feature","geometry":{"type":"Point","coordinates":[78.1125,29.84222]},"properties":{"Name_of_Ba":"","District":"HARIDWAR","River":"","Status":""}},
{"type":"Feature","geometry":{"type":"Point","coordinates":[78.04222,29.8525]},"properties":{"Name_of_Ba":"","District":"HARIDWAR","River":"","Status":""}},
{"type":"Feature","geometry":{"type":"Point","coordinates":[78.02972,29.84222]},"properties":{"Name_of_Ba":"","District":"HARIDWAR","River":"","Status":""}},
{"type":"Feature","geometry":{"type":"Point","coordinates":[78.21194,29.80167]},"properties":{"Name_of_Ba":"","District":"HARIDWAR","River":"","Status":""}},
{"type":"Feature","geometry":{"type":"Point","coordinates":[78.21028,29.805]},"properties":{"Name_of_Ba":"","District":"HARIDWAR","River":"","Status":""}},
{"type":"Feature","geometry":{"type":"Point","coordinates":[78.21167,29.80167]},"properties":{"Name_of_Ba":"","District":"HARIDWAR","River":"","Status":""}},
{"type":"Feature","geometry":{"type":"Point","coordinates":[78.21639,29.80472]},"properties":{"Name_of_Ba":"","District":"HARIDWAR","River":"","Status":""}},
{"type":"Feature","geometry":{"type":"Point","coordinates":[78.24833,29.79778]},"properties":{"Name_of_Ba":"","District":"HARIDWAR","River":"","Status":""}},
{"type":"Feature","geometry":{"type":"Point","coordinates":[78.10972,29.89111]},"properties":{"Name_of_Ba":"","District":"HARIDWAR","River":"","Status":""}},
{"type":"Feature","geometry":{"type":"Point","coordinates":[78.17694,29.88194]},"properties":{"Name_of_Ba":"","District":"HARIDWAR","River":"","Status":""}},
{"type":"Feature","geometry":{"type":"Point","coordinates":[77.99889,29.94889]},"properties":{"Name_of_Ba":"","District":"HARIDWAR","River":"","Status":""}},
{"type":"Feature","geometry":{"type":"Point","coordinates":[77.99472,29.95056]},"properties":{"Name_of_Ba":"","District":"HARIDWAR","River":"","Status":""}},
{"type":"Feature","geometry":{"type":"Point","coordinates":[77.90694,29.97361]},"properties":{"Name_of_Ba":"","District":"HARIDWAR","River":"","Status":""}},
{"type":"Feature","geometry":{"type":"Point","coordinates":[78.12806,29.90861]},"properties":{"Name_of_Ba":"","District":"HARIDWAR","River":"","Status":""}},
{"type":"Feature","geometry":{"type":"Point","coordinates":[78.00306,29.81833]},"properties":{"Name_of_Ba":"","District":"HARIDWAR","River":"","Status":""}},
{"type":"Feature","geometry":{"type":"Point","coordinates":[78.13194,29.88306]},"properties":{"Name_of_Ba":"","District":"HARIDWAR","River":"","Status":""}},
{"type":"Feature","geometry":{"type":"Point","coordinates":[78.12528,29.87361]},"properties":{"Name_of_Ba":"","District":"HARIDWAR","River":"","Status":""}},
{"type":"Feature","geometry":{"type":"Point","coordinates":[78.1225,29.90306]},"properties":{"Name_of_Ba":"","District":"HARIDWAR","River":"","Status":""}},
{"type":"Feature","geometry":{"type":"Point","coordinates":[78.12167,29.90194]},"properties":{"Name_of_Ba":"","District":"HARIDWAR","River":"","Status":""}},
{"type":"Feature","geometry":{"type":"Point","coordinates":[78.12056,29.90194]},"properties":{"Name_of_Ba":"","District":"HARIDWAR","River":"","Status":""}},
{"type":"Feature","geometry":{"type":"Point","coordinates":[78.12139,29.90139]},"properties":{"Name_of_Ba":"","District":"HARIDWAR","River":"","Status":""}},
{"type":"Feature","geometry":{"type":"Point","coordinates":[77.95361,29.9675]},"properties":{"Name_of_Ba":"","District":"HARIDWAR","River":"","Status":""}},
{"type":"Feature","geometry":{"type":"Point","coordinates":[77.955,29.96028]},"properties":{"Name_of_Ba":"","District":"HARIDWAR","River":"","Status":""}},
{"type":"Feature","geometry":{"type":"Point","coordinates":[77.95278,29.97111]},"properties":{"Name_of_Ba":"","District":"HARIDWAR","River":"","Status":""}},
{"type":"Feature","geometry":{"type":"Point","coordinates":[77.95639,29.96444]},"properties":{"Name_of_Ba":"","District":"HARIDWAR","River":"","Status":""}},
{"type":"Feature","geometry":{"type":"Point","coordinates":[77.99667,29.84778]},"properties":{"Name_of_Ba":"","District":"HARIDWAR","River":"","Status":""}},
{"type":"Feature","geometry":{"type":"Point","coordinates":[78.0175,29.9225]},"properties":{"Name_of_Ba":"","District":"HARIDWAR","River":"","Status":""}},
{"type":"Feature","geometry":{"type":"Point","coordinates":[78.02083,29.92278]},"properties":{"Name_of_Ba":"","District":"HARIDWAR","River":"","Status":""}},
{"type":"Feature","geometry":{"type":"Point","coordinates":[78.01889,29.92333]},"properties":{"Name_of_Ba":"","District":"HARIDWAR","River":"","Status":""}},
{"type":"Feature","geometry":{"type":"Point","coordinates":[77.98694,30.00972]},"properties":{"Name_of_Ba":"","District":"HARIDWAR","River":"","Status":""}},
{"type":"Feature","geometry":{"type":"Point","coordinates":[78.12,29.88]},"properties":{"Name_of_Ba":"","District":"HARIDWAR","River":"","Status":""}},
{"type":"Feature","geometry":{"type":"Point","coordinates":[77.94444,29.9725]},"properties":{"Name_of_Ba":"","District":"HARIDWAR","River":"","Status":""}},
{"type":"Feature","geometry":{"type":"Point","coordinates":[77.95167,29.97972]},"properties":{"Name_of_Ba":"","District":"HARIDWAR","River":"","Status":""}},
{"type":"Feature","geometry":{"type":"Point","coordinates":[78.12806,29.86583]},"properties":{"Name_of_Ba":"","District":"HARIDWAR","River":"","Status":""}},
{"type":"Feature","geometry":{"type":"Point","coordinates":[78.12806,29.86861]},"properties":{"Name_of_Ba":"","District":"HARIDWAR","River":"","Status":""}},
{"type":"Feature","geometry":{"type":"Point","coordinates":[78.12861,29.86667]},"properties":{"Name_of_Ba":"","District":"HARIDWAR","River":"","Status":""}},
{"type":"Feature","geometry":{"type":"Point","coordinates":[78.13111,29.86944]},"properties":{"Name_of_Ba":"","District":"HARIDWAR","River":"","Status":""}},
{"type":"Feature","geometry":{"type":"Point","coordinates":[78.13167,29.86611]},"properties":{"Name_of_Ba":"","District":"HARIDWAR","River":"","Status":""}},
{"type":"Feature","geometry":{"type":"Point","coordinates":[77.9925,29.94194]},"properties":{"Name_of_Ba":"","District":"HARIDWAR","River":"","Status":""}},
{"type":"Feature","geometry":{"type":"Point","coordinates":[78.305,29.83083]},"properties":{"Name_of_Ba":"","District":"HARIDWAR","River":"","Status":""}},
{"type":"Feature","geometry":{"type":"Point","coordinates":[78.30194,29.83083]},"properties":{"Name_of_Ba":"","District":"HARIDWAR","River":"","Status":""}},
{"type":"Feature","geometry":{"type":"Point","coordinates":[78.30056,29.83389]},"properties":{"Name_of_Ba":"","District":"HARIDWAR","River":"","Status":""}},
{"type":"Feature","geometry":{"type":"Point","coordinates":[77.90361,29.995]},"properties":{"Name_of_Ba":"","District":"HARIDWAR","River":"","Status":""}},
{"type":"Feature","geometry":{"type":"Point","coordinates":[77.99833,29.95417]},"properties":{"Name_of_Ba":"","District":"HARIDWAR","River":"","Status":""}},
{"type":"Feature","geometry":{"type":"Point","coordinates":[77.99694,29.95389]},"properties":{"Name_of_Ba":"","District":"HARIDWAR","River":"","Status":""}},
{"type":"Feature","geometry":{"type":"Point","coordinates":[78.13306,29.89028]},"properties":{"Name_of_Ba":"","District":"HARIDWAR","River":"","Status":""}},
{"type":"Feature","geometry":{"type":"Point","coordinates":[78.13333,29.88972]},"properties":{"Name_of_Ba":"","District":"HARIDWAR","River":"","Status":""}},
{"type":"Feature","geometry":{"type":"Point","coordinates":[78.13389,29.88917]},"properties":{"Name_of_Ba":"","District":"HARIDWAR","River":"","Status":""}},
{"type":"Feature","geometry":{"type":"Point","coordinates":[78.135,29.88722]},"properties":{"Name_of_Ba":"","District":"HARIDWAR","River":"","Status":""}},
{"type":"Feature","geometry":{"type":"Point","coordinates":[78.24278,29.81639]},"properties":{"Name_of_Ba":"","District":"HARIDWAR","River":"","Status":""}},
{"type":"Feature","geometry":{"type":"Point","coordinates":[78.00944,29.82417]},"properties":{"Name_of_Ba":"","District":"HARIDWAR","River":"","Status":""}},
{"type":"Feature","geometry":{"type":"Point","coordinates":[78.01,29.82389]},"properties":{"Name_of_Ba":"","District":"HARIDWAR","River":"","Status":""}},
{"type":"Feature","geometry":{"type":"Point","coordinates":[78.13083,29.86528]},"properties":{"Name_of_Ba":"","District":"HARIDWAR","River":"","Status":""}},
{"type":"Feature","geometry":{"type":"Point","coordinates":[78.12722,29.87972]},"properties":{"Name_of_Ba":"","District":"HARIDWAR","River":"","Status":""}},
{"type":"Feature","geometry":{"type":"Point","coordinates":[78.12806,29.88]},"properties":{"Name_of_Ba":"","District":"HARIDWAR","River":"","Status":""}},
{"type":"Feature","geometry":{"type":"Point","coordinates":[78.13444,29.88528]},"properties":{"Name_of_Ba":"","District":"HARIDWAR","River":"","Status":""}},
{"type":"Feature","geometry":{"type":"Point","coordinates":[78.13389,29.88361]},"properties":{"Name_of_Ba":"","District":"HARIDWAR","River":"","Status":""}},
{"type":"Feature","geometry":{"type":"Point","coordinates":[78.12667,29.88333]},"properties":{"Name_of_Ba":"","District":"HARIDWAR","River":"","Status":""}},
{"type":"Feature","geometry":{"type":"Point","coordinates":[78.25361,29.84778]},"properties":{"Name_of_Ba":"","District":"HARIDWAR","River":"","Status":""}},
{"type":"Feature","geometry":{"type":"Point","coordinates":[78.23583,29.83889]},"properties":{"Name_of_Ba":"","District":"HARIDWAR","River":"","Status":""}},
{"type":"Feature","geometry":{"type":"Point","coordinates":[78.00944,29.80694]},"properties":{"Name_of_Ba":"","District":"HARIDWAR","River":"","Status":""}},
{"type":"Feature","geometry":{"type":"Point","coordinates":[78.01056,29.80972]},"properties":{"Name_of_Ba":"","District":"HARIDWAR","River":"","Status":""}},
{"type":"Feature","geometry":{"type":"Point","coordinates":[78.00861,29.805]},"properties":{"Name_of_Ba":"","District":"HARIDWAR","River":"","Status":""}},
{"type":"Feature","geometry":{"type":"Point","coordinates":[78.12056,29.85333]},"properties":{"Name_of_Ba":"","District":"HARIDWAR","River":"","Status":""}},
{"type":"Feature","geometry":{"type":"Point","coordinates":[78.11806,29.86306]},"properties":{"Name_of_Ba":"","District":"HARIDWAR","River":"","Status":""}},
{"type":"Feature","geometry":{"type":"Point","coordinates":[78.11444,29.85611]},"properties":{"Name_of_Ba":"","District":"HARIDWAR","River":"","Status":""}},
{"type":"Feature","geometry":{"type":"Point","coordinates":[78.11778,29.84944]},"properties":{"Name_of_Ba":"","District":"HARIDWAR","River":"","Status":""}},
{"type":"Feature","geometry":{"type":"Point","coordinates":[78.1125,29.85306]},"properties":{"Name_of_Ba":"","District":"HARIDWAR","River":"","Status":""}},
{"type":"Feature","geometry":{"type":"Point","coordinates":[78.00417,29.95972]},"properties":{"Name_of_Ba":"","District":"HARIDWAR","River":"","Status":""}},
{"type":"Feature","geometry":{"type":"Point","coordinates":[78.0025,29.8575]},"properties":{"Name_of_Ba":"","District":"HARIDWAR","River":"","Status":""}},
{"type":"Feature","geometry":{"type":"Point","coordinates":[77.96722,30.04306]},"properties":{"Name_of_Ba":"","District":"HARIDWAR","River":"","Status":""}},
{"type":"Feature","geometry":{"type":"Point","coordinates":[77.9675,30.04528]},"properties":{"Name_of_Ba":"","District":"HARIDWAR","River":"","Status":""}},
{"type":"Feature","geometry":{"type":"Point","coordinates":[78.28,29.83861]},"properties":{"Name_of_Ba":"","District":"HARIDWAR","River":"","Status":""}},
{"type":"Feature","geometry":{"type":"Point","coordinates":[78.28917,29.87028]},"properties":{"Name_of_Ba":"","District":"HARIDWAR","River":"","Status":""}},
{"type":"Feature","geometry":{"type":"Point","coordinates":[78.28139,29.85167]},"properties":{"Name_of_Ba":"","District":"HARIDWAR","River":"","Status":""}},
{"type":"Feature","geometry":{"type":"Point","coordinates":[78.28667,29.86472]},"properties":{"Name_of_Ba":"","District":"HARIDWAR","River":"","Status":""}},
{"type":"Feature","geometry":{"type":"Point","coordinates":[78.03917,29.90028]},"properties":{"Name_of_Ba":"","District":"HARIDWAR","River":"","Status":""}},
{"type":"Feature","geometry":{"type":"Point","coordinates":[78.03917,29.89889]},"properties":{"Name_of_Ba":"","District":"HARIDWAR","River":"","Status":""}},
{"type":"Feature","geometry":{"type":"Point","coordinates":[78.04083,29.90472]},"properties":{"Name_of_Ba":"","District":"HARIDWAR","River":"","Status":""}},
{"type":"Feature","geometry":{"type":"Point","coordinates":[78.03861,29.90056]},"properties":{"Name_of_Ba":"","District":"HARIDWAR","River":"","Status":""}},
{"type":"Feature","geometry":{"type":"Point","coordinates":[78.03972,29.89944]},"properties":{"Name_of_Ba":"","District":"HARIDWAR","River":"","Status":""}},
{"type":"Feature","geometry":{"type":"Point","coordinates":[77.98417,29.81139]},"properties":{"Name_of_Ba":"","District":"HARIDWAR","River":"","Status":""}},
{"type":"Feature","geometry":{"type":"Point","coordinates":[77.99,29.81833]},"properties":{"Name_of_Ba":"","District":"HARIDWAR","River":"","Status":""}},
{"type":"Feature","geometry":{"type":"Point","coordinates":[77.98361,29.81278]},"properties":{"Name_of_Ba":"","District":"HARIDWAR","River":"","Status":""}},
{"type":"Feature","geometry":{"type":"Point","coordinates":[77.99389,29.81444]},"properties":{"Name_of_Ba":"","District":"HARIDWAR","River":"","Status":""}},
{"type":"Feature","geometry":{"type":"Point","coordinates":[77.98389,29.81194]},"properties":{"Name_of_Ba":"","District":"HARIDWAR","River":"","Status":""}},
{"type":"Feature","geometry":{"type":"Point","coordinates":[78.13222,29.81611]},"properties":{"Name_of_Ba":"","District":"HARIDWAR","River":"","Status":""}},
{"type":"Feature","geometry":{"type":"Point","coordinates":[78.13611,29.80917]},"properties":{"Name_of_Ba":"","District":"HARIDWAR","River":"","Status":""}},
{"type":"Feature","geometry":{"type":"Point","coordinates":[78.13917,29.81167]},"properties":{"Name_of_Ba":"","District":"HARIDWAR","River":"","Status":""}},
{"type":"Feature","geometry":{"type":"Point","coordinates":[78.13556,29.80806]},"properties":{"Name_of_Ba":"","District":"HARIDWAR","River":"","Status":""}},
{"type":"Feature","geometry":{"type":"Point","coordinates":[78.17861,29.84917]},"properties":{"Name_of_Ba":"","District":"HARIDWAR","River":"","Status":""}},
{"type":"Feature","geometry":{"type":"Point","coordinates":[78.10194,29.89667]},"properties":{"Name_of_Ba":"","District":"HARIDWAR","River":"","Status":""}},
{"type":"Feature","geometry":{"type":"Point","coordinates":[78.11417,29.88944]},"properties":{"Name_of_Ba":"","District":"HARIDWAR","River":"","Status":""}},
{"type":"Feature","geometry":{"type":"Point","coordinates":[78.01,29.86]},"properties":{"Name_of_Ba":"","District":"HARIDWAR","River":"","Status":""}},
{"type":"Feature","geometry":{"type":"Point","coordinates":[78.01556,29.86111]},"properties":{"Name_of_Ba":"","District":"HARIDWAR","River":"","Status":""}},
{"type":"Feature","geometry":{"type":"Point","coordinates":[78.02167,29.85611]},"properties":{"Name_of_Ba":"","District":"HARIDWAR","River":"","Status":""}},
{"type":"Feature","geometry":{"type":"Point","coordinates":[78.03306,29.85639]},"properties":{"Name_of_Ba":"","District":"HARIDWAR","River":"","Status":""}},
{"type":"Feature","geometry":{"type":"Point","coordinates":[78.01694,29.86694]},"properties":{"Name_of_Ba":"","District":"HARIDWAR","River":"","Status":""}},
{"type":"Feature","geometry":{"type":"Point","coordinates":[78.02139,29.85944]},"properties":{"Name_of_Ba":"","District":"HARIDWAR","River":"","Status":""}},
{"type":"Feature","geometry":{"type":"Point","coordinates":[77.97,29.95889]},"properties":{"Name_of_Ba":"","District":"HARIDWAR","River":"","Status":""}},
{"type":"Feature","geometry":{"type":"Point","coordinates":[77.97167,29.96111]},"properties":{"Name_of_Ba":"","District":"HARIDWAR","River":"","Status":""}},
{"type":"Feature","geometry":{"type":"Point","coordinates":[77.97583,29.95417]},"properties":{"Name_of_Ba":"","District":"HARIDWAR","River":"","Status":""}},
{"type":"Feature","geometry":{"type":"Point","coordinates":[78.18083,29.86583]},"properties":{"Name_of_Ba":"","District":"HARIDWAR","River":"","Status":""}},
{"type":"Feature","geometry":{"type":"Point","coordinates":[78.06028,29.93889]},"properties":{"Name_of_Ba":"","District":"HARIDWAR","River":"","Status":""}},
{"type":"Feature","geometry":{"type":"Point","coordinates":[78.03472,29.93861]},"properties":{"Name_of_Ba":"","District":"HARIDWAR","River":"","Status":""}},
{"type":"Feature","geometry":{"type":"Point","coordinates":[77.9125,29.96194]},"properties":{"Name_of_Ba":"","District":"HARIDWAR","River":"","Status":""}},
{"type":"Feature","geometry":{"type":"Point","coordinates":[77.91111,29.96556]},"properties":{"Name_of_Ba":"","District":"HARIDWAR","River":"","Status":""}},
{"type":"Feature","geometry":{"type":"Point","coordinates":[77.91556,29.96639]},"properties":{"Name_of_Ba":"","District":"HARIDWAR","River":"","Status":""}},
{"type":"Feature","geometry":{"type":"Point","coordinates":[77.91194,29.96417]},"properties":{"Name_of_Ba":"","District":"HARIDWAR","River":"","Status":""}},
{"type":"Feature","geometry":{"type":"Point","coordinates":[78.11,29.76833]},"properties":{"Name_of_Ba":"","District":"HARIDWAR","River":"","Status":""}},
{"type":"Feature","geometry":{"type":"Point","coordinates":[78.10667,29.76139]},"properties":{"Name_of_Ba":"","District":"HARIDWAR","River":"","Status":""}},
{"type":"Feature","geometry":{"type":"Point","coordinates":[77.99639,30.00917]},"properties":{"Name_of_Ba":"","District":"HARIDWAR","River":"","Status":""}},
{"type":"Feature","geometry":{"type":"Point","coordinates":[77.99611,30.00889]},"properties":{"Name_of_Ba":"","District":"HARIDWAR","River":"","Status":""}},
{"type":"Feature","geometry":{"type":"Point","coordinates":[77.99806,30.01]},"properties":{"Name_of_Ba":"","District":"HARIDWAR","River":"","Status":""}},
{"type":"Feature","geometry":{"type":"Point","coordinates":[78.09722,29.75639]},"properties":{"Name_of_Ba":"","District":"HARIDWAR","River":"","Status":""}},
{"type":"Feature","geometry":{"type":"Point","coordinates":[78.09722,29.75611]},"properties":{"Name_of_Ba":"","District":"HARIDWAR","River":"","Status":""}},
{"type":"Feature","geometry":{"type":"Point","coordinates":[78.13556,29.80111]},"properties":{"Name_of_Ba":"","District":"HARIDWAR","River":"","Status":""}},
{"type":"Feature","geometry":{"type":"Point","coordinates":[78.13528,29.80111]},"properties":{"Name_of_Ba":"","District":"HARIDWAR","River":"","Status":""}},
{"type":"Feature","geometry":{"type":"Point","coordinates":[77.83694,29.98028]},"properties":{"Name_of_Ba":"","District":"HARIDWAR","River":"","Status":""}},
{"type":"Feature","geometry":{"type":"Point","coordinates":[77.83194,29.97722]},"properties":{"Name_of_Ba":"","District":"HARIDWAR","River":"","Status":""}},
{"type":"Feature","geometry":{"type":"Point","coordinates":[77.77556,30.04278]},"properties":{"Name_of_Ba":"","District":"HARIDWAR","River":"","Status":""}},
{"type":"Feature","geometry":{"type":"Point","coordinates":[77.77333,30.04111]},"properties":{"Name_of_Ba":"","District":"HARIDWAR","River":"","Status":""}},
{"type":"Feature","geometry":{"type":"Point","coordinates":[77.77833,30.04361]},"properties":{"Name_of_Ba":"","District":"HARIDWAR","River":"","Status":""}},
{"type":"Feature","geometry":{"type":"Point","coordinates":[77.79611,29.88333]},"properties":{"Name_of_Ba":"","District":"HARIDWAR","River":"","Status":""}},
{"type":"Feature","geometry":{"type":"Point","coordinates":[77.79667,29.88194]},"properties":{"Name_of_Ba":"","District":"HARIDWAR","River":"","Status":""}},
{"type":"Feature","geometry":{"type":"Point","coordinates":[77.75417,29.94361]},"properties":{"Name_of_Ba":"","District":"HARIDWAR","River":"","Status":""}},
{"type":"Feature","geometry":{"type":"Point","coordinates":[77.78889,29.86417]},"properties":{"Name_of_Ba":"","District":"HARIDWAR","River":"","Status":""}},
{"type":"Feature","geometry":{"type":"Point","coordinates":[77.78639,29.86722]},"properties":{"Name_of_Ba":"","District":"HARIDWAR","River":"","Status":""}},
{"type":"Feature","geometry":{"type":"Point","coordinates":[77.78833,29.86667]},"properties":{"Name_of_Ba":"","District":"HARIDWAR","River":"","Status":""}},
{"type":"Feature","geometry":{"type":"Point","coordinates":[77.78556,29.86306]},"properties":{"Name_of_Ba":"","District":"HARIDWAR","River":"","Status":""}},
{"type":"Feature","geometry":{"type":"Point","coordinates":[77.81028,29.99056]},"properties":{"Name_of_Ba":"","District":"HARIDWAR","River":"","Status":""}},
{"type":"Feature","geometry":{"type":"Point","coordinates":[77.80722,29.98611]},"properties":{"Name_of_Ba":"","District":"HARIDWAR","River":"","Status":""}},
{"type":"Feature","geometry":{"type":"Point","coordinates":[77.81083,29.9875]},"properties":{"Name_of_Ba":"","District":"HARIDWAR","River":"","Status":""}},
{"type":"Feature","geometry":{"type":"Point","coordinates":[77.79194,29.88472]},"properties":{"Name_of_Ba":"","District":"HARIDWAR","River":"","Status":""}},
{"type":"Feature","geometry":{"type":"Point","coordinates":[77.78917,29.88917]},"properties":{"Name_of_Ba":"","District":"HARIDWAR","River":"","Status":""}},
{"type":"Feature","geometry":{"type":"Point","coordinates":[77.79083,29.88639]},"properties":{"Name_of_Ba":"","District":"HARIDWAR","River":"","Status":""}},
{"type":"Feature","geometry":{"type":"Point","coordinates":[77.79167,29.88889]},"properties":{"Name_of_Ba":"","District":"HARIDWAR","River":"","Status":""}},
{"type":"Feature","geometry":{"type":"Point","coordinates":[77.87306,30.11778]},"properties":{"Name_of_Ba":"","District":"HARIDWAR","River":"","Status":""}},
{"type":"Feature","geometry":{"type":"Point","coordinates":[77.87722,30.115]},"properties":{"Name_of_Ba":"","District":"HARIDWAR","River":"","Status":""}},
{"type":"Feature","geometry":{"type":"Point","coordinates":[77.74611,29.87528]},"properties":{"Name_of_Ba":"","District":"HARIDWAR","River":"","Status":""}},
{"type":"Feature","geometry":{"type":"Point","coordinates":[77.74917,29.87222]},"properties":{"Name_of_Ba":"","District":"HARIDWAR","River":"","Status":""}},
{"type":"Feature","geometry":{"type":"Point","coordinates":[77.75083,29.87333]},"properties":{"Name_of_Ba":"","District":"HARIDWAR","River":"","Status":""}},
{"type":"Feature","geometry":{"type":"Point","coordinates":[77.75472,29.89333]},"properties":{"Name_of_Ba":"","District":"HARIDWAR","River":"","Status":""}},
{"type":"Feature","geometry":{"type":"Point","coordinates":[77.75222,29.89472]},"properties":{"Name_of_Ba":"","District":"HARIDWAR","River":"","Status":""}},
{"type":"Feature","geometry":{"type":"Point","coordinates":[77.74972,29.8975]},"properties":{"Name_of_Ba":"","District":"HARIDWAR","River":"","Status":""}},
{"type":"Feature","geometry":{"type":"Point","coordinates":[77.74944,29.89139]},"properties":{"Name_of_Ba":"","District":"HARIDWAR","River":"","Status":""}},
{"type":"Feature","geometry":{"type":"Point","coordinates":[77.75417,29.89194]},"properties":{"Name_of_Ba":"","District":"HARIDWAR","River":"","Status":""}},
{"type":"Feature","geometry":{"type":"Point","coordinates":[77.72944,29.8625]},"properties":{"Name_of_Ba":"","District":"HARIDWAR","River":"","Status":""}},
{"type":"Feature","geometry":{"type":"Point","coordinates":[77.73278,29.86]},"properties":{"Name_of_Ba":"","District":"HARIDWAR","River":"","Status":""}},
{"type":"Feature","geometry":{"type":"Point","coordinates":[77.73694,29.85917]},"properties":{"Name_of_Ba":"","District":"HARIDWAR","River":"","Status":""}},
{"type":"Feature","geometry":{"type":"Point","coordinates":[77.73361,29.85806]},"properties":{"Name_of_Ba":"","District":"HARIDWAR","River":"","Status":""}},
{"type":"Feature","geometry":{"type":"Point","coordinates":[77.77694,29.98972]},"properties":{"Name_of_Ba":"","District":"HARIDWAR","River":"","Status":""}},
{"type":"Feature","geometry":{"type":"Point","coordinates":[77.77278,29.98972]},"properties":{"Name_of_Ba":"","District":"HARIDWAR","River":"","Status":""}},
{"type":"Feature","geometry":{"type":"Point","coordinates":[77.76722,29.99278]},"properties":{"Name_of_Ba":"","District":"HARIDWAR","River":"","Status":""}},
{"type":"Feature","geometry":{"type":"Point","coordinates":[77.77583,29.99]},"properties":{"Name_of_Ba":"","District":"HARIDWAR","River":"","Status":""}},
{"type":"Feature","geometry":{"type":"Point","coordinates":[77.77139,29.99056]},"properties":{"Name_of_Ba":"","District":"HARIDWAR","River":"","Status":""}},
{"type":"Feature","geometry":{"type":"Point","coordinates":[77.76806,29.91056]},"properties":{"Name_of_Ba":"","District":"HARIDWAR","River":"","Status":""}},
{"type":"Feature","geometry":{"type":"Point","coordinates":[77.76972,29.91083]},"properties":{"Name_of_Ba":"","District":"HARIDWAR","River":"","Status":""}},
{"type":"Feature","geometry":{"type":"Point","coordinates":[77.76972,29.91028]},"properties":{"Name_of_Ba":"","District":"HARIDWAR","River":"","Status":""}},
{"type":"Feature","geometry":{"type":"Point","coordinates":[77.76528,29.91278]},"properties":{"Name_of_Ba":"","District":"HARIDWAR","River":"","Status":""}},
{"type":"Feature","geometry":{"type":"Point","coordinates":[77.80528,29.99583]},"properties":{"Name_of_Ba":"","District":"HARIDWAR","River":"","Status":""}},
{"type":"Feature","geometry":{"type":"Point","coordinates":[77.81083,29.99694]},"properties":{"Name_of_Ba":"","District":"HARIDWAR","River":"","Status":""}},
{"type":"Feature","geometry":{"type":"Point","coordinates":[77.80611,30.00306]},"properties":{"Name_of_Ba":"","District":"HARIDWAR","River":"","Status":""}},
{"type":"Feature","geometry":{"type":"Point","coordinates":[77.80694,30.00139]},"properties":{"Name_of_Ba":"","District":"HARIDWAR","River":"","Status":""}},
{"type":"Feature","geometry":{"type":"Point","coordinates":[77.80639,30.00611]},"properties":{"Name_of_Ba":"","District":"HARIDWAR","River":"","Status":""}},
{"type":"Feature","geometry":{"type":"Point","coordinates":[77.75056,29.92278]},"properties":{"Name_of_Ba":"","District":"HARIDWAR","River":"","Status":""}},
{"type":"Feature","geometry":{"type":"Point","coordinates":[77.75222,29.92528]},"properties":{"Name_of_Ba":"","District":"HARIDWAR","River":"","Status":""}},
{"type":"Feature","geometry":{"type":"Point","coordinates":[77.86667,29.945]},"properties":{"Name_of_Ba":"","District":"HARIDWAR","River":"","Status":""}},
{"type":"Feature","geometry":{"type":"Point","coordinates":[77.87944,30.08444]},"properties":{"Name_of_Ba":"","District":"HARIDWAR","River":"","Status":""}},
{"type":"Feature","geometry":{"type":"Point","coordinates":[77.73583,29.88694]},"properties":{"Name_of_Ba":"","District":"HARIDWAR","River":"","Status":""}},
{"type":"Feature","geometry":{"type":"Point","coordinates":[77.72917,29.88833]},"properties":{"Name_of_Ba":"","District":"HARIDWAR","River":"","Status":""}},
{"type":"Feature","geometry":{"type":"Point","coordinates":[77.855,30.08972]},"properties":{"Name_of_Ba":"","District":"HARIDWAR","River":"","Status":""}},
{"type":"Feature","geometry":{"type":"Point","coordinates":[77.845,30.09389]},"properties":{"Name_of_Ba":"","District":"HARIDWAR","River":"","Status":""}},
{"type":"Feature","geometry":{"type":"Point","coordinates":[77.79417,29.97167]},"properties":{"Name_of_Ba":"","District":"HARIDWAR","River":"","Status":""}},
{"type":"Feature","geometry":{"type":"Point","coordinates":[77.86722,29.93528]},"properties":{"Name_of_Ba":"","District":"HARIDWAR","River":"","Status":""}},
{"type":"Feature","geometry":{"type":"Point","coordinates":[77.86139,29.92972]},"properties":{"Name_of_Ba":"","District":"HARIDWAR","River":"","Status":""}},
{"type":"Feature","geometry":{"type":"Point","coordinates":[77.86111,29.92889]},"properties":{"Name_of_Ba":"","District":"HARIDWAR","River":"","Status":""}},
{"type":"Feature","geometry":{"type":"Point","coordinates":[77.85778,29.93028]},"properties":{"Name_of_Ba":"","District":"HARIDWAR","River":"","Status":""}},
{"type":"Feature","geometry":{"type":"Point","coordinates":[77.86056,29.93139]},"properties":{"Name_of_Ba":"","District":"HARIDWAR","River":"","Status":""}},
{"type":"Feature","geometry":{"type":"Point","coordinates":[77.86722,29.93222]},"properties":{"Name_of_Ba":"","District":"HARIDWAR","River":"","Status":""}},
{"type":"Feature","geometry":{"type":"Point","coordinates":[77.83944,29.96278]},"properties":{"Name_of_Ba":"","District":"HARIDWAR","River":"","Status":""}},
{"type":"Feature","geometry":{"type":"Point","coordinates":[77.835,29.96278]},"properties":{"Name_of_Ba":"","District":"HARIDWAR","River":"","Status":""}},
{"type":"Feature","geometry":{"type":"Point","coordinates":[77.83306,29.96194]},"properties":{"Name_of_Ba":"","District":"HARIDWAR","River":"","Status":""}},
{"type":"Feature","geometry":{"type":"Point","coordinates":[77.79444,30.00861]},"properties":{"Name_of_Ba":"","District":"HARIDWAR","River":"","Status":""}},
{"type":"Feature","geometry":{"type":"Point","coordinates":[77.78556,30.01028]},"properties":{"Name_of_Ba":"","District":"HARIDWAR","River":"","Status":""}},
{"type":"Feature","geometry":{"type":"Point","coordinates":[77.79083,30.01194]},"properties":{"Name_of_Ba":"","District":"HARIDWAR","River":"","Status":""}},
{"type":"Feature","geometry":{"type":"Point","coordinates":[77.77694,30.01611]},"properties":{"Name_of_Ba":"","District":"HARIDWAR","River":"","Status":""}},
{"type":"Feature","geometry":{"type":"Point","coordinates":[77.77667,30.01472]},"properties":{"Name_of_Ba":"","District":"HARIDWAR","River":"","Status":""}},
{"type":"Feature","geometry":{"type":"Point","coordinates":[77.785,29.86306]},"properties":{"Name_of_Ba":"","District":"HARIDWAR","River":"","Status":""}},
{"type":"Feature","geometry":{"type":"Point","coordinates":[77.89139,29.98528]},"properties":{"Name_of_Ba":"","District":"HARIDWAR","River":"","Status":""}},
{"type":"Feature","geometry":{"type":"Point","coordinates":[77.89111,29.985]},"properties":{"Name_of_Ba":"","District":"HARIDWAR","River":"","Status":""}},
{"type":"Feature","geometry":{"type":"Point","coordinates":[77.88639,29.98944]},"properties":{"Name_of_Ba":"","District":"HARIDWAR","River":"","Status":""}},
{"type":"Feature","geometry":{"type":"Point","coordinates":[77.88667,29.98444]},"properties":{"Name_of_Ba":"","District":"HARIDWAR","River":"","Status":""}},
{"type":"Feature","geometry":{"type":"Point","coordinates":[77.89139,29.98583]},"properties":{"Name_of_Ba":"","District":"HARIDWAR","River":"","Status":""}},
{"type":"Feature","geometry":{"type":"Point","coordinates":[77.89139,29.98556]},"properties":{"Name_of_Ba":"","District":"HARIDWAR","River":"","Status":""}},
{"type":"Feature","geometry":{"type":"Point","coordinates":[77.88944,29.97306]},"properties":{"Name_of_Ba":"","District":"HARIDWAR","River":"","Status":""}},
{"type":"Feature","geometry":{"type":"Point","coordinates":[77.80111,29.89278]},"properties":{"Name_of_Ba":"","District":"HARIDWAR","River":"","Status":""}},
{"type":"Feature","geometry":{"type":"Point","coordinates":[77.79778,29.89472]},"properties":{"Name_of_Ba":"","District":"HARIDWAR","River":"","Status":""}},
{"type":"Feature","geometry":{"type":"Point","coordinates":[77.84861,29.94694]},"properties":{"Name_of_Ba":"","District":"HARIDWAR","River":"","Status":""}},
{"type":"Feature","geometry":{"type":"Point","coordinates":[77.85444,29.94139]},"properties":{"Name_of_Ba":"","District":"HARIDWAR","River":"","Status":""}},
{"type":"Feature","geometry":{"type":"Point","coordinates":[77.77472,29.84444]},"properties":{"Name_of_Ba":"","District":"HARIDWAR","River":"","Status":""}},
{"type":"Feature","geometry":{"type":"Point","coordinates":[77.77333,29.84611]},"properties":{"Name_of_Ba":"","District":"HARIDWAR","River":"","Status":""}},
{"type":"Feature","geometry":{"type":"Point","coordinates":[77.77472,29.84583]},"properties":{"Name_of_Ba":"","District":"HARIDWAR","River":"","Status":""}},
{"type":"Feature","geometry":{"type":"Point","coordinates":[77.77278,29.84806]},"properties":{"Name_of_Ba":"","District":"HARIDWAR","River":"","Status":""}},
{"type":"Feature","geometry":{"type":"Point","coordinates":[77.77111,29.84556]},"properties":{"Name_of_Ba":"","District":"HARIDWAR","River":"","Status":""}},
{"type":"Feature","geometry":{"type":"Point","coordinates":[77.77194,29.84]},"properties":{"Name_of_Ba":"","District":"HARIDWAR","River":"","Status":""}},
{"type":"Feature","geometry":{"type":"Point","coordinates":[77.78611,29.9275]},"properties":{"Name_of_Ba":"","District":"HARIDWAR","River":"","Status":""}},
{"type":"Feature","geometry":{"type":"Point","coordinates":[77.79,29.93361]},"properties":{"Name_of_Ba":"","District":"HARIDWAR","River":"","Status":""}},
{"type":"Feature","geometry":{"type":"Point","coordinates":[77.76833,29.97528]},"properties":{"Name_of_Ba":"","District":"HARIDWAR","River":"","Status":""}},
{"type":"Feature","geometry":{"type":"Point","coordinates":[77.92472,30.04944]},"properties":{"Name_of_Ba":"","District":"HARIDWAR","River":"","Status":""}},
{"type":"Feature","geometry":{"type":"Point","coordinates":[77.93472,30.05833]},"properties":{"Name_of_Ba":"","District":"HARIDWAR","River":"","Status":""}},
{"type":"Feature","geometry":{"type":"Point","coordinates":[77.78861,29.98083]},"properties":{"Name_of_Ba":"","District":"HARIDWAR","River":"","Status":""}},
{"type":"Feature","geometry":{"type":"Point","coordinates":[77.78778,29.9825]},"properties":{"Name_of_Ba":"","District":"HARIDWAR","River":"","Status":""}},
{"type":"Feature","geometry":{"type":"Point","coordinates":[77.79111,29.98028]},"properties":{"Name_of_Ba":"","District":"HARIDWAR","River":"","Status":""}},
{"type":"Feature","geometry":{"type":"Point","coordinates":[77.74639,29.90889]},"properties":{"Name_of_Ba":"","District":"HARIDWAR","River":"","Status":""}},
{"type":"Feature","geometry":{"type":"Point","coordinates":[77.75,29.90778]},"properties":{"Name_of_Ba":"","District":"HARIDWAR","River":"","Status":""}},
{"type":"Feature","geometry":{"type":"Point","coordinates":[77.745,29.905]},"properties":{"Name_of_Ba":"","District":"HARIDWAR","River":"","Status":""}},
{"type":"Feature","geometry":{"type":"Point","coordinates":[77.92222,30.03889]},"properties":{"Name_of_Ba":"","District":"HARIDWAR","River":"","Status":""}},
{"type":"Feature","geometry":{"type":"Point","coordinates":[77.9225,30.03861]},"properties":{"Name_of_Ba":"","District":"HARIDWAR","River":"","Status":""}},
{"type":"Feature","geometry":{"type":"Point","coordinates":[77.81722,29.97417]},"properties":{"Name_of_Ba":"","District":"HARIDWAR","River":"","Status":""}},
{"type":"Feature","geometry":{"type":"Point","coordinates":[77.81639,29.97028]},"properties":{"Name_of_Ba":"","District":"HARIDWAR","River":"","Status":""}},
{"type":"Feature","geometry":{"type":"Point","coordinates":[77.8175,29.96972]},"properties":{"Name_of_Ba":"","District":"HARIDWAR","River":"","Status":""}},
{"type":"Feature","geometry":{"type":"Point","coordinates":[77.82083,29.97139]},"properties":{"Name_of_Ba":"","District":"HARIDWAR","River":"","Status":""}},
{"type":"Feature","geometry":{"type":"Point","coordinates":[77.81889,29.97389]},"properties":{"Name_of_Ba":"","District":"HARIDWAR","River":"","Status":""}},
{"type":"Feature","geometry":{"type":"Point","coordinates":[77.75556,29.85222]},"properties":{"Name_of_Ba":"","District":"HARIDWAR","River":"","Status":""}},
{"type":"Feature","geometry":{"type":"Point","coordinates":[77.76139,29.8525]},"properties":{"Name_of_Ba":"","District":"HARIDWAR","River":"","Status":""}},
{"type":"Feature","geometry":{"type":"Point","coordinates":[77.75583,29.84333]},"properties":{"Name_of_Ba":"","District":"HARIDWAR","River":"","Status":""}},
{"type":"Feature","geometry":{"type":"Point","coordinates":[77.76167,29.84361]},"properties":{"Name_of_Ba":"","District":"HARIDWAR","River":"","Status":""}},
{"type":"Feature","geometry":{"type":"Point","coordinates":[77.76556,29.99556]},"properties":{"Name_of_Ba":"","District":"HARIDWAR","River":"","Status":""}},
{"type":"Feature","geometry":{"type":"Point","coordinates":[77.7675,29.995]},"properties":{"Name_of_Ba":"","District":"HARIDWAR","River":"","Status":""}},
{"type":"Feature","geometry":{"type":"Point","coordinates":[77.76333,30.00222]},"properties":{"Name_of_Ba":"","District":"HARIDWAR","River":"","Status":""}},
{"type":"Feature","geometry":{"type":"Point","coordinates":[77.7725,29.92972]},"properties":{"Name_of_Ba":"","District":"HARIDWAR","River":"","Status":""}},
{"type":"Feature","geometry":{"type":"Point","coordinates":[77.77222,29.92583]},"properties":{"Name_of_Ba":"","District":"HARIDWAR","River":"","Status":""}},
{"type":"Feature","geometry":{"type":"Point","coordinates":[77.78194,29.92778]},"properties":{"Name_of_Ba":"","District":"HARIDWAR","River":"","Status":""}},
{"type":"Feature","geometry":{"type":"Point","coordinates":[77.77833,29.93472]},"properties":{"Name_of_Ba":"","District":"HARIDWAR","River":"","Status":""}},
{"type":"Feature","geometry":{"type":"Point","coordinates":[77.77583,29.93056]},"properties":{"Name_of_Ba":"","District":"HARIDWAR","River":"","Status":""}},
{"type":"Feature","geometry":{"type":"Point","coordinates":[77.78639,30.06306]},"properties":{"Name_of_Ba":"","District":"HARIDWAR","River":"","Status":""}},
{"type":"Feature","geometry":{"type":"Point","coordinates":[77.78333,30.05694]},"properties":{"Name_of_Ba":"","District":"HARIDWAR","River":"","Status":""}},
{"type":"Feature","geometry":{"type":"Point","coordinates":[77.78611,30.06278]},"properties":{"Name_of_Ba":"","District":"HARIDWAR","River":"","Status":""}},
{"type":"Feature","geometry":{"type":"Point","coordinates":[77.78667,30.06278]},"properties":{"Name_of_Ba":"","District":"HARIDWAR","River":"","Status":""}},
{"type":"Feature","geometry":{"type":"Point","coordinates":[77.785,30.05889]},"properties":{"Name_of_Ba":"","District":"HARIDWAR","River":"","Status":""}},
{"type":"Feature","geometry":{"type":"Point","coordinates":[77.88333,29.95389]},"properties":{"Name_of_Ba":"","District":"HARIDWAR","River":"","Status":""}},
{"type":"Feature","geometry":{"type":"Point","coordinates":[77.88278,29.95194]},"properties":{"Name_of_Ba":"","District":"HARIDWAR","River":"","Status":""}},
{"type":"Feature","geometry":{"type":"Point","coordinates":[77.88417,29.95333]},"properties":{"Name_of_Ba":"","District":"HARIDWAR","River":"","Status":""}},
{"type":"Feature","geometry":{"type":"Point","coordinates":[77.91417,30.08778]},"properties":{"Name_of_Ba":"","District":"HARIDWAR","River":"","Status":""}},
{"type":"Feature","geometry":{"type":"Point","coordinates":[77.92139,30.10278]},"properties":{"Name_of_Ba":"","District":"HARIDWAR","River":"","Status":""}},
{"type":"Feature","geometry":{"type":"Point","coordinates":[77.91306,30.0925]},"properties":{"Name_of_Ba":"","District":"HARIDWAR","River":"","Status":""}},
{"type":"Feature","geometry":{"type":"Point","coordinates":[77.92417,30.1]},"properties":{"Name_of_Ba":"","District":"HARIDWAR","River":"","Status":""}},
{"type":"Feature","geometry":{"type":"Point","coordinates":[77.80306,30.01694]},"properties":{"Name_of_Ba":"","District":"HARIDWAR","River":"","Status":""}},
{"type":"Feature","geometry":{"type":"Point","coordinates":[77.80278,30.01472]},"properties":{"Name_of_Ba":"","District":"HARIDWAR","River":"","Status":""}},
{"type":"Feature","geometry":{"type":"Point","coordinates":[77.86556,29.95972]},"properties":{"Name_of_Ba":"","District":"HARIDWAR","River":"","Status":""}},
{"type":"Feature","geometry":{"type":"Point","coordinates":[77.86722,29.96167]},"properties":{"Name_of_Ba":"","District":"HARIDWAR","River":"","Status":""}},
{"type":"Feature","geometry":{"type":"Point","coordinates":[77.87222,29.95861]},"properties":{"Name_of_Ba":"","District":"HARIDWAR","River":"","Status":""}},
{"type":"Feature","geometry":{"type":"Point","coordinates":[77.78611,29.92194]},"properties":{"Name_of_Ba":"","District":"HARIDWAR","River":"","Status":""}},
{"type":"Feature","geometry":{"type":"Point","coordinates":[77.78806,29.91806]},"properties":{"Name_of_Ba":"","District":"HARIDWAR","River":"","Status":""}},
{"type":"Feature","geometry":{"type":"Point","coordinates":[77.79028,29.92028]},"properties":{"Name_of_Ba":"","District":"HARIDWAR","River":"","Status":""}},
{"type":"Feature","geometry":{"type":"Point","coordinates":[77.79556,29.945]},"properties":{"Name_of_Ba":"","District":"HARIDWAR","River":"","Status":""}},
{"type":"Feature","geometry":{"type":"Point","coordinates":[77.79028,29.94611]},"properties":{"Name_of_Ba":"","District":"HARIDWAR","River":"","Status":""}},
{"type":"Feature","geometry":{"type":"Point","coordinates":[77.79028,29.94889]},"properties":{"Name_of_Ba":"","District":"HARIDWAR","River":"","Status":""}},
{"type":"Feature","geometry":{"type":"Point","coordinates":[77.79583,29.94778]},"properties":{"Name_of_Ba":"","District":"HARIDWAR","River":"","Status":""}},
{"type":"Feature","geometry":{"type":"Point","coordinates":[77.79472,29.94861]},"properties":{"Name_of_Ba":"","District":"HARIDWAR","River":"","Status":""}},
{"type":"Feature","geometry":{"type":"Point","coordinates":[77.80472,29.9225]},"properties":{"Name_of_Ba":"","District":"HARIDWAR","River":"","Status":""}},
{"type":"Feature","geometry":{"type":"Point","coordinates":[77.80167,29.91528]},"properties":{"Name_of_Ba":"","District":"HARIDWAR","River":"","Status":""}},
{"type":"Feature","geometry":{"type":"Point","coordinates":[77.7975,29.92278]},"properties":{"Name_of_Ba":"","District":"HARIDWAR","River":"","Status":""}},
{"type":"Feature","geometry":{"type":"Point","coordinates":[77.81083,29.91972]},"properties":{"Name_of_Ba":"","District":"HARIDWAR","River":"","Status":""}},
{"type":"Feature","geometry":{"type":"Point","coordinates":[77.80639,29.91528]},"properties":{"Name_of_Ba":"","District":"HARIDWAR","River":"","Status":""}},
{"type":"Feature","geometry":{"type":"Point","coordinates":[77.80083,29.91333]},"properties":{"Name_of_Ba":"","District":"HARIDWAR","River":"","Status":""}},
{"type":"Feature","geometry":{"type":"Point","coordinates":[77.80639,29.91806]},"properties":{"Name_of_Ba":"","District":"HARIDWAR","River":"","Status":""}},
{"type":"Feature","geometry":{"type":"Point","coordinates":[77.80472,29.92167]},"properties":{"Name_of_Ba":"","District":"HARIDWAR","River":"","Status":""}},
{"type":"Feature","geometry":{"type":"Point","coordinates":[77.80194,29.91639]},"properties":{"Name_of_Ba":"","District":"HARIDWAR","River":"","Status":""}},
{"type":"Feature","geometry":{"type":"Point","coordinates":[77.80611,29.92111]},"properties":{"Name_of_Ba":"","District":"HARIDWAR","River":"","Status":""}},
{"type":"Feature","geometry":{"type":"Point","coordinates":[77.80778,29.91667]},"properties":{"Name_of_Ba":"","District":"HARIDWAR","River":"","Status":""}},
{"type":"Feature","geometry":{"type":"Point","coordinates":[77.80583,29.91917]},"properties":{"Name_of_Ba":"","District":"HARIDWAR","River":"","Status":""}},
{"type":"Feature","geometry":{"type":"Point","coordinates":[77.80583,29.91694]},"properties":{"Name_of_Ba":"","District":"HARIDWAR","River":"","Status":""}},
{"type":"Feature","geometry":{"type":"Point","coordinates":[77.89667,30.09889]},"properties":{"Name_of_Ba":"","District":"HARIDWAR","River":"","Status":""}},
{"type":"Feature","geometry":{"type":"Point","coordinates":[77.89722,30.11278]},"properties":{"Name_of_Ba":"","District":"HARIDWAR","River":"","Status":""}},
{"type":"Feature","geometry":{"type":"Point","coordinates":[77.77806,29.92056]},"properties":{"Name_of_Ba":"","District":"HARIDWAR","River":"","Status":""}},
{"type":"Feature","geometry":{"type":"Point","coordinates":[77.7825,29.91889]},"properties":{"Name_of_Ba":"","District":"HARIDWAR","River":"","Status":""}},
{"type":"Feature","geometry":{"type":"Point","coordinates":[77.78028,29.92]},"properties":{"Name_of_Ba":"","District":"HARIDWAR","River":"","Status":""}},
{"type":"Feature","geometry":{"type":"Point","coordinates":[77.80083,29.96056]},"properties":{"Name_of_Ba":"","District":"HARIDWAR","River":"","Status":""}},
{"type":"Feature","geometry":{"type":"Point","coordinates":[77.80083,29.95944]},"properties":{"Name_of_Ba":"","District":"HARIDWAR","River":"","Status":""}},
{"type":"Feature","geometry":{"type":"Point","coordinates":[77.7975,29.96139]},"properties":{"Name_of_Ba":"","District":"HARIDWAR","River":"","Status":""}},
{"type":"Feature","geometry":{"type":"Point","coordinates":[77.80222,29.95806]},"properties":{"Name_of_Ba":"","District":"HARIDWAR","River":"","Status":""}},
{"type":"Feature","geometry":{"type":"Point","coordinates":[77.76694,29.95361]},"properties":{"Name_of_Ba":"","District":"HARIDWAR","River":"","Status":""}},
{"type":"Feature","geometry":{"type":"Point","coordinates":[77.77611,29.93889]},"properties":{"Name_of_Ba":"","District":"HARIDWAR","River":"","Status":""}},
{"type":"Feature","geometry":{"type":"Point","coordinates":[77.76472,29.95639]},"properties":{"Name_of_Ba":"","District":"HARIDWAR","River":"","Status":""}},
{"type":"Feature","geometry":{"type":"Point","coordinates":[77.77972,29.94361]},"properties":{"Name_of_Ba":"","District":"HARIDWAR","River":"","Status":""}},
{"type":"Feature","geometry":{"type":"Point","coordinates":[77.76389,29.95417]},"properties":{"Name_of_Ba":"","District":"HARIDWAR","River":"","Status":""}},
{"type":"Feature","geometry":{"type":"Point","coordinates":[77.77528,29.94972]},"properties":{"Name_of_Ba":"","District":"HARIDWAR","River":"","Status":""}},
{"type":"Feature","geometry":{"type":"Point","coordinates":[77.77028,29.95278]},"properties":{"Name_of_Ba":"","District":"HARIDWAR","River":"","Status":""}},
{"type":"Feature","geometry":{"type":"Point","coordinates":[77.76944,29.955]},"properties":{"Name_of_Ba":"","District":"HARIDWAR","River":"","Status":""}},
{"type":"Feature","geometry":{"type":"Point","coordinates":[77.76861,29.95722]},"properties":{"Name_of_Ba":"","District":"HARIDWAR","River":"","Status":""}},
{"type":"Feature","geometry":{"type":"Point","coordinates":[77.76861,29.95306]},"properties":{"Name_of_Ba":"","District":"HARIDWAR","River":"","Status":""}},
{"type":"Feature","geometry":{"type":"Point","coordinates":[77.76556,29.95167]},"properties":{"Name_of_Ba":"","District":"HARIDWAR","River":"","Status":""}},
{"type":"Feature","geometry":{"type":"Point","coordinates":[77.78278,29.95389]},"properties":{"Name_of_Ba":"","District":"HARIDWAR","River":"","Status":""}},
{"type":"Feature","geometry":{"type":"Point","coordinates":[77.84639,30.00417]},"properties":{"Name_of_Ba":"","District":"HARIDWAR","River":"","Status":""}},
{"type":"Feature","geometry":{"type":"Point","coordinates":[77.85194,29.99917]},"properties":{"Name_of_Ba":"","District":"HARIDWAR","River":"","Status":""}},
{"type":"Feature","geometry":{"type":"Point","coordinates":[77.84444,30.00444]},"properties":{"Name_of_Ba":"","District":"HARIDWAR","River":"","Status":""}},
{"type":"Feature","geometry":{"type":"Point","coordinates":[77.75472,29.93528]},"properties":{"Name_of_Ba":"","District":"HARIDWAR","River":"","Status":""}},
{"type":"Feature","geometry":{"type":"Point","coordinates":[77.75583,29.94222]},"properties":{"Name_of_Ba":"","District":"HARIDWAR","River":"","Status":""}},
{"type":"Feature","geometry":{"type":"Point","coordinates":[77.75694,29.93722]},"properties":{"Name_of_Ba":"","District":"HARIDWAR","River":"","Status":""}},
{"type":"Feature","geometry":{"type":"Point","coordinates":[77.76028,29.93417]},"properties":{"Name_of_Ba":"","District":"HARIDWAR","River":"","Status":""}},
{"type":"Feature","geometry":{"type":"Point","coordinates":[77.75389,29.935]},"properties":{"Name_of_Ba":"","District":"HARIDWAR","River":"","Status":""}},
{"type":"Feature","geometry":{"type":"Point","coordinates":[77.79111,29.9025]},"properties":{"Name_of_Ba":"","District":"HARIDWAR","River":"","Status":""}},
{"type":"Feature","geometry":{"type":"Point","coordinates":[77.78639,29.89833]},"properties":{"Name_of_Ba":"","District":"HARIDWAR","River":"","Status":""}},
{"type":"Feature","geometry":{"type":"Point","coordinates":[77.7875,29.90194]},"properties":{"Name_of_Ba":"","District":"HARIDWAR","River":"","Status":""}},
{"type":"Feature","geometry":{"type":"Point","coordinates":[77.7925,29.90444]},"properties":{"Name_of_Ba":"","District":"HARIDWAR","River":"","Status":""}},
{"type":"Feature","geometry":{"type":"Point","coordinates":[77.79167,29.90361]},"properties":{"Name_of_Ba":"","District":"HARIDWAR","River":"","Status":""}},
{"type":"Feature","geometry":{"type":"Point","coordinates":[77.79444,29.90167]},"properties":{"Name_of_Ba":"","District":"HARIDWAR","River":"","Status":""}},
{"type":"Feature","geometry":{"type":"Point","coordinates":[77.78944,29.90111]},"properties":{"Name_of_Ba":"","District":"HARIDWAR","River":"","Status":""}},
{"type":"Feature","geometry":{"type":"Point","coordinates":[77.79083,29.89917]},"properties":{"Name_of_Ba":"","District":"HARIDWAR","River":"","Status":""}},
{"type":"Feature","geometry":{"type":"Point","coordinates":[77.78611,29.90306]},"properties":{"Name_of_Ba":"","District":"HARIDWAR","River":"","Status":""}},
{"type":"Feature","geometry":{"type":"Point","coordinates":[77.79444,29.90083]},"properties":{"Name_of_Ba":"","District":"HARIDWAR","River":"","Status":""}},
{"type":"Feature","geometry":{"type":"Point","coordinates":[77.76361,29.88306]},"properties":{"Name_of_Ba":"","District":"HARIDWAR","River":"","Status":""}},
{"type":"Feature","geometry":{"type":"Point","coordinates":[77.76361,29.88083]},"properties":{"Name_of_Ba":"","District":"HARIDWAR","River":"","Status":""}},
{"type":"Feature","geometry":{"type":"Point","coordinates":[77.76667,29.88083]},"properties":{"Name_of_Ba":"","District":"HARIDWAR","River":"","Status":""}},
{"type":"Feature","geometry":{"type":"Point","coordinates":[77.74,29.89833]},"properties":{"Name_of_Ba":"","District":"HARIDWAR","River":"","Status":""}},
{"type":"Feature","geometry":{"type":"Point","coordinates":[77.74,29.89778]},"properties":{"Name_of_Ba":"","District":"HARIDWAR","River":"","Status":""}},
{"type":"Feature","geometry":{"type":"Point","coordinates":[77.74083,29.89556]},"properties":{"Name_of_Ba":"","District":"HARIDWAR","River":"","Status":""}},
{"type":"Feature","geometry":{"type":"Point","coordinates":[77.74556,29.90472]},"properties":{"Name_of_Ba":"","District":"HARIDWAR","River":"","Status":""}},
{"type":"Feature","geometry":{"type":"Point","coordinates":[77.83667,29.945]},"properties":{"Name_of_Ba":"","District":"HARIDWAR","River":"","Status":""}},
{"type":"Feature","geometry":{"type":"Point","coordinates":[77.83583,29.94444]},"properties":{"Name_of_Ba":"","District":"HARIDWAR","River":"","Status":""}},
{"type":"Feature","geometry":{"type":"Point","coordinates":[77.95995,29.68671]},"properties":{"Name_of_Ba":"","District":"HARIDWAR","River":"","Status":""}},
{"type":"Feature","geometry":{"type":"Point","coordinates":[78.00944,29.67167]},"properties":{"Name_of_Ba":"","District":"HARIDWAR","River":"","Status":""}},
{"type":"Feature","geometry":{"type":"Point","coordinates":[77.99694,29.61556]},"properties":{"Name_of_Ba":"","District":"HARIDWAR","River":"","Status":""}},
{"type":"Feature","geometry":{"type":"Point","coordinates":[77.99639,29.70111]},"properties":{"Name_of_Ba":"","District":"HARIDWAR","River":"","Status":""}},
{"type":"Feature","geometry":{"type":"Point","coordinates":[77.97806,29.65806]},"properties":{"Name_of_Ba":"","District":"HARIDWAR","River":"","Status":""}},
{"type":"Feature","geometry":{"type":"Point","coordinates":[77.94889,29.59222]},"properties":{"Name_of_Ba":"","District":"HARIDWAR","River":"","Status":""}},
{"type":"Feature","geometry":{"type":"Point","coordinates":[78.07,29.64833]},"properties":{"Name_of_Ba":"","District":"HARIDWAR","River":"","Status":""}},
{"type":"Feature","geometry":{"type":"Point","coordinates":[78.04111,29.68667]},"properties":{"Name_of_Ba":"","District":"HARIDWAR","River":"","Status":""}},
{"type":"Feature","geometry":{"type":"Point","coordinates":[77.97444,29.72722]},"properties":{"Name_of_Ba":"","District":"HARIDWAR","River":"","Status":""}},
{"type":"Feature","geometry":{"type":"Point","coordinates":[78.00722,29.6475]},"properties":{"Name_of_Ba":"","District":"HARIDWAR","River":"","Status":""}},
{"type":"Feature","geometry":{"type":"Point","coordinates":[78.01444,29.6975]},"properties":{"Name_of_Ba":"","District":"HARIDWAR","River":"","Status":""}},
{"type":"Feature","geometry":{"type":"Point","coordinates":[78.00417,29.61389]},"properties":{"Name_of_Ba":"","District":"HARIDWAR","River":"","Status":""}},
{"type":"Feature","geometry":{"type":"Point","coordinates":[77.99778,29.62028]},"properties":{"Name_of_Ba":"","District":"HARIDWAR","River":"","Status":""}},
{"type":"Feature","geometry":{"type":"Point","coordinates":[78.08917,29.66333]},"properties":{"Name_of_Ba":"","District":"HARIDWAR","River":"","Status":""}},
{"type":"Feature","geometry":{"type":"Point","coordinates":[78.08806,29.66278]},"properties":{"Name_of_Ba":"","District":"HARIDWAR","River":"","Status":""}},
{"type":"Feature","geometry":{"type":"Point","coordinates":[78.08861,29.66333]},"properties":{"Name_of_Ba":"","District":"HARIDWAR","River":"","Status":""}},
{"type":"Feature","geometry":{"type":"Point","coordinates":[77.96417,29.73694]},"properties":{"Name_of_Ba":"","District":"HARIDWAR","River":"","Status":""}},
{"type":"Feature","geometry":{"type":"Point","coordinates":[78.01833,29.65667]},"properties":{"Name_of_Ba":"","District":"HARIDWAR","River":"","Status":""}},
{"type":"Feature","geometry":{"type":"Point","coordinates":[78.01583,29.69833]},"properties":{"Name_of_Ba":"","District":"HARIDWAR","River":"","Status":""}},
{"type":"Feature","geometry":{"type":"Point","coordinates":[78.015,29.69694]},"properties":{"Name_of_Ba":"","District":"HARIDWAR","River":"","Status":""}},
{"type":"Feature","geometry":{"type":"Point","coordinates":[78.01361,29.70333]},"properties":{"Name_of_Ba":"","District":"HARIDWAR","River":"","Status":""}},
{"type":"Feature","geometry":{"type":"Point","coordinates":[77.97889,29.70722]},"properties":{"Name_of_Ba":"","District":"HARIDWAR","River":"","Status":""}},
{"type":"Feature","geometry":{"type":"Point","coordinates":[77.98778,29.67083]},"properties":{"Name_of_Ba":"","District":"HARIDWAR","River":"","Status":""}},
{"type":"Feature","geometry":{"type":"Point","coordinates":[78.00194,29.63528]},"properties":{"Name_of_Ba":"","District":"HARIDWAR","River":"","Status":""}},
{"type":"Feature","geometry":{"type":"Point","coordinates":[78.00472,29.63444]},"properties":{"Name_of_Ba":"","District":"HARIDWAR","River":"","Status":""}},
{"type":"Feature","geometry":{"type":"Point","coordinates":[78.0425,29.80889]},"properties":{"Name_of_Ba":"","District":"HARIDWAR","River":"","Status":""}},
{"type":"Feature","geometry":{"type":"Point","coordinates":[78.07167,29.75417]},"properties":{"Name_of_Ba":"","District":"HARIDWAR","River":"","Status":""}},
{"type":"Feature","geometry":{"type":"Point","coordinates":[78.06333,29.74778]},"properties":{"Name_of_Ba":"","District":"HARIDWAR","River":"","Status":""}},
{"type":"Feature","geometry":{"type":"Point","coordinates":[78.03583,29.73222]},"properties":{"Name_of_Ba":"","District":"HARIDWAR","River":"","Status":""}},
{"type":"Feature","geometry":{"type":"Point","coordinates":[78.03306,29.73444]},"properties":{"Name_of_Ba":"","District":"HARIDWAR","River":"","Status":""}},
{"type":"Feature","geometry":{"type":"Point","coordinates":[78.035,29.73778]},"properties":{"Name_of_Ba":"","District":"HARIDWAR","River":"","Status":""}},
{"type":"Feature","geometry":{"type":"Point","coordinates":[78.03028,29.73056]},"properties":{"Name_of_Ba":"","District":"HARIDWAR","River":"","Status":""}},
{"type":"Feature","geometry":{"type":"Point","coordinates":[78.03361,29.73083]},"properties":{"Name_of_Ba":"","District":"HARIDWAR","River":"","Status":""}},
{"type":"Feature","geometry":{"type":"Point","coordinates":[78.02722,29.73056]},"properties":{"Name_of_Ba":"","District":"HARIDWAR","River":"","Status":""}},
{"type":"Feature","geometry":{"type":"Point","coordinates":[78.035,29.73444]},"properties":{"Name_of_Ba":"","District":"HARIDWAR","River":"","Status":""}},
{"type":"Feature","geometry":{"type":"Point","coordinates":[78.03694,29.73194]},"properties":{"Name_of_Ba":"","District":"HARIDWAR","River":"","Status":""}},
{"type":"Feature","geometry":{"type":"Point","coordinates":[78.02833,29.72583]},"properties":{"Name_of_Ba":"","District":"HARIDWAR","River":"","Status":""}},
{"type":"Feature","geometry":{"type":"Point","coordinates":[78.03194,29.72361]},"properties":{"Name_of_Ba":"","District":"HARIDWAR","River":"","Status":""}},
{"type":"Feature","geometry":{"type":"Point","coordinates":[78.035,29.73472]},"properties":{"Name_of_Ba":"","District":"HARIDWAR","River":"","Status":""}},
{"type":"Feature","geometry":{"type":"Point","coordinates":[78.0575,29.71722]},"properties":{"Name_of_Ba":"","District":"HARIDWAR","River":"","Status":""}},
{"type":"Feature","geometry":{"type":"Point","coordinates":[78.0575,29.71528]},"properties":{"Name_of_Ba":"","District":"HARIDWAR","River":"","Status":""}},
{"type":"Feature","geometry":{"type":"Point","coordinates":[78.05583,29.71417]},"properties":{"Name_of_Ba":"","District":"HARIDWAR","River":"","Status":""}},
{"type":"Feature","geometry":{"type":"Point","coordinates":[78.06,29.71667]},"properties":{"Name_of_Ba":"","District":"HARIDWAR","River":"","Status":""}},
{"type":"Feature","geometry":{"type":"Point","coordinates":[78.05833,29.71528]},"properties":{"Name_of_Ba":"","District":"HARIDWAR","River":"","Status":""}},
{"type":"Feature","geometry":{"type":"Point","coordinates":[78.06306,29.71444]},"properties":{"Name_of_Ba":"","District":"HARIDWAR","River":"","Status":""}},
{"type":"Feature","geometry":{"type":"Point","coordinates":[78.06222,29.71639]},"properties":{"Name_of_Ba":"","District":"HARIDWAR","River":"","Status":""}},
{"type":"Feature","geometry":{"type":"Point","coordinates":[78.05778,29.71639]},"properties":{"Name_of_Ba":"","District":"HARIDWAR","River":"","Status":""}},
{"type":"Feature","geometry":{"type":"Point","coordinates":[78.05722,29.72028]},"properties":{"Name_of_Ba":"","District":"HARIDWAR","River":"","Status":""}},
{"type":"Feature","geometry":{"type":"Point","coordinates":[78.14806,29.74028]},"properties":{"Name_of_Ba":"","District":"HARIDWAR","River":"","Status":""}},
{"type":"Feature","geometry":{"type":"Point","coordinates":[78.14583,29.73917]},"properties":{"Name_of_Ba":"","District":"HARIDWAR","River":"","Status":""}},
{"type":"Feature","geometry":{"type":"Point","coordinates":[78.1525,29.74389]},"properties":{"Name_of_Ba":"","District":"HARIDWAR","River":"","Status":""}},
{"type":"Feature","geometry":{"type":"Point","coordinates":[78.07833,29.7125]},"properties":{"Name_of_Ba":"","District":"HARIDWAR","River":"","Status":""}},
{"type":"Feature","geometry":{"type":"Point","coordinates":[78.01417,29.76861]},"properties":{"Name_of_Ba":"","District":"HARIDWAR","River":"","Status":""}},
{"type":"Feature","geometry":{"type":"Point","coordinates":[78.01306,29.76694]},"properties":{"Name_of_Ba":"","District":"HARIDWAR","River":"","Status":""}},
{"type":"Feature","geometry":{"type":"Point","coordinates":[78.01389,29.765]},"properties":{"Name_of_Ba":"","District":"HARIDWAR","River":"","Status":""}},
{"type":"Feature","geometry":{"type":"Point","coordinates":[78.015,29.7725]},"properties":{"Name_of_Ba":"","District":"HARIDWAR","River":"","Status":""}},
{"type":"Feature","geometry":{"type":"Point","coordinates":[78.01417,29.76583]},"properties":{"Name_of_Ba":"","District":"HARIDWAR","River":"","Status":""}},
{"type":"Feature","geometry":{"type":"Point","coordinates":[78.01111,29.76528]},"properties":{"Name_of_Ba":"","District":"HARIDWAR","River":"","Status":""}},
{"type":"Feature","geometry":{"type":"Point","coordinates":[78.145,29.72111]},"properties":{"Name_of_Ba":"","District":"HARIDWAR","River":"","Status":""}},
{"type":"Feature","geometry":{"type":"Point","coordinates":[78.02583,29.76472]},"properties":{"Name_of_Ba":"","District":"HARIDWAR","River":"","Status":""}},
{"type":"Feature","geometry":{"type":"Point","coordinates":[78.02944,29.75611]},"properties":{"Name_of_Ba":"","District":"HARIDWAR","River":"","Status":""}},
{"type":"Feature","geometry":{"type":"Point","coordinates":[78.03139,29.76361]},"properties":{"Name_of_Ba":"","District":"HARIDWAR","River":"","Status":""}},
{"type":"Feature","geometry":{"type":"Point","coordinates":[78.02528,29.76167]},"properties":{"Name_of_Ba":"","District":"HARIDWAR","River":"","Status":""}},
{"type":"Feature","geometry":{"type":"Point","coordinates":[78.02722,29.76306]},"properties":{"Name_of_Ba":"","District":"HARIDWAR","River":"","Status":""}},
{"type":"Feature","geometry":{"type":"Point","coordinates":[78.03,29.76111]},"properties":{"Name_of_Ba":"","District":"HARIDWAR","River":"","Status":""}},
{"type":"Feature","geometry":{"type":"Point","coordinates":[78.02222,29.76306]},"properties":{"Name_of_Ba":"","District":"HARIDWAR","River":"","Status":""}},
{"type":"Feature","geometry":{"type":"Point","coordinates":[78.02639,29.76528]},"properties":{"Name_of_Ba":"","District":"HARIDWAR","River":"","Status":""}},
{"type":"Feature","geometry":{"type":"Point","coordinates":[78.0925,29.70639]},"properties":{"Name_of_Ba":"","District":"HARIDWAR","River":"","Status":""}},
{"type":"Feature","geometry":{"type":"Point","coordinates":[78.15,29.72611]},"properties":{"Name_of_Ba":"","District":"HARIDWAR","River":"","Status":""}},
{"type":"Feature","geometry":{"type":"Point","coordinates":[78.15472,29.73556]},"properties":{"Name_of_Ba":"","District":"HARIDWAR","River":"","Status":""}},
{"type":"Feature","geometry":{"type":"Point","coordinates":[78.15444,29.73111]},"properties":{"Name_of_Ba":"","District":"HARIDWAR","River":"","Status":""}},
{"type":"Feature","geometry":{"type":"Point","coordinates":[77.99778,29.74528]},"properties":{"Name_of_Ba":"","District":"HARIDWAR","River":"","Status":""}},
{"type":"Feature","geometry":{"type":"Point","coordinates":[78.0375,29.70889]},"properties":{"Name_of_Ba":"","District":"HARIDWAR","River":"","Status":""}},
{"type":"Feature","geometry":{"type":"Point","coordinates":[78.03722,29.71472]},"properties":{"Name_of_Ba":"","District":"HARIDWAR","River":"","Status":""}},
{"type":"Feature","geometry":{"type":"Point","coordinates":[78.03639,29.71083]},"properties":{"Name_of_Ba":"","District":"HARIDWAR","River":"","Status":""}},
{"type":"Feature","geometry":{"type":"Point","coordinates":[78.02444,29.77972]},"properties":{"Name_of_Ba":"","District":"HARIDWAR","River":"","Status":""}},
{"type":"Feature","geometry":{"type":"Point","coordinates":[78.02694,29.77528]},"properties":{"Name_of_Ba":"","District":"HARIDWAR","River":"","Status":""}},
{"type":"Feature","geometry":{"type":"Point","coordinates":[78.025,29.77639]},"properties":{"Name_of_Ba":"","District":"HARIDWAR","River":"","Status":""}},
{"type":"Feature","geometry":{"type":"Point","coordinates":[78.02,29.77778]},"properties":{"Name_of_Ba":"","District":"HARIDWAR","River":"","Status":""}},
{"type":"Feature","geometry":{"type":"Point","coordinates":[78.04306,29.78917]},"properties":{"Name_of_Ba":"","District":"HARIDWAR","River":"","Status":""}},
{"type":"Feature","geometry":{"type":"Point","coordinates":[78.04222,29.79361]},"properties":{"Name_of_Ba":"","District":"HARIDWAR","River":"","Status":""}},
{"type":"Feature","geometry":{"type":"Point","coordinates":[78.04444,29.7925]},"properties":{"Name_of_Ba":"","District":"HARIDWAR","River":"","Status":""}},
{"type":"Feature","geometry":{"type":"Point","coordinates":[78.04139,29.79306]},"properties":{"Name_of_Ba":"","District":"HARIDWAR","River":"","Status":""}},
{"type":"Feature","geometry":{"type":"Point","coordinates":[78.04028,29.79194]},"properties":{"Name_of_Ba":"","District":"HARIDWAR","River":"","Status":""}},
{"type":"Feature","geometry":{"type":"Point","coordinates":[78.04028,29.79194]},"properties":{"Name_of_Ba":"","District":"HARIDWAR","River":"","Status":""}},
{"type":"Feature","geometry":{"type":"Point","coordinates":[78.04028,29.79028]},"properties":{"Name_of_Ba":"","District":"HARIDWAR","River":"","Status":""}},
{"type":"Feature","geometry":{"type":"Point","coordinates":[78.01083,29.79639]},"properties":{"Name_of_Ba":"","District":"HARIDWAR","River":"","Status":""}},
{"type":"Feature","geometry":{"type":"Point","coordinates":[78.01611,29.805]},"properties":{"Name_of_Ba":"","District":"HARIDWAR","River":"","Status":""}},
{"type":"Feature","geometry":{"type":"Point","coordinates":[78.00333,29.73333]},"properties":{"Name_of_Ba":"","District":"HARIDWAR","River":"","Status":""}},
{"type":"Feature","geometry":{"type":"Point","coordinates":[77.97778,29.74667]},"properties":{"Name_of_Ba":"","District":"HARIDWAR","River":"","Status":""}},
{"type":"Feature","geometry":{"type":"Point","coordinates":[78.09806,29.70806]},"properties":{"Name_of_Ba":"","District":"HARIDWAR","River":"","Status":""}},
{"type":"Feature","geometry":{"type":"Point","coordinates":[78.0925,29.73444]},"properties":{"Name_of_Ba":"","District":"HARIDWAR","River":"","Status":""}},
{"type":"Feature","geometry":{"type":"Point","coordinates":[78.09167,29.73139]},"properties":{"Name_of_Ba":"","District":"HARIDWAR","River":"","Status":""}},
{"type":"Feature","geometry":{"type":"Point","coordinates":[78.09222,29.73361]},"properties":{"Name_of_Ba":"","District":"HARIDWAR","River":"","Status":""}},
{"type":"Feature","geometry":{"type":"Point","coordinates":[78.16639,29.74028]},"properties":{"Name_of_Ba":"","District":"HARIDWAR","River":"","Status":""}},
{"type":"Feature","geometry":{"type":"Point","coordinates":[78.00139,29.71944]},"properties":{"Name_of_Ba":"","District":"HARIDWAR","River":"","Status":""}},
{"type":"Feature","geometry":{"type":"Point","coordinates":[78.00528,29.71722]},"properties":{"Name_of_Ba":"","District":"HARIDWAR","River":"","Status":""}},
{"type":"Feature","geometry":{"type":"Point","coordinates":[78.00083,29.71944]},"properties":{"Name_of_Ba":"","District":"HARIDWAR","River":"","Status":""}},
{"type":"Feature","geometry":{"type":"Point","coordinates":[78.00083,29.71917]},"properties":{"Name_of_Ba":"","District":"HARIDWAR","River":"","Status":""}},
{"type":"Feature","geometry":{"type":"Point","coordinates":[78.00444,29.71833]},"properties":{"Name_of_Ba":"","District":"HARIDWAR","River":"","Status":""}},
{"type":"Feature","geometry":{"type":"Point","coordinates":[78.00472,29.71917]},"properties":{"Name_of_Ba":"","District":"HARIDWAR","River":"","Status":""}},
{"type":"Feature","geometry":{"type":"Point","coordinates":[78.04306,29.77611]},"properties":{"Name_of_Ba":"","District":"HARIDWAR","River":"","Status":""}},
{"type":"Feature","geometry":{"type":"Point","coordinates":[77.99667,29.77667]},"properties":{"Name_of_Ba":"","District":"HARIDWAR","River":"","Status":""}},
{"type":"Feature","geometry":{"type":"Point","coordinates":[77.99611,29.77861]},"properties":{"Name_of_Ba":"","District":"HARIDWAR","River":"","Status":""}},
{"type":"Feature","geometry":{"type":"Point","coordinates":[78.1075,29.73694]},"properties":{"Name_of_Ba":"","District":"HARIDWAR","River":"","Status":""}},
{"type":"Feature","geometry":{"type":"Point","coordinates":[78.10528,29.73944]},"properties":{"Name_of_Ba":"","District":"HARIDWAR","River":"","Status":""}},
{"type":"Feature","geometry":{"type":"Point","coordinates":[78.10778,29.73528]},"properties":{"Name_of_Ba":"","District":"HARIDWAR","River":"","Status":""}},
{"type":"Feature","geometry":{"type":"Point","coordinates":[78.105,29.73611]},"properties":{"Name_of_Ba":"","District":"HARIDWAR","River":"","Status":""}},
{"type":"Feature","geometry":{"type":"Point","coordinates":[78.10917,29.74083]},"properties":{"Name_of_Ba":"","District":"HARIDWAR","River":"","Status":""}},
{"type":"Feature","geometry":{"type":"Point","coordinates":[78.03611,29.74556]},"properties":{"Name_of_Ba":"","District":"HARIDWAR","River":"","Status":""}},
{"type":"Feature","geometry":{"type":"Point","coordinates":[78.03778,29.74361]},"properties":{"Name_of_Ba":"","District":"HARIDWAR","River":"","Status":""}},
{"type":"Feature","geometry":{"type":"Point","coordinates":[78.03722,29.74778]},"properties":{"Name_of_Ba":"","District":"HARIDWAR","River":"","Status":""}},
{"type":"Feature","geometry":{"type":"Point","coordinates":[78.03944,29.7475]},"properties":{"Name_of_Ba":"","District":"HARIDWAR","River":"","Status":""}},
{"type":"Feature","geometry":{"type":"Point","coordinates":[78.03528,29.74278]},"properties":{"Name_of_Ba":"","District":"HARIDWAR","River":"","Status":""}},
{"type":"Feature","geometry":{"type":"Point","coordinates":[78.13556,29.71667]},"properties":{"Name_of_Ba":"","District":"HARIDWAR","River":"","Status":""}},
{"type":"Feature","geometry":{"type":"Point","coordinates":[78.13333,29.71472]},"properties":{"Name_of_Ba":"","District":"HARIDWAR","River":"","Status":""}},
{"type":"Feature","geometry":{"type":"Point","coordinates":[78.13167,29.71472]},"properties":{"Name_of_Ba":"","District":"HARIDWAR","River":"","Status":""}},
{"type":"Feature","geometry":{"type":"Point","coordinates":[78.04417,29.71889]},"properties":{"Name_of_Ba":"","District":"HARIDWAR","River":"","Status":""}},
{"type":"Feature","geometry":{"type":"Point","coordinates":[78.03833,29.72944]},"properties":{"Name_of_Ba":"","District":"HARIDWAR","River":"","Status":""}},
{"type":"Feature","geometry":{"type":"Point","coordinates":[78.04056,29.72583]},"properties":{"Name_of_Ba":"","District":"HARIDWAR","River":"","Status":""}},
{"type":"Feature","geometry":{"type":"Point","coordinates":[78.04444,29.71806]},"properties":{"Name_of_Ba":"","District":"HARIDWAR","River":"","Status":""}},
{"type":"Feature","geometry":{"type":"Point","coordinates":[78.04111,29.72472]},"properties":{"Name_of_Ba":"","District":"HARIDWAR","River":"","Status":""}},
{"type":"Feature","geometry":{"type":"Point","coordinates":[78.04611,29.7275]},"properties":{"Name_of_Ba":"","District":"HARIDWAR","River":"","Status":""}},
{"type":"Feature","geometry":{"type":"Point","coordinates":[78.04278,29.73083]},"properties":{"Name_of_Ba":"","District":"HARIDWAR","River":"","Status":""}},
{"type":"Feature","geometry":{"type":"Point","coordinates":[78.04194,29.73278]},"properties":{"Name_of_Ba":"","District":"HARIDWAR","River":"","Status":""}},
{"type":"Feature","geometry":{"type":"Point","coordinates":[78.04861,29.72639]},"properties":{"Name_of_Ba":"","District":"HARIDWAR","River":"","Status":""}},
{"type":"Feature","geometry":{"type":"Point","coordinates":[78.04389,29.71778]},"properties":{"Name_of_Ba":"","District":"HARIDWAR","River":"","Status":""}},
{"type":"Feature","geometry":{"type":"Point","coordinates":[78.03917,29.73]},"properties":{"Name_of_Ba":"","District":"HARIDWAR","River":"","Status":""}},
{"type":"Feature","geometry":{"type":"Point","coordinates":[78.02361,29.72028]},"properties":{"Name_of_Ba":"","District":"HARIDWAR","River":"","Status":""}},
{"type":"Feature","geometry":{"type":"Point","coordinates":[78.04389,29.70611]},"properties":{"Name_of_Ba":"","District":"HARIDWAR","River":"","Status":""}},
{"type":"Feature","geometry":{"type":"Point","coordinates":[77.97833,29.75694]},"properties":{"Name_of_Ba":"","District":"HARIDWAR","River":"","Status":""}},
{"type":"Feature","geometry":{"type":"Point","coordinates":[77.97472,29.81278]},"properties":{"Name_of_Ba":"","District":"HARIDWAR","River":"","Status":""}},
{"type":"Feature","geometry":{"type":"Point","coordinates":[77.9725,29.81333]},"properties":{"Name_of_Ba":"","District":"HARIDWAR","River":"","Status":""}},
{"type":"Feature","geometry":{"type":"Point","coordinates":[78.08889,29.68194]},"properties":{"Name_of_Ba":"","District":"HARIDWAR","River":"","Status":""}},
{"type":"Feature","geometry":{"type":"Point","coordinates":[78.09333,29.68222]},"properties":{"Name_of_Ba":"","District":"HARIDWAR","River":"","Status":""}},
{"type":"Feature","geometry":{"type":"Point","coordinates":[78.1,29.68111]},"properties":{"Name_of_Ba":"","District":"HARIDWAR","River":"","Status":""}},
{"type":"Feature","geometry":{"type":"Point","coordinates":[78.10083,29.67306]},"properties":{"Name_of_Ba":"","District":"HARIDWAR","River":"","Status":""}},
{"type":"Feature","geometry":{"type":"Point","coordinates":[78.12417,29.75806]},"properties":{"Name_of_Ba":"","District":"HARIDWAR","River":"","Status":""}},
{"type":"Feature","geometry":{"type":"Point","coordinates":[78.12111,29.75389]},"properties":{"Name_of_Ba":"","District":"HARIDWAR","River":"","Status":""}},
{"type":"Feature","geometry":{"type":"Point","coordinates":[78.12222,29.75889]},"properties":{"Name_of_Ba":"","District":"HARIDWAR","River":"","Status":""}},
{"type":"Feature","geometry":{"type":"Point","coordinates":[78.12194,29.75917]},"properties":{"Name_of_Ba":"","District":"HARIDWAR","River":"","Status":""}},
{"type":"Feature","geometry":{"type":"Point","coordinates":[78.12583,29.76194]},"properties":{"Name_of_Ba":"","District":"HARIDWAR","River":"","Status":""}},
{"type":"Feature","geometry":{"type":"Point","coordinates":[77.99472,29.80333]},"properties":{"Name_of_Ba":"","District":"HARIDWAR","River":"","Status":""}},
{"type":"Feature","geometry":{"type":"Point","coordinates":[78.00139,29.78667]},"properties":{"Name_of_Ba":"","District":"HARIDWAR","River":"","Status":""}},
{"type":"Feature","geometry":{"type":"Point","coordinates":[77.99806,29.78528]},"properties":{"Name_of_Ba":"","District":"HARIDWAR","River":"","Status":""}},
{"type":"Feature","geometry":{"type":"Point","coordinates":[78,29.78861]},"properties":{"Name_of_Ba":"","District":"HARIDWAR","River":"","Status":""}},
{"type":"Feature","geometry":{"type":"Point","coordinates":[77.99222,29.7325]},"properties":{"Name_of_Ba":"","District":"HARIDWAR","River":"","Status":""}},
{"type":"Feature","geometry":{"type":"Point","coordinates":[77.98056,29.78583]},"properties":{"Name_of_Ba":"","District":"HARIDWAR","River":"","Status":""}},
{"type":"Feature","geometry":{"type":"Point","coordinates":[77.98833,29.78806]},"properties":{"Name_of_Ba":"","District":"HARIDWAR","River":"","Status":""}},
{"type":"Feature","geometry":{"type":"Point","coordinates":[77.99028,29.78639]},"properties":{"Name_of_Ba":"","District":"HARIDWAR","River":"","Status":""}},
{"type":"Feature","geometry":{"type":"Point","coordinates":[78.04917,29.72194]},"properties":{"Name_of_Ba":"","District":"HARIDWAR","River":"","Status":""}},
{"type":"Feature","geometry":{"type":"Point","coordinates":[78.05722,29.72611]},"properties":{"Name_of_Ba":"","District":"HARIDWAR","River":"","Status":""}},
{"type":"Feature","geometry":{"type":"Point","coordinates":[78.05278,29.72944]},"properties":{"Name_of_Ba":"","District":"HARIDWAR","River":"","Status":""}},
{"type":"Feature","geometry":{"type":"Point","coordinates":[78.05333,29.72333]},"properties":{"Name_of_Ba":"","District":"HARIDWAR","River":"","Status":""}},
{"type":"Feature","geometry":{"type":"Point","coordinates":[78.05,29.71944]},"properties":{"Name_of_Ba":"","District":"HARIDWAR","River":"","Status":""}},
{"type":"Feature","geometry":{"type":"Point","coordinates":[78.05389,29.72667]},"properties":{"Name_of_Ba":"","District":"HARIDWAR","River":"","Status":""}},
{"type":"Feature","geometry":{"type":"Point","coordinates":[78.05556,29.71917]},"properties":{"Name_of_Ba":"","District":"HARIDWAR","River":"","Status":""}},
{"type":"Feature","geometry":{"type":"Point","coordinates":[78.045,29.71861]},"properties":{"Name_of_Ba":"","District":"HARIDWAR","River":"","Status":""}},
{"type":"Feature","geometry":{"type":"Point","coordinates":[78.04972,29.72]},"properties":{"Name_of_Ba":"","District":"HARIDWAR","River":"","Status":""}},
{"type":"Feature","geometry":{"type":"Point","coordinates":[78.05389,29.72667]},"properties":{"Name_of_Ba":"","District":"HARIDWAR","River":"","Status":""}},
{"type":"Feature","geometry":{"type":"Point","coordinates":[78.04861,29.7225]},"properties":{"Name_of_Ba":"","District":"HARIDWAR","River":"","Status":""}},
{"type":"Feature","geometry":{"type":"Point","coordinates":[78.05,29.72556]},"properties":{"Name_of_Ba":"","District":"HARIDWAR","River":"","Status":""}},
{"type":"Feature","geometry":{"type":"Point","coordinates":[78.05722,29.72611]},"properties":{"Name_of_Ba":"","District":"HARIDWAR","River":"","Status":""}},
{"type":"Feature","geometry":{"type":"Point","coordinates":[78.04583,29.7125]},"properties":{"Name_of_Ba":"","District":"HARIDWAR","River":"","Status":""}},
{"type":"Feature","geometry":{"type":"Point","coordinates":[78.04833,29.70778]},"properties":{"Name_of_Ba":"","District":"HARIDWAR","River":"","Status":""}},
{"type":"Feature","geometry":{"type":"Point","coordinates":[78.05,29.71944]},"properties":{"Name_of_Ba":"","District":"HARIDWAR","River":"","Status":""}},
{"type":"Feature","geometry":{"type":"Point","coordinates":[78.05194,29.68889]},"properties":{"Name_of_Ba":"","District":"HARIDWAR","River":"","Status":""}},
{"type":"Feature","geometry":{"type":"Point","coordinates":[78.05222,29.715]},"properties":{"Name_of_Ba":"","District":"HARIDWAR","River":"","Status":""}},
{"type":"Feature","geometry":{"type":"Point","coordinates":[78.05194,29.71306]},"properties":{"Name_of_Ba":"","District":"HARIDWAR","River":"","Status":""}},
{"type":"Feature","geometry":{"type":"Point","coordinates":[78.04389,29.72389]},"properties":{"Name_of_Ba":"","District":"HARIDWAR","River":"","Status":""}},
{"type":"Feature","geometry":{"type":"Point","coordinates":[78.05444,29.74944]},"properties":{"Name_of_Ba":"","District":"HARIDWAR","River":"","Status":""}},
{"type":"Feature","geometry":{"type":"Point","coordinates":[78.01472,29.76028]},"properties":{"Name_of_Ba":"","District":"HARIDWAR","River":"","Status":""}},
{"type":"Feature","geometry":{"type":"Point","coordinates":[78.02944,29.735]},"properties":{"Name_of_Ba":"","District":"HARIDWAR","River":"","Status":""}},
{"type":"Feature","geometry":{"type":"Point","coordinates":[78.04778,29.69417]},"properties":{"Name_of_Ba":"","District":"HARIDWAR","River":"","Status":""}},
{"type":"Feature","geometry":{"type":"Point","coordinates":[78.05722,29.69778]},"properties":{"Name_of_Ba":"","District":"HARIDWAR","River":"","Status":""}},
{"type":"Feature","geometry":{"type":"Point","coordinates":[78.04778,29.6925]},"properties":{"Name_of_Ba":"","District":"HARIDWAR","River":"","Status":""}},
{"type":"Feature","geometry":{"type":"Point","coordinates":[78.10556,29.70139]},"properties":{"Name_of_Ba":"","District":"HARIDWAR","River":"","Status":""}},
{"type":"Feature","geometry":{"type":"Point","coordinates":[78.1075,29.69333]},"properties":{"Name_of_Ba":"","District":"HARIDWAR","River":"","Status":""}},
{"type":"Feature","geometry":{"type":"Point","coordinates":[78.10722,29.69472]},"properties":{"Name_of_Ba":"","District":"HARIDWAR","River":"","Status":""}},
{"type":"Feature","geometry":{"type":"Point","coordinates":[78.11111,29.69583]},"properties":{"Name_of_Ba":"","District":"HARIDWAR","River":"","Status":""}},
{"type":"Feature","geometry":{"type":"Point","coordinates":[78.09972,29.70139]},"properties":{"Name_of_Ba":"","District":"HARIDWAR","River":"","Status":""}},
{"type":"Feature","geometry":{"type":"Point","coordinates":[78.09056,29.73861]},"properties":{"Name_of_Ba":"","District":"HARIDWAR","River":"","Status":""}},
{"type":"Feature","geometry":{"type":"Point","coordinates":[78.09417,29.74139]},"properties":{"Name_of_Ba":"","District":"HARIDWAR","River":"","Status":""}},
{"type":"Feature","geometry":{"type":"Point","coordinates":[78.09667,29.74167]},"properties":{"Name_of_Ba":"","District":"HARIDWAR","River":"","Status":""}},
{"type":"Feature","geometry":{"type":"Point","coordinates":[78.09194,29.7425]},"properties":{"Name_of_Ba":"","District":"HARIDWAR","River":"","Status":""}},
{"type":"Feature","geometry":{"type":"Point","coordinates":[78.0925,29.74194]},"properties":{"Name_of_Ba":"","District":"HARIDWAR","River":"","Status":""}},
{"type":"Feature","geometry":{"type":"Point","coordinates":[78.045,29.76083]},"properties":{"Name_of_Ba":"","District":"HARIDWAR","River":"","Status":""}},
{"type":"Feature","geometry":{"type":"Point","coordinates":[78.06833,29.69]},"properties":{"Name_of_Ba":"","District":"HARIDWAR","River":"","Status":""}},
{"type":"Feature","geometry":{"type":"Point","coordinates":[78.06944,29.69083]},"properties":{"Name_of_Ba":"","District":"HARIDWAR","River":"","Status":""}},
{"type":"Feature","geometry":{"type":"Point","coordinates":[77.99528,29.76944]},"properties":{"Name_of_Ba":"","District":"HARIDWAR","River":"","Status":""}},
{"type":"Feature","geometry":{"type":"Point","coordinates":[78.18083,29.72]},"properties":{"Name_of_Ba":"","District":"HARIDWAR","River":"","Status":""}},
{"type":"Feature","geometry":{"type":"Point","coordinates":[78.16472,29.74611]},"properties":{"Name_of_Ba":"","District":"HARIDWAR","River":"","Status":""}},
{"type":"Feature","geometry":{"type":"Point","coordinates":[78.01278,29.74139]},"properties":{"Name_of_Ba":"","District":"HARIDWAR","River":"","Status":""}},
{"type":"Feature","geometry":{"type":"Point","coordinates":[78.04139,29.76083]},"properties":{"Name_of_Ba":"","District":"HARIDWAR","River":"","Status":""}},
{"type":"Feature","geometry":{"type":"Point","coordinates":[78.01528,29.78861]},"properties":{"Name_of_Ba":"","District":"HARIDWAR","River":"","Status":""}},
{"type":"Feature","geometry":{"type":"Point","coordinates":[78.01583,29.78944]},"properties":{"Name_of_Ba":"","District":"HARIDWAR","River":"","Status":""}},
{"type":"Feature","geometry":{"type":"Point","coordinates":[78.01861,29.79083]},"properties":{"Name_of_Ba":"","District":"HARIDWAR","River":"","Status":""}},
{"type":"Feature","geometry":{"type":"Point","coordinates":[78.03306,29.77222]},"properties":{"Name_of_Ba":"","District":"HARIDWAR","River":"","Status":""}},
{"type":"Feature","geometry":{"type":"Point","coordinates":[78.035,29.77389]},"properties":{"Name_of_Ba":"","District":"HARIDWAR","River":"","Status":""}},
{"type":"Feature","geometry":{"type":"Point","coordinates":[78.03611,29.77083]},"properties":{"Name_of_Ba":"","District":"HARIDWAR","River":"","Status":""}},
{"type":"Feature","geometry":{"type":"Point","coordinates":[78.03389,29.76917]},"properties":{"Name_of_Ba":"","District":"HARIDWAR","River":"","Status":""}},
{"type":"Feature","geometry":{"type":"Point","coordinates":[78.10833,29.75056]},"properties":{"Name_of_Ba":"","District":"HARIDWAR","River":"","Status":""}},
{"type":"Feature","geometry":{"type":"Point","coordinates":[78.10639,29.74944]},"properties":{"Name_of_Ba":"","District":"HARIDWAR","River":"","Status":""}},
{"type":"Feature","geometry":{"type":"Point","coordinates":[78.11222,29.75]},"properties":{"Name_of_Ba":"","District":"HARIDWAR","River":"","Status":""}},
{"type":"Feature","geometry":{"type":"Point","coordinates":[78.10528,29.74861]},"properties":{"Name_of_Ba":"","District":"HARIDWAR","River":"","Status":""}},
{"type":"Feature","geometry":{"type":"Point","coordinates":[78.11389,29.74889]},"properties":{"Name_of_Ba":"","District":"HARIDWAR","River":"","Status":""}},
{"type":"Feature","geometry":{"type":"Point","coordinates":[78.105,29.75028]},"properties":{"Name_of_Ba":"","District":"HARIDWAR","River":"","Status":""}},
{"type":"Feature","geometry":{"type":"Point","coordinates":[78.10611,29.74972]},"properties":{"Name_of_Ba":"","District":"HARIDWAR","River":"","Status":""}},
{"type":"Feature","geometry":{"type":"Point","coordinates":[77.94,29.7375]},"properties":{"Name_of_Ba":"","District":"HARIDWAR","River":"","Status":""}},
{"type":"Feature","geometry":{"type":"Point","coordinates":[77.94028,29.73583]},"properties":{"Name_of_Ba":"","District":"HARIDWAR","River":"","Status":""}},
{"type":"Feature","geometry":{"type":"Point","coordinates":[77.90667,29.77333]},"properties":{"Name_of_Ba":"","District":"HARIDWAR","River":"","Status":""}},
{"type":"Feature","geometry":{"type":"Point","coordinates":[77.93167,29.77861]},"properties":{"Name_of_Ba":"","District":"HARIDWAR","River":"","Status":""}},
{"type":"Feature","geometry":{"type":"Point","coordinates":[77.8975,29.77861]},"properties":{"Name_of_Ba":"","District":"HARIDWAR","River":"","Status":""}},
{"type":"Feature","geometry":{"type":"Point","coordinates":[77.89694,29.77833]},"properties":{"Name_of_Ba":"","District":"HARIDWAR","River":"","Status":""}},
{"type":"Feature","geometry":{"type":"Point","coordinates":[77.89972,29.7775]},"properties":{"Name_of_Ba":"","District":"HARIDWAR","River":"","Status":""}},
{"type":"Feature","geometry":{"type":"Point","coordinates":[77.8975,29.77972]},"properties":{"Name_of_Ba":"","District":"HARIDWAR","River":"","Status":""}},
{"type":"Feature","geometry":{"type":"Point","coordinates":[77.89528,29.78306]},"properties":{"Name_of_Ba":"","District":"HARIDWAR","River":"","Status":""}},
{"type":"Feature","geometry":{"type":"Point","coordinates":[77.775,29.81333]},"properties":{"Name_of_Ba":"","District":"HARIDWAR","River":"","Status":""}},
{"type":"Feature","geometry":{"type":"Point","coordinates":[77.76806,29.81139]},"properties":{"Name_of_Ba":"","District":"HARIDWAR","River":"","Status":""}},
{"type":"Feature","geometry":{"type":"Point","coordinates":[77.76861,29.80806]},"properties":{"Name_of_Ba":"","District":"HARIDWAR","River":"","Status":""}},
{"type":"Feature","geometry":{"type":"Point","coordinates":[77.7725,29.81167]},"properties":{"Name_of_Ba":"","District":"HARIDWAR","River":"","Status":""}},
{"type":"Feature","geometry":{"type":"Point","coordinates":[77.77167,29.80333]},"properties":{"Name_of_Ba":"","District":"HARIDWAR","River":"","Status":""}},
{"type":"Feature","geometry":{"type":"Point","coordinates":[77.76806,29.81444]},"properties":{"Name_of_Ba":"","District":"HARIDWAR","River":"","Status":""}},
{"type":"Feature","geometry":{"type":"Point","coordinates":[77.80833,29.78056]},"properties":{"Name_of_Ba":"","District":"HARIDWAR","River":"","Status":""}},
{"type":"Feature","geometry":{"type":"Point","coordinates":[77.80417,29.78056]},"properties":{"Name_of_Ba":"","District":"HARIDWAR","River":"","Status":""}},
{"type":"Feature","geometry":{"type":"Point","coordinates":[77.80333,29.77861]},"properties":{"Name_of_Ba":"","District":"HARIDWAR","River":"","Status":""}},
{"type":"Feature","geometry":{"type":"Point","coordinates":[77.80306,29.77806]},"properties":{"Name_of_Ba":"","District":"HARIDWAR","River":"","Status":""}},
{"type":"Feature","geometry":{"type":"Point","coordinates":[77.90889,29.80139]},"properties":{"Name_of_Ba":"","District":"HARIDWAR","River":"","Status":""}},
{"type":"Feature","geometry":{"type":"Point","coordinates":[77.91444,29.80444]},"properties":{"Name_of_Ba":"","District":"HARIDWAR","River":"","Status":""}},
{"type":"Feature","geometry":{"type":"Point","coordinates":[77.91083,29.80306]},"properties":{"Name_of_Ba":"","District":"HARIDWAR","River":"","Status":""}},
{"type":"Feature","geometry":{"type":"Point","coordinates":[77.91556,29.80194]},"properties":{"Name_of_Ba":"","District":"HARIDWAR","River":"","Status":""}},
{"type":"Feature","geometry":{"type":"Point","coordinates":[77.88639,29.7025]},"properties":{"Name_of_Ba":"","District":"HARIDWAR","River":"","Status":""}},
{"type":"Feature","geometry":{"type":"Point","coordinates":[77.89389,29.82083]},"properties":{"Name_of_Ba":"","District":"HARIDWAR","River":"","Status":""}},
{"type":"Feature","geometry":{"type":"Point","coordinates":[77.89556,29.81972]},"properties":{"Name_of_Ba":"","District":"HARIDWAR","River":"","Status":""}},
{"type":"Feature","geometry":{"type":"Point","coordinates":[77.89278,29.82167]},"properties":{"Name_of_Ba":"","District":"HARIDWAR","River":"","Status":""}},
{"type":"Feature","geometry":{"type":"Point","coordinates":[77.89278,29.82167]},"properties":{"Name_of_Ba":"","District":"HARIDWAR","River":"","Status":""}},
{"type":"Feature","geometry":{"type":"Point","coordinates":[77.89167,29.81806]},"properties":{"Name_of_Ba":"","District":"HARIDWAR","River":"","Status":""}},
{"type":"Feature","geometry":{"type":"Point","coordinates":[77.89417,29.82083]},"properties":{"Name_of_Ba":"","District":"HARIDWAR","River":"","Status":""}},
{"type":"Feature","geometry":{"type":"Point","coordinates":[77.8925,29.81389]},"properties":{"Name_of_Ba":"","District":"HARIDWAR","River":"","Status":""}},
{"type":"Feature","geometry":{"type":"Point","coordinates":[77.89417,29.81528]},"properties":{"Name_of_Ba":"","District":"HARIDWAR","River":"","Status":""}},
{"type":"Feature","geometry":{"type":"Point","coordinates":[77.87556,29.69278]},"properties":{"Name_of_Ba":"","District":"HARIDWAR","River":"","Status":""}},
{"type":"Feature","geometry":{"type":"Point","coordinates":[77.87222,29.69528]},"properties":{"Name_of_Ba":"","District":"HARIDWAR","River":"","Status":""}},
{"type":"Feature","geometry":{"type":"Point","coordinates":[77.87389,29.69694]},"properties":{"Name_of_Ba":"","District":"HARIDWAR","River":"","Status":""}},
{"type":"Feature","geometry":{"type":"Point","coordinates":[77.87333,29.69556]},"properties":{"Name_of_Ba":"","District":"HARIDWAR","River":"","Status":""}},
{"type":"Feature","geometry":{"type":"Point","coordinates":[77.87056,29.70083]},"properties":{"Name_of_Ba":"","District":"HARIDWAR","River":"","Status":""}},
{"type":"Feature","geometry":{"type":"Point","coordinates":[77.82278,29.81222]},"properties":{"Name_of_Ba":"","District":"HARIDWAR","River":"","Status":""}},
{"type":"Feature","geometry":{"type":"Point","coordinates":[77.84806,29.73167]},"properties":{"Name_of_Ba":"","District":"HARIDWAR","River":"","Status":""}},
{"type":"Feature","geometry":{"type":"Point","coordinates":[77.85306,29.72972]},"properties":{"Name_of_Ba":"","District":"HARIDWAR","River":"","Status":""}},
{"type":"Feature","geometry":{"type":"Point","coordinates":[77.85111,29.73444]},"properties":{"Name_of_Ba":"","District":"HARIDWAR","River":"","Status":""}},
{"type":"Feature","geometry":{"type":"Point","coordinates":[77.90056,29.835]},"properties":{"Name_of_Ba":"","District":"HARIDWAR","River":"","Status":""}},
{"type":"Feature","geometry":{"type":"Point","coordinates":[77.89722,29.83972]},"properties":{"Name_of_Ba":"","District":"HARIDWAR","River":"","Status":""}},
{"type":"Feature","geometry":{"type":"Point","coordinates":[77.90056,29.83639]},"properties":{"Name_of_Ba":"","District":"HARIDWAR","River":"","Status":""}},
{"type":"Feature","geometry":{"type":"Point","coordinates":[77.83917,29.79833]},"properties":{"Name_of_Ba":"","District":"HARIDWAR","River":"","Status":""}},
{"type":"Feature","geometry":{"type":"Point","coordinates":[77.83639,29.79472]},"properties":{"Name_of_Ba":"","District":"HARIDWAR","River":"","Status":""}},
{"type":"Feature","geometry":{"type":"Point","coordinates":[77.83722,29.79472]},"properties":{"Name_of_Ba":"","District":"HARIDWAR","River":"","Status":""}},
{"type":"Feature","geometry":{"type":"Point","coordinates":[77.83333,29.79611]},"properties":{"Name_of_Ba":"","District":"HARIDWAR","River":"","Status":""}},
{"type":"Feature","geometry":{"type":"Point","coordinates":[77.83611,29.8]},"properties":{"Name_of_Ba":"","District":"HARIDWAR","River":"","Status":""}},
{"type":"Feature","geometry":{"type":"Point","coordinates":[77.83833,29.79806]},"properties":{"Name_of_Ba":"","District":"HARIDWAR","River":"","Status":""}},
{"type":"Feature","geometry":{"type":"Point","coordinates":[77.83639,29.79972]},"properties":{"Name_of_Ba":"","District":"HARIDWAR","River":"","Status":""}},
{"type":"Feature","geometry":{"type":"Point","coordinates":[77.85778,29.80389]},"properties":{"Name_of_Ba":"","District":"HARIDWAR","River":"","Status":""}},
{"type":"Feature","geometry":{"type":"Point","coordinates":[77.92472,29.74972]},"properties":{"Name_of_Ba":"","District":"HARIDWAR","River":"","Status":""}},
{"type":"Feature","geometry":{"type":"Point","coordinates":[77.93028,29.76583]},"properties":{"Name_of_Ba":"","District":"HARIDWAR","River":"","Status":""}},
{"type":"Feature","geometry":{"type":"Point","coordinates":[77.94722,29.76361]},"properties":{"Name_of_Ba":"","District":"HARIDWAR","River":"","Status":""}},
{"type":"Feature","geometry":{"type":"Point","coordinates":[77.93028,29.76583]},"properties":{"Name_of_Ba":"","District":"HARIDWAR","River":"","Status":""}},
{"type":"Feature","geometry":{"type":"Point","coordinates":[77.88444,29.72667]},"properties":{"Name_of_Ba":"","District":"HARIDWAR","River":"","Status":""}},
{"type":"Feature","geometry":{"type":"Point","coordinates":[77.88278,29.73417]},"properties":{"Name_of_Ba":"","District":"HARIDWAR","River":"","Status":""}},
{"type":"Feature","geometry":{"type":"Point","coordinates":[77.88361,29.73111]},"properties":{"Name_of_Ba":"","District":"HARIDWAR","River":"","Status":""}},
{"type":"Feature","geometry":{"type":"Point","coordinates":[77.88167,29.73083]},"properties":{"Name_of_Ba":"","District":"HARIDWAR","River":"","Status":""}},
{"type":"Feature","geometry":{"type":"Point","coordinates":[77.88833,29.72861]},"properties":{"Name_of_Ba":"","District":"HARIDWAR","River":"","Status":""}},
{"type":"Feature","geometry":{"type":"Point","coordinates":[77.88667,29.72778]},"properties":{"Name_of_Ba":"","District":"HARIDWAR","River":"","Status":""}},
{"type":"Feature","geometry":{"type":"Point","coordinates":[77.90222,29.72889]},"properties":{"Name_of_Ba":"","District":"HARIDWAR","River":"","Status":""}},
{"type":"Feature","geometry":{"type":"Point","coordinates":[77.93889,29.82417]},"properties":{"Name_of_Ba":"","District":"HARIDWAR","River":"","Status":""}},
{"type":"Feature","geometry":{"type":"Point","coordinates":[77.91972,29.79861]},"properties":{"Name_of_Ba":"","District":"HARIDWAR","River":"","Status":""}},
{"type":"Feature","geometry":{"type":"Point","coordinates":[77.91806,29.8]},"properties":{"Name_of_Ba":"","District":"HARIDWAR","River":"","Status":""}},
{"type":"Feature","geometry":{"type":"Point","coordinates":[77.79167,29.81889]},"properties":{"Name_of_Ba":"","District":"HARIDWAR","River":"","Status":""}},
{"type":"Feature","geometry":{"type":"Point","coordinates":[77.79,29.81972]},"properties":{"Name_of_Ba":"","District":"HARIDWAR","River":"","Status":""}},
{"type":"Feature","geometry":{"type":"Point","coordinates":[77.79222,29.81861]},"properties":{"Name_of_Ba":"","District":"HARIDWAR","River":"","Status":""}},
{"type":"Feature","geometry":{"type":"Point","coordinates":[77.79,29.81667]},"properties":{"Name_of_Ba":"","District":"HARIDWAR","River":"","Status":""}},
{"type":"Feature","geometry":{"type":"Point","coordinates":[77.79028,29.81667]},"properties":{"Name_of_Ba":"","District":"HARIDWAR","River":"","Status":""}},
{"type":"Feature","geometry":{"type":"Point","coordinates":[77.79472,29.81611]},"properties":{"Name_of_Ba":"","District":"HARIDWAR","River":"","Status":""}},
{"type":"Feature","geometry":{"type":"Point","coordinates":[77.84278,29.78083]},"properties":{"Name_of_Ba":"","District":"HARIDWAR","River":"","Status":""}},
{"type":"Feature","geometry":{"type":"Point","coordinates":[77.83944,29.78111]},"properties":{"Name_of_Ba":"","District":"HARIDWAR","River":"","Status":""}},
{"type":"Feature","geometry":{"type":"Point","coordinates":[77.84139,29.78028]},"properties":{"Name_of_Ba":"","District":"HARIDWAR","River":"","Status":""}},
{"type":"Feature","geometry":{"type":"Point","coordinates":[77.90111,29.71889]},"properties":{"Name_of_Ba":"","District":"HARIDWAR","River":"","Status":""}},
{"type":"Feature","geometry":{"type":"Point","coordinates":[77.90111,29.71889]},"properties":{"Name_of_Ba":"","District":"HARIDWAR","River":"","Status":""}},
{"type":"Feature","geometry":{"type":"Point","coordinates":[77.79778,29.80056]},"properties":{"Name_of_Ba":"","District":"HARIDWAR","River":"","Status":""}},
{"type":"Feature","geometry":{"type":"Point","coordinates":[77.79806,29.80028]},"properties":{"Name_of_Ba":"","District":"HARIDWAR","River":"","Status":""}},
{"type":"Feature","geometry":{"type":"Point","coordinates":[77.81444,29.68694]},"properties":{"Name_of_Ba":"","District":"HARIDWAR","River":"","Status":""}},
{"type":"Feature","geometry":{"type":"Point","coordinates":[77.81111,29.68944]},"properties":{"Name_of_Ba":"","District":"HARIDWAR","River":"","Status":""}},
{"type":"Feature","geometry":{"type":"Point","coordinates":[77.81917,29.67861]},"properties":{"Name_of_Ba":"","District":"HARIDWAR","River":"","Status":""}},
{"type":"Feature","geometry":{"type":"Point","coordinates":[77.80778,29.68528]},"properties":{"Name_of_Ba":"","District":"HARIDWAR","River":"","Status":""}},
{"type":"Feature","geometry":{"type":"Point","coordinates":[77.80472,29.68722]},"properties":{"Name_of_Ba":"","District":"HARIDWAR","River":"","Status":""}},
{"type":"Feature","geometry":{"type":"Point","coordinates":[77.81333,29.68333]},"properties":{"Name_of_Ba":"","District":"HARIDWAR","River":"","Status":""}},
{"type":"Feature","geometry":{"type":"Point","coordinates":[77.95028,29.79167]},"properties":{"Name_of_Ba":"","District":"HARIDWAR","River":"","Status":""}},
{"type":"Feature","geometry":{"type":"Point","coordinates":[77.93222,29.83722]},"properties":{"Name_of_Ba":"","District":"HARIDWAR","River":"","Status":""}},
{"type":"Feature","geometry":{"type":"Point","coordinates":[77.7825,29.77972]},"properties":{"Name_of_Ba":"","District":"HARIDWAR","River":"","Status":""}},
{"type":"Feature","geometry":{"type":"Point","coordinates":[77.79417,29.80194]},"properties":{"Name_of_Ba":"","District":"HARIDWAR","River":"","Status":""}},
{"type":"Feature","geometry":{"type":"Point","coordinates":[77.78056,29.78389]},"properties":{"Name_of_Ba":"","District":"HARIDWAR","River":"","Status":""}},
{"type":"Feature","geometry":{"type":"Point","coordinates":[77.78278,29.80167]},"properties":{"Name_of_Ba":"","District":"HARIDWAR","River":"","Status":""}},
{"type":"Feature","geometry":{"type":"Point","coordinates":[77.79111,29.78722]},"properties":{"Name_of_Ba":"","District":"HARIDWAR","River":"","Status":""}},
{"type":"Feature","geometry":{"type":"Point","coordinates":[77.78417,29.78528]},"properties":{"Name_of_Ba":"","District":"HARIDWAR","River":"","Status":""}},
{"type":"Feature","geometry":{"type":"Point","coordinates":[77.79056,29.78694]},"properties":{"Name_of_Ba":"","District":"HARIDWAR","River":"","Status":""}},
{"type":"Feature","geometry":{"type":"Point","coordinates":[77.78,29.78167]},"properties":{"Name_of_Ba":"","District":"HARIDWAR","River":"","Status":""}},
{"type":"Feature","geometry":{"type":"Point","coordinates":[77.78333,29.77944]},"properties":{"Name_of_Ba":"","District":"HARIDWAR","River":"","Status":""}},
{"type":"Feature","geometry":{"type":"Point","coordinates":[77.78,29.78111]},"properties":{"Name_of_Ba":"","District":"HARIDWAR","River":"","Status":""}},
{"type":"Feature","geometry":{"type":"Point","coordinates":[77.79556,29.79444]},"properties":{"Name_of_Ba":"","District":"HARIDWAR","River":"","Status":""}},
{"type":"Feature","geometry":{"type":"Point","coordinates":[77.79194,29.79167]},"properties":{"Name_of_Ba":"","District":"HARIDWAR","River":"","Status":""}},
{"type":"Feature","geometry":{"type":"Point","coordinates":[77.78944,29.78444]},"properties":{"Name_of_Ba":"","District":"HARIDWAR","River":"","Status":""}},
{"type":"Feature","geometry":{"type":"Point","coordinates":[77.78944,29.78444]},"properties":{"Name_of_Ba":"","District":"HARIDWAR","River":"","Status":""}},
{"type":"Feature","geometry":{"type":"Point","coordinates":[77.77778,29.78306]},"properties":{"Name_of_Ba":"","District":"HARIDWAR","River":"","Status":""}},
{"type":"Feature","geometry":{"type":"Point","coordinates":[77.78333,29.78639]},"properties":{"Name_of_Ba":"","District":"HARIDWAR","River":"","Status":""}},
{"type":"Feature","geometry":{"type":"Point","coordinates":[77.77944,29.78194]},"properties":{"Name_of_Ba":"","District":"HARIDWAR","River":"","Status":""}},
{"type":"Feature","geometry":{"type":"Point","coordinates":[77.77972,29.78139]},"properties":{"Name_of_Ba":"","District":"HARIDWAR","River":"","Status":""}},
{"type":"Feature","geometry":{"type":"Point","coordinates":[77.78,29.78167]},"properties":{"Name_of_Ba":"","District":"HARIDWAR","River":"","Status":""}},
{"type":"Feature","geometry":{"type":"Point","coordinates":[77.77944,29.78139]},"properties":{"Name_of_Ba":"","District":"HARIDWAR","River":"","Status":""}},
{"type":"Feature","geometry":{"type":"Point","coordinates":[77.78306,29.78306]},"properties":{"Name_of_Ba":"","District":"HARIDWAR","River":"","Status":""}},
{"type":"Feature","geometry":{"type":"Point","coordinates":[77.82278,29.76056]},"properties":{"Name_of_Ba":"","District":"HARIDWAR","River":"","Status":""}},
{"type":"Feature","geometry":{"type":"Point","coordinates":[77.8125,29.76639]},"properties":{"Name_of_Ba":"","District":"HARIDWAR","River":"","Status":""}},
{"type":"Feature","geometry":{"type":"Point","coordinates":[77.80833,29.77083]},"properties":{"Name_of_Ba":"","District":"HARIDWAR","River":"","Status":""}},
{"type":"Feature","geometry":{"type":"Point","coordinates":[77.8075,29.76583]},"properties":{"Name_of_Ba":"","District":"HARIDWAR","River":"","Status":""}},
{"type":"Feature","geometry":{"type":"Point","coordinates":[77.85639,29.78861]},"properties":{"Name_of_Ba":"","District":"HARIDWAR","River":"","Status":""}},
{"type":"Feature","geometry":{"type":"Point","coordinates":[77.84111,29.69806]},"properties":{"Name_of_Ba":"","District":"HARIDWAR","River":"","Status":""}},
{"type":"Feature","geometry":{"type":"Point","coordinates":[77.84194,29.69361]},"properties":{"Name_of_Ba":"","District":"HARIDWAR","River":"","Status":""}},
{"type":"Feature","geometry":{"type":"Point","coordinates":[77.81556,29.73917]},"properties":{"Name_of_Ba":"","District":"HARIDWAR","River":"","Status":""}},
{"type":"Feature","geometry":{"type":"Point","coordinates":[77.79667,29.73028]},"properties":{"Name_of_Ba":"","District":"HARIDWAR","River":"","Status":""}},
{"type":"Feature","geometry":{"type":"Point","coordinates":[77.8175,29.79444]},"properties":{"Name_of_Ba":"","District":"HARIDWAR","River":"","Status":""}},
{"type":"Feature","geometry":{"type":"Point","coordinates":[77.81139,29.79944]},"properties":{"Name_of_Ba":"","District":"HARIDWAR","River":"","Status":""}},
{"type":"Feature","geometry":{"type":"Point","coordinates":[77.80389,29.79417]},"properties":{"Name_of_Ba":"","District":"HARIDWAR","River":"","Status":""}},
{"type":"Feature","geometry":{"type":"Point","coordinates":[77.81222,29.79694]},"properties":{"Name_of_Ba":"","District":"HARIDWAR","River":"","Status":""}},
{"type":"Feature","geometry":{"type":"Point","coordinates":[77.82972,29.79639]},"properties":{"Name_of_Ba":"","District":"HARIDWAR","River":"","Status":""}},
{"type":"Feature","geometry":{"type":"Point","coordinates":[77.82472,29.79]},"properties":{"Name_of_Ba":"","District":"HARIDWAR","River":"","Status":""}},
{"type":"Feature","geometry":{"type":"Point","coordinates":[77.8125,29.79444]},"properties":{"Name_of_Ba":"","District":"HARIDWAR","River":"","Status":""}},
{"type":"Feature","geometry":{"type":"Point","coordinates":[77.82139,29.78111]},"properties":{"Name_of_Ba":"","District":"HARIDWAR","River":"","Status":""}},
{"type":"Feature","geometry":{"type":"Point","coordinates":[77.86667,29.755]},"properties":{"Name_of_Ba":"","District":"HARIDWAR","River":"","Status":""}},
{"type":"Feature","geometry":{"type":"Point","coordinates":[77.87028,29.76361]},"properties":{"Name_of_Ba":"","District":"HARIDWAR","River":"","Status":""}},
{"type":"Feature","geometry":{"type":"Point","coordinates":[77.86889,29.76306]},"properties":{"Name_of_Ba":"","District":"HARIDWAR","River":"","Status":""}},
{"type":"Feature","geometry":{"type":"Point","coordinates":[77.86278,29.78111]},"properties":{"Name_of_Ba":"","District":"HARIDWAR","River":"","Status":""}},
{"type":"Feature","geometry":{"type":"Point","coordinates":[77.86139,29.76778]},"properties":{"Name_of_Ba":"","District":"HARIDWAR","River":"","Status":""}},
{"type":"Feature","geometry":{"type":"Point","coordinates":[77.8525,29.76861]},"properties":{"Name_of_Ba":"","District":"HARIDWAR","River":"","Status":""}},
{"type":"Feature","geometry":{"type":"Point","coordinates":[77.87,29.76306]},"properties":{"Name_of_Ba":"","District":"HARIDWAR","River":"","Status":""}},
{"type":"Feature","geometry":{"type":"Point","coordinates":[77.86833,29.75917]},"properties":{"Name_of_Ba":"","District":"HARIDWAR","River":"","Status":""}},
{"type":"Feature","geometry":{"type":"Point","coordinates":[77.86167,29.76778]},"properties":{"Name_of_Ba":"","District":"HARIDWAR","River":"","Status":""}},
{"type":"Feature","geometry":{"type":"Point","coordinates":[77.83028,29.74361]},"properties":{"Name_of_Ba":"","District":"HARIDWAR","River":"","Status":""}},
{"type":"Feature","geometry":{"type":"Point","coordinates":[77.83417,29.74361]},"properties":{"Name_of_Ba":"","District":"HARIDWAR","River":"","Status":""}},
{"type":"Feature","geometry":{"type":"Point","coordinates":[77.82972,29.73917]},"properties":{"Name_of_Ba":"","District":"HARIDWAR","River":"","Status":""}},
{"type":"Feature","geometry":{"type":"Point","coordinates":[77.83056,29.74056]},"properties":{"Name_of_Ba":"","District":"HARIDWAR","River":"","Status":""}},
{"type":"Feature","geometry":{"type":"Point","coordinates":[77.82806,29.74194]},"properties":{"Name_of_Ba":"","District":"HARIDWAR","River":"","Status":""}},
{"type":"Feature","geometry":{"type":"Point","coordinates":[77.80972,29.7475]},"properties":{"Name_of_Ba":"","District":"HARIDWAR","River":"","Status":""}},
{"type":"Feature","geometry":{"type":"Point","coordinates":[77.85028,29.72639]},"properties":{"Name_of_Ba":"","District":"HARIDWAR","River":"","Status":""}},
{"type":"Feature","geometry":{"type":"Point","coordinates":[77.91028,29.74194]},"properties":{"Name_of_Ba":"","District":"HARIDWAR","River":"","Status":""}},
{"type":"Feature","geometry":{"type":"Point","coordinates":[77.91833,29.74278]},"properties":{"Name_of_Ba":"","District":"HARIDWAR","River":"","Status":""}},
{"type":"Feature","geometry":{"type":"Point","coordinates":[77.91472,29.74444]},"properties":{"Name_of_Ba":"","District":"HARIDWAR","River":"","Status":""}},
{"type":"Feature","geometry":{"type":"Point","coordinates":[77.91806,29.7425]},"properties":{"Name_of_Ba":"","District":"HARIDWAR","River":"","Status":""}},
{"type":"Feature","geometry":{"type":"Point","coordinates":[77.91389,29.74167]},"properties":{"Name_of_Ba":"","District":"HARIDWAR","River":"","Status":""}},
{"type":"Feature","geometry":{"type":"Point","coordinates":[77.91667,29.74306]},"properties":{"Name_of_Ba":"","District":"HARIDWAR","River":"","Status":""}},
{"type":"Feature","geometry":{"type":"Point","coordinates":[77.91667,29.74917]},"properties":{"Name_of_Ba":"","District":"HARIDWAR","River":"","Status":""}},
{"type":"Feature","geometry":{"type":"Point","coordinates":[77.915,29.74611]},"properties":{"Name_of_Ba":"","District":"HARIDWAR","River":"","Status":""}},
{"type":"Feature","geometry":{"type":"Point","coordinates":[77.88278,29.83639]},"properties":{"Name_of_Ba":"","District":"HARIDWAR","River":"","Status":""}},
{"type":"Feature","geometry":{"type":"Point","coordinates":[77.87722,29.83472]},"properties":{"Name_of_Ba":"","District":"HARIDWAR","River":"","Status":""}},
{"type":"Feature","geometry":{"type":"Point","coordinates":[77.85806,29.70139]},"properties":{"Name_of_Ba":"","District":"HARIDWAR","River":"","Status":""}},
{"type":"Feature","geometry":{"type":"Point","coordinates":[77.84528,29.76]},"properties":{"Name_of_Ba":"","District":"HARIDWAR","River":"","Status":""}},
{"type":"Feature","geometry":{"type":"Point","coordinates":[77.84917,29.76528]},"properties":{"Name_of_Ba":"","District":"HARIDWAR","River":"","Status":""}},
{"type":"Feature","geometry":{"type":"Point","coordinates":[77.84639,29.76083]},"properties":{"Name_of_Ba":"","District":"HARIDWAR","River":"","Status":""}},
{"type":"Feature","geometry":{"type":"Point","coordinates":[77.84583,29.74583]},"properties":{"Name_of_Ba":"","District":"HARIDWAR","River":"","Status":""}},
{"type":"Feature","geometry":{"type":"Point","coordinates":[77.845,29.74528]},"properties":{"Name_of_Ba":"","District":"HARIDWAR","River":"","Status":""}},
{"type":"Feature","geometry":{"type":"Point","coordinates":[77.84667,29.74444]},"properties":{"Name_of_Ba":"","District":"HARIDWAR","River":"","Status":""}},
{"type":"Feature","geometry":{"type":"Point","coordinates":[77.84667,29.74472]},"properties":{"Name_of_Ba":"","District":"HARIDWAR","River":"","Status":""}},
{"type":"Feature","geometry":{"type":"Point","coordinates":[77.84111,29.74833]},"properties":{"Name_of_Ba":"","District":"HARIDWAR","River":"","Status":""}},
{"type":"Feature","geometry":{"type":"Point","coordinates":[77.89528,29.74]},"properties":{"Name_of_Ba":"","District":"HARIDWAR","River":"","Status":""}},
{"type":"Feature","geometry":{"type":"Point","coordinates":[77.91333,29.82583]},"properties":{"Name_of_Ba":"","District":"HARIDWAR","River":"","Status":""}},
{"type":"Feature","geometry":{"type":"Point","coordinates":[77.91889,29.82083]},"properties":{"Name_of_Ba":"","District":"HARIDWAR","River":"","Status":""}},
{"type":"Feature","geometry":{"type":"Point","coordinates":[77.91806,29.82306]},"properties":{"Name_of_Ba":"","District":"HARIDWAR","River":"","Status":""}},
{"type":"Feature","geometry":{"type":"Point","coordinates":[77.82444,29.72722]},"properties":{"Name_of_Ba":"","District":"HARIDWAR","River":"","Status":""}},
{"type":"Feature","geometry":{"type":"Point","coordinates":[77.83083,29.73222]},"properties":{"Name_of_Ba":"","District":"HARIDWAR","River":"","Status":""}},
{"type":"Feature","geometry":{"type":"Point","coordinates":[77.82556,29.73194]},"properties":{"Name_of_Ba":"","District":"HARIDWAR","River":"","Status":""}},
{"type":"Feature","geometry":{"type":"Point","coordinates":[77.83444,29.7825]},"properties":{"Name_of_Ba":"","District":"HARIDWAR","River":"","Status":""}},
{"type":"Feature","geometry":{"type":"Point","coordinates":[77.83444,29.7825]},"properties":{"Name_of_Ba":"","District":"HARIDWAR","River":"","Status":""}},
{"type":"Feature","geometry":{"type":"Point","coordinates":[77.83361,29.78083]},"properties":{"Name_of_Ba":"","District":"HARIDWAR","River":"","Status":""}},
{"type":"Feature","geometry":{"type":"Point","coordinates":[77.86528,29.73944]},"properties":{"Name_of_Ba":"","District":"HARIDWAR","River":"","Status":""}},
{"type":"Feature","geometry":{"type":"Point","coordinates":[77.87194,29.74556]},"properties":{"Name_of_Ba":"","District":"HARIDWAR","River":"","Status":""}},
{"type":"Feature","geometry":{"type":"Point","coordinates":[77.86861,29.73611]},"properties":{"Name_of_Ba":"","District":"HARIDWAR","River":"","Status":""}},
{"type":"Feature","geometry":{"type":"Point","coordinates":[77.82611,29.70722]},"properties":{"Name_of_Ba":"","District":"HARIDWAR","River":"","Status":""}},
{"type":"Feature","geometry":{"type":"Point","coordinates":[77.83167,29.70389]},"properties":{"Name_of_Ba":"","District":"HARIDWAR","River":"","Status":""}},
{"type":"Feature","geometry":{"type":"Point","coordinates":[77.83556,29.70444]},"properties":{"Name_of_Ba":"","District":"HARIDWAR","River":"","Status":""}},
{"type":"Feature","geometry":{"type":"Point","coordinates":[77.84722,29.6975]},"properties":{"Name_of_Ba":"","District":"HARIDWAR","River":"","Status":""}},
{"type":"Feature","geometry":{"type":"Point","coordinates":[77.82889,29.70222]},"properties":{"Name_of_Ba":"","District":"HARIDWAR","River":"","Status":""}},
{"type":"Feature","geometry":{"type":"Point","coordinates":[77.82833,29.71028]},"properties":{"Name_of_Ba":"","District":"HARIDWAR","River":"","Status":""}},
{"type":"Feature","geometry":{"type":"Point","coordinates":[77.8275,29.70694]},"properties":{"Name_of_Ba":"","District":"HARIDWAR","River":"","Status":""}},
{"type":"Feature","geometry":{"type":"Point","coordinates":[77.82611,29.70694]},"properties":{"Name_of_Ba":"","District":"HARIDWAR","River":"","Status":""}},
{"type":"Feature","geometry":{"type":"Point","coordinates":[77.89222,29.76778]},"properties":{"Name_of_Ba":"","District":"HARIDWAR","River":"","Status":""}},
{"type":"Feature","geometry":{"type":"Point","coordinates":[77.84111,29.71778]},"properties":{"Name_of_Ba":"","District":"HARIDWAR","River":"","Status":""}},
{"type":"Feature","geometry":{"type":"Point","coordinates":[77.83722,29.71972]},"properties":{"Name_of_Ba":"","District":"HARIDWAR","River":"","Status":""}},
{"type":"Feature","geometry":{"type":"Point","coordinates":[77.84028,29.7175]},"properties":{"Name_of_Ba":"","District":"HARIDWAR","River":"","Status":""}},
{"type":"Feature","geometry":{"type":"Point","coordinates":[77.81444,29.805]},"properties":{"Name_of_Ba":"","District":"HARIDWAR","River":"","Status":""}},
{"type":"Feature","geometry":{"type":"Point","coordinates":[77.81444,29.80944]},"properties":{"Name_of_Ba":"","District":"HARIDWAR","River":"","Status":""}},
{"type":"Feature","geometry":{"type":"Point","coordinates":[77.89194,29.81333]},"properties":{"Name_of_Ba":"","District":"HARIDWAR","River":"","Status":""}},
{"type":"Feature","geometry":{"type":"Point","coordinates":[77.795,29.73472]},"properties":{"Name_of_Ba":"","District":"HARIDWAR","River":"","Status":""}},
{"type":"Feature","geometry":{"type":"Point","coordinates":[77.80167,29.735]},"properties":{"Name_of_Ba":"","District":"HARIDWAR","River":"","Status":""}},
{"type":"Feature","geometry":{"type":"Point","coordinates":[77.85944,29.71139]},"properties":{"Name_of_Ba":"","District":"HARIDWAR","River":"","Status":""}},
{"type":"Feature","geometry":{"type":"Point","coordinates":[77.79361,29.77]},"properties":{"Name_of_Ba":"","District":"HARIDWAR","River":"","Status":""}},
{"type":"Feature","geometry":{"type":"Point","coordinates":[77.79778,29.76833]},"properties":{"Name_of_Ba":"","District":"HARIDWAR","River":"","Status":""}},
{"type":"Feature","geometry":{"type":"Point","coordinates":[77.79361,29.77]},"properties":{"Name_of_Ba":"","District":"HARIDWAR","River":"","Status":""}},
{"type":"Feature","geometry":{"type":"Point","coordinates":[77.80917,29.75917]},"properties":{"Name_of_Ba":"","District":"HARIDWAR","River":"","Status":""}},
{"type":"Feature","geometry":{"type":"Point","coordinates":[77.80917,29.75944]},"properties":{"Name_of_Ba":"","District":"HARIDWAR","River":"","Status":""}},
{"type":"Feature","geometry":{"type":"Point","coordinates":[77.81222,29.755]},"properties":{"Name_of_Ba":"","District":"HARIDWAR","River":"","Status":""}},
{"type":"Feature","geometry":{"type":"Point","coordinates":[77.86194,29.69306]},"properties":{"Name_of_Ba":"","District":"HARIDWAR","River":"","Status":""}},
{"type":"Feature","geometry":{"type":"Point","coordinates":[77.86139,29.8]},"properties":{"Name_of_Ba":"","District":"HARIDWAR","River":"","Status":""}},
{"type":"Feature","geometry":{"type":"Point","coordinates":[77.86361,29.79333]},"properties":{"Name_of_Ba":"","District":"HARIDWAR","River":"","Status":""}},
{"type":"Feature","geometry":{"type":"Point","coordinates":[77.86028,29.8025]},"properties":{"Name_of_Ba":"","District":"HARIDWAR","River":"","Status":""}},
{"type":"Feature","geometry":{"type":"Point","coordinates":[77.77199,29.79583]},"properties":{"Name_of_Ba":"","District":"HARIDWAR","River":"","Status":""}},
{"type":"Feature","geometry":{"type":"Point","coordinates":[77.78694,29.75083]},"properties":{"Name_of_Ba":"","District":"HARIDWAR","River":"","Status":""}},
{"type":"Feature","geometry":{"type":"Point","coordinates":[77.78278,29.75194]},"properties":{"Name_of_Ba":"","District":"HARIDWAR","River":"","Status":""}},
{"type":"Feature","geometry":{"type":"Point","coordinates":[77.78278,29.775]},"properties":{"Name_of_Ba":"","District":"HARIDWAR","River":"","Status":""}},
{"type":"Feature","geometry":{"type":"Point","coordinates":[77.78111,29.74944]},"properties":{"Name_of_Ba":"","District":"HARIDWAR","River":"","Status":""}},
{"type":"Feature","geometry":{"type":"Point","coordinates":[77.78639,29.745]},"properties":{"Name_of_Ba":"","District":"HARIDWAR","River":"","Status":""}},
{"type":"Feature","geometry":{"type":"Point","coordinates":[77.78278,29.74556]},"properties":{"Name_of_Ba":"","District":"HARIDWAR","River":"","Status":""}},
{"type":"Feature","geometry":{"type":"Point","coordinates":[77.78639,29.74806]},"properties":{"Name_of_Ba":"","District":"HARIDWAR","River":"","Status":""}},
{"type":"Feature","geometry":{"type":"Point","coordinates":[77.78222,29.77056]},"properties":{"Name_of_Ba":"","District":"HARIDWAR","River":"","Status":""}},
{"type":"Feature","geometry":{"type":"Point","coordinates":[77.78667,29.75139]},"properties":{"Name_of_Ba":"","District":"HARIDWAR","River":"","Status":""}},
{"type":"Feature","geometry":{"type":"Point","coordinates":[77.7825,29.74528]},"properties":{"Name_of_Ba":"","District":"HARIDWAR","River":"","Status":""}},
{"type":"Feature","geometry":{"type":"Point","coordinates":[77.7875,29.74944]},"properties":{"Name_of_Ba":"","District":"HARIDWAR","River":"","Status":""}},
{"type":"Feature","geometry":{"type":"Point","coordinates":[77.78672,29.75427]},"properties":{"Name_of_Ba":"","District":"HARIDWAR","River":"","Status":""}},
{"type":"Feature","geometry":{"type":"Point","coordinates":[77.7825,29.77306]},"properties":{"Name_of_Ba":"","District":"HARIDWAR","River":"","Status":""}},
{"type":"Feature","geometry":{"type":"Point","coordinates":[77.95333,29.80083]},"properties":{"Name_of_Ba":"","District":"HARIDWAR","River":"","Status":""}},
{"type":"Feature","geometry":{"type":"Point","coordinates":[77.90972,29.74056]},"properties":{"Name_of_Ba":"","District":"HARIDWAR","River":"","Status":""}},
{"type":"Feature","geometry":{"type":"Point","coordinates":[77.92722,29.76028]},"properties":{"Name_of_Ba":"","District":"HARIDWAR","River":"","Status":""}},
{"type":"Feature","geometry":{"type":"Point","coordinates":[77.92444,29.76222]},"properties":{"Name_of_Ba":"","District":"HARIDWAR","River":"","Status":""}},
{"type":"Feature","geometry":{"type":"Point","coordinates":[77.77889,29.72083]},"properties":{"Name_of_Ba":"","District":"HARIDWAR","River":"","Status":""}},
{"type":"Feature","geometry":{"type":"Point","coordinates":[77.78472,29.71333]},"properties":{"Name_of_Ba":"","District":"HARIDWAR","River":"","Status":""}},
{"type":"Feature","geometry":{"type":"Point","coordinates":[77.785,29.71806]},"properties":{"Name_of_Ba":"","District":"HARIDWAR","River":"","Status":""}},
{"type":"Feature","geometry":{"type":"Point","coordinates":[77.785,29.71806]},"properties":{"Name_of_Ba":"","District":"HARIDWAR","River":"","Status":""}},
{"type":"Feature","geometry":{"type":"Point","coordinates":[77.80833,29.72639]},"properties":{"Name_of_Ba":"","District":"HARIDWAR","River":"","Status":""}},
{"type":"Feature","geometry":{"type":"Point","coordinates":[77.80889,29.72056]},"properties":{"Name_of_Ba":"","District":"HARIDWAR","River":"","Status":""}},
{"type":"Feature","geometry":{"type":"Point","coordinates":[77.83417,29.77639]},"properties":{"Name_of_Ba":"","District":"HARIDWAR","River":"","Status":""}},
{"type":"Feature","geometry":{"type":"Point","coordinates":[77.83611,29.77083]},"properties":{"Name_of_Ba":"","District":"HARIDWAR","River":"","Status":""}},
{"type":"Feature","geometry":{"type":"Point","coordinates":[77.83361,29.77278]},"properties":{"Name_of_Ba":"","District":"HARIDWAR","River":"","Status":""}},
{"type":"Feature","geometry":{"type":"Point","coordinates":[77.82694,29.77139]},"properties":{"Name_of_Ba":"","District":"HARIDWAR","River":"","Status":""}},
{"type":"Feature","geometry":{"type":"Point","coordinates":[77.83444,29.77667]},"properties":{"Name_of_Ba":"","District":"HARIDWAR","River":"","Status":""}},
{"type":"Feature","geometry":{"type":"Point","coordinates":[77.83694,29.76972]},"properties":{"Name_of_Ba":"","District":"HARIDWAR","River":"","Status":""}},
{"type":"Feature","geometry":{"type":"Point","coordinates":[77.83528,29.77611]},"properties":{"Name_of_Ba":"","District":"HARIDWAR","River":"","Status":""}},
{"type":"Feature","geometry":{"type":"Point","coordinates":[77.835,29.77611]},"properties":{"Name_of_Ba":"","District":"HARIDWAR","River":"","Status":""}},
{"type":"Feature","geometry":{"type":"Point","coordinates":[77.83556,29.81694]},"properties":{"Name_of_Ba":"","District":"HARIDWAR","River":"","Status":""}},
{"type":"Feature","geometry":{"type":"Point","coordinates":[77.85667,29.80583]},"properties":{"Name_of_Ba":"","District":"HARIDWAR","River":"","Status":""}},
{"type":"Feature","geometry":{"type":"Point","coordinates":[77.84833,29.80972]},"properties":{"Name_of_Ba":"","District":"HARIDWAR","River":"","Status":""}},
{"type":"Feature","geometry":{"type":"Point","coordinates":[77.85139,29.80611]},"properties":{"Name_of_Ba":"","District":"HARIDWAR","River":"","Status":""}},
{"type":"Feature","geometry":{"type":"Point","coordinates":[77.85639,29.81056]},"properties":{"Name_of_Ba":"","District":"HARIDWAR","River":"","Status":""}},
{"type":"Feature","geometry":{"type":"Point","coordinates":[77.89583,29.70917]},"properties":{"Name_of_Ba":"","District":"HARIDWAR","River":"","Status":""}},
{"type":"Feature","geometry":{"type":"Point","coordinates":[77.89389,29.70639]},"properties":{"Name_of_Ba":"","District":"HARIDWAR","River":"","Status":""}},
{"type":"Feature","geometry":{"type":"Point","coordinates":[77.83139,29.75417]},"properties":{"Name_of_Ba":"","District":"HARIDWAR","River":"","Status":""}},
{"type":"Feature","geometry":{"type":"Point","coordinates":[77.82917,29.755]},"properties":{"Name_of_Ba":"","District":"HARIDWAR","River":"","Status":""}},
{"type":"Feature","geometry":{"type":"Point","coordinates":[77.84083,29.67944]},"properties":{"Name_of_Ba":"","District":"HARIDWAR","River":"","Status":""}},
{"type":"Feature","geometry":{"type":"Point","coordinates":[77.84028,29.67861]},"properties":{"Name_of_Ba":"","District":"HARIDWAR","River":"","Status":""}},
{"type":"Feature","geometry":{"type":"Point","coordinates":[77.81306,29.84861]},"properties":{"Name_of_Ba":"","District":"HARIDWAR","River":"","Status":""}},
{"type":"Feature","geometry":{"type":"Point","coordinates":[77.81278,29.82833]},"properties":{"Name_of_Ba":"","District":"HARIDWAR","River":"","Status":""}},
{"type":"Feature","geometry":{"type":"Point","coordinates":[77.81417,29.83111]},"properties":{"Name_of_Ba":"","District":"HARIDWAR","River":"","Status":""}},
{"type":"Feature","geometry":{"type":"Point","coordinates":[77.92333,29.89639]},"properties":{"Name_of_Ba":"","District":"HARIDWAR","River":"","Status":""}},
{"type":"Feature","geometry":{"type":"Point","coordinates":[77.91944,29.89778]},"properties":{"Name_of_Ba":"","District":"HARIDWAR","River":"","Status":""}},
{"type":"Feature","geometry":{"type":"Point","coordinates":[77.92222,29.90306]},"properties":{"Name_of_Ba":"","District":"HARIDWAR","River":"","Status":""}},
{"type":"Feature","geometry":{"type":"Point","coordinates":[77.92639,29.90333]},"properties":{"Name_of_Ba":"","District":"HARIDWAR","River":"","Status":""}},
{"type":"Feature","geometry":{"type":"Point","coordinates":[77.92944,29.90944]},"properties":{"Name_of_Ba":"","District":"HARIDWAR","River":"","Status":""}},
{"type":"Feature","geometry":{"type":"Point","coordinates":[77.91167,29.85139]},"properties":{"Name_of_Ba":"","District":"HARIDWAR","River":"","Status":""}},
{"type":"Feature","geometry":{"type":"Point","coordinates":[77.995,29.91417]},"properties":{"Name_of_Ba":"","District":"HARIDWAR","River":"","Status":""}},
{"type":"Feature","geometry":{"type":"Point","coordinates":[77.82083,29.88194]},"properties":{"Name_of_Ba":"","District":"HARIDWAR","River":"","Status":""}},
{"type":"Feature","geometry":{"type":"Point","coordinates":[77.82639,29.82028]},"properties":{"Name_of_Ba":"","District":"HARIDWAR","River":"","Status":""}},
{"type":"Feature","geometry":{"type":"Point","coordinates":[77.93556,29.89556]},"properties":{"Name_of_Ba":"","District":"HARIDWAR","River":"","Status":""}},
{"type":"Feature","geometry":{"type":"Point","coordinates":[77.93972,29.89306]},"properties":{"Name_of_Ba":"","District":"HARIDWAR","River":"","Status":""}},
{"type":"Feature","geometry":{"type":"Point","coordinates":[77.94194,29.89889]},"properties":{"Name_of_Ba":"","District":"HARIDWAR","River":"","Status":""}},
{"type":"Feature","geometry":{"type":"Point","coordinates":[77.94,29.88167]},"properties":{"Name_of_Ba":"","District":"HARIDWAR","River":"","Status":""}},
{"type":"Feature","geometry":{"type":"Point","coordinates":[77.93972,29.88389]},"properties":{"Name_of_Ba":"","District":"HARIDWAR","River":"","Status":""}},
{"type":"Feature","geometry":{"type":"Point","coordinates":[77.93639,29.88778]},"properties":{"Name_of_Ba":"","District":"HARIDWAR","River":"","Status":""}},
{"type":"Feature","geometry":{"type":"Point","coordinates":[77.93639,29.88778]},"properties":{"Name_of_Ba":"","District":"HARIDWAR","River":"","Status":""}},
{"type":"Feature","geometry":{"type":"Point","coordinates":[77.93639,29.88778]},"properties":{"Name_of_Ba":"","District":"HARIDWAR","River":"","Status":""}},
{"type":"Feature","geometry":{"type":"Point","coordinates":[77.93611,29.88028]},"properties":{"Name_of_Ba":"","District":"HARIDWAR","River":"","Status":""}},
{"type":"Feature","geometry":{"type":"Point","coordinates":[77.93583,29.88778]},"properties":{"Name_of_Ba":"","District":"HARIDWAR","River":"","Status":""}},
{"type":"Feature","geometry":{"type":"Point","coordinates":[77.93556,29.87944]},"properties":{"Name_of_Ba":"","District":"HARIDWAR","River":"","Status":""}},
{"type":"Feature","geometry":{"type":"Point","coordinates":[77.93583,29.88194]},"properties":{"Name_of_Ba":"","District":"HARIDWAR","River":"","Status":""}},
{"type":"Feature","geometry":{"type":"Point","coordinates":[77.93639,29.88778]},"properties":{"Name_of_Ba":"","District":"HARIDWAR","River":"","Status":""}},
{"type":"Feature","geometry":{"type":"Point","coordinates":[77.94111,29.88417]},"properties":{"Name_of_Ba":"","District":"HARIDWAR","River":"","Status":""}},
{"type":"Feature","geometry":{"type":"Point","coordinates":[77.93667,29.87972]},"properties":{"Name_of_Ba":"","District":"HARIDWAR","River":"","Status":""}},
{"type":"Feature","geometry":{"type":"Point","coordinates":[77.81889,29.82694]},"properties":{"Name_of_Ba":"","District":"HARIDWAR","River":"","Status":""}},
{"type":"Feature","geometry":{"type":"Point","coordinates":[77.82444,29.8325]},"properties":{"Name_of_Ba":"","District":"HARIDWAR","River":"","Status":""}},
{"type":"Feature","geometry":{"type":"Point","coordinates":[77.82083,29.82778]},"properties":{"Name_of_Ba":"","District":"HARIDWAR","River":"","Status":""}},
{"type":"Feature","geometry":{"type":"Point","coordinates":[77.97528,29.88]},"properties":{"Name_of_Ba":"","District":"HARIDWAR","River":"","Status":""}},
{"type":"Feature","geometry":{"type":"Point","coordinates":[77.97389,29.88278]},"properties":{"Name_of_Ba":"","District":"HARIDWAR","River":"","Status":""}},
{"type":"Feature","geometry":{"type":"Point","coordinates":[77.97694,29.88]},"properties":{"Name_of_Ba":"","District":"HARIDWAR","River":"","Status":""}},
{"type":"Feature","geometry":{"type":"Point","coordinates":[77.92667,29.87944]},"properties":{"Name_of_Ba":"","District":"HARIDWAR","River":"","Status":""}},
{"type":"Feature","geometry":{"type":"Point","coordinates":[77.92056,29.88278]},"properties":{"Name_of_Ba":"","District":"HARIDWAR","River":"","Status":""}},
{"type":"Feature","geometry":{"type":"Point","coordinates":[77.7875,29.84194]},"properties":{"Name_of_Ba":"","District":"HARIDWAR","River":"","Status":""}},
{"type":"Feature","geometry":{"type":"Point","coordinates":[77.79111,29.84222]},"properties":{"Name_of_Ba":"","District":"HARIDWAR","River":"","Status":""}},
{"type":"Feature","geometry":{"type":"Point","coordinates":[77.78917,29.83944]},"properties":{"Name_of_Ba":"","District":"HARIDWAR","River":"","Status":""}},
{"type":"Feature","geometry":{"type":"Point","coordinates":[77.96194,29.94694]},"properties":{"Name_of_Ba":"","District":"HARIDWAR","River":"","Status":""}},
{"type":"Feature","geometry":{"type":"Point","coordinates":[77.98139,29.92917]},"properties":{"Name_of_Ba":"","District":"HARIDWAR","River":"","Status":""}},
{"type":"Feature","geometry":{"type":"Point","coordinates":[77.97639,29.92889]},"properties":{"Name_of_Ba":"","District":"HARIDWAR","River":"","Status":""}},
{"type":"Feature","geometry":{"type":"Point","coordinates":[77.86833,29.89444]},"properties":{"Name_of_Ba":"","District":"HARIDWAR","River":"","Status":""}},
{"type":"Feature","geometry":{"type":"Point","coordinates":[77.91056,29.95417]},"properties":{"Name_of_Ba":"","District":"HARIDWAR","River":"","Status":""}},
{"type":"Feature","geometry":{"type":"Point","coordinates":[77.91194,29.94806]},"properties":{"Name_of_Ba":"","District":"HARIDWAR","River":"","Status":""}},
{"type":"Feature","geometry":{"type":"Point","coordinates":[77.90944,29.94833]},"properties":{"Name_of_Ba":"","District":"HARIDWAR","River":"","Status":""}},
{"type":"Feature","geometry":{"type":"Point","coordinates":[77.81778,29.83583]},"properties":{"Name_of_Ba":"","District":"HARIDWAR","River":"","Status":""}},
{"type":"Feature","geometry":{"type":"Point","coordinates":[77.82028,29.84]},"properties":{"Name_of_Ba":"","District":"HARIDWAR","River":"","Status":""}},
{"type":"Feature","geometry":{"type":"Point","coordinates":[77.82083,29.83778]},"properties":{"Name_of_Ba":"","District":"HARIDWAR","River":"","Status":""}},
{"type":"Feature","geometry":{"type":"Point","coordinates":[77.8125,29.84222]},"properties":{"Name_of_Ba":"","District":"HARIDWAR","River":"","Status":""}},
{"type":"Feature","geometry":{"type":"Point","coordinates":[77.82222,29.83917]},"properties":{"Name_of_Ba":"","District":"HARIDWAR","River":"","Status":""}},
{"type":"Feature","geometry":{"type":"Point","coordinates":[77.84889,29.82444]},"properties":{"Name_of_Ba":"","District":"HARIDWAR","River":"","Status":""}},
{"type":"Feature","geometry":{"type":"Point","coordinates":[77.80417,29.85139]},"properties":{"Name_of_Ba":"","District":"HARIDWAR","River":"","Status":""}},
{"type":"Feature","geometry":{"type":"Point","coordinates":[77.80194,29.85056]},"properties":{"Name_of_Ba":"","District":"HARIDWAR","River":"","Status":""}},
{"type":"Feature","geometry":{"type":"Point","coordinates":[77.79917,29.84139]},"properties":{"Name_of_Ba":"","District":"HARIDWAR","River":"","Status":""}},
{"type":"Feature","geometry":{"type":"Point","coordinates":[77.82667,29.87417]},"properties":{"Name_of_Ba":"","District":"HARIDWAR","River":"","Status":""}},
{"type":"Feature","geometry":{"type":"Point","coordinates":[77.83361,29.87083]},"properties":{"Name_of_Ba":"","District":"HARIDWAR","River":"","Status":""}},
{"type":"Feature","geometry":{"type":"Point","coordinates":[77.8325,29.87444]},"properties":{"Name_of_Ba":"","District":"HARIDWAR","River":"","Status":""}},
{"type":"Feature","geometry":{"type":"Point","coordinates":[77.89056,29.92389]},"properties":{"Name_of_Ba":"","District":"HARIDWAR","River":"","Status":""}},
{"type":"Feature","geometry":{"type":"Point","coordinates":[77.89222,29.93472]},"properties":{"Name_of_Ba":"","District":"HARIDWAR","River":"","Status":""}},
{"type":"Feature","geometry":{"type":"Point","coordinates":[77.89194,29.92528]},"properties":{"Name_of_Ba":"","District":"HARIDWAR","River":"","Status":""}},
{"type":"Feature","geometry":{"type":"Point","coordinates":[77.89833,29.93056]},"properties":{"Name_of_Ba":"","District":"HARIDWAR","River":"","Status":""}},
{"type":"Feature","geometry":{"type":"Point","coordinates":[77.89889,29.93333]},"properties":{"Name_of_Ba":"","District":"HARIDWAR","River":"","Status":""}},
{"type":"Feature","geometry":{"type":"Point","coordinates":[77.80139,29.82639]},"properties":{"Name_of_Ba":"","District":"HARIDWAR","River":"","Status":""}},
{"type":"Feature","geometry":{"type":"Point","coordinates":[77.91833,29.84583]},"properties":{"Name_of_Ba":"","District":"HARIDWAR","River":"","Status":""}},
{"type":"Feature","geometry":{"type":"Point","coordinates":[77.92417,29.87611]},"properties":{"Name_of_Ba":"","District":"HARIDWAR","River":"","Status":""}},
{"type":"Feature","geometry":{"type":"Point","coordinates":[77.82194,29.92667]},"properties":{"Name_of_Ba":"","District":"HARIDWAR","River":"","Status":""}},
{"type":"Feature","geometry":{"type":"Point","coordinates":[77.8275,29.92583]},"properties":{"Name_of_Ba":"","District":"HARIDWAR","River":"","Status":""}},
{"type":"Feature","geometry":{"type":"Point","coordinates":[77.82278,29.9275]},"properties":{"Name_of_Ba":"","District":"HARIDWAR","River":"","Status":""}},
{"type":"Feature","geometry":{"type":"Point","coordinates":[77.8225,29.92361]},"properties":{"Name_of_Ba":"","District":"HARIDWAR","River":"","Status":""}},
{"type":"Feature","geometry":{"type":"Point","coordinates":[77.94389,29.87056]},"properties":{"Name_of_Ba":"","District":"HARIDWAR","River":"","Status":""}},
{"type":"Feature","geometry":{"type":"Point","coordinates":[77.94167,29.87028]},"properties":{"Name_of_Ba":"","District":"HARIDWAR","River":"","Status":""}},
{"type":"Feature","geometry":{"type":"Point","coordinates":[77.94028,29.86972]},"properties":{"Name_of_Ba":"","District":"HARIDWAR","River":"","Status":""}},
{"type":"Feature","geometry":{"type":"Point","coordinates":[77.93611,29.87278]},"properties":{"Name_of_Ba":"","District":"HARIDWAR","River":"","Status":""}},
{"type":"Feature","geometry":{"type":"Point","coordinates":[77.94139,29.8725]},"properties":{"Name_of_Ba":"","District":"HARIDWAR","River":"","Status":""}},
{"type":"Feature","geometry":{"type":"Point","coordinates":[77.76417,29.81917]},"properties":{"Name_of_Ba":"","District":"HARIDWAR","River":"","Status":""}},
{"type":"Feature","geometry":{"type":"Point","coordinates":[77.76139,29.82111]},"properties":{"Name_of_Ba":"","District":"HARIDWAR","River":"","Status":""}},
{"type":"Feature","geometry":{"type":"Point","coordinates":[77.76139,29.81889]},"properties":{"Name_of_Ba":"","District":"HARIDWAR","River":"","Status":""}},
{"type":"Feature","geometry":{"type":"Point","coordinates":[77.80444,29.87306]},"properties":{"Name_of_Ba":"","District":"HARIDWAR","River":"","Status":""}},
{"type":"Feature","geometry":{"type":"Point","coordinates":[77.80722,29.86972]},"properties":{"Name_of_Ba":"","District":"HARIDWAR","River":"","Status":""}},
{"type":"Feature","geometry":{"type":"Point","coordinates":[77.80778,29.87194]},"properties":{"Name_of_Ba":"","District":"HARIDWAR","River":"","Status":""}},
{"type":"Feature","geometry":{"type":"Point","coordinates":[77.81056,29.87194]},"properties":{"Name_of_Ba":"","District":"HARIDWAR","River":"","Status":""}},
{"type":"Feature","geometry":{"type":"Point","coordinates":[77.80417,29.87]},"properties":{"Name_of_Ba":"","District":"HARIDWAR","River":"","Status":""}},
{"type":"Feature","geometry":{"type":"Point","coordinates":[77.84139,29.91083]},"properties":{"Name_of_Ba":"","District":"HARIDWAR","River":"","Status":""}},
{"type":"Feature","geometry":{"type":"Point","coordinates":[77.83611,29.91833]},"properties":{"Name_of_Ba":"","District":"HARIDWAR","River":"","Status":""}},
{"type":"Feature","geometry":{"type":"Point","coordinates":[77.83917,29.90972]},"properties":{"Name_of_Ba":"","District":"HARIDWAR","River":"","Status":""}},
{"type":"Feature","geometry":{"type":"Point","coordinates":[77.84139,29.91167]},"properties":{"Name_of_Ba":"","District":"HARIDWAR","River":"","Status":""}},
{"type":"Feature","geometry":{"type":"Point","coordinates":[77.83611,29.91667]},"properties":{"Name_of_Ba":"","District":"HARIDWAR","River":"","Status":""}},
{"type":"Feature","geometry":{"type":"Point","coordinates":[77.82972,29.83917]},"properties":{"Name_of_Ba":"","District":"HARIDWAR","River":"","Status":""}},
{"type":"Feature","geometry":{"type":"Point","coordinates":[77.83917,29.83639]},"properties":{"Name_of_Ba":"","District":"HARIDWAR","River":"","Status":""}},
{"type":"Feature","geometry":{"type":"Point","coordinates":[77.83056,29.83889]},"properties":{"Name_of_Ba":"","District":"HARIDWAR","River":"","Status":""}},
{"type":"Feature","geometry":{"type":"Point","coordinates":[77.83167,29.83972]},"properties":{"Name_of_Ba":"","District":"HARIDWAR","River":"","Status":""}},
{"type":"Feature","geometry":{"type":"Point","coordinates":[77.78889,29.83083]},"properties":{"Name_of_Ba":"","District":"HARIDWAR","River":"","Status":""}},
{"type":"Feature","geometry":{"type":"Point","coordinates":[77.845,29.88556]},"properties":{"Name_of_Ba":"","District":"HARIDWAR","River":"","Status":""}},
{"type":"Feature","geometry":{"type":"Point","coordinates":[77.845,29.88889]},"properties":{"Name_of_Ba":"","District":"HARIDWAR","River":"","Status":""}},
{"type":"Feature","geometry":{"type":"Point","coordinates":[77.85056,29.89694]},"properties":{"Name_of_Ba":"","District":"HARIDWAR","River":"","Status":""}},
{"type":"Feature","geometry":{"type":"Point","coordinates":[77.84889,29.89139]},"properties":{"Name_of_Ba":"","District":"HARIDWAR","River":"","Status":""}},
{"type":"Feature","geometry":{"type":"Point","coordinates":[77.84472,29.89056]},"properties":{"Name_of_Ba":"","District":"HARIDWAR","River":"","Status":""}},
{"type":"Feature","geometry":{"type":"Point","coordinates":[77.85111,29.8875]},"properties":{"Name_of_Ba":"","District":"HARIDWAR","River":"","Status":""}},
{"type":"Feature","geometry":{"type":"Point","coordinates":[77.84333,29.88417]},"properties":{"Name_of_Ba":"","District":"HARIDWAR","River":"","Status":""}},
{"type":"Feature","geometry":{"type":"Point","coordinates":[77.84194,29.88972]},"properties":{"Name_of_Ba":"","District":"HARIDWAR","River":"","Status":""}},
{"type":"Feature","geometry":{"type":"Point","coordinates":[77.84444,29.89194]},"properties":{"Name_of_Ba":"","District":"HARIDWAR","River":"","Status":""}},
{"type":"Feature","geometry":{"type":"Point","coordinates":[77.85083,29.89694]},"properties":{"Name_of_Ba":"","District":"HARIDWAR","River":"","Status":""}},
{"type":"Feature","geometry":{"type":"Point","coordinates":[77.84417,29.89028]},"properties":{"Name_of_Ba":"","District":"HARIDWAR","River":"","Status":""}},
{"type":"Feature","geometry":{"type":"Point","coordinates":[77.91944,29.94139]},"properties":{"Name_of_Ba":"","District":"HARIDWAR","River":"","Status":""}},
{"type":"Feature","geometry":{"type":"Point","coordinates":[77.98083,29.86722]},"properties":{"Name_of_Ba":"","District":"HARIDWAR","River":"","Status":""}},
{"type":"Feature","geometry":{"type":"Point","coordinates":[77.98111,29.86111]},"properties":{"Name_of_Ba":"","District":"HARIDWAR","River":"","Status":""}},
{"type":"Feature","geometry":{"type":"Point","coordinates":[77.97806,29.86833]},"properties":{"Name_of_Ba":"","District":"HARIDWAR","River":"","Status":""}},
{"type":"Feature","geometry":{"type":"Point","coordinates":[77.86111,29.88667]},"properties":{"Name_of_Ba":"","District":"HARIDWAR","River":"","Status":""}},
{"type":"Feature","geometry":{"type":"Point","coordinates":[77.91278,29.90806]},"properties":{"Name_of_Ba":"","District":"HARIDWAR","River":"","Status":""}},
{"type":"Feature","geometry":{"type":"Point","coordinates":[77.90583,29.91083]},"properties":{"Name_of_Ba":"","District":"HARIDWAR","River":"","Status":""}},
{"type":"Feature","geometry":{"type":"Point","coordinates":[77.97167,29.85361]},"properties":{"Name_of_Ba":"","District":"HARIDWAR","River":"","Status":""}},
{"type":"Feature","geometry":{"type":"Point","coordinates":[77.97083,29.86222]},"properties":{"Name_of_Ba":"","District":"HARIDWAR","River":"","Status":""}},
{"type":"Feature","geometry":{"type":"Point","coordinates":[77.97167,29.86222]},"properties":{"Name_of_Ba":"","District":"HARIDWAR","River":"","Status":""}},
{"type":"Feature","geometry":{"type":"Point","coordinates":[77.90111,29.92556]},"properties":{"Name_of_Ba":"","District":"HARIDWAR","River":"","Status":""}},
{"type":"Feature","geometry":{"type":"Point","coordinates":[77.89694,29.92]},"properties":{"Name_of_Ba":"","District":"HARIDWAR","River":"","Status":""}},
{"type":"Feature","geometry":{"type":"Point","coordinates":[77.89528,29.92056]},"properties":{"Name_of_Ba":"","District":"HARIDWAR","River":"","Status":""}},
{"type":"Feature","geometry":{"type":"Point","coordinates":[77.82833,29.85194]},"properties":{"Name_of_Ba":"","District":"HARIDWAR","River":"","Status":""}},
{"type":"Feature","geometry":{"type":"Point","coordinates":[77.82639,29.85]},"properties":{"Name_of_Ba":"","District":"HARIDWAR","River":"","Status":""}},
{"type":"Feature","geometry":{"type":"Point","coordinates":[77.82639,29.85028]},"properties":{"Name_of_Ba":"","District":"HARIDWAR","River":"","Status":""}},
{"type":"Feature","geometry":{"type":"Point","coordinates":[77.8225,29.84806]},"properties":{"Name_of_Ba":"","District":"HARIDWAR","River":"","Status":""}},
{"type":"Feature","geometry":{"type":"Point","coordinates":[77.81,29.88528]},"properties":{"Name_of_Ba":"","District":"HARIDWAR","River":"","Status":""}},
{"type":"Feature","geometry":{"type":"Point","coordinates":[77.81861,29.89639]},"properties":{"Name_of_Ba":"","District":"HARIDWAR","River":"","Status":""}},
{"type":"Feature","geometry":{"type":"Point","coordinates":[77.82667,29.8925]},"properties":{"Name_of_Ba":"","District":"HARIDWAR","River":"","Status":""}},
{"type":"Feature","geometry":{"type":"Point","coordinates":[77.81944,29.89389]},"properties":{"Name_of_Ba":"","District":"HARIDWAR","River":"","Status":""}},
{"type":"Feature","geometry":{"type":"Point","coordinates":[77.81722,29.895]},"properties":{"Name_of_Ba":"","District":"HARIDWAR","River":"","Status":""}},
{"type":"Feature","geometry":{"type":"Point","coordinates":[77.81556,29.89639]},"properties":{"Name_of_Ba":"","District":"HARIDWAR","River":"","Status":""}},
{"type":"Feature","geometry":{"type":"Point","coordinates":[77.82167,29.89222]},"properties":{"Name_of_Ba":"","District":"HARIDWAR","River":"","Status":""}},
{"type":"Feature","geometry":{"type":"Point","coordinates":[77.82806,29.84944]},"properties":{"Name_of_Ba":"","District":"HARIDWAR","River":"","Status":""}},
{"type":"Feature","geometry":{"type":"Point","coordinates":[77.82667,29.84806]},"properties":{"Name_of_Ba":"","District":"HARIDWAR","River":"","Status":""}},
{"type":"Feature","geometry":{"type":"Point","coordinates":[77.83889,29.84694]},"properties":{"Name_of_Ba":"","District":"HARIDWAR","River":"","Status":""}},
{"type":"Feature","geometry":{"type":"Point","coordinates":[77.80639,29.85583]},"properties":{"Name_of_Ba":"","District":"HARIDWAR","River":"","Status":""}},
{"type":"Feature","geometry":{"type":"Point","coordinates":[77.87139,29.8525]},"properties":{"Name_of_Ba":"","District":"HARIDWAR","River":"","Status":""}},
{"type":"Feature","geometry":{"type":"Point","coordinates":[77.87917,29.85]},"properties":{"Name_of_Ba":"","District":"HARIDWAR","River":"","Status":""}},
{"type":"Feature","geometry":{"type":"Point","coordinates":[77.87694,29.84611]},"properties":{"Name_of_Ba":"","District":"HARIDWAR","River":"","Status":""}},
{"type":"Feature","geometry":{"type":"Point","coordinates":[77.87194,29.83861]},"properties":{"Name_of_Ba":"","District":"HARIDWAR","River":"","Status":""}},
{"type":"Feature","geometry":{"type":"Point","coordinates":[77.87556,29.84028]},"properties":{"Name_of_Ba":"","District":"HARIDWAR","River":"","Status":""}},
{"type":"Feature","geometry":{"type":"Point","coordinates":[77.87028,29.83667]},"properties":{"Name_of_Ba":"","District":"HARIDWAR","River":"","Status":""}},
{"type":"Feature","geometry":{"type":"Point","coordinates":[77.87222,29.83833]},"properties":{"Name_of_Ba":"","District":"HARIDWAR","River":"","Status":""}},
{"type":"Feature","geometry":{"type":"Point","coordinates":[77.87056,29.845]},"properties":{"Name_of_Ba":"","District":"HARIDWAR","River":"","Status":""}},
{"type":"Feature","geometry":{"type":"Point","coordinates":[77.87611,29.84556]},"properties":{"Name_of_Ba":"","District":"HARIDWAR","River":"","Status":""}},
{"type":"Feature","geometry":{"type":"Point","coordinates":[77.82444,29.86722]},"properties":{"Name_of_Ba":"","District":"HARIDWAR","River":"","Status":""}},
{"type":"Feature","geometry":{"type":"Point","coordinates":[77.83083,29.86028]},"properties":{"Name_of_Ba":"","District":"HARIDWAR","River":"","Status":""}},
{"type":"Feature","geometry":{"type":"Point","coordinates":[77.83167,29.86139]},"properties":{"Name_of_Ba":"","District":"HARIDWAR","River":"","Status":""}},
{"type":"Feature","geometry":{"type":"Point","coordinates":[77.85917,29.85139]},"properties":{"Name_of_Ba":"","District":"HARIDWAR","River":"","Status":""}},
{"type":"Feature","geometry":{"type":"Point","coordinates":[77.85722,29.84889]},"properties":{"Name_of_Ba":"","District":"HARIDWAR","River":"","Status":""}},
{"type":"Feature","geometry":{"type":"Point","coordinates":[77.84472,29.85389]},"properties":{"Name_of_Ba":"","District":"HARIDWAR","River":"","Status":""}},
{"type":"Feature","geometry":{"type":"Point","coordinates":[77.84944,29.85278]},"properties":{"Name_of_Ba":"","District":"HARIDWAR","River":"","Status":""}},
{"type":"Feature","geometry":{"type":"Point","coordinates":[77.84722,29.855]},"properties":{"Name_of_Ba":"","District":"HARIDWAR","River":"","Status":""}},
{"type":"Feature","geometry":{"type":"Point","coordinates":[77.84444,29.84778]},"properties":{"Name_of_Ba":"","District":"HARIDWAR","River":"","Status":""}},
{"type":"Feature","geometry":{"type":"Point","coordinates":[77.84278,29.85194]},"properties":{"Name_of_Ba":"","District":"HARIDWAR","River":"","Status":""}},
{"type":"Feature","geometry":{"type":"Point","coordinates":[77.84556,29.84889]},"properties":{"Name_of_Ba":"","District":"HARIDWAR","River":"","Status":""}},
{"type":"Feature","geometry":{"type":"Point","coordinates":[77.84417,29.85417]},"properties":{"Name_of_Ba":"","District":"HARIDWAR","River":"","Status":""}},
{"type":"Feature","geometry":{"type":"Point","coordinates":[77.84111,29.90833]},"properties":{"Name_of_Ba":"","District":"HARIDWAR","River":"","Status":""}},
{"type":"Feature","geometry":{"type":"Point","coordinates":[77.8475,29.91278]},"properties":{"Name_of_Ba":"","District":"HARIDWAR","River":"","Status":""}},
{"type":"Feature","geometry":{"type":"Point","coordinates":[77.87556,29.88694]},"properties":{"Name_of_Ba":"","District":"HARIDWAR","River":"","Status":""}},
{"type":"Feature","geometry":{"type":"Point","coordinates":[77.87306,29.88889]},"properties":{"Name_of_Ba":"","District":"HARIDWAR","River":"","Status":""}},
{"type":"Feature","geometry":{"type":"Point","coordinates":[77.895,29.95417]},"properties":{"Name_of_Ba":"","District":"HARIDWAR","River":"","Status":""}},
{"type":"Feature","geometry":{"type":"Point","coordinates":[77.97528,29.85806]},"properties":{"Name_of_Ba":"","District":"HARIDWAR","River":"","Status":""}},
{"type":"Feature","geometry":{"type":"Point","coordinates":[77.86111,29.85306]},"properties":{"Name_of_Ba":"","District":"HARIDWAR","River":"","Status":""}},
{"type":"Feature","geometry":{"type":"Point","coordinates":[77.845,29.86167]},"properties":{"Name_of_Ba":"","District":"HARIDWAR","River":"","Status":""}},
{"type":"Feature","geometry":{"type":"Point","coordinates":[77.85194,29.86833]},"properties":{"Name_of_Ba":"","District":"HARIDWAR","River":"","Status":""}},
{"type":"Feature","geometry":{"type":"Point","coordinates":[77.84694,29.86722]},"properties":{"Name_of_Ba":"","District":"HARIDWAR","River":"","Status":""}},
{"type":"Feature","geometry":{"type":"Point","coordinates":[77.85222,29.86972]},"properties":{"Name_of_Ba":"","District":"HARIDWAR","River":"","Status":""}},
{"type":"Feature","geometry":{"type":"Point","coordinates":[77.84806,29.86694]},"properties":{"Name_of_Ba":"","District":"HARIDWAR","River":"","Status":""}},
{"type":"Feature","geometry":{"type":"Point","coordinates":[77.83611,29.86917]},"properties":{"Name_of_Ba":"","District":"HARIDWAR","River":"","Status":""}},
{"type":"Feature","geometry":{"type":"Point","coordinates":[77.83417,29.86639]},"properties":{"Name_of_Ba":"","District":"HARIDWAR","River":"","Status":""}},
{"type":"Feature","geometry":{"type":"Point","coordinates":[77.83472,29.86833]},"properties":{"Name_of_Ba":"","District":"HARIDWAR","River":"","Status":""}},
{"type":"Feature","geometry":{"type":"Point","coordinates":[77.82806,29.86667]},"properties":{"Name_of_Ba":"","District":"HARIDWAR","River":"","Status":""}},
{"type":"Feature","geometry":{"type":"Point","coordinates":[77.83583,29.86778]},"properties":{"Name_of_Ba":"","District":"HARIDWAR","River":"","Status":""}},
{"type":"Feature","geometry":{"type":"Point","coordinates":[77.82889,29.86667]},"properties":{"Name_of_Ba":"","District":"HARIDWAR","River":"","Status":""}},
{"type":"Feature","geometry":{"type":"Point","coordinates":[77.83167,29.86583]},"properties":{"Name_of_Ba":"","District":"HARIDWAR","River":"","Status":""}},
{"type":"Feature","geometry":{"type":"Point","coordinates":[77.8575,29.86556]},"properties":{"Name_of_Ba":"","District":"HARIDWAR","River":"","Status":""}},
{"type":"Feature","geometry":{"type":"Point","coordinates":[77.85917,29.86944]},"properties":{"Name_of_Ba":"","District":"HARIDWAR","River":"","Status":""}},
{"type":"Feature","geometry":{"type":"Point","coordinates":[77.85444,29.87556]},"properties":{"Name_of_Ba":"","District":"HARIDWAR","River":"","Status":""}},
{"type":"Feature","geometry":{"type":"Point","coordinates":[77.85861,29.87556]},"properties":{"Name_of_Ba":"","District":"HARIDWAR","River":"","Status":""}},
{"type":"Feature","geometry":{"type":"Point","coordinates":[77.86028,29.87139]},"properties":{"Name_of_Ba":"","District":"HARIDWAR","River":"","Status":""}},
{"type":"Feature","geometry":{"type":"Point","coordinates":[77.85056,29.89778]},"properties":{"Name_of_Ba":"","District":"HARIDWAR","River":"","Status":""}},
{"type":"Feature","geometry":{"type":"Point","coordinates":[77.85528,29.90028]},"properties":{"Name_of_Ba":"","District":"HARIDWAR","River":"","Status":""}},
{"type":"Feature","geometry":{"type":"Point","coordinates":[77.855,29.90111]},"properties":{"Name_of_Ba":"","District":"HARIDWAR","River":"","Status":""}},
{"type":"Feature","geometry":{"type":"Point","coordinates":[77.84694,29.90083]},"properties":{"Name_of_Ba":"","District":"HARIDWAR","River":"","Status":""}},
{"type":"Feature","geometry":{"type":"Point","coordinates":[77.84861,29.90111]},"properties":{"Name_of_Ba":"","District":"HARIDWAR","River":"","Status":""}},
{"type":"Feature","geometry":{"type":"Point","coordinates":[77.85556,29.90139]},"properties":{"Name_of_Ba":"","District":"HARIDWAR","River":"","Status":""}},
{"type":"Feature","geometry":{"type":"Point","coordinates":[77.80167,29.83556]},"properties":{"Name_of_Ba":"","District":"HARIDWAR","River":"","Status":""}},
{"type":"Feature","geometry":{"type":"Point","coordinates":[77.84028,29.87667]},"properties":{"Name_of_Ba":"","District":"HARIDWAR","River":"","Status":""}},
{"type":"Feature","geometry":{"type":"Point","coordinates":[77.84028,29.87694]},"properties":{"Name_of_Ba":"","District":"HARIDWAR","River":"","Status":""}},
{"type":"Feature","geometry":{"type":"Point","coordinates":[77.98389,29.91361]},"properties":{"Name_of_Ba":"","District":"HARIDWAR","River":"","Status":""}},
{"type":"Feature","geometry":{"type":"Point","coordinates":[77.91611,29.885]},"properties":{"Name_of_Ba":"","District":"HARIDWAR","River":"","Status":""}},
{"type":"Feature","geometry":{"type":"Point","coordinates":[77.91389,29.88444]},"properties":{"Name_of_Ba":"","District":"HARIDWAR","River":"","Status":""}},
{"type":"Feature","geometry":{"type":"Point","coordinates":[77.82917,29.88056]},"properties":{"Name_of_Ba":"","District":"HARIDWAR","River":"","Status":""}},
{"type":"Feature","geometry":{"type":"Point","coordinates":[77.825,29.885]},"properties":{"Name_of_Ba":"","District":"HARIDWAR","River":"","Status":""}},
{"type":"Feature","geometry":{"type":"Point","coordinates":[77.82583,29.88194]},"properties":{"Name_of_Ba":"","District":"HARIDWAR","River":"","Status":""}},
{"type":"Feature","geometry":{"type":"Point","coordinates":[77.82556,29.88278]},"properties":{"Name_of_Ba":"","District":"HARIDWAR","River":"","Status":""}},
{"type":"Feature","geometry":{"type":"Point","coordinates":[77.8275,29.88444]},"properties":{"Name_of_Ba":"","District":"HARIDWAR","River":"","Status":""}},
{"type":"Feature","geometry":{"type":"Point","coordinates":[77.7825,29.83278]},"properties":{"Name_of_Ba":"","District":"HARIDWAR","River":"","Status":""}},
{"type":"Feature","geometry":{"type":"Point","coordinates":[77.85778,29.82194]},"properties":{"Name_of_Ba":"","District":"HARIDWAR","River":"","Status":""}},
{"type":"Feature","geometry":{"type":"Point","coordinates":[77.85972,29.82778]},"properties":{"Name_of_Ba":"","District":"HARIDWAR","River":"","Status":""}},
{"type":"Feature","geometry":{"type":"Point","coordinates":[77.85444,29.82222]},"properties":{"Name_of_Ba":"","District":"HARIDWAR","River":"","Status":""}},
{"type":"Feature","geometry":{"type":"Point","coordinates":[77.85861,29.82]},"properties":{"Name_of_Ba":"","District":"HARIDWAR","River":"","Status":""}},
{"type":"Feature","geometry":{"type":"Point","coordinates":[77.85389,29.82583]},"properties":{"Name_of_Ba":"","District":"HARIDWAR","River":"","Status":""}},
{"type":"Feature","geometry":{"type":"Point","coordinates":[77.92889,29.83917]},"properties":{"Name_of_Ba":"","District":"HARIDWAR","River":"","Status":""}},
{"type":"Feature","geometry":{"type":"Point","coordinates":[79.51667,29.48889]},"properties":{"Name_of_Ba":"","District":"NANITAL","River":"","Status":""}},
{"type":"Feature","geometry":{"type":"Point","coordinates":[79.47833,29.47861]},"properties":{"Name_of_Ba":"","District":"NANITAL","River":"","Status":""}},
{"type":"Feature","geometry":{"type":"Point","coordinates":[79.49611,29.50083]},"properties":{"Name_of_Ba":"","District":"NANITAL","River":"","Status":""}},
{"type":"Feature","geometry":{"type":"Point","coordinates":[79.42083,29.51944]},"properties":{"Name_of_Ba":"","District":"NANITAL","River":"","Status":""}},
{"type":"Feature","geometry":{"type":"Point","coordinates":[79.42028,29.51944]},"properties":{"Name_of_Ba":"","District":"NANITAL","River":"","Status":""}},
{"type":"Feature","geometry":{"type":"Point","coordinates":[79.42194,29.51833]},"properties":{"Name_of_Ba":"","District":"NANITAL","River":"","Status":""}},
{"type":"Feature","geometry":{"type":"Point","coordinates":[79.34889,29.55667]},"properties":{"Name_of_Ba":"","District":"NANITAL","River":"","Status":""}},
{"type":"Feature","geometry":{"type":"Point","coordinates":[79.51139,29.49056]},"properties":{"Name_of_Ba":"","District":"NANITAL","River":"","Status":""}},
{"type":"Feature","geometry":{"type":"Point","coordinates":[79.51306,29.42167]},"properties":{"Name_of_Ba":"","District":"NANITAL","River":"","Status":""}},
{"type":"Feature","geometry":{"type":"Point","coordinates":[79.35583,29.55139]},"properties":{"Name_of_Ba":"","District":"NANITAL","River":"","Status":""}},
{"type":"Feature","geometry":{"type":"Point","coordinates":[79.35667,29.5525]},"properties":{"Name_of_Ba":"","District":"NANITAL","River":"","Status":""}},
{"type":"Feature","geometry":{"type":"Point","coordinates":[79.39222,29.52944]},"properties":{"Name_of_Ba":"","District":"NANITAL","River":"","Status":""}},
{"type":"Feature","geometry":{"type":"Point","coordinates":[79.36972,29.55306]},"properties":{"Name_of_Ba":"","District":"NANITAL","River":"","Status":""}},
{"type":"Feature","geometry":{"type":"Point","coordinates":[79.3,29.55694]},"properties":{"Name_of_Ba":"","District":"NANITAL","River":"","Status":""}},
{"type":"Feature","geometry":{"type":"Point","coordinates":[79.29694,29.55917]},"properties":{"Name_of_Ba":"","District":"NANITAL","River":"","Status":""}},
{"type":"Feature","geometry":{"type":"Point","coordinates":[79.29056,29.55833]},"properties":{"Name_of_Ba":"","District":"NANITAL","River":"","Status":""}},
{"type":"Feature","geometry":{"type":"Point","coordinates":[79.29056,29.55833]},"properties":{"Name_of_Ba":"","District":"NANITAL","River":"","Status":""}},
{"type":"Feature","geometry":{"type":"Point","coordinates":[79.41972,29.51389]},"properties":{"Name_of_Ba":"","District":"NANITAL","River":"","Status":""}},
{"type":"Feature","geometry":{"type":"Point","coordinates":[79.42556,29.51028]},"properties":{"Name_of_Ba":"","District":"NANITAL","River":"","Status":""}},
{"type":"Feature","geometry":{"type":"Point","coordinates":[79.42,29.51917]},"properties":{"Name_of_Ba":"","District":"NANITAL","River":"","Status":""}},
{"type":"Feature","geometry":{"type":"Point","coordinates":[79.37306,29.55139]},"properties":{"Name_of_Ba":"","District":"NANITAL","River":"","Status":""}},
{"type":"Feature","geometry":{"type":"Point","coordinates":[79.38972,29.55333]},"properties":{"Name_of_Ba":"","District":"NANITAL","River":"","Status":""}},
{"type":"Feature","geometry":{"type":"Point","coordinates":[79.39,29.55333]},"properties":{"Name_of_Ba":"","District":"NANITAL","River":"","Status":""}},
{"type":"Feature","geometry":{"type":"Point","coordinates":[79.38972,29.55333]},"properties":{"Name_of_Ba":"","District":"NANITAL","River":"","Status":""}},
{"type":"Feature","geometry":{"type":"Point","coordinates":[79.39,29.55361]},"properties":{"Name_of_Ba":"","District":"NANITAL","River":"","Status":""}},
{"type":"Feature","geometry":{"type":"Point","coordinates":[79.53361,29.36278]},"properties":{"Name_of_Ba":"","District":"NANITAL","River":"","Status":""}},
{"type":"Feature","geometry":{"type":"Point","coordinates":[79.43111,29.38028]},"properties":{"Name_of_Ba":"","District":"NANITAL","River":"","Status":""}},
{"type":"Feature","geometry":{"type":"Point","coordinates":[79.42778,29.37139]},"properties":{"Name_of_Ba":"","District":"NANITAL","River":"","Status":""}},
{"type":"Feature","geometry":{"type":"Point","coordinates":[79.52528,29.3525]},"properties":{"Name_of_Ba":"","District":"NANITAL","River":"","Status":""}},
{"type":"Feature","geometry":{"type":"Point","coordinates":[79.52944,29.35611]},"properties":{"Name_of_Ba":"","District":"NANITAL","River":"","Status":""}},
{"type":"Feature","geometry":{"type":"Point","coordinates":[79.5275,29.3525]},"properties":{"Name_of_Ba":"","District":"NANITAL","River":"","Status":""}},
{"type":"Feature","geometry":{"type":"Point","coordinates":[79.52972,29.34861]},"properties":{"Name_of_Ba":"","District":"NANITAL","River":"","Status":""}},
{"type":"Feature","geometry":{"type":"Point","coordinates":[79.64444,29.37444]},"properties":{"Name_of_Ba":"","District":"NANITAL","River":"","Status":""}},
{"type":"Feature","geometry":{"type":"Point","coordinates":[79.69722,29.11611]},"properties":{"Name_of_Ba":"","District":"NANITAL","River":"","Status":""}},
{"type":"Feature","geometry":{"type":"Point","coordinates":[79.55861,29.20361]},"properties":{"Name_of_Ba":"","District":"NANITAL","River":"","Status":""}},
{"type":"Feature","geometry":{"type":"Point","coordinates":[79.47194,29.15389]},"properties":{"Name_of_Ba":"","District":"NANITAL","River":"","Status":""}},
{"type":"Feature","geometry":{"type":"Point","coordinates":[79.46722,29.16333]},"properties":{"Name_of_Ba":"","District":"NANITAL","River":"","Status":""}},
{"type":"Feature","geometry":{"type":"Point","coordinates":[79.695,29.11667]},"properties":{"Name_of_Ba":"","District":"NANITAL","River":"","Status":""}},
{"type":"Feature","geometry":{"type":"Point","coordinates":[79.60639,29.16306]},"properties":{"Name_of_Ba":"","District":"NANITAL","River":"","Status":""}},
{"type":"Feature","geometry":{"type":"Point","coordinates":[79.59111,29.13583]},"properties":{"Name_of_Ba":"","District":"NANITAL","River":"","Status":""}},
{"type":"Feature","geometry":{"type":"Point","coordinates":[79.32556,29.41944]},"properties":{"Name_of_Ba":"","District":"NANITAL","River":"","Status":""}},
{"type":"Feature","geometry":{"type":"Point","coordinates":[79.32611,29.41889]},"properties":{"Name_of_Ba":"","District":"NANITAL","River":"","Status":""}},
{"type":"Feature","geometry":{"type":"Point","coordinates":[79.32611,29.41917]},"properties":{"Name_of_Ba":"","District":"NANITAL","River":"","Status":""}},
{"type":"Feature","geometry":{"type":"Point","coordinates":[79.32528,29.41972]},"properties":{"Name_of_Ba":"","District":"NANITAL","River":"","Status":""}},
{"type":"Feature","geometry":{"type":"Point","coordinates":[79.32472,29.41917]},"properties":{"Name_of_Ba":"","District":"NANITAL","River":"","Status":""}},
{"type":"Feature","geometry":{"type":"Point","coordinates":[79.32472,29.41917]},"properties":{"Name_of_Ba":"","District":"NANITAL","River":"","Status":""}},
{"type":"Feature","geometry":{"type":"Point","coordinates":[79.32611,29.41889]},"properties":{"Name_of_Ba":"","District":"NANITAL","River":"","Status":""}},
{"type":"Feature","geometry":{"type":"Point","coordinates":[79.30944,29.41639]},"properties":{"Name_of_Ba":"","District":"NANITAL","River":"","Status":""}},
{"type":"Feature","geometry":{"type":"Point","coordinates":[79.76194,29.37194]},"properties":{"Name_of_Ba":"","District":"NANITAL","River":"","Status":""}},
{"type":"Feature","geometry":{"type":"Point","coordinates":[79.775,29.37194]},"properties":{"Name_of_Ba":"","District":"NANITAL","River":"","Status":""}},
{"type":"Feature","geometry":{"type":"Point","coordinates":[79.75944,29.37222]},"properties":{"Name_of_Ba":"","District":"NANITAL","River":"","Status":""}},
{"type":"Feature","geometry":{"type":"Point","coordinates":[79.76778,29.20111]},"properties":{"Name_of_Ba":"","District":"NANITAL","River":"","Status":""}},
{"type":"Feature","geometry":{"type":"Point","coordinates":[79.75778,29.20389]},"properties":{"Name_of_Ba":"","District":"NANITAL","River":"","Status":""}},
{"type":"Feature","geometry":{"type":"Point","coordinates":[79.85583,29.32917]},"properties":{"Name_of_Ba":"","District":"NANITAL","River":"","Status":""}},
{"type":"Feature","geometry":{"type":"Point","coordinates":[79.76556,29.40083]},"properties":{"Name_of_Ba":"","District":"NANITAL","River":"","Status":""}},
{"type":"Feature","geometry":{"type":"Point","coordinates":[79.76194,29.40056]},"properties":{"Name_of_Ba":"","District":"NANITAL","River":"","Status":""}},
{"type":"Feature","geometry":{"type":"Point","coordinates":[79.76611,29.39944]},"properties":{"Name_of_Ba":"","District":"NANITAL","River":"","Status":""}},
{"type":"Feature","geometry":{"type":"Point","coordinates":[79.81778,29.405]},"properties":{"Name_of_Ba":"","District":"NANITAL","River":"","Status":""}},
{"type":"Feature","geometry":{"type":"Point","coordinates":[79.53861,29.445]},"properties":{"Name_of_Ba":"","District":"NANITAL","River":"","Status":""}},
{"type":"Feature","geometry":{"type":"Point","coordinates":[79.57861,29.45861]},"properties":{"Name_of_Ba":"","District":"NANITAL","River":"","Status":""}},
{"type":"Feature","geometry":{"type":"Point","coordinates":[79.58778,29.45639]},"properties":{"Name_of_Ba":"","District":"NANITAL","River":"","Status":""}},
{"type":"Feature","geometry":{"type":"Point","coordinates":[79.57194,29.45056]},"properties":{"Name_of_Ba":"","District":"NANITAL","River":"","Status":""}},
{"type":"Feature","geometry":{"type":"Point","coordinates":[79.53639,29.44833]},"properties":{"Name_of_Ba":"","District":"NANITAL","River":"","Status":""}},
{"type":"Feature","geometry":{"type":"Point","coordinates":[79.53611,29.44889]},"properties":{"Name_of_Ba":"","District":"NANITAL","River":"","Status":""}},
{"type":"Feature","geometry":{"type":"Point","coordinates":[79.59639,29.44639]},"properties":{"Name_of_Ba":"","District":"NANITAL","River":"","Status":""}},
{"type":"Feature","geometry":{"type":"Point","coordinates":[79.59583,29.44611]},"properties":{"Name_of_Ba":"","District":"NANITAL","River":"","Status":""}},
{"type":"Feature","geometry":{"type":"Point","coordinates":[78.98306,29.32583]},"properties":{"Name_of_Ba":"","District":"NANITAL","River":"","Status":""}},
{"type":"Feature","geometry":{"type":"Point","coordinates":[78.99889,29.32167]},"properties":{"Name_of_Ba":"","District":"NANITAL","River":"","Status":""}},
{"type":"Feature","geometry":{"type":"Point","coordinates":[79.24361,29.46056]},"properties":{"Name_of_Ba":"","District":"NANITAL","River":"","Status":""}},
{"type":"Feature","geometry":{"type":"Point","coordinates":[79.24361,29.46056]},"properties":{"Name_of_Ba":"","District":"NANITAL","River":"","Status":""}},
{"type":"Feature","geometry":{"type":"Point","coordinates":[79.24861,29.46972]},"properties":{"Name_of_Ba":"","District":"NANITAL","River":"","Status":""}},
{"type":"Feature","geometry":{"type":"Point","coordinates":[78.93639,29.30722]},"properties":{"Name_of_Ba":"","District":"NANITAL","River":"","Status":""}},
{"type":"Feature","geometry":{"type":"Point","coordinates":[78.99333,29.33111]},"properties":{"Name_of_Ba":"","District":"NANITAL","River":"","Status":""}},
{"type":"Feature","geometry":{"type":"Point","coordinates":[79.1075,29.78917]},"properties":{"Name_of_Ba":"","District":"PAURI","River":"","Status":""}},
{"type":"Feature","geometry":{"type":"Point","coordinates":[79.10778,29.78944]},"properties":{"Name_of_Ba":"","District":"PAURI","River":"","Status":""}},
{"type":"Feature","geometry":{"type":"Point","coordinates":[78.59861,29.84167]},"properties":{"Name_of_Ba":"","District":"PAURI","River":"","Status":""}},
{"type":"Feature","geometry":{"type":"Point","coordinates":[78.51417,29.91389]},"properties":{"Name_of_Ba":"","District":"PAURI","River":"","Status":""}},
{"type":"Feature","geometry":{"type":"Point","coordinates":[78.51389,29.91361]},"properties":{"Name_of_Ba":"","District":"PAURI","River":"","Status":""}},
{"type":"Feature","geometry":{"type":"Point","coordinates":[78.51389,29.91389]},"properties":{"Name_of_Ba":"","District":"PAURI","River":"","Status":""}},
{"type":"Feature","geometry":{"type":"Point","coordinates":[78.55944,30.01722]},"properties":{"Name_of_Ba":"","District":"PAURI","River":"","Status":""}},
{"type":"Feature","geometry":{"type":"Point","coordinates":[78.63333,29.92917]},"properties":{"Name_of_Ba":"","District":"PAURI","River":"","Status":""}},
{"type":"Feature","geometry":{"type":"Point","coordinates":[78.65639,29.87278]},"properties":{"Name_of_Ba":"","District":"PAURI","River":"","Status":""}},
{"type":"Feature","geometry":{"type":"Point","coordinates":[78.52694,30.03583]},"properties":{"Name_of_Ba":"","District":"PAURI","River":"","Status":""}},
{"type":"Feature","geometry":{"type":"Point","coordinates":[78.52667,30.03611]},"properties":{"Name_of_Ba":"","District":"PAURI","River":"","Status":""}},
{"type":"Feature","geometry":{"type":"Point","coordinates":[78.52639,30.03806]},"properties":{"Name_of_Ba":"","District":"PAURI","River":"","Status":""}},
{"type":"Feature","geometry":{"type":"Point","coordinates":[78.81917,29.92861]},"properties":{"Name_of_Ba":"","District":"PAURI","River":"","Status":""}},
{"type":"Feature","geometry":{"type":"Point","coordinates":[78.8375,29.95333]},"properties":{"Name_of_Ba":"","District":"PAURI","River":"","Status":""}},
{"type":"Feature","geometry":{"type":"Point","coordinates":[78.71278,29.91583]},"properties":{"Name_of_Ba":"","District":"PAURI","River":"","Status":""}},
{"type":"Feature","geometry":{"type":"Point","coordinates":[78.71306,29.91667]},"properties":{"Name_of_Ba":"","District":"PAURI","River":"","Status":""}},
{"type":"Feature","geometry":{"type":"Point","coordinates":[78.67861,29.84389]},"properties":{"Name_of_Ba":"","District":"PAURI","River":"","Status":""}},
{"type":"Feature","geometry":{"type":"Point","coordinates":[78.79139,30.05056]},"properties":{"Name_of_Ba":"","District":"PAURI","River":"","Status":""}},
{"type":"Feature","geometry":{"type":"Point","coordinates":[78.705,30.05694]},"properties":{"Name_of_Ba":"","District":"PAURI","River":"","Status":""}},
{"type":"Feature","geometry":{"type":"Point","coordinates":[78.73306,30.065]},"properties":{"Name_of_Ba":"","District":"PAURI","River":"","Status":""}},
{"type":"Feature","geometry":{"type":"Point","coordinates":[78.82861,30.21583]},"properties":{"Name_of_Ba":"","District":"PAURI","River":"","Status":""}},
{"type":"Feature","geometry":{"type":"Point","coordinates":[78.78694,30.18806]},"properties":{"Name_of_Ba":"","District":"PAURI","River":"","Status":""}},
{"type":"Feature","geometry":{"type":"Point","coordinates":[78.62056,30.06028]},"properties":{"Name_of_Ba":"","District":"PAURI","River":"","Status":""}},
{"type":"Feature","geometry":{"type":"Point","coordinates":[78.67444,30.14917]},"properties":{"Name_of_Ba":"","District":"PAURI","River":"","Status":""}},
{"type":"Feature","geometry":{"type":"Point","coordinates":[78.675,30.14889]},"properties":{"Name_of_Ba":"","District":"PAURI","River":"","Status":""}},
{"type":"Feature","geometry":{"type":"Point","coordinates":[78.69389,30.14694]},"properties":{"Name_of_Ba":"","District":"PAURI","River":"","Status":""}},
{"type":"Feature","geometry":{"type":"Point","coordinates":[78.69417,30.14778]},"properties":{"Name_of_Ba":"","District":"PAURI","River":"","Status":""}},
{"type":"Feature","geometry":{"type":"Point","coordinates":[78.61944,30.11056]},"properties":{"Name_of_Ba":"","District":"PAURI","River":"","Status":""}},
{"type":"Feature","geometry":{"type":"Point","coordinates":[79.05778,29.65222]},"properties":{"Name_of_Ba":"","District":"PAURI","River":"","Status":""}},
{"type":"Feature","geometry":{"type":"Point","coordinates":[78.99694,29.695]},"properties":{"Name_of_Ba":"","District":"PAURI","River":"","Status":""}},
{"type":"Feature","geometry":{"type":"Point","coordinates":[78.97944,29.70583]},"properties":{"Name_of_Ba":"","District":"PAURI","River":"","Status":""}},
{"type":"Feature","geometry":{"type":"Point","coordinates":[78.97583,29.70944]},"properties":{"Name_of_Ba":"","District":"PAURI","River":"","Status":""}},
{"type":"Feature","geometry":{"type":"Point","coordinates":[78.82611,30.0975]},"properties":{"Name_of_Ba":"","District":"PAURI","River":"","Status":""}},
{"type":"Feature","geometry":{"type":"Point","coordinates":[78.83833,30.09528]},"properties":{"Name_of_Ba":"","District":"PAURI","River":"","Status":""}},
{"type":"Feature","geometry":{"type":"Point","coordinates":[78.79083,30.07111]},"properties":{"Name_of_Ba":"","District":"PAURI","River":"","Status":""}},
{"type":"Feature","geometry":{"type":"Point","coordinates":[78.75861,30.12528]},"properties":{"Name_of_Ba":"","District":"PAURI","River":"","Status":""}},
{"type":"Feature","geometry":{"type":"Point","coordinates":[78.78722,30.08361]},"properties":{"Name_of_Ba":"","District":"PAURI","River":"","Status":""}},
{"type":"Feature","geometry":{"type":"Point","coordinates":[78.78111,30.07944]},"properties":{"Name_of_Ba":"","District":"PAURI","River":"","Status":""}},
{"type":"Feature","geometry":{"type":"Point","coordinates":[78.78306,30.08]},"properties":{"Name_of_Ba":"","District":"PAURI","River":"","Status":""}},
{"type":"Feature","geometry":{"type":"Point","coordinates":[78.74167,30.17389]},"properties":{"Name_of_Ba":"","District":"PAURI","River":"","Status":""}},
{"type":"Feature","geometry":{"type":"Point","coordinates":[78.75333,30.17056]},"properties":{"Name_of_Ba":"","District":"PAURI","River":"","Status":""}},
{"type":"Feature","geometry":{"type":"Point","coordinates":[78.72667,30.15889]},"properties":{"Name_of_Ba":"","District":"PAURI","River":"","Status":""}},
{"type":"Feature","geometry":{"type":"Point","coordinates":[78.92056,29.92139]},"properties":{"Name_of_Ba":"","District":"PAURI","River":"","Status":""}},
{"type":"Feature","geometry":{"type":"Point","coordinates":[78.90361,29.90222]},"properties":{"Name_of_Ba":"","District":"PAURI","River":"","Status":""}},
{"type":"Feature","geometry":{"type":"Point","coordinates":[78.92417,29.91833]},"properties":{"Name_of_Ba":"","District":"PAURI","River":"","Status":""}},
{"type":"Feature","geometry":{"type":"Point","coordinates":[78.83194,29.75083]},"properties":{"Name_of_Ba":"","District":"PAURI","River":"","Status":""}},
{"type":"Feature","geometry":{"type":"Point","coordinates":[79.04111,30.08444]},"properties":{"Name_of_Ba":"","District":"PAURI","River":"","Status":""}},
{"type":"Feature","geometry":{"type":"Point","coordinates":[79.04083,30.08611]},"properties":{"Name_of_Ba":"","District":"PAURI","River":"","Status":""}},
{"type":"Feature","geometry":{"type":"Point","coordinates":[79.04083,30.08444]},"properties":{"Name_of_Ba":"","District":"PAURI","River":"","Status":""}},
{"type":"Feature","geometry":{"type":"Point","coordinates":[79.21278,29.95806]},"properties":{"Name_of_Ba":"","District":"PAURI","River":"","Status":""}},
{"type":"Feature","geometry":{"type":"Point","coordinates":[79.08444,30.00139]},"properties":{"Name_of_Ba":"","District":"PAURI","River":"","Status":""}},
{"type":"Feature","geometry":{"type":"Point","coordinates":[79.095,30.07639]},"properties":{"Name_of_Ba":"","District":"PAURI","River":"","Status":""}},
{"type":"Feature","geometry":{"type":"Point","coordinates":[79.095,30.07611]},"properties":{"Name_of_Ba":"","District":"PAURI","River":"","Status":""}},
{"type":"Feature","geometry":{"type":"Point","coordinates":[79.095,30.07639]},"properties":{"Name_of_Ba":"","District":"PAURI","River":"","Status":""}},
{"type":"Feature","geometry":{"type":"Point","coordinates":[79.03028,30.09639]},"properties":{"Name_of_Ba":"","District":"PAURI","River":"","Status":""}},
{"type":"Feature","geometry":{"type":"Point","coordinates":[79.03056,30.09444]},"properties":{"Name_of_Ba":"","District":"PAURI","River":"","Status":""}},
{"type":"Feature","geometry":{"type":"Point","coordinates":[79.03056,30.09444]},"properties":{"Name_of_Ba":"","District":"PAURI","River":"","Status":""}},
{"type":"Feature","geometry":{"type":"Point","coordinates":[79.03889,29.99806]},"properties":{"Name_of_Ba":"","District":"PAURI","River":"","Status":""}},
{"type":"Feature","geometry":{"type":"Point","coordinates":[79.02806,30.01611]},"properties":{"Name_of_Ba":"","District":"PAURI","River":"","Status":""}},
{"type":"Feature","geometry":{"type":"Point","coordinates":[79.14972,29.97639]},"properties":{"Name_of_Ba":"","District":"PAURI","River":"","Status":""}},
{"type":"Feature","geometry":{"type":"Point","coordinates":[79.15694,29.96528]},"properties":{"Name_of_Ba":"","District":"PAURI","River":"","Status":""}},
{"type":"Feature","geometry":{"type":"Point","coordinates":[79.15778,29.96639]},"properties":{"Name_of_Ba":"","District":"PAURI","River":"","Status":""}},
{"type":"Feature","geometry":{"type":"Point","coordinates":[79.12917,29.93056]},"properties":{"Name_of_Ba":"","District":"PAURI","River":"","Status":""}},
{"type":"Feature","geometry":{"type":"Point","coordinates":[79.05167,30.08944]},"properties":{"Name_of_Ba":"","District":"PAURI","River":"","Status":""}},
{"type":"Feature","geometry":{"type":"Point","coordinates":[78.41778,29.97917]},"properties":{"Name_of_Ba":"","District":"PAURI","River":"","Status":""}},
{"type":"Feature","geometry":{"type":"Point","coordinates":[78.3275,30.00222]},"properties":{"Name_of_Ba":"","District":"PAURI","River":"","Status":""}},
{"type":"Feature","geometry":{"type":"Point","coordinates":[78.32833,29.99667]},"properties":{"Name_of_Ba":"","District":"PAURI","River":"","Status":""}},
{"type":"Feature","geometry":{"type":"Point","coordinates":[78.3275,30.00222]},"properties":{"Name_of_Ba":"","District":"PAURI","River":"","Status":""}},
{"type":"Feature","geometry":{"type":"Point","coordinates":[78.33083,30.00139]},"properties":{"Name_of_Ba":"","District":"PAURI","River":"","Status":""}},
{"type":"Feature","geometry":{"type":"Point","coordinates":[78.32667,29.9975]},"properties":{"Name_of_Ba":"","District":"PAURI","River":"","Status":""}},
{"type":"Feature","geometry":{"type":"Point","coordinates":[78.33028,29.995]},"properties":{"Name_of_Ba":"","District":"PAURI","River":"","Status":""}},
{"type":"Feature","geometry":{"type":"Point","coordinates":[78.40972,29.97889]},"properties":{"Name_of_Ba":"","District":"PAURI","River":"","Status":""}},
{"type":"Feature","geometry":{"type":"Point","coordinates":[78.41472,29.97639]},"properties":{"Name_of_Ba":"","District":"PAURI","River":"","Status":""}},
{"type":"Feature","geometry":{"type":"Point","coordinates":[78.43806,29.91083]},"properties":{"Name_of_Ba":"","District":"PAURI","River":"","Status":""}},
{"type":"Feature","geometry":{"type":"Point","coordinates":[78.43806,29.91056]},"properties":{"Name_of_Ba":"","District":"PAURI","River":"","Status":""}},
{"type":"Feature","geometry":{"type":"Point","coordinates":[80.1025,29.67944]},"properties":{"Name_of_Ba":"","District":"PITHORGARH","River":"","Status":""}},
{"type":"Feature","geometry":{"type":"Point","coordinates":[80.105,29.67722]},"properties":{"Name_of_Ba":"","District":"PITHORGARH","River":"","Status":""}},
{"type":"Feature","geometry":{"type":"Point","coordinates":[80.10444,29.67667]},"properties":{"Name_of_Ba":"","District":"PITHORGARH","River":"","Status":""}},
{"type":"Feature","geometry":{"type":"Point","coordinates":[80.105,29.67722]},"properties":{"Name_of_Ba":"","District":"PITHORGARH","River":"","Status":""}},
{"type":"Feature","geometry":{"type":"Point","coordinates":[80.10417,29.6775]},"properties":{"Name_of_Ba":"","District":"PITHORGARH","River":"","Status":""}},
{"type":"Feature","geometry":{"type":"Point","coordinates":[80.105,29.6775]},"properties":{"Name_of_Ba":"","District":"PITHORGARH","River":"","Status":""}},
{"type":"Feature","geometry":{"type":"Point","coordinates":[80.17778,29.49722]},"properties":{"Name_of_Ba":"","District":"PITHORGARH","River":"","Status":""}},
{"type":"Feature","geometry":{"type":"Point","coordinates":[80.17444,29.56528]},"properties":{"Name_of_Ba":"","District":"PITHORGARH","River":"","Status":""}},
{"type":"Feature","geometry":{"type":"Point","coordinates":[80.25889,29.58611]},"properties":{"Name_of_Ba":"","District":"PITHORGARH","River":"","Status":""}},
{"type":"Feature","geometry":{"type":"Point","coordinates":[80.20111,29.57639]},"properties":{"Name_of_Ba":"","District":"PITHORGARH","River":"","Status":""}},
{"type":"Feature","geometry":{"type":"Point","coordinates":[80.13556,29.61944]},"properties":{"Name_of_Ba":"","District":"PITHORGARH","River":"","Status":""}},
{"type":"Feature","geometry":{"type":"Point","coordinates":[80.11389,29.60306]},"properties":{"Name_of_Ba":"","District":"PITHORGARH","River":"","Status":""}},
{"type":"Feature","geometry":{"type":"Point","coordinates":[80.25028,29.58056]},"properties":{"Name_of_Ba":"","District":"PITHORGARH","River":"","Status":""}},
{"type":"Feature","geometry":{"type":"Point","coordinates":[80.18222,29.56917]},"properties":{"Name_of_Ba":"","District":"PITHORGARH","River":"","Status":""}},
{"type":"Feature","geometry":{"type":"Point","coordinates":[80.21139,29.64722]},"properties":{"Name_of_Ba":"","District":"PITHORGARH","River":"","Status":""}},
{"type":"Feature","geometry":{"type":"Point","coordinates":[80.215,29.64417]},"properties":{"Name_of_Ba":"","District":"PITHORGARH","River":"","Status":""}},
{"type":"Feature","geometry":{"type":"Point","coordinates":[80.21667,29.64361]},"properties":{"Name_of_Ba":"","District":"PITHORGARH","River":"","Status":""}},
{"type":"Feature","geometry":{"type":"Point","coordinates":[80.21083,29.64639]},"properties":{"Name_of_Ba":"","District":"PITHORGARH","River":"","Status":""}},
{"type":"Feature","geometry":{"type":"Point","coordinates":[80.20139,29.57528]},"properties":{"Name_of_Ba":"","District":"PITHORGARH","River":"","Status":""}},
{"type":"Feature","geometry":{"type":"Point","coordinates":[80.10889,29.60361]},"properties":{"Name_of_Ba":"","District":"PITHORGARH","River":"","Status":""}},
{"type":"Feature","geometry":{"type":"Point","coordinates":[80.56833,29.97806]},"properties":{"Name_of_Ba":"","District":"PITHORGARH","River":"","Status":""}},
{"type":"Feature","geometry":{"type":"Point","coordinates":[80.48111,29.81611]},"properties":{"Name_of_Ba":"","District":"PITHORGARH","River":"","Status":""}},
{"type":"Feature","geometry":{"type":"Point","coordinates":[80.4825,29.81222]},"properties":{"Name_of_Ba":"","District":"PITHORGARH","River":"","Status":""}},
{"type":"Feature","geometry":{"type":"Point","coordinates":[80.48139,29.81611]},"properties":{"Name_of_Ba":"","District":"PITHORGARH","River":"","Status":""}},
{"type":"Feature","geometry":{"type":"Point","coordinates":[80.49444,29.80639]},"properties":{"Name_of_Ba":"","District":"PITHORGARH","River":"","Status":""}},
{"type":"Feature","geometry":{"type":"Point","coordinates":[80.50278,29.82083]},"properties":{"Name_of_Ba":"","District":"PITHORGARH","River":"","Status":""}},
{"type":"Feature","geometry":{"type":"Point","coordinates":[80.50278,29.82083]},"properties":{"Name_of_Ba":"","District":"PITHORGARH","River":"","Status":""}},
{"type":"Feature","geometry":{"type":"Point","coordinates":[80.47389,29.81917]},"properties":{"Name_of_Ba":"","District":"PITHORGARH","River":"","Status":""}},
{"type":"Feature","geometry":{"type":"Point","coordinates":[80.49361,29.80417]},"properties":{"Name_of_Ba":"","District":"PITHORGARH","River":"","Status":""}},
{"type":"Feature","geometry":{"type":"Point","coordinates":[80.475,29.81917]},"properties":{"Name_of_Ba":"","District":"PITHORGARH","River":"","Status":""}},
{"type":"Feature","geometry":{"type":"Point","coordinates":[80.26528,29.79361]},"properties":{"Name_of_Ba":"","District":"PITHORGARH","River":"","Status":""}},
{"type":"Feature","geometry":{"type":"Point","coordinates":[80.26361,29.82917]},"properties":{"Name_of_Ba":"","District":"PITHORGARH","River":"","Status":""}},
{"type":"Feature","geometry":{"type":"Point","coordinates":[80.2475,29.78611]},"properties":{"Name_of_Ba":"","District":"PITHORGARH","River":"","Status":""}},
{"type":"Feature","geometry":{"type":"Point","coordinates":[80.25056,29.79917]},"properties":{"Name_of_Ba":"","District":"PITHORGARH","River":"","Status":""}},
{"type":"Feature","geometry":{"type":"Point","coordinates":[80.25056,29.79917]},"properties":{"Name_of_Ba":"","District":"PITHORGARH","River":"","Status":""}},
{"type":"Feature","geometry":{"type":"Point","coordinates":[80.24722,29.78833]},"properties":{"Name_of_Ba":"","District":"PITHORGARH","River":"","Status":""}},
{"type":"Feature","geometry":{"type":"Point","coordinates":[80.26806,29.82417]},"properties":{"Name_of_Ba":"","District":"PITHORGARH","River":"","Status":""}},
{"type":"Feature","geometry":{"type":"Point","coordinates":[80.27306,29.83444]},"properties":{"Name_of_Ba":"","District":"PITHORGARH","River":"","Status":""}},
{"type":"Feature","geometry":{"type":"Point","coordinates":[80.26944,29.79639]},"properties":{"Name_of_Ba":"","District":"PITHORGARH","River":"","Status":""}},
{"type":"Feature","geometry":{"type":"Point","coordinates":[80.27611,29.75167]},"properties":{"Name_of_Ba":"","District":"PITHORGARH","River":"","Status":""}},
{"type":"Feature","geometry":{"type":"Point","coordinates":[80.27639,29.7475]},"properties":{"Name_of_Ba":"","District":"PITHORGARH","River":"","Status":""}},
{"type":"Feature","geometry":{"type":"Point","coordinates":[80.27611,29.75167]},"properties":{"Name_of_Ba":"","District":"PITHORGARH","River":"","Status":""}},
{"type":"Feature","geometry":{"type":"Point","coordinates":[80.27778,29.80389]},"properties":{"Name_of_Ba":"","District":"PITHORGARH","River":"","Status":""}},
{"type":"Feature","geometry":{"type":"Point","coordinates":[80.24917,29.79111]},"properties":{"Name_of_Ba":"","District":"PITHORGARH","River":"","Status":""}},
{"type":"Feature","geometry":{"type":"Point","coordinates":[80.25278,29.79306]},"properties":{"Name_of_Ba":"","District":"PITHORGARH","River":"","Status":""}},
{"type":"Feature","geometry":{"type":"Point","coordinates":[80.25167,29.79833]},"properties":{"Name_of_Ba":"","District":"PITHORGARH","River":"","Status":""}},
{"type":"Feature","geometry":{"type":"Point","coordinates":[80.25111,29.79944]},"properties":{"Name_of_Ba":"","District":"PITHORGARH","River":"","Status":""}},
{"type":"Feature","geometry":{"type":"Point","coordinates":[80.25056,29.79833]},"properties":{"Name_of_Ba":"","District":"PITHORGARH","River":"","Status":""}},
{"type":"Feature","geometry":{"type":"Point","coordinates":[80.24028,29.80111]},"properties":{"Name_of_Ba":"","District":"PITHORGARH","River":"","Status":""}},
{"type":"Feature","geometry":{"type":"Point","coordinates":[80.24028,29.80111]},"properties":{"Name_of_Ba":"","District":"PITHORGARH","River":"","Status":""}},
{"type":"Feature","geometry":{"type":"Point","coordinates":[80.05278,29.67472]},"properties":{"Name_of_Ba":"","District":"PITHORGARH","River":"","Status":""}},
{"type":"Feature","geometry":{"type":"Point","coordinates":[80.03917,29.67833]},"properties":{"Name_of_Ba":"","District":"PITHORGARH","River":"","Status":""}},
{"type":"Feature","geometry":{"type":"Point","coordinates":[80.18861,29.72056]},"properties":{"Name_of_Ba":"","District":"PITHORGARH","River":"","Status":""}},
{"type":"Feature","geometry":{"type":"Point","coordinates":[80.18889,29.72056]},"properties":{"Name_of_Ba":"","District":"PITHORGARH","River":"","Status":""}},
{"type":"Feature","geometry":{"type":"Point","coordinates":[80.18806,29.72056]},"properties":{"Name_of_Ba":"","District":"PITHORGARH","River":"","Status":""}},
{"type":"Feature","geometry":{"type":"Point","coordinates":[80.18778,29.72056]},"properties":{"Name_of_Ba":"","District":"PITHORGARH","River":"","Status":""}},
{"type":"Feature","geometry":{"type":"Point","coordinates":[80.18722,29.72056]},"properties":{"Name_of_Ba":"","District":"PITHORGARH","River":"","Status":""}},
{"type":"Feature","geometry":{"type":"Point","coordinates":[80.23583,29.66056]},"properties":{"Name_of_Ba":"","District":"PITHORGARH","River":"","Status":""}},
{"type":"Feature","geometry":{"type":"Point","coordinates":[80.23444,29.66167]},"properties":{"Name_of_Ba":"","District":"PITHORGARH","River":"","Status":""}},
{"type":"Feature","geometry":{"type":"Point","coordinates":[80.17028,29.71194]},"properties":{"Name_of_Ba":"","District":"PITHORGARH","River":"","Status":""}},
{"type":"Feature","geometry":{"type":"Point","coordinates":[80.17083,29.71222]},"properties":{"Name_of_Ba":"","District":"PITHORGARH","River":"","Status":""}},
{"type":"Feature","geometry":{"type":"Point","coordinates":[80.29083,29.67444]},"properties":{"Name_of_Ba":"","District":"PITHORGARH","River":"","Status":""}},
{"type":"Feature","geometry":{"type":"Point","coordinates":[80.26972,29.67472]},"properties":{"Name_of_Ba":"","District":"PITHORGARH","River":"","Status":""}},
{"type":"Feature","geometry":{"type":"Point","coordinates":[80.28861,29.67194]},"properties":{"Name_of_Ba":"","District":"PITHORGARH","River":"","Status":""}},
{"type":"Feature","geometry":{"type":"Point","coordinates":[80.26972,29.67472]},"properties":{"Name_of_Ba":"","District":"PITHORGARH","River":"","Status":""}},
{"type":"Feature","geometry":{"type":"Point","coordinates":[80.41528,29.6375]},"properties":{"Name_of_Ba":"","District":"PITHORGARH","River":"","Status":""}},
{"type":"Feature","geometry":{"type":"Point","coordinates":[80.30278,29.56778]},"properties":{"Name_of_Ba":"","District":"PITHORGARH","River":"","Status":""}},
{"type":"Feature","geometry":{"type":"Point","coordinates":[80.23611,29.51778]},"properties":{"Name_of_Ba":"","District":"PITHORGARH","River":"","Status":""}},
{"type":"Feature","geometry":{"type":"Point","coordinates":[80.25583,29.50278]},"properties":{"Name_of_Ba":"","District":"PITHORGARH","River":"","Status":""}},
{"type":"Feature","geometry":{"type":"Point","coordinates":[80.25778,29.50361]},"properties":{"Name_of_Ba":"","District":"PITHORGARH","River":"","Status":""}},
{"type":"Feature","geometry":{"type":"Point","coordinates":[80.2575,29.50417]},"properties":{"Name_of_Ba":"","District":"PITHORGARH","River":"","Status":""}},
{"type":"Feature","geometry":{"type":"Point","coordinates":[80.34389,29.64083]},"properties":{"Name_of_Ba":"","District":"PITHORGARH","River":"","Status":""}},
{"type":"Feature","geometry":{"type":"Point","coordinates":[80.22528,29.50361]},"properties":{"Name_of_Ba":"","District":"PITHORGARH","River":"","Status":""}},
{"type":"Feature","geometry":{"type":"Point","coordinates":[80.22806,30.08]},"properties":{"Name_of_Ba":"","District":"PITHORGARH","River":"","Status":""}},
{"type":"Feature","geometry":{"type":"Point","coordinates":[80.24361,30.07944]},"properties":{"Name_of_Ba":"","District":"PITHORGARH","River":"","Status":""}},
{"type":"Feature","geometry":{"type":"Point","coordinates":[80.24278,30.08028]},"properties":{"Name_of_Ba":"","District":"PITHORGARH","River":"","Status":""}},
{"type":"Feature","geometry":{"type":"Point","coordinates":[80.24306,30.08056]},"properties":{"Name_of_Ba":"","District":"PITHORGARH","River":"","Status":""}},
{"type":"Feature","geometry":{"type":"Point","coordinates":[80.24306,30.08028]},"properties":{"Name_of_Ba":"","District":"PITHORGARH","River":"","Status":""}},
{"type":"Feature","geometry":{"type":"Point","coordinates":[80.24306,30.08028]},"properties":{"Name_of_Ba":"","District":"PITHORGARH","River":"","Status":""}},
{"type":"Feature","geometry":{"type":"Point","coordinates":[80.24389,30.08139]},"properties":{"Name_of_Ba":"","District":"PITHORGARH","River":"","Status":""}},
{"type":"Feature","geometry":{"type":"Point","coordinates":[80.24389,30.08139]},"properties":{"Name_of_Ba":"","District":"PITHORGARH","River":"","Status":""}},
{"type":"Feature","geometry":{"type":"Point","coordinates":[80.15889,29.88083]},"properties":{"Name_of_Ba":"","District":"PITHORGARH","River":"","Status":""}},
{"type":"Feature","geometry":{"type":"Point","coordinates":[80.23472,30.07861]},"properties":{"Name_of_Ba":"","District":"PITHORGARH","River":"","Status":""}},
{"type":"Feature","geometry":{"type":"Point","coordinates":[80.22861,30.07833]},"properties":{"Name_of_Ba":"","District":"PITHORGARH","River":"","Status":""}},
{"type":"Feature","geometry":{"type":"Point","coordinates":[80.23417,30.07889]},"properties":{"Name_of_Ba":"","District":"PITHORGARH","River":"","Status":""}},
{"type":"Feature","geometry":{"type":"Point","coordinates":[80.23472,30.08028]},"properties":{"Name_of_Ba":"","District":"PITHORGARH","River":"","Status":""}},
{"type":"Feature","geometry":{"type":"Point","coordinates":[80.235,30.075]},"properties":{"Name_of_Ba":"","District":"PITHORGARH","River":"","Status":""}},
{"type":"Feature","geometry":{"type":"Point","coordinates":[80.23472,30.08028]},"properties":{"Name_of_Ba":"","District":"PITHORGARH","River":"","Status":""}},
{"type":"Feature","geometry":{"type":"Point","coordinates":[80.23417,30.07889]},"properties":{"Name_of_Ba":"","District":"PITHORGARH","River":"","Status":""}},
{"type":"Feature","geometry":{"type":"Point","coordinates":[80.23472,30.08028]},"properties":{"Name_of_Ba":"","District":"PITHORGARH","River":"","Status":""}},
{"type":"Feature","geometry":{"type":"Point","coordinates":[80.23472,30.07861]},"properties":{"Name_of_Ba":"","District":"PITHORGARH","River":"","Status":""}},
{"type":"Feature","geometry":{"type":"Point","coordinates":[80.23472,30.07861]},"properties":{"Name_of_Ba":"","District":"PITHORGARH","River":"","Status":""}},
{"type":"Feature","geometry":{"type":"Point","coordinates":[80.23417,30.07889]},"properties":{"Name_of_Ba":"","District":"PITHORGARH","River":"","Status":""}},
{"type":"Feature","geometry":{"type":"Point","coordinates":[79.14389,30.43722]},"properties":{"Name_of_Ba":"","District":"RUDARPRAYAG","River":"","Status":""}},
{"type":"Feature","geometry":{"type":"Point","coordinates":[78.98278,30.27972]},"properties":{"Name_of_Ba":"","District":"RUDARPRAYAG","River":"","Status":""}},
{"type":"Feature","geometry":{"type":"Point","coordinates":[78.98028,30.27472]},"properties":{"Name_of_Ba":"","District":"RUDARPRAYAG","River":"","Status":""}},
{"type":"Feature","geometry":{"type":"Point","coordinates":[78.98333,30.28194]},"properties":{"Name_of_Ba":"","District":"RUDARPRAYAG","River":"","Status":""}},
{"type":"Feature","geometry":{"type":"Point","coordinates":[79.08139,30.47194]},"properties":{"Name_of_Ba":"","District":"RUDARPRAYAG","River":"","Status":""}},
{"type":"Feature","geometry":{"type":"Point","coordinates":[79.06861,30.425]},"properties":{"Name_of_Ba":"","District":"RUDARPRAYAG","River":"","Status":""}},
{"type":"Feature","geometry":{"type":"Point","coordinates":[79.05306,30.40667]},"properties":{"Name_of_Ba":"","District":"RUDARPRAYAG","River":"","Status":""}},
{"type":"Feature","geometry":{"type":"Point","coordinates":[79.05278,30.40667]},"properties":{"Name_of_Ba":"","District":"RUDARPRAYAG","River":"","Status":""}},
{"type":"Feature","geometry":{"type":"Point","coordinates":[79.12722,30.41194]},"properties":{"Name_of_Ba":"","District":"RUDARPRAYAG","River":"","Status":""}},
{"type":"Feature","geometry":{"type":"Point","coordinates":[79.08417,30.43389]},"properties":{"Name_of_Ba":"","District":"RUDARPRAYAG","River":"","Status":""}},
{"type":"Feature","geometry":{"type":"Point","coordinates":[79.08528,30.43111]},"properties":{"Name_of_Ba":"","District":"RUDARPRAYAG","River":"","Status":""}},
{"type":"Feature","geometry":{"type":"Point","coordinates":[79.08694,30.43444]},"properties":{"Name_of_Ba":"","District":"RUDARPRAYAG","River":"","Status":""}},
{"type":"Feature","geometry":{"type":"Point","coordinates":[79.08417,30.43361]},"properties":{"Name_of_Ba":"","District":"RUDARPRAYAG","River":"","Status":""}},
{"type":"Feature","geometry":{"type":"Point","coordinates":[79.11639,30.4275]},"properties":{"Name_of_Ba":"","District":"RUDARPRAYAG","River":"","Status":""}},
{"type":"Feature","geometry":{"type":"Point","coordinates":[79.11611,30.4275]},"properties":{"Name_of_Ba":"","District":"RUDARPRAYAG","River":"","Status":""}},
{"type":"Feature","geometry":{"type":"Point","coordinates":[79.11389,30.42778]},"properties":{"Name_of_Ba":"","District":"RUDARPRAYAG","River":"","Status":""}},
{"type":"Feature","geometry":{"type":"Point","coordinates":[79.11639,30.42722]},"properties":{"Name_of_Ba":"","District":"RUDARPRAYAG","River":"","Status":""}},
{"type":"Feature","geometry":{"type":"Point","coordinates":[78.91861,30.2425]},"properties":{"Name_of_Ba":"","District":"RUDARPRAYAG","River":"","Status":""}},
{"type":"Feature","geometry":{"type":"Point","coordinates":[79.15167,30.38944]},"properties":{"Name_of_Ba":"","District":"RUDARPRAYAG","River":"","Status":""}},
{"type":"Feature","geometry":{"type":"Point","coordinates":[79.14639,30.39028]},"properties":{"Name_of_Ba":"","District":"RUDARPRAYAG","River":"","Status":""}},
{"type":"Feature","geometry":{"type":"Point","coordinates":[79.11083,30.43]},"properties":{"Name_of_Ba":"","District":"RUDARPRAYAG","River":"","Status":""}},
{"type":"Feature","geometry":{"type":"Point","coordinates":[79.09667,30.42806]},"properties":{"Name_of_Ba":"","District":"RUDARPRAYAG","River":"","Status":""}},
{"type":"Feature","geometry":{"type":"Point","coordinates":[79.11083,30.42972]},"properties":{"Name_of_Ba":"","District":"RUDARPRAYAG","River":"","Status":""}},
{"type":"Feature","geometry":{"type":"Point","coordinates":[79.09667,30.42778]},"properties":{"Name_of_Ba":"","District":"RUDARPRAYAG","River":"","Status":""}},
{"type":"Feature","geometry":{"type":"Point","coordinates":[79.09694,30.42806]},"properties":{"Name_of_Ba":"","District":"RUDARPRAYAG","River":"","Status":""}},
{"type":"Feature","geometry":{"type":"Point","coordinates":[79.11139,30.42944]},"properties":{"Name_of_Ba":"","District":"RUDARPRAYAG","River":"","Status":""}},
{"type":"Feature","geometry":{"type":"Point","coordinates":[79.12556,30.42111]},"properties":{"Name_of_Ba":"","District":"RUDARPRAYAG","River":"","Status":""}},
{"type":"Feature","geometry":{"type":"Point","coordinates":[78.9275,30.23472]},"properties":{"Name_of_Ba":"","District":"RUDARPRAYAG","River":"","Status":""}},
{"type":"Feature","geometry":{"type":"Point","coordinates":[78.92694,30.23528]},"properties":{"Name_of_Ba":"","District":"RUDARPRAYAG","River":"","Status":""}},
{"type":"Feature","geometry":{"type":"Point","coordinates":[79.08417,30.42806]},"properties":{"Name_of_Ba":"","District":"RUDARPRAYAG","River":"","Status":""}},
{"type":"Feature","geometry":{"type":"Point","coordinates":[79.08472,30.42806]},"properties":{"Name_of_Ba":"","District":"RUDARPRAYAG","River":"","Status":""}},
{"type":"Feature","geometry":{"type":"Point","coordinates":[79.085,30.42833]},"properties":{"Name_of_Ba":"","District":"RUDARPRAYAG","River":"","Status":""}},
{"type":"Feature","geometry":{"type":"Point","coordinates":[79.08583,30.42833]},"properties":{"Name_of_Ba":"","District":"RUDARPRAYAG","River":"","Status":""}},
{"type":"Feature","geometry":{"type":"Point","coordinates":[79.08472,30.42833]},"properties":{"Name_of_Ba":"","District":"RUDARPRAYAG","River":"","Status":""}},
{"type":"Feature","geometry":{"type":"Point","coordinates":[78.94056,30.20083]},"properties":{"Name_of_Ba":"","District":"RUDARPRAYAG","River":"","Status":""}},
{"type":"Feature","geometry":{"type":"Point","coordinates":[79.08,30.47417]},"properties":{"Name_of_Ba":"","District":"RUDARPRAYAG","River":"","Status":""}},
{"type":"Feature","geometry":{"type":"Point","coordinates":[79.07917,30.47361]},"properties":{"Name_of_Ba":"","District":"RUDARPRAYAG","River":"","Status":""}},
{"type":"Feature","geometry":{"type":"Point","coordinates":[78.92306,30.49694]},"properties":{"Name_of_Ba":"","District":"RUDARPRAYAG","River":"","Status":""}},
{"type":"Feature","geometry":{"type":"Point","coordinates":[78.83639,30.40056]},"properties":{"Name_of_Ba":"","District":"RUDARPRAYAG","River":"","Status":""}},
{"type":"Feature","geometry":{"type":"Point","coordinates":[78.85333,30.39028]},"properties":{"Name_of_Ba":"","District":"RUDARPRAYAG","River":"","Status":""}},
{"type":"Feature","geometry":{"type":"Point","coordinates":[78.89333,30.41056]},"properties":{"Name_of_Ba":"","District":"RUDARPRAYAG","River":"","Status":""}},
{"type":"Feature","geometry":{"type":"Point","coordinates":[78.92417,30.49167]},"properties":{"Name_of_Ba":"","District":"RUDARPRAYAG","River":"","Status":""}},
{"type":"Feature","geometry":{"type":"Point","coordinates":[78.90222,30.38639]},"properties":{"Name_of_Ba":"","District":"RUDARPRAYAG","River":"","Status":""}},
{"type":"Feature","geometry":{"type":"Point","coordinates":[78.91056,30.47778]},"properties":{"Name_of_Ba":"","District":"RUDARPRAYAG","River":"","Status":""}},
{"type":"Feature","geometry":{"type":"Point","coordinates":[78.9525,30.32833]},"properties":{"Name_of_Ba":"","District":"RUDARPRAYAG","River":"","Status":""}},
{"type":"Feature","geometry":{"type":"Point","coordinates":[78.92417,30.36361]},"properties":{"Name_of_Ba":"","District":"RUDARPRAYAG","River":"","Status":""}},
{"type":"Feature","geometry":{"type":"Point","coordinates":[78.89083,30.35556]},"properties":{"Name_of_Ba":"","District":"RUDARPRAYAG","River":"","Status":""}},
{"type":"Feature","geometry":{"type":"Point","coordinates":[78.92667,30.37]},"properties":{"Name_of_Ba":"","District":"RUDARPRAYAG","River":"","Status":""}},
{"type":"Feature","geometry":{"type":"Point","coordinates":[78.85889,30.41833]},"properties":{"Name_of_Ba":"","District":"RUDARPRAYAG","River":"","Status":""}},
{"type":"Feature","geometry":{"type":"Point","coordinates":[78.85889,30.41889]},"properties":{"Name_of_Ba":"","District":"RUDARPRAYAG","River":"","Status":""}},
{"type":"Feature","geometry":{"type":"Point","coordinates":[78.86056,30.42056]},"properties":{"Name_of_Ba":"","District":"RUDARPRAYAG","River":"","Status":""}},
{"type":"Feature","geometry":{"type":"Point","coordinates":[79.12694,30.53667]},"properties":{"Name_of_Ba":"","District":"RUDARPRAYAG","River":"","Status":""}},
{"type":"Feature","geometry":{"type":"Point","coordinates":[79.12694,30.53639]},"properties":{"Name_of_Ba":"","District":"RUDARPRAYAG","River":"","Status":""}},
{"type":"Feature","geometry":{"type":"Point","coordinates":[79.12694,30.53639]},"properties":{"Name_of_Ba":"","District":"RUDARPRAYAG","River":"","Status":""}},
{"type":"Feature","geometry":{"type":"Point","coordinates":[79.15111,30.54667]},"properties":{"Name_of_Ba":"","District":"RUDARPRAYAG","River":"","Status":""}},
{"type":"Feature","geometry":{"type":"Point","coordinates":[79.12611,30.52139]},"properties":{"Name_of_Ba":"","District":"RUDARPRAYAG","River":"","Status":""}},
{"type":"Feature","geometry":{"type":"Point","coordinates":[78.80056,30.42139]},"properties":{"Name_of_Ba":"","District":"TEHRI","River":"","Status":""}},
{"type":"Feature","geometry":{"type":"Point","coordinates":[78.62861,30.48]},"properties":{"Name_of_Ba":"","District":"TEHRI","River":"","Status":""}},
{"type":"Feature","geometry":{"type":"Point","coordinates":[78.76556,30.36889]},"properties":{"Name_of_Ba":"","District":"TEHRI","River":"","Status":""}},
{"type":"Feature","geometry":{"type":"Point","coordinates":[78.58056,30.52722]},"properties":{"Name_of_Ba":"","District":"TEHRI","River":"","Status":""}},
{"type":"Feature","geometry":{"type":"Point","coordinates":[78.60611,30.45806]},"properties":{"Name_of_Ba":"","District":"TEHRI","River":"","Status":""}},
{"type":"Feature","geometry":{"type":"Point","coordinates":[78.61,30.45139]},"properties":{"Name_of_Ba":"","District":"TEHRI","River":"","Status":""}},
{"type":"Feature","geometry":{"type":"Point","coordinates":[78.61889,30.4625]},"properties":{"Name_of_Ba":"","District":"TEHRI","River":"","Status":""}},
{"type":"Feature","geometry":{"type":"Point","coordinates":[78.7575,30.54472]},"properties":{"Name_of_Ba":"","District":"TEHRI","River":"","Status":""}},
{"type":"Feature","geometry":{"type":"Point","coordinates":[78.7575,30.54444]},"properties":{"Name_of_Ba":"","District":"TEHRI","River":"","Status":""}},
{"type":"Feature","geometry":{"type":"Point","coordinates":[78.7575,30.54472]},"properties":{"Name_of_Ba":"","District":"TEHRI","River":"","Status":""}},
{"type":"Feature","geometry":{"type":"Point","coordinates":[78.81306,30.53139]},"properties":{"Name_of_Ba":"","District":"TEHRI","River":"","Status":""}},
{"type":"Feature","geometry":{"type":"Point","coordinates":[78.63889,30.45389]},"properties":{"Name_of_Ba":"","District":"TEHRI","River":"","Status":""}},
{"type":"Feature","geometry":{"type":"Point","coordinates":[78.65889,30.59389]},"properties":{"Name_of_Ba":"","District":"TEHRI","River":"","Status":""}},
{"type":"Feature","geometry":{"type":"Point","coordinates":[78.74833,30.41083]},"properties":{"Name_of_Ba":"","District":"TEHRI","River":"","Status":""}},
{"type":"Feature","geometry":{"type":"Point","coordinates":[78.3825,30.32861]},"properties":{"Name_of_Ba":"","District":"TEHRI","River":"","Status":""}},
{"type":"Feature","geometry":{"type":"Point","coordinates":[78.44028,30.33056]},"properties":{"Name_of_Ba":"","District":"TEHRI","River":"","Status":""}},
{"type":"Feature","geometry":{"type":"Point","coordinates":[78.38056,30.32389]},"properties":{"Name_of_Ba":"","District":"TEHRI","River":"","Status":""}},
{"type":"Feature","geometry":{"type":"Point","coordinates":[78.44833,30.32694]},"properties":{"Name_of_Ba":"","District":"TEHRI","River":"","Status":""}},
{"type":"Feature","geometry":{"type":"Point","coordinates":[78.35361,30.32583]},"properties":{"Name_of_Ba":"","District":"TEHRI","River":"","Status":""}},
{"type":"Feature","geometry":{"type":"Point","coordinates":[78.35389,30.32556]},"properties":{"Name_of_Ba":"","District":"TEHRI","River":"","Status":""}},
{"type":"Feature","geometry":{"type":"Point","coordinates":[78.42417,30.39361]},"properties":{"Name_of_Ba":"","District":"TEHRI","River":"","Status":""}},
{"type":"Feature","geometry":{"type":"Point","coordinates":[78.44694,30.33472]},"properties":{"Name_of_Ba":"","District":"TEHRI","River":"","Status":""}},
{"type":"Feature","geometry":{"type":"Point","coordinates":[78.44694,30.33444]},"properties":{"Name_of_Ba":"","District":"TEHRI","River":"","Status":""}},
{"type":"Feature","geometry":{"type":"Point","coordinates":[78.42944,30.32667]},"properties":{"Name_of_Ba":"","District":"TEHRI","River":"","Status":""}},
{"type":"Feature","geometry":{"type":"Point","coordinates":[78.61667,30.25278]},"properties":{"Name_of_Ba":"","District":"TEHRI","River":"","Status":""}},
{"type":"Feature","geometry":{"type":"Point","coordinates":[78.53889,30.27389]},"properties":{"Name_of_Ba":"","District":"TEHRI","River":"","Status":""}},
{"type":"Feature","geometry":{"type":"Point","coordinates":[78.57833,30.44861]},"properties":{"Name_of_Ba":"","District":"TEHRI","River":"","Status":""}},
{"type":"Feature","geometry":{"type":"Point","coordinates":[78.48583,30.34417]},"properties":{"Name_of_Ba":"","District":"TEHRI","River":"","Status":""}},
{"type":"Feature","geometry":{"type":"Point","coordinates":[78.57667,30.44028]},"properties":{"Name_of_Ba":"","District":"TEHRI","River":"","Status":""}},
{"type":"Feature","geometry":{"type":"Point","coordinates":[78.57944,30.43917]},"properties":{"Name_of_Ba":"","District":"TEHRI","River":"","Status":""}},
{"type":"Feature","geometry":{"type":"Point","coordinates":[78.51056,30.3975]},"properties":{"Name_of_Ba":"","District":"TEHRI","River":"","Status":""}},
{"type":"Feature","geometry":{"type":"Point","coordinates":[78.5025,30.40306]},"properties":{"Name_of_Ba":"","District":"TEHRI","River":"","Status":""}},
{"type":"Feature","geometry":{"type":"Point","coordinates":[78.56056,30.39111]},"properties":{"Name_of_Ba":"","District":"TEHRI","River":"","Status":""}},
{"type":"Feature","geometry":{"type":"Point","coordinates":[78.55083,30.355]},"properties":{"Name_of_Ba":"","District":"TEHRI","River":"","Status":""}},
{"type":"Feature","geometry":{"type":"Point","coordinates":[78.58583,30.31583]},"properties":{"Name_of_Ba":"","District":"TEHRI","River":"","Status":""}},
{"type":"Feature","geometry":{"type":"Point","coordinates":[78.51778,30.40139]},"properties":{"Name_of_Ba":"","District":"TEHRI","River":"","Status":""}},
{"type":"Feature","geometry":{"type":"Point","coordinates":[78.57944,30.30056]},"properties":{"Name_of_Ba":"","District":"TEHRI","River":"","Status":""}},
{"type":"Feature","geometry":{"type":"Point","coordinates":[78.58083,30.39861]},"properties":{"Name_of_Ba":"","District":"TEHRI","River":"","Status":""}},
{"type":"Feature","geometry":{"type":"Point","coordinates":[78.55694,30.37139]},"properties":{"Name_of_Ba":"","District":"TEHRI","River":"","Status":""}},
{"type":"Feature","geometry":{"type":"Point","coordinates":[78.27556,30.52778]},"properties":{"Name_of_Ba":"","District":"TEHRI","River":"","Status":""}},
{"type":"Feature","geometry":{"type":"Point","coordinates":[78.2,30.48278]},"properties":{"Name_of_Ba":"","District":"TEHRI","River":"","Status":""}},
{"type":"Feature","geometry":{"type":"Point","coordinates":[78.005,30.50333]},"properties":{"Name_of_Ba":"","District":"TEHRI","River":"","Status":""}},
{"type":"Feature","geometry":{"type":"Point","coordinates":[78.03056,30.60111]},"properties":{"Name_of_Ba":"","District":"TEHRI","River":"","Status":""}},
{"type":"Feature","geometry":{"type":"Point","coordinates":[78.05806,30.47806]},"properties":{"Name_of_Ba":"","District":"TEHRI","River":"","Status":""}},
{"type":"Feature","geometry":{"type":"Point","coordinates":[78.27389,30.33944]},"properties":{"Name_of_Ba":"","District":"TEHRI","River":"","Status":""}},
{"type":"Feature","geometry":{"type":"Point","coordinates":[78.01361,30.50361]},"properties":{"Name_of_Ba":"","District":"TEHRI","River":"","Status":""}},
{"type":"Feature","geometry":{"type":"Point","coordinates":[78.045,30.48139]},"properties":{"Name_of_Ba":"","District":"TEHRI","River":"","Status":""}},
{"type":"Feature","geometry":{"type":"Point","coordinates":[78.26111,30.35639]},"properties":{"Name_of_Ba":"","District":"TEHRI","River":"","Status":""}},
{"type":"Feature","geometry":{"type":"Point","coordinates":[78.25806,30.36806]},"properties":{"Name_of_Ba":"","District":"TEHRI","River":"","Status":""}},
{"type":"Feature","geometry":{"type":"Point","coordinates":[78.01222,30.58972]},"properties":{"Name_of_Ba":"","District":"TEHRI","River":"","Status":""}},
{"type":"Feature","geometry":{"type":"Point","coordinates":[78.21917,30.30722]},"properties":{"Name_of_Ba":"","District":"TEHRI","River":"","Status":""}},
{"type":"Feature","geometry":{"type":"Point","coordinates":[78.17139,30.46556]},"properties":{"Name_of_Ba":"","District":"TEHRI","River":"","Status":""}},
{"type":"Feature","geometry":{"type":"Point","coordinates":[78.80306,30.24472]},"properties":{"Name_of_Ba":"","District":"TEHRI","River":"","Status":""}},
{"type":"Feature","geometry":{"type":"Point","coordinates":[78.75389,30.24972]},"properties":{"Name_of_Ba":"","District":"TEHRI","River":"","Status":""}},
{"type":"Feature","geometry":{"type":"Point","coordinates":[78.87667,30.25833]},"properties":{"Name_of_Ba":"","District":"TEHRI","River":"","Status":""}},
{"type":"Feature","geometry":{"type":"Point","coordinates":[78.76333,30.27639]},"properties":{"Name_of_Ba":"","District":"TEHRI","River":"","Status":""}},
{"type":"Feature","geometry":{"type":"Point","coordinates":[78.76306,30.27639]},"properties":{"Name_of_Ba":"","District":"TEHRI","River":"","Status":""}},
{"type":"Feature","geometry":{"type":"Point","coordinates":[78.375,30.25889]},"properties":{"Name_of_Ba":"","District":"TEHRI","River":"","Status":""}},
{"type":"Feature","geometry":{"type":"Point","coordinates":[78.35028,30.22194]},"properties":{"Name_of_Ba":"","District":"TEHRI","River":"","Status":""}},
{"type":"Feature","geometry":{"type":"Point","coordinates":[78.35,30.22194]},"properties":{"Name_of_Ba":"","District":"TEHRI","River":"","Status":""}},
{"type":"Feature","geometry":{"type":"Point","coordinates":[78.38972,30.27194]},"properties":{"Name_of_Ba":"","District":"TEHRI","River":"","Status":""}},
{"type":"Feature","geometry":{"type":"Point","coordinates":[78.39194,30.27556]},"properties":{"Name_of_Ba":"","District":"TEHRI","River":"","Status":""}},
{"type":"Feature","geometry":{"type":"Point","coordinates":[78.49139,30.25472]},"properties":{"Name_of_Ba":"","District":"TEHRI","River":"","Status":""}},
{"type":"Feature","geometry":{"type":"Point","coordinates":[78.49306,30.23389]},"properties":{"Name_of_Ba":"","District":"TEHRI","River":"","Status":""}},
{"type":"Feature","geometry":{"type":"Point","coordinates":[78.27167,30.18417]},"properties":{"Name_of_Ba":"","District":"TEHRI","River":"","Status":""}},
{"type":"Feature","geometry":{"type":"Point","coordinates":[78.35639,30.22167]},"properties":{"Name_of_Ba":"","District":"TEHRI","River":"","Status":""}},
{"type":"Feature","geometry":{"type":"Point","coordinates":[78.47056,30.4825]},"properties":{"Name_of_Ba":"","District":"TEHRI","River":"","Status":""}},
{"type":"Feature","geometry":{"type":"Point","coordinates":[78.49944,30.5775]},"properties":{"Name_of_Ba":"","District":"TEHRI","River":"","Status":""}},
{"type":"Feature","geometry":{"type":"Point","coordinates":[78.51972,30.45972]},"properties":{"Name_of_Ba":"","District":"TEHRI","River":"","Status":""}},
{"type":"Feature","geometry":{"type":"Point","coordinates":[78.51444,30.50694]},"properties":{"Name_of_Ba":"","District":"TEHRI","River":"","Status":""}},
{"type":"Feature","geometry":{"type":"Point","coordinates":[78.45,30.57944]},"properties":{"Name_of_Ba":"","District":"TEHRI","River":"","Status":""}},
{"type":"Feature","geometry":{"type":"Point","coordinates":[78.2525,30.57944]},"properties":{"Name_of_Ba":"","District":"TEHRI","River":"","Status":""}},
{"type":"Feature","geometry":{"type":"Point","coordinates":[78.25278,30.57694]},"properties":{"Name_of_Ba":"","District":"TEHRI","River":"","Status":""}},
{"type":"Feature","geometry":{"type":"Point","coordinates":[78.25361,30.57833]},"properties":{"Name_of_Ba":"","District":"TEHRI","River":"","Status":""}},
{"type":"Feature","geometry":{"type":"Point","coordinates":[78.39083,30.43083]},"properties":{"Name_of_Ba":"","District":"TEHRI","River":"","Status":""}},
{"type":"Feature","geometry":{"type":"Point","coordinates":[79.13889,29.26417]},"properties":{"Name_of_Ba":"","District":"UDHAM SINGH NAGAR","River":"","Status":""}},
{"type":"Feature","geometry":{"type":"Point","coordinates":[79.13806,29.26417]},"properties":{"Name_of_Ba":"","District":"UDHAM SINGH NAGAR","River":"","Status":""}},
{"type":"Feature","geometry":{"type":"Point","coordinates":[79.10722,29.15639]},"properties":{"Name_of_Ba":"","District":"UDHAM SINGH NAGAR","River":"","Status":""}},
{"type":"Feature","geometry":{"type":"Point","coordinates":[79.11472,29.16972]},"properties":{"Name_of_Ba":"","District":"UDHAM SINGH NAGAR","River":"","Status":""}},
{"type":"Feature","geometry":{"type":"Point","coordinates":[79.115,29.16917]},"properties":{"Name_of_Ba":"","District":"UDHAM SINGH NAGAR","River":"","Status":""}},
{"type":"Feature","geometry":{"type":"Point","coordinates":[79.14778,29.23722]},"properties":{"Name_of_Ba":"","District":"UDHAM SINGH NAGAR","River":"","Status":""}},
{"type":"Feature","geometry":{"type":"Point","coordinates":[79.15722,29.24028]},"properties":{"Name_of_Ba":"","District":"UDHAM SINGH NAGAR","River":"","Status":""}},
{"type":"Feature","geometry":{"type":"Point","coordinates":[79.15,29.235]},"properties":{"Name_of_Ba":"","District":"UDHAM SINGH NAGAR","River":"","Status":""}},
{"type":"Feature","geometry":{"type":"Point","coordinates":[79.21417,29.17472]},"properties":{"Name_of_Ba":"","District":"UDHAM SINGH NAGAR","River":"","Status":""}},
{"type":"Feature","geometry":{"type":"Point","coordinates":[79.21472,29.175]},"properties":{"Name_of_Ba":"","District":"UDHAM SINGH NAGAR","River":"","Status":""}},
{"type":"Feature","geometry":{"type":"Point","coordinates":[79.21528,29.1775]},"properties":{"Name_of_Ba":"","District":"UDHAM SINGH NAGAR","River":"","Status":""}},
{"type":"Feature","geometry":{"type":"Point","coordinates":[79.20778,29.14028]},"properties":{"Name_of_Ba":"","District":"UDHAM SINGH NAGAR","River":"","Status":""}},
{"type":"Feature","geometry":{"type":"Point","coordinates":[79.20972,29.14444]},"properties":{"Name_of_Ba":"","District":"UDHAM SINGH NAGAR","River":"","Status":""}},
{"type":"Feature","geometry":{"type":"Point","coordinates":[79.2225,29.15861]},"properties":{"Name_of_Ba":"","District":"UDHAM SINGH NAGAR","River":"","Status":""}},
{"type":"Feature","geometry":{"type":"Point","coordinates":[79.21,29.13639]},"properties":{"Name_of_Ba":"","District":"UDHAM SINGH NAGAR","River":"","Status":""}},
{"type":"Feature","geometry":{"type":"Point","coordinates":[79.2075,29.14806]},"properties":{"Name_of_Ba":"","District":"UDHAM SINGH NAGAR","River":"","Status":""}},
{"type":"Feature","geometry":{"type":"Point","coordinates":[79.20944,29.21528]},"properties":{"Name_of_Ba":"","District":"UDHAM SINGH NAGAR","River":"","Status":""}},
{"type":"Feature","geometry":{"type":"Point","coordinates":[79.23389,29.12611]},"properties":{"Name_of_Ba":"","District":"UDHAM SINGH NAGAR","River":"","Status":""}},
{"type":"Feature","geometry":{"type":"Point","coordinates":[79.23306,29.12722]},"properties":{"Name_of_Ba":"","District":"UDHAM SINGH NAGAR","River":"","Status":""}},
{"type":"Feature","geometry":{"type":"Point","coordinates":[79.22306,29.12583]},"properties":{"Name_of_Ba":"","District":"UDHAM SINGH NAGAR","River":"","Status":""}},
{"type":"Feature","geometry":{"type":"Point","coordinates":[79.22806,29.13556]},"properties":{"Name_of_Ba":"","District":"UDHAM SINGH NAGAR","River":"","Status":""}},
{"type":"Feature","geometry":{"type":"Point","coordinates":[79.17389,29.22944]},"properties":{"Name_of_Ba":"","District":"UDHAM SINGH NAGAR","River":"","Status":""}},
{"type":"Feature","geometry":{"type":"Point","coordinates":[79.17389,29.22944]},"properties":{"Name_of_Ba":"","District":"UDHAM SINGH NAGAR","River":"","Status":""}},
{"type":"Feature","geometry":{"type":"Point","coordinates":[79.17361,29.22889]},"properties":{"Name_of_Ba":"","District":"UDHAM SINGH NAGAR","River":"","Status":""}},
{"type":"Feature","geometry":{"type":"Point","coordinates":[79.175,29.22944]},"properties":{"Name_of_Ba":"","District":"UDHAM SINGH NAGAR","River":"","Status":""}},
{"type":"Feature","geometry":{"type":"Point","coordinates":[79.1775,29.23667]},"properties":{"Name_of_Ba":"","District":"UDHAM SINGH NAGAR","River":"","Status":""}},
{"type":"Feature","geometry":{"type":"Point","coordinates":[79.17528,29.23694]},"properties":{"Name_of_Ba":"","District":"UDHAM SINGH NAGAR","River":"","Status":""}},
{"type":"Feature","geometry":{"type":"Point","coordinates":[79.17528,29.23667]},"properties":{"Name_of_Ba":"","District":"UDHAM SINGH NAGAR","River":"","Status":""}},
{"type":"Feature","geometry":{"type":"Point","coordinates":[79.18472,29.22944]},"properties":{"Name_of_Ba":"","District":"UDHAM SINGH NAGAR","River":"","Status":""}},
{"type":"Feature","geometry":{"type":"Point","coordinates":[79.18333,29.22778]},"properties":{"Name_of_Ba":"","District":"UDHAM SINGH NAGAR","River":"","Status":""}},
{"type":"Feature","geometry":{"type":"Point","coordinates":[79.18361,29.22806]},"properties":{"Name_of_Ba":"","District":"UDHAM SINGH NAGAR","River":"","Status":""}},
{"type":"Feature","geometry":{"type":"Point","coordinates":[79.18222,29.22667]},"properties":{"Name_of_Ba":"","District":"UDHAM SINGH NAGAR","River":"","Status":""}},
{"type":"Feature","geometry":{"type":"Point","coordinates":[79.18056,29.1725]},"properties":{"Name_of_Ba":"","District":"UDHAM SINGH NAGAR","River":"","Status":""}},
{"type":"Feature","geometry":{"type":"Point","coordinates":[79.18111,29.17583]},"properties":{"Name_of_Ba":"","District":"UDHAM SINGH NAGAR","River":"","Status":""}},
{"type":"Feature","geometry":{"type":"Point","coordinates":[79.22028,29.18833]},"properties":{"Name_of_Ba":"","District":"UDHAM SINGH NAGAR","River":"","Status":""}},
{"type":"Feature","geometry":{"type":"Point","coordinates":[79.22111,29.19028]},"properties":{"Name_of_Ba":"","District":"UDHAM SINGH NAGAR","River":"","Status":""}},
{"type":"Feature","geometry":{"type":"Point","coordinates":[79.22778,29.17694]},"properties":{"Name_of_Ba":"","District":"UDHAM SINGH NAGAR","River":"","Status":""}},
{"type":"Feature","geometry":{"type":"Point","coordinates":[79.22722,29.17722]},"properties":{"Name_of_Ba":"","District":"UDHAM SINGH NAGAR","River":"","Status":""}},
{"type":"Feature","geometry":{"type":"Point","coordinates":[79.26167,29.18028]},"properties":{"Name_of_Ba":"","District":"UDHAM SINGH NAGAR","River":"","Status":""}},
{"type":"Feature","geometry":{"type":"Point","coordinates":[79.22806,29.17667]},"properties":{"Name_of_Ba":"","District":"UDHAM SINGH NAGAR","River":"","Status":""}},
{"type":"Feature","geometry":{"type":"Point","coordinates":[79.25306,29.18361]},"properties":{"Name_of_Ba":"","District":"UDHAM SINGH NAGAR","River":"","Status":""}},
{"type":"Feature","geometry":{"type":"Point","coordinates":[79.20444,29.19889]},"properties":{"Name_of_Ba":"","District":"UDHAM SINGH NAGAR","River":"","Status":""}},
{"type":"Feature","geometry":{"type":"Point","coordinates":[79.23056,29.21222]},"properties":{"Name_of_Ba":"","District":"UDHAM SINGH NAGAR","River":"","Status":""}},
{"type":"Feature","geometry":{"type":"Point","coordinates":[79.13028,29.17583]},"properties":{"Name_of_Ba":"","District":"UDHAM SINGH NAGAR","River":"","Status":""}},
{"type":"Feature","geometry":{"type":"Point","coordinates":[79.17333,29.15833]},"properties":{"Name_of_Ba":"","District":"UDHAM SINGH NAGAR","River":"","Status":""}},
{"type":"Feature","geometry":{"type":"Point","coordinates":[79.11917,29.13806]},"properties":{"Name_of_Ba":"","District":"UDHAM SINGH NAGAR","River":"","Status":""}},
{"type":"Feature","geometry":{"type":"Point","coordinates":[79.10944,29.13639]},"properties":{"Name_of_Ba":"","District":"UDHAM SINGH NAGAR","River":"","Status":""}},
{"type":"Feature","geometry":{"type":"Point","coordinates":[79.26306,29.165]},"properties":{"Name_of_Ba":"","District":"UDHAM SINGH NAGAR","River":"","Status":""}},
{"type":"Feature","geometry":{"type":"Point","coordinates":[79.25944,29.16556]},"properties":{"Name_of_Ba":"","District":"UDHAM SINGH NAGAR","River":"","Status":""}},
{"type":"Feature","geometry":{"type":"Point","coordinates":[79.26278,29.16417]},"properties":{"Name_of_Ba":"","District":"UDHAM SINGH NAGAR","River":"","Status":""}},
{"type":"Feature","geometry":{"type":"Point","coordinates":[79.24833,29.15639]},"properties":{"Name_of_Ba":"","District":"UDHAM SINGH NAGAR","River":"","Status":""}},
{"type":"Feature","geometry":{"type":"Point","coordinates":[79.25306,29.15889]},"properties":{"Name_of_Ba":"","District":"UDHAM SINGH NAGAR","River":"","Status":""}},
{"type":"Feature","geometry":{"type":"Point","coordinates":[79.26333,29.17389]},"properties":{"Name_of_Ba":"","District":"UDHAM SINGH NAGAR","River":"","Status":""}},
{"type":"Feature","geometry":{"type":"Point","coordinates":[79.23444,29.1725]},"properties":{"Name_of_Ba":"","District":"UDHAM SINGH NAGAR","River":"","Status":""}},
{"type":"Feature","geometry":{"type":"Point","coordinates":[79.23444,29.17222]},"properties":{"Name_of_Ba":"","District":"UDHAM SINGH NAGAR","River":"","Status":""}},
{"type":"Feature","geometry":{"type":"Point","coordinates":[79.14278,29.14861]},"properties":{"Name_of_Ba":"","District":"UDHAM SINGH NAGAR","River":"","Status":""}},
{"type":"Feature","geometry":{"type":"Point","coordinates":[79.14278,29.14833]},"properties":{"Name_of_Ba":"","District":"UDHAM SINGH NAGAR","River":"","Status":""}},
{"type":"Feature","geometry":{"type":"Point","coordinates":[79.13361,29.15333]},"properties":{"Name_of_Ba":"","District":"UDHAM SINGH NAGAR","River":"","Status":""}},
{"type":"Feature","geometry":{"type":"Point","coordinates":[79.12667,29.14639]},"properties":{"Name_of_Ba":"","District":"UDHAM SINGH NAGAR","River":"","Status":""}},
{"type":"Feature","geometry":{"type":"Point","coordinates":[79.18972,29.19444]},"properties":{"Name_of_Ba":"","District":"UDHAM SINGH NAGAR","River":"","Status":""}},
{"type":"Feature","geometry":{"type":"Point","coordinates":[79.18722,29.19556]},"properties":{"Name_of_Ba":"","District":"UDHAM SINGH NAGAR","River":"","Status":""}},
{"type":"Feature","geometry":{"type":"Point","coordinates":[79.19028,29.19361]},"properties":{"Name_of_Ba":"","District":"UDHAM SINGH NAGAR","River":"","Status":""}},
{"type":"Feature","geometry":{"type":"Point","coordinates":[79.1975,29.20278]},"properties":{"Name_of_Ba":"","District":"UDHAM SINGH NAGAR","River":"","Status":""}},
{"type":"Feature","geometry":{"type":"Point","coordinates":[79.1975,29.20139]},"properties":{"Name_of_Ba":"","District":"UDHAM SINGH NAGAR","River":"","Status":""}},
{"type":"Feature","geometry":{"type":"Point","coordinates":[79.19722,29.20667]},"properties":{"Name_of_Ba":"","District":"UDHAM SINGH NAGAR","River":"","Status":""}},
{"type":"Feature","geometry":{"type":"Point","coordinates":[79.185,29.18833]},"properties":{"Name_of_Ba":"","District":"UDHAM SINGH NAGAR","River":"","Status":""}},
{"type":"Feature","geometry":{"type":"Point","coordinates":[79.13444,29.17222]},"properties":{"Name_of_Ba":"","District":"UDHAM SINGH NAGAR","River":"","Status":""}},
{"type":"Feature","geometry":{"type":"Point","coordinates":[79.13472,29.17222]},"properties":{"Name_of_Ba":"","District":"UDHAM SINGH NAGAR","River":"","Status":""}},
{"type":"Feature","geometry":{"type":"Point","coordinates":[79.18806,29.16444]},"properties":{"Name_of_Ba":"","District":"UDHAM SINGH NAGAR","River":"","Status":""}},
{"type":"Feature","geometry":{"type":"Point","coordinates":[79.17806,29.15778]},"properties":{"Name_of_Ba":"","District":"UDHAM SINGH NAGAR","River":"","Status":""}},
{"type":"Feature","geometry":{"type":"Point","coordinates":[79.19389,29.16972]},"properties":{"Name_of_Ba":"","District":"UDHAM SINGH NAGAR","River":"","Status":""}},
{"type":"Feature","geometry":{"type":"Point","coordinates":[79.18944,29.20417]},"properties":{"Name_of_Ba":"","District":"UDHAM SINGH NAGAR","River":"","Status":""}},
{"type":"Feature","geometry":{"type":"Point","coordinates":[79.07278,29.15639]},"properties":{"Name_of_Ba":"","District":"UDHAM SINGH NAGAR","River":"","Status":""}},
{"type":"Feature","geometry":{"type":"Point","coordinates":[79.14667,29.06417]},"properties":{"Name_of_Ba":"","District":"UDHAM SINGH NAGAR","River":"","Status":""}},
{"type":"Feature","geometry":{"type":"Point","coordinates":[79.15722,29.06722]},"properties":{"Name_of_Ba":"","District":"UDHAM SINGH NAGAR","River":"","Status":""}},
{"type":"Feature","geometry":{"type":"Point","coordinates":[79.15028,29.07333]},"properties":{"Name_of_Ba":"","District":"UDHAM SINGH NAGAR","River":"","Status":""}},
{"type":"Feature","geometry":{"type":"Point","coordinates":[79.14639,29.0775]},"properties":{"Name_of_Ba":"","District":"UDHAM SINGH NAGAR","River":"","Status":""}},
{"type":"Feature","geometry":{"type":"Point","coordinates":[79.1175,29.18444]},"properties":{"Name_of_Ba":"","District":"UDHAM SINGH NAGAR","River":"","Status":""}},
{"type":"Feature","geometry":{"type":"Point","coordinates":[79.11972,29.185]},"properties":{"Name_of_Ba":"","District":"UDHAM SINGH NAGAR","River":"","Status":""}},
{"type":"Feature","geometry":{"type":"Point","coordinates":[79.11889,29.18556]},"properties":{"Name_of_Ba":"","District":"UDHAM SINGH NAGAR","River":"","Status":""}},
{"type":"Feature","geometry":{"type":"Point","coordinates":[79.21861,29.18389]},"properties":{"Name_of_Ba":"","District":"UDHAM SINGH NAGAR","River":"","Status":""}},
{"type":"Feature","geometry":{"type":"Point","coordinates":[79.21917,29.18278]},"properties":{"Name_of_Ba":"","District":"UDHAM SINGH NAGAR","River":"","Status":""}},
{"type":"Feature","geometry":{"type":"Point","coordinates":[79.2175,29.18]},"properties":{"Name_of_Ba":"","District":"UDHAM SINGH NAGAR","River":"","Status":""}},
{"type":"Feature","geometry":{"type":"Point","coordinates":[79.21861,29.18417]},"properties":{"Name_of_Ba":"","District":"UDHAM SINGH NAGAR","River":"","Status":""}},
{"type":"Feature","geometry":{"type":"Point","coordinates":[79.21556,29.17944]},"properties":{"Name_of_Ba":"","District":"UDHAM SINGH NAGAR","River":"","Status":""}},
{"type":"Feature","geometry":{"type":"Point","coordinates":[79.07472,29.17444]},"properties":{"Name_of_Ba":"","District":"UDHAM SINGH NAGAR","River":"","Status":""}},
{"type":"Feature","geometry":{"type":"Point","coordinates":[79.07444,29.17528]},"properties":{"Name_of_Ba":"","District":"UDHAM SINGH NAGAR","River":"","Status":""}},
{"type":"Feature","geometry":{"type":"Point","coordinates":[79.07694,29.17]},"properties":{"Name_of_Ba":"","District":"UDHAM SINGH NAGAR","River":"","Status":""}},
{"type":"Feature","geometry":{"type":"Point","coordinates":[79.075,29.17444]},"properties":{"Name_of_Ba":"","District":"UDHAM SINGH NAGAR","River":"","Status":""}},
{"type":"Feature","geometry":{"type":"Point","coordinates":[79.17639,29.21667]},"properties":{"Name_of_Ba":"","District":"UDHAM SINGH NAGAR","River":"","Status":""}},
{"type":"Feature","geometry":{"type":"Point","coordinates":[79.175,29.22694]},"properties":{"Name_of_Ba":"","District":"UDHAM SINGH NAGAR","River":"","Status":""}},
{"type":"Feature","geometry":{"type":"Point","coordinates":[79.18111,29.21528]},"properties":{"Name_of_Ba":"","District":"UDHAM SINGH NAGAR","River":"","Status":""}},
{"type":"Feature","geometry":{"type":"Point","coordinates":[79.32583,29.02083]},"properties":{"Name_of_Ba":"","District":"UDHAM SINGH NAGAR","River":"","Status":""}},
{"type":"Feature","geometry":{"type":"Point","coordinates":[79.32528,29.02139]},"properties":{"Name_of_Ba":"","District":"UDHAM SINGH NAGAR","River":"","Status":""}},
{"type":"Feature","geometry":{"type":"Point","coordinates":[79.31861,29.02861]},"properties":{"Name_of_Ba":"","District":"UDHAM SINGH NAGAR","River":"","Status":""}},
{"type":"Feature","geometry":{"type":"Point","coordinates":[79.2625,29.00361]},"properties":{"Name_of_Ba":"","District":"UDHAM SINGH NAGAR","River":"","Status":""}},
{"type":"Feature","geometry":{"type":"Point","coordinates":[79.26361,29.00583]},"properties":{"Name_of_Ba":"","District":"UDHAM SINGH NAGAR","River":"","Status":""}},
{"type":"Feature","geometry":{"type":"Point","coordinates":[79.18833,29.02889]},"properties":{"Name_of_Ba":"","District":"UDHAM SINGH NAGAR","River":"","Status":""}},
{"type":"Feature","geometry":{"type":"Point","coordinates":[79.30194,29.04417]},"properties":{"Name_of_Ba":"","District":"UDHAM SINGH NAGAR","River":"","Status":""}},
{"type":"Feature","geometry":{"type":"Point","coordinates":[79.30083,29.04556]},"properties":{"Name_of_Ba":"","District":"UDHAM SINGH NAGAR","River":"","Status":""}},
{"type":"Feature","geometry":{"type":"Point","coordinates":[79.2975,29.045]},"properties":{"Name_of_Ba":"","District":"UDHAM SINGH NAGAR","River":"","Status":""}},
{"type":"Feature","geometry":{"type":"Point","coordinates":[79.29528,29.04417]},"properties":{"Name_of_Ba":"","District":"UDHAM SINGH NAGAR","River":"","Status":""}},
{"type":"Feature","geometry":{"type":"Point","coordinates":[79.29944,29.04361]},"properties":{"Name_of_Ba":"","District":"UDHAM SINGH NAGAR","River":"","Status":""}},
{"type":"Feature","geometry":{"type":"Point","coordinates":[79.29694,29.04472]},"properties":{"Name_of_Ba":"","District":"UDHAM SINGH NAGAR","River":"","Status":""}},
{"type":"Feature","geometry":{"type":"Point","coordinates":[79.29917,29.04306]},"properties":{"Name_of_Ba":"","District":"UDHAM SINGH NAGAR","River":"","Status":""}},
{"type":"Feature","geometry":{"type":"Point","coordinates":[79.30028,29.04361]},"properties":{"Name_of_Ba":"","District":"UDHAM SINGH NAGAR","River":"","Status":""}},
{"type":"Feature","geometry":{"type":"Point","coordinates":[79.29722,29.04333]},"properties":{"Name_of_Ba":"","District":"UDHAM SINGH NAGAR","River":"","Status":""}},
{"type":"Feature","geometry":{"type":"Point","coordinates":[79.29528,29.04389]},"properties":{"Name_of_Ba":"","District":"UDHAM SINGH NAGAR","River":"","Status":""}},
{"type":"Feature","geometry":{"type":"Point","coordinates":[79.29722,29.04333]},"properties":{"Name_of_Ba":"","District":"UDHAM SINGH NAGAR","River":"","Status":""}},
{"type":"Feature","geometry":{"type":"Point","coordinates":[79.25333,29.02861]},"properties":{"Name_of_Ba":"","District":"UDHAM SINGH NAGAR","River":"","Status":""}},
{"type":"Feature","geometry":{"type":"Point","coordinates":[79.3,29.0125]},"properties":{"Name_of_Ba":"","District":"UDHAM SINGH NAGAR","River":"","Status":""}},
{"type":"Feature","geometry":{"type":"Point","coordinates":[79.29583,29.01167]},"properties":{"Name_of_Ba":"","District":"UDHAM SINGH NAGAR","River":"","Status":""}},
{"type":"Feature","geometry":{"type":"Point","coordinates":[79.33,29.03583]},"properties":{"Name_of_Ba":"","District":"UDHAM SINGH NAGAR","River":"","Status":""}},
{"type":"Feature","geometry":{"type":"Point","coordinates":[79.33444,29.03861]},"properties":{"Name_of_Ba":"","District":"UDHAM SINGH NAGAR","River":"","Status":""}},
{"type":"Feature","geometry":{"type":"Point","coordinates":[79.30222,29.05278]},"properties":{"Name_of_Ba":"","District":"UDHAM SINGH NAGAR","River":"","Status":""}},
{"type":"Feature","geometry":{"type":"Point","coordinates":[79.30611,29.05083]},"properties":{"Name_of_Ba":"","District":"UDHAM SINGH NAGAR","River":"","Status":""}},
{"type":"Feature","geometry":{"type":"Point","coordinates":[79.30917,29.05861]},"properties":{"Name_of_Ba":"","District":"UDHAM SINGH NAGAR","River":"","Status":""}},
{"type":"Feature","geometry":{"type":"Point","coordinates":[79.30833,29.05667]},"properties":{"Name_of_Ba":"","District":"UDHAM SINGH NAGAR","River":"","Status":""}},
{"type":"Feature","geometry":{"type":"Point","coordinates":[79.30444,29.05306]},"properties":{"Name_of_Ba":"","District":"UDHAM SINGH NAGAR","River":"","Status":""}},
{"type":"Feature","geometry":{"type":"Point","coordinates":[79.30667,29.05389]},"properties":{"Name_of_Ba":"","District":"UDHAM SINGH NAGAR","River":"","Status":""}},
{"type":"Feature","geometry":{"type":"Point","coordinates":[79.30444,29.05194]},"properties":{"Name_of_Ba":"","District":"UDHAM SINGH NAGAR","River":"","Status":""}},
{"type":"Feature","geometry":{"type":"Point","coordinates":[79.30222,29.05278]},"properties":{"Name_of_Ba":"","District":"UDHAM SINGH NAGAR","River":"","Status":""}},
{"type":"Feature","geometry":{"type":"Point","coordinates":[79.28722,29.08194]},"properties":{"Name_of_Ba":"","District":"UDHAM SINGH NAGAR","River":"","Status":""}},
{"type":"Feature","geometry":{"type":"Point","coordinates":[79.21194,29.08]},"properties":{"Name_of_Ba":"","District":"UDHAM SINGH NAGAR","River":"","Status":""}},
{"type":"Feature","geometry":{"type":"Point","coordinates":[79.21111,29.07944]},"properties":{"Name_of_Ba":"","District":"UDHAM SINGH NAGAR","River":"","Status":""}},
{"type":"Feature","geometry":{"type":"Point","coordinates":[79.21194,29.07972]},"properties":{"Name_of_Ba":"","District":"UDHAM SINGH NAGAR","River":"","Status":""}},
{"type":"Feature","geometry":{"type":"Point","coordinates":[79.21139,29.07917]},"properties":{"Name_of_Ba":"","District":"UDHAM SINGH NAGAR","River":"","Status":""}},
{"type":"Feature","geometry":{"type":"Point","coordinates":[79.21111,29.07944]},"properties":{"Name_of_Ba":"","District":"UDHAM SINGH NAGAR","River":"","Status":""}},
{"type":"Feature","geometry":{"type":"Point","coordinates":[79.21056,29.07972]},"properties":{"Name_of_Ba":"","District":"UDHAM SINGH NAGAR","River":"","Status":""}},
{"type":"Feature","geometry":{"type":"Point","coordinates":[79.22139,29.09389]},"properties":{"Name_of_Ba":"","District":"UDHAM SINGH NAGAR","River":"","Status":""}},
{"type":"Feature","geometry":{"type":"Point","coordinates":[79.21139,29.07917]},"properties":{"Name_of_Ba":"","District":"UDHAM SINGH NAGAR","River":"","Status":""}},
{"type":"Feature","geometry":{"type":"Point","coordinates":[79.21194,29.07972]},"properties":{"Name_of_Ba":"","District":"UDHAM SINGH NAGAR","River":"","Status":""}},
{"type":"Feature","geometry":{"type":"Point","coordinates":[79.21167,29.07972]},"properties":{"Name_of_Ba":"","District":"UDHAM SINGH NAGAR","River":"","Status":""}},
{"type":"Feature","geometry":{"type":"Point","coordinates":[79.21111,29.07944]},"properties":{"Name_of_Ba":"","District":"UDHAM SINGH NAGAR","River":"","Status":""}},
{"type":"Feature","geometry":{"type":"Point","coordinates":[79.21083,29.07944]},"properties":{"Name_of_Ba":"","District":"UDHAM SINGH NAGAR","River":"","Status":""}},
{"type":"Feature","geometry":{"type":"Point","coordinates":[79.21167,29.07944]},"properties":{"Name_of_Ba":"","District":"UDHAM SINGH NAGAR","River":"","Status":""}},
{"type":"Feature","geometry":{"type":"Point","coordinates":[79.21167,29.08028]},"properties":{"Name_of_Ba":"","District":"UDHAM SINGH NAGAR","River":"","Status":""}},
{"type":"Feature","geometry":{"type":"Point","coordinates":[79.22306,29.06528]},"properties":{"Name_of_Ba":"","District":"UDHAM SINGH NAGAR","River":"","Status":""}},
{"type":"Feature","geometry":{"type":"Point","coordinates":[79.23083,29.10083]},"properties":{"Name_of_Ba":"","District":"UDHAM SINGH NAGAR","River":"","Status":""}},
{"type":"Feature","geometry":{"type":"Point","coordinates":[79.22917,29.10306]},"properties":{"Name_of_Ba":"","District":"UDHAM SINGH NAGAR","River":"","Status":""}},
{"type":"Feature","geometry":{"type":"Point","coordinates":[79.22944,29.10028]},"properties":{"Name_of_Ba":"","District":"UDHAM SINGH NAGAR","River":"","Status":""}},
{"type":"Feature","geometry":{"type":"Point","coordinates":[79.23139,29.09806]},"properties":{"Name_of_Ba":"","District":"UDHAM SINGH NAGAR","River":"","Status":""}},
{"type":"Feature","geometry":{"type":"Point","coordinates":[79.31028,29.00333]},"properties":{"Name_of_Ba":"","District":"UDHAM SINGH NAGAR","River":"","Status":""}},
{"type":"Feature","geometry":{"type":"Point","coordinates":[79.3125,29.01722]},"properties":{"Name_of_Ba":"","District":"UDHAM SINGH NAGAR","River":"","Status":""}},
{"type":"Feature","geometry":{"type":"Point","coordinates":[79.31694,29.01833]},"properties":{"Name_of_Ba":"","District":"UDHAM SINGH NAGAR","River":"","Status":""}},
{"type":"Feature","geometry":{"type":"Point","coordinates":[79.30417,29.00556]},"properties":{"Name_of_Ba":"","District":"UDHAM SINGH NAGAR","River":"","Status":""}},
{"type":"Feature","geometry":{"type":"Point","coordinates":[79.31278,29.01472]},"properties":{"Name_of_Ba":"","District":"UDHAM SINGH NAGAR","River":"","Status":""}},
{"type":"Feature","geometry":{"type":"Point","coordinates":[79.31583,29.02056]},"properties":{"Name_of_Ba":"","District":"UDHAM SINGH NAGAR","River":"","Status":""}},
{"type":"Feature","geometry":{"type":"Point","coordinates":[79.31694,29.01944]},"properties":{"Name_of_Ba":"","District":"UDHAM SINGH NAGAR","River":"","Status":""}},
{"type":"Feature","geometry":{"type":"Point","coordinates":[79.31333,29.01389]},"properties":{"Name_of_Ba":"","District":"UDHAM SINGH NAGAR","River":"","Status":""}},
{"type":"Feature","geometry":{"type":"Point","coordinates":[79.31083,29.00889]},"properties":{"Name_of_Ba":"","District":"UDHAM SINGH NAGAR","River":"","Status":""}},
{"type":"Feature","geometry":{"type":"Point","coordinates":[79.31417,29.00917]},"properties":{"Name_of_Ba":"","District":"UDHAM SINGH NAGAR","River":"","Status":""}},
{"type":"Feature","geometry":{"type":"Point","coordinates":[79.25111,29.09444]},"properties":{"Name_of_Ba":"","District":"UDHAM SINGH NAGAR","River":"","Status":""}},
{"type":"Feature","geometry":{"type":"Point","coordinates":[79.30944,29.12778]},"properties":{"Name_of_Ba":"","District":"UDHAM SINGH NAGAR","River":"","Status":""}},
{"type":"Feature","geometry":{"type":"Point","coordinates":[79.19889,29.05083]},"properties":{"Name_of_Ba":"","District":"UDHAM SINGH NAGAR","River":"","Status":""}},
{"type":"Feature","geometry":{"type":"Point","coordinates":[79.23472,29.03194]},"properties":{"Name_of_Ba":"","District":"UDHAM SINGH NAGAR","River":"","Status":""}},
{"type":"Feature","geometry":{"type":"Point","coordinates":[79.32444,29.08472]},"properties":{"Name_of_Ba":"","District":"UDHAM SINGH NAGAR","River":"","Status":""}},
{"type":"Feature","geometry":{"type":"Point","coordinates":[79.27889,29.00861]},"properties":{"Name_of_Ba":"","District":"UDHAM SINGH NAGAR","River":"","Status":""}},
{"type":"Feature","geometry":{"type":"Point","coordinates":[79.21833,29.05583]},"properties":{"Name_of_Ba":"","District":"UDHAM SINGH NAGAR","River":"","Status":""}},
{"type":"Feature","geometry":{"type":"Point","coordinates":[79.21889,29.05444]},"properties":{"Name_of_Ba":"","District":"UDHAM SINGH NAGAR","River":"","Status":""}},
{"type":"Feature","geometry":{"type":"Point","coordinates":[79.20028,29.07722]},"properties":{"Name_of_Ba":"","District":"UDHAM SINGH NAGAR","River":"","Status":""}},
{"type":"Feature","geometry":{"type":"Point","coordinates":[79.19833,29.08111]},"properties":{"Name_of_Ba":"","District":"UDHAM SINGH NAGAR","River":"","Status":""}},
{"type":"Feature","geometry":{"type":"Point","coordinates":[79.21472,29.075]},"properties":{"Name_of_Ba":"","District":"UDHAM SINGH NAGAR","River":"","Status":""}},
{"type":"Feature","geometry":{"type":"Point","coordinates":[79.23444,29.07083]},"properties":{"Name_of_Ba":"","District":"UDHAM SINGH NAGAR","River":"","Status":""}},
{"type":"Feature","geometry":{"type":"Point","coordinates":[79.27833,29.02111]},"properties":{"Name_of_Ba":"","District":"UDHAM SINGH NAGAR","River":"","Status":""}},
{"type":"Feature","geometry":{"type":"Point","coordinates":[79.27333,29.02833]},"properties":{"Name_of_Ba":"","District":"UDHAM SINGH NAGAR","River":"","Status":""}},
{"type":"Feature","geometry":{"type":"Point","coordinates":[79.27861,29.02139]},"properties":{"Name_of_Ba":"","District":"UDHAM SINGH NAGAR","River":"","Status":""}},
{"type":"Feature","geometry":{"type":"Point","coordinates":[79.20333,29.04472]},"properties":{"Name_of_Ba":"","District":"UDHAM SINGH NAGAR","River":"","Status":""}},
{"type":"Feature","geometry":{"type":"Point","coordinates":[79.20361,29.04472]},"properties":{"Name_of_Ba":"","District":"UDHAM SINGH NAGAR","River":"","Status":""}},
{"type":"Feature","geometry":{"type":"Point","coordinates":[79.26306,29.13056]},"properties":{"Name_of_Ba":"","District":"UDHAM SINGH NAGAR","River":"","Status":""}},
{"type":"Feature","geometry":{"type":"Point","coordinates":[79.24528,29.1175]},"properties":{"Name_of_Ba":"","District":"UDHAM SINGH NAGAR","River":"","Status":""}},
{"type":"Feature","geometry":{"type":"Point","coordinates":[79.21611,29.10056]},"properties":{"Name_of_Ba":"","District":"UDHAM SINGH NAGAR","River":"","Status":""}},
{"type":"Feature","geometry":{"type":"Point","coordinates":[79.21583,29.10111]},"properties":{"Name_of_Ba":"","District":"UDHAM SINGH NAGAR","River":"","Status":""}},
{"type":"Feature","geometry":{"type":"Point","coordinates":[79.21611,29.10139]},"properties":{"Name_of_Ba":"","District":"UDHAM SINGH NAGAR","River":"","Status":""}},
{"type":"Feature","geometry":{"type":"Point","coordinates":[79.21667,29.10722]},"properties":{"Name_of_Ba":"","District":"UDHAM SINGH NAGAR","River":"","Status":""}},
{"type":"Feature","geometry":{"type":"Point","coordinates":[79.18778,29.03694]},"properties":{"Name_of_Ba":"","District":"UDHAM SINGH NAGAR","River":"","Status":""}},
{"type":"Feature","geometry":{"type":"Point","coordinates":[79.18806,29.03833]},"properties":{"Name_of_Ba":"","District":"UDHAM SINGH NAGAR","River":"","Status":""}},
{"type":"Feature","geometry":{"type":"Point","coordinates":[79.19194,29.07278]},"properties":{"Name_of_Ba":"","District":"UDHAM SINGH NAGAR","River":"","Status":""}},
{"type":"Feature","geometry":{"type":"Point","coordinates":[79.28944,29.06472]},"properties":{"Name_of_Ba":"","District":"UDHAM SINGH NAGAR","River":"","Status":""}},
{"type":"Feature","geometry":{"type":"Point","coordinates":[78.8525,29.31611]},"properties":{"Name_of_Ba":"","District":"UDHAM SINGH NAGAR","River":"","Status":""}},
{"type":"Feature","geometry":{"type":"Point","coordinates":[78.85361,29.31222]},"properties":{"Name_of_Ba":"","District":"UDHAM SINGH NAGAR","River":"","Status":""}},
{"type":"Feature","geometry":{"type":"Point","coordinates":[78.85139,29.30778]},"properties":{"Name_of_Ba":"","District":"UDHAM SINGH NAGAR","River":"","Status":""}},
{"type":"Feature","geometry":{"type":"Point","coordinates":[78.8525,29.31611]},"properties":{"Name_of_Ba":"","District":"UDHAM SINGH NAGAR","River":"","Status":""}},
{"type":"Feature","geometry":{"type":"Point","coordinates":[78.85417,29.31222]},"properties":{"Name_of_Ba":"","District":"UDHAM SINGH NAGAR","River":"","Status":""}},
{"type":"Feature","geometry":{"type":"Point","coordinates":[78.76917,29.30306]},"properties":{"Name_of_Ba":"","District":"UDHAM SINGH NAGAR","River":"","Status":""}},
{"type":"Feature","geometry":{"type":"Point","coordinates":[78.7675,29.30611]},"properties":{"Name_of_Ba":"","District":"UDHAM SINGH NAGAR","River":"","Status":""}},
{"type":"Feature","geometry":{"type":"Point","coordinates":[78.84,29.25722]},"properties":{"Name_of_Ba":"","District":"UDHAM SINGH NAGAR","River":"","Status":""}},
{"type":"Feature","geometry":{"type":"Point","coordinates":[78.83167,29.23806]},"properties":{"Name_of_Ba":"","District":"UDHAM SINGH NAGAR","River":"","Status":""}},
{"type":"Feature","geometry":{"type":"Point","coordinates":[78.83646,29.24251]},"properties":{"Name_of_Ba":"","District":"UDHAM SINGH NAGAR","River":"","Status":""}},
{"type":"Feature","geometry":{"type":"Point","coordinates":[78.82833,29.23833]},"properties":{"Name_of_Ba":"","District":"UDHAM SINGH NAGAR","River":"","Status":""}},
{"type":"Feature","geometry":{"type":"Point","coordinates":[78.8275,29.24361]},"properties":{"Name_of_Ba":"","District":"UDHAM SINGH NAGAR","River":"","Status":""}},
{"type":"Feature","geometry":{"type":"Point","coordinates":[78.83111,29.23917]},"properties":{"Name_of_Ba":"","District":"UDHAM SINGH NAGAR","River":"","Status":""}},
{"type":"Feature","geometry":{"type":"Point","coordinates":[78.77222,29.32222]},"properties":{"Name_of_Ba":"","District":"UDHAM SINGH NAGAR","River":"","Status":""}},
{"type":"Feature","geometry":{"type":"Point","coordinates":[78.77083,29.32306]},"properties":{"Name_of_Ba":"","District":"UDHAM SINGH NAGAR","River":"","Status":""}},
{"type":"Feature","geometry":{"type":"Point","coordinates":[78.76722,29.32694]},"properties":{"Name_of_Ba":"","District":"UDHAM SINGH NAGAR","River":"","Status":""}},
{"type":"Feature","geometry":{"type":"Point","coordinates":[78.76722,29.3275]},"properties":{"Name_of_Ba":"","District":"UDHAM SINGH NAGAR","River":"","Status":""}},
{"type":"Feature","geometry":{"type":"Point","coordinates":[78.76722,29.32722]},"properties":{"Name_of_Ba":"","District":"UDHAM SINGH NAGAR","River":"","Status":""}},
{"type":"Feature","geometry":{"type":"Point","coordinates":[78.89361,29.21944]},"properties":{"Name_of_Ba":"","District":"UDHAM SINGH NAGAR","River":"","Status":""}},
{"type":"Feature","geometry":{"type":"Point","coordinates":[78.89667,29.21722]},"properties":{"Name_of_Ba":"","District":"UDHAM SINGH NAGAR","River":"","Status":""}},
{"type":"Feature","geometry":{"type":"Point","coordinates":[78.87444,29.3025]},"properties":{"Name_of_Ba":"","District":"UDHAM SINGH NAGAR","River":"","Status":""}},
{"type":"Feature","geometry":{"type":"Point","coordinates":[78.86694,29.31]},"properties":{"Name_of_Ba":"","District":"UDHAM SINGH NAGAR","River":"","Status":""}},
{"type":"Feature","geometry":{"type":"Point","coordinates":[78.85972,29.31444]},"properties":{"Name_of_Ba":"","District":"UDHAM SINGH NAGAR","River":"","Status":""}},
{"type":"Feature","geometry":{"type":"Point","coordinates":[78.86222,29.30611]},"properties":{"Name_of_Ba":"","District":"UDHAM SINGH NAGAR","River":"","Status":""}},
{"type":"Feature","geometry":{"type":"Point","coordinates":[78.86028,29.31111]},"properties":{"Name_of_Ba":"","District":"UDHAM SINGH NAGAR","River":"","Status":""}},
{"type":"Feature","geometry":{"type":"Point","coordinates":[78.8575,29.30944]},"properties":{"Name_of_Ba":"","District":"UDHAM SINGH NAGAR","River":"","Status":""}},
{"type":"Feature","geometry":{"type":"Point","coordinates":[78.82778,29.305]},"properties":{"Name_of_Ba":"","District":"UDHAM SINGH NAGAR","River":"","Status":""}},
{"type":"Feature","geometry":{"type":"Point","coordinates":[78.84139,29.29917]},"properties":{"Name_of_Ba":"","District":"UDHAM SINGH NAGAR","River":"","Status":""}},
{"type":"Feature","geometry":{"type":"Point","coordinates":[78.825,29.31111]},"properties":{"Name_of_Ba":"","District":"UDHAM SINGH NAGAR","River":"","Status":""}},
{"type":"Feature","geometry":{"type":"Point","coordinates":[78.83667,29.30472]},"properties":{"Name_of_Ba":"","District":"UDHAM SINGH NAGAR","River":"","Status":""}},
{"type":"Feature","geometry":{"type":"Point","coordinates":[78.84194,29.30028]},"properties":{"Name_of_Ba":"","District":"UDHAM SINGH NAGAR","River":"","Status":""}},
{"type":"Feature","geometry":{"type":"Point","coordinates":[78.94278,29.24083]},"properties":{"Name_of_Ba":"","District":"UDHAM SINGH NAGAR","River":"","Status":""}},
{"type":"Feature","geometry":{"type":"Point","coordinates":[78.90889,29.19917]},"properties":{"Name_of_Ba":"","District":"UDHAM SINGH NAGAR","River":"","Status":""}},
{"type":"Feature","geometry":{"type":"Point","coordinates":[78.90694,29.19417]},"properties":{"Name_of_Ba":"","District":"UDHAM SINGH NAGAR","River":"","Status":""}},
{"type":"Feature","geometry":{"type":"Point","coordinates":[78.92056,29.24583]},"properties":{"Name_of_Ba":"","District":"UDHAM SINGH NAGAR","River":"","Status":""}},
{"type":"Feature","geometry":{"type":"Point","coordinates":[78.92056,29.24667]},"properties":{"Name_of_Ba":"","District":"UDHAM SINGH NAGAR","River":"","Status":""}},
{"type":"Feature","geometry":{"type":"Point","coordinates":[78.9425,29.25361]},"properties":{"Name_of_Ba":"","District":"UDHAM SINGH NAGAR","River":"","Status":""}},
{"type":"Feature","geometry":{"type":"Point","coordinates":[78.89917,29.23361]},"properties":{"Name_of_Ba":"","District":"UDHAM SINGH NAGAR","River":"","Status":""}},
{"type":"Feature","geometry":{"type":"Point","coordinates":[78.74444,29.30417]},"properties":{"Name_of_Ba":"","District":"UDHAM SINGH NAGAR","River":"","Status":""}},
{"type":"Feature","geometry":{"type":"Point","coordinates":[78.85278,29.24806]},"properties":{"Name_of_Ba":"","District":"UDHAM SINGH NAGAR","River":"","Status":""}},
{"type":"Feature","geometry":{"type":"Point","coordinates":[78.78556,29.26833]},"properties":{"Name_of_Ba":"","District":"UDHAM SINGH NAGAR","River":"","Status":""}},
{"type":"Feature","geometry":{"type":"Point","coordinates":[78.77694,29.26056]},"properties":{"Name_of_Ba":"","District":"UDHAM SINGH NAGAR","River":"","Status":""}},
{"type":"Feature","geometry":{"type":"Point","coordinates":[78.78556,29.25611]},"properties":{"Name_of_Ba":"","District":"UDHAM SINGH NAGAR","River":"","Status":""}},
{"type":"Feature","geometry":{"type":"Point","coordinates":[78.7975,29.25778]},"properties":{"Name_of_Ba":"","District":"UDHAM SINGH NAGAR","River":"","Status":""}},
{"type":"Feature","geometry":{"type":"Point","coordinates":[78.77194,29.31028]},"properties":{"Name_of_Ba":"","District":"UDHAM SINGH NAGAR","River":"","Status":""}},
{"type":"Feature","geometry":{"type":"Point","coordinates":[78.77333,29.30583]},"properties":{"Name_of_Ba":"","District":"UDHAM SINGH NAGAR","River":"","Status":""}},
{"type":"Feature","geometry":{"type":"Point","coordinates":[78.77639,29.30639]},"properties":{"Name_of_Ba":"","District":"UDHAM SINGH NAGAR","River":"","Status":""}},
{"type":"Feature","geometry":{"type":"Point","coordinates":[78.95,29.27944]},"properties":{"Name_of_Ba":"","District":"UDHAM SINGH NAGAR","River":"","Status":""}},
{"type":"Feature","geometry":{"type":"Point","coordinates":[78.86778,29.23972]},"properties":{"Name_of_Ba":"","District":"UDHAM SINGH NAGAR","River":"","Status":""}},
{"type":"Feature","geometry":{"type":"Point","coordinates":[78.78639,29.30694]},"properties":{"Name_of_Ba":"","District":"UDHAM SINGH NAGAR","River":"","Status":""}},
{"type":"Feature","geometry":{"type":"Point","coordinates":[78.87944,29.23778]},"properties":{"Name_of_Ba":"","District":"UDHAM SINGH NAGAR","River":"","Status":""}},
{"type":"Feature","geometry":{"type":"Point","coordinates":[78.87056,29.23694]},"properties":{"Name_of_Ba":"","District":"UDHAM SINGH NAGAR","River":"","Status":""}},
{"type":"Feature","geometry":{"type":"Point","coordinates":[78.88028,29.22667]},"properties":{"Name_of_Ba":"","District":"UDHAM SINGH NAGAR","River":"","Status":""}},
{"type":"Feature","geometry":{"type":"Point","coordinates":[78.87611,29.23917]},"properties":{"Name_of_Ba":"","District":"UDHAM SINGH NAGAR","River":"","Status":""}},
{"type":"Feature","geometry":{"type":"Point","coordinates":[78.87806,29.23639]},"properties":{"Name_of_Ba":"","District":"UDHAM SINGH NAGAR","River":"","Status":""}},
{"type":"Feature","geometry":{"type":"Point","coordinates":[78.83833,29.33556]},"properties":{"Name_of_Ba":"","District":"UDHAM SINGH NAGAR","River":"","Status":""}},
{"type":"Feature","geometry":{"type":"Point","coordinates":[78.89,29.24111]},"properties":{"Name_of_Ba":"","District":"UDHAM SINGH NAGAR","River":"","Status":""}},
{"type":"Feature","geometry":{"type":"Point","coordinates":[78.88306,29.24722]},"properties":{"Name_of_Ba":"","District":"UDHAM SINGH NAGAR","River":"","Status":""}},
{"type":"Feature","geometry":{"type":"Point","coordinates":[78.8525,29.28389]},"properties":{"Name_of_Ba":"","District":"UDHAM SINGH NAGAR","River":"","Status":""}},
{"type":"Feature","geometry":{"type":"Point","coordinates":[78.85472,29.28278]},"properties":{"Name_of_Ba":"","District":"UDHAM SINGH NAGAR","River":"","Status":""}},
{"type":"Feature","geometry":{"type":"Point","coordinates":[78.80028,29.26889]},"properties":{"Name_of_Ba":"","District":"UDHAM SINGH NAGAR","River":"","Status":""}},
{"type":"Feature","geometry":{"type":"Point","coordinates":[78.80472,29.26639]},"properties":{"Name_of_Ba":"","District":"UDHAM SINGH NAGAR","River":"","Status":""}},
{"type":"Feature","geometry":{"type":"Point","coordinates":[78.80306,29.26806]},"properties":{"Name_of_Ba":"","District":"UDHAM SINGH NAGAR","River":"","Status":""}},
{"type":"Feature","geometry":{"type":"Point","coordinates":[78.80083,29.27111]},"properties":{"Name_of_Ba":"","District":"UDHAM SINGH NAGAR","River":"","Status":""}},
{"type":"Feature","geometry":{"type":"Point","coordinates":[78.80444,29.2675]},"properties":{"Name_of_Ba":"","District":"UDHAM SINGH NAGAR","River":"","Status":""}},
{"type":"Feature","geometry":{"type":"Point","coordinates":[78.80667,29.27083]},"properties":{"Name_of_Ba":"","District":"UDHAM SINGH NAGAR","River":"","Status":""}},
{"type":"Feature","geometry":{"type":"Point","coordinates":[78.80472,29.26111]},"properties":{"Name_of_Ba":"","District":"UDHAM SINGH NAGAR","River":"","Status":""}},
{"type":"Feature","geometry":{"type":"Point","coordinates":[78.80639,29.27]},"properties":{"Name_of_Ba":"","District":"UDHAM SINGH NAGAR","River":"","Status":""}},
{"type":"Feature","geometry":{"type":"Point","coordinates":[78.81806,29.26389]},"properties":{"Name_of_Ba":"","District":"UDHAM SINGH NAGAR","River":"","Status":""}},
{"type":"Feature","geometry":{"type":"Point","coordinates":[78.81806,29.26278]},"properties":{"Name_of_Ba":"","District":"UDHAM SINGH NAGAR","River":"","Status":""}},
{"type":"Feature","geometry":{"type":"Point","coordinates":[78.81722,29.25444]},"properties":{"Name_of_Ba":"","District":"UDHAM SINGH NAGAR","River":"","Status":""}},
{"type":"Feature","geometry":{"type":"Point","coordinates":[78.91806,29.23333]},"properties":{"Name_of_Ba":"","District":"UDHAM SINGH NAGAR","River":"","Status":""}},
{"type":"Feature","geometry":{"type":"Point","coordinates":[78.90694,29.22556]},"properties":{"Name_of_Ba":"","District":"UDHAM SINGH NAGAR","River":"","Status":""}},
{"type":"Feature","geometry":{"type":"Point","coordinates":[78.90694,29.23194]},"properties":{"Name_of_Ba":"","District":"UDHAM SINGH NAGAR","River":"","Status":""}},
{"type":"Feature","geometry":{"type":"Point","coordinates":[78.91028,29.22583]},"properties":{"Name_of_Ba":"","District":"UDHAM SINGH NAGAR","River":"","Status":""}},
{"type":"Feature","geometry":{"type":"Point","coordinates":[78.8225,29.30611]},"properties":{"Name_of_Ba":"","District":"UDHAM SINGH NAGAR","River":"","Status":""}},
{"type":"Feature","geometry":{"type":"Point","coordinates":[78.82222,29.29583]},"properties":{"Name_of_Ba":"","District":"UDHAM SINGH NAGAR","River":"","Status":""}},
{"type":"Feature","geometry":{"type":"Point","coordinates":[78.8225,29.29583]},"properties":{"Name_of_Ba":"","District":"UDHAM SINGH NAGAR","River":"","Status":""}},
{"type":"Feature","geometry":{"type":"Point","coordinates":[78.8225,29.30611]},"properties":{"Name_of_Ba":"","District":"UDHAM SINGH NAGAR","River":"","Status":""}},
{"type":"Feature","geometry":{"type":"Point","coordinates":[78.86111,29.32361]},"properties":{"Name_of_Ba":"","District":"UDHAM SINGH NAGAR","River":"","Status":""}},
{"type":"Feature","geometry":{"type":"Point","coordinates":[78.8625,29.31889]},"properties":{"Name_of_Ba":"","District":"UDHAM SINGH NAGAR","River":"","Status":""}},
{"type":"Feature","geometry":{"type":"Point","coordinates":[78.8625,29.31444]},"properties":{"Name_of_Ba":"","District":"UDHAM SINGH NAGAR","River":"","Status":""}},
{"type":"Feature","geometry":{"type":"Point","coordinates":[78.86611,29.32472]},"properties":{"Name_of_Ba":"","District":"UDHAM SINGH NAGAR","River":"","Status":""}},
{"type":"Feature","geometry":{"type":"Point","coordinates":[78.84722,29.30389]},"properties":{"Name_of_Ba":"","District":"UDHAM SINGH NAGAR","River":"","Status":""}},
{"type":"Feature","geometry":{"type":"Point","coordinates":[78.84222,29.30056]},"properties":{"Name_of_Ba":"","District":"UDHAM SINGH NAGAR","River":"","Status":""}},
{"type":"Feature","geometry":{"type":"Point","coordinates":[78.84556,29.30028]},"properties":{"Name_of_Ba":"","District":"UDHAM SINGH NAGAR","River":"","Status":""}},
{"type":"Feature","geometry":{"type":"Point","coordinates":[78.84139,29.3]},"properties":{"Name_of_Ba":"","District":"UDHAM SINGH NAGAR","River":"","Status":""}},
{"type":"Feature","geometry":{"type":"Point","coordinates":[78.84889,29.30194]},"properties":{"Name_of_Ba":"","District":"UDHAM SINGH NAGAR","River":"","Status":""}},
{"type":"Feature","geometry":{"type":"Point","coordinates":[78.93333,29.22833]},"properties":{"Name_of_Ba":"","District":"UDHAM SINGH NAGAR","River":"","Status":""}},
{"type":"Feature","geometry":{"type":"Point","coordinates":[78.93361,29.23056]},"properties":{"Name_of_Ba":"","District":"UDHAM SINGH NAGAR","River":"","Status":""}},
{"type":"Feature","geometry":{"type":"Point","coordinates":[78.92778,29.23056]},"properties":{"Name_of_Ba":"","District":"UDHAM SINGH NAGAR","River":"","Status":""}},
{"type":"Feature","geometry":{"type":"Point","coordinates":[78.93389,29.22556]},"properties":{"Name_of_Ba":"","District":"UDHAM SINGH NAGAR","River":"","Status":""}},
{"type":"Feature","geometry":{"type":"Point","coordinates":[78.80056,29.25278]},"properties":{"Name_of_Ba":"","District":"UDHAM SINGH NAGAR","River":"","Status":""}},
{"type":"Feature","geometry":{"type":"Point","coordinates":[78.79667,29.25028]},"properties":{"Name_of_Ba":"","District":"UDHAM SINGH NAGAR","River":"","Status":""}},
{"type":"Feature","geometry":{"type":"Point","coordinates":[78.77583,29.28306]},"properties":{"Name_of_Ba":"","District":"UDHAM SINGH NAGAR","River":"","Status":""}},
{"type":"Feature","geometry":{"type":"Point","coordinates":[78.76833,29.28722]},"properties":{"Name_of_Ba":"","District":"UDHAM SINGH NAGAR","River":"","Status":""}},
{"type":"Feature","geometry":{"type":"Point","coordinates":[78.76444,29.28806]},"properties":{"Name_of_Ba":"","District":"UDHAM SINGH NAGAR","River":"","Status":""}},
{"type":"Feature","geometry":{"type":"Point","coordinates":[78.76667,29.2875]},"properties":{"Name_of_Ba":"","District":"UDHAM SINGH NAGAR","River":"","Status":""}},
{"type":"Feature","geometry":{"type":"Point","coordinates":[78.76556,29.29]},"properties":{"Name_of_Ba":"","District":"UDHAM SINGH NAGAR","River":"","Status":""}},
{"type":"Feature","geometry":{"type":"Point","coordinates":[78.77611,29.2825]},"properties":{"Name_of_Ba":"","District":"UDHAM SINGH NAGAR","River":"","Status":""}},
{"type":"Feature","geometry":{"type":"Point","coordinates":[78.85028,29.25917]},"properties":{"Name_of_Ba":"","District":"UDHAM SINGH NAGAR","River":"","Status":""}},
{"type":"Feature","geometry":{"type":"Point","coordinates":[78.85278,29.26333]},"properties":{"Name_of_Ba":"","District":"UDHAM SINGH NAGAR","River":"","Status":""}},
{"type":"Feature","geometry":{"type":"Point","coordinates":[78.85,29.26056]},"properties":{"Name_of_Ba":"","District":"UDHAM SINGH NAGAR","River":"","Status":""}},
{"type":"Feature","geometry":{"type":"Point","coordinates":[78.83639,29.31139]},"properties":{"Name_of_Ba":"","District":"UDHAM SINGH NAGAR","River":"","Status":""}},
{"type":"Feature","geometry":{"type":"Point","coordinates":[78.83556,29.30889]},"properties":{"Name_of_Ba":"","District":"UDHAM SINGH NAGAR","River":"","Status":""}},
{"type":"Feature","geometry":{"type":"Point","coordinates":[78.83472,29.31306]},"properties":{"Name_of_Ba":"","District":"UDHAM SINGH NAGAR","River":"","Status":""}},
{"type":"Feature","geometry":{"type":"Point","coordinates":[78.86611,29.32528]},"properties":{"Name_of_Ba":"","District":"UDHAM SINGH NAGAR","River":"","Status":""}},
{"type":"Feature","geometry":{"type":"Point","coordinates":[78.87806,29.33361]},"properties":{"Name_of_Ba":"","District":"UDHAM SINGH NAGAR","River":"","Status":""}},
{"type":"Feature","geometry":{"type":"Point","coordinates":[78.87389,29.33444]},"properties":{"Name_of_Ba":"","District":"UDHAM SINGH NAGAR","River":"","Status":""}},
{"type":"Feature","geometry":{"type":"Point","coordinates":[78.8775,29.33444]},"properties":{"Name_of_Ba":"","District":"UDHAM SINGH NAGAR","River":"","Status":""}},
{"type":"Feature","geometry":{"type":"Point","coordinates":[78.85778,29.32861]},"properties":{"Name_of_Ba":"","District":"UDHAM SINGH NAGAR","River":"","Status":""}},
{"type":"Feature","geometry":{"type":"Point","coordinates":[78.77361,29.29306]},"properties":{"Name_of_Ba":"","District":"UDHAM SINGH NAGAR","River":"","Status":""}},
{"type":"Feature","geometry":{"type":"Point","coordinates":[78.80917,29.255]},"properties":{"Name_of_Ba":"","District":"UDHAM SINGH NAGAR","River":"","Status":""}},
{"type":"Feature","geometry":{"type":"Point","coordinates":[78.80972,29.25056]},"properties":{"Name_of_Ba":"","District":"UDHAM SINGH NAGAR","River":"","Status":""}},
{"type":"Feature","geometry":{"type":"Point","coordinates":[78.81028,29.25194]},"properties":{"Name_of_Ba":"","District":"UDHAM SINGH NAGAR","River":"","Status":""}},
{"type":"Feature","geometry":{"type":"Point","coordinates":[78.81333,29.25722]},"properties":{"Name_of_Ba":"","District":"UDHAM SINGH NAGAR","River":"","Status":""}},
{"type":"Feature","geometry":{"type":"Point","coordinates":[78.81056,29.25556]},"properties":{"Name_of_Ba":"","District":"UDHAM SINGH NAGAR","River":"","Status":""}},
{"type":"Feature","geometry":{"type":"Point","coordinates":[78.81056,29.25222]},"properties":{"Name_of_Ba":"","District":"UDHAM SINGH NAGAR","River":"","Status":""}},
{"type":"Feature","geometry":{"type":"Point","coordinates":[78.73833,29.30389]},"properties":{"Name_of_Ba":"","District":"UDHAM SINGH NAGAR","River":"","Status":""}},
{"type":"Feature","geometry":{"type":"Point","coordinates":[78.73861,29.30611]},"properties":{"Name_of_Ba":"","District":"UDHAM SINGH NAGAR","River":"","Status":""}},
{"type":"Feature","geometry":{"type":"Point","coordinates":[78.74361,29.30167]},"properties":{"Name_of_Ba":"","District":"UDHAM SINGH NAGAR","River":"","Status":""}},
{"type":"Feature","geometry":{"type":"Point","coordinates":[78.75222,29.30111]},"properties":{"Name_of_Ba":"","District":"UDHAM SINGH NAGAR","River":"","Status":""}},
{"type":"Feature","geometry":{"type":"Point","coordinates":[78.74417,29.30083]},"properties":{"Name_of_Ba":"","District":"UDHAM SINGH NAGAR","River":"","Status":""}},
{"type":"Feature","geometry":{"type":"Point","coordinates":[78.7475,29.29194]},"properties":{"Name_of_Ba":"","District":"UDHAM SINGH NAGAR","River":"","Status":""}},
{"type":"Feature","geometry":{"type":"Point","coordinates":[78.74444,29.30139]},"properties":{"Name_of_Ba":"","District":"UDHAM SINGH NAGAR","River":"","Status":""}},
{"type":"Feature","geometry":{"type":"Point","coordinates":[78.74028,29.30194]},"properties":{"Name_of_Ba":"","District":"UDHAM SINGH NAGAR","River":"","Status":""}},
{"type":"Feature","geometry":{"type":"Point","coordinates":[78.7825,29.28444]},"properties":{"Name_of_Ba":"","District":"UDHAM SINGH NAGAR","River":"","Status":""}},
{"type":"Feature","geometry":{"type":"Point","coordinates":[78.78056,29.28556]},"properties":{"Name_of_Ba":"","District":"UDHAM SINGH NAGAR","River":"","Status":""}},
{"type":"Feature","geometry":{"type":"Point","coordinates":[78.78528,29.28694]},"properties":{"Name_of_Ba":"","District":"UDHAM SINGH NAGAR","River":"","Status":""}},
{"type":"Feature","geometry":{"type":"Point","coordinates":[78.83444,29.31361]},"properties":{"Name_of_Ba":"","District":"UDHAM SINGH NAGAR","River":"","Status":""}},
{"type":"Feature","geometry":{"type":"Point","coordinates":[78.83222,29.31861]},"properties":{"Name_of_Ba":"","District":"UDHAM SINGH NAGAR","River":"","Status":""}},
{"type":"Feature","geometry":{"type":"Point","coordinates":[78.83222,29.31861]},"properties":{"Name_of_Ba":"","District":"UDHAM SINGH NAGAR","River":"","Status":""}},
{"type":"Feature","geometry":{"type":"Point","coordinates":[78.82861,29.31917]},"properties":{"Name_of_Ba":"","District":"UDHAM SINGH NAGAR","River":"","Status":""}},
{"type":"Feature","geometry":{"type":"Point","coordinates":[78.83444,29.31361]},"properties":{"Name_of_Ba":"","District":"UDHAM SINGH NAGAR","River":"","Status":""}},
{"type":"Feature","geometry":{"type":"Point","coordinates":[78.82861,29.31917]},"properties":{"Name_of_Ba":"","District":"UDHAM SINGH NAGAR","River":"","Status":""}},
{"type":"Feature","geometry":{"type":"Point","coordinates":[78.84896,29.241]},"properties":{"Name_of_Ba":"","District":"UDHAM SINGH NAGAR","River":"","Status":""}},
{"type":"Feature","geometry":{"type":"Point","coordinates":[78.84917,29.23472]},"properties":{"Name_of_Ba":"","District":"UDHAM SINGH NAGAR","River":"","Status":""}},
{"type":"Feature","geometry":{"type":"Point","coordinates":[78.85361,29.24167]},"properties":{"Name_of_Ba":"","District":"UDHAM SINGH NAGAR","River":"","Status":""}},
{"type":"Feature","geometry":{"type":"Point","coordinates":[78.85122,29.23992]},"properties":{"Name_of_Ba":"","District":"UDHAM SINGH NAGAR","River":"","Status":""}},
{"type":"Feature","geometry":{"type":"Point","coordinates":[78.93194,29.20861]},"properties":{"Name_of_Ba":"","District":"UDHAM SINGH NAGAR","River":"","Status":""}},
{"type":"Feature","geometry":{"type":"Point","coordinates":[78.93556,29.2075]},"properties":{"Name_of_Ba":"","District":"UDHAM SINGH NAGAR","River":"","Status":""}},
{"type":"Feature","geometry":{"type":"Point","coordinates":[78.93778,29.20778]},"properties":{"Name_of_Ba":"","District":"UDHAM SINGH NAGAR","River":"","Status":""}},
{"type":"Feature","geometry":{"type":"Point","coordinates":[78.93444,29.205]},"properties":{"Name_of_Ba":"","District":"UDHAM SINGH NAGAR","River":"","Status":""}},
{"type":"Feature","geometry":{"type":"Point","coordinates":[78.93361,29.20444]},"properties":{"Name_of_Ba":"","District":"UDHAM SINGH NAGAR","River":"","Status":""}},
{"type":"Feature","geometry":{"type":"Point","coordinates":[78.89083,29.26194]},"properties":{"Name_of_Ba":"","District":"UDHAM SINGH NAGAR","River":"","Status":""}},
{"type":"Feature","geometry":{"type":"Point","coordinates":[78.88667,29.25667]},"properties":{"Name_of_Ba":"","District":"UDHAM SINGH NAGAR","River":"","Status":""}},
{"type":"Feature","geometry":{"type":"Point","coordinates":[78.88861,29.26417]},"properties":{"Name_of_Ba":"","District":"UDHAM SINGH NAGAR","River":"","Status":""}},
{"type":"Feature","geometry":{"type":"Point","coordinates":[78.89333,29.25694]},"properties":{"Name_of_Ba":"","District":"UDHAM SINGH NAGAR","River":"","Status":""}},
{"type":"Feature","geometry":{"type":"Point","coordinates":[78.83944,29.26222]},"properties":{"Name_of_Ba":"","District":"UDHAM SINGH NAGAR","River":"","Status":""}},
{"type":"Feature","geometry":{"type":"Point","coordinates":[78.84694,29.25306]},"properties":{"Name_of_Ba":"","District":"UDHAM SINGH NAGAR","River":"","Status":""}},
{"type":"Feature","geometry":{"type":"Point","coordinates":[78.84278,29.26194]},"properties":{"Name_of_Ba":"","District":"UDHAM SINGH NAGAR","River":"","Status":""}},
{"type":"Feature","geometry":{"type":"Point","coordinates":[78.82222,29.23417]},"properties":{"Name_of_Ba":"","District":"UDHAM SINGH NAGAR","River":"","Status":""}},
{"type":"Feature","geometry":{"type":"Point","coordinates":[78.81944,29.23639]},"properties":{"Name_of_Ba":"","District":"UDHAM SINGH NAGAR","River":"","Status":""}},
{"type":"Feature","geometry":{"type":"Point","coordinates":[78.90833,29.24861]},"properties":{"Name_of_Ba":"","District":"UDHAM SINGH NAGAR","River":"","Status":""}},
{"type":"Feature","geometry":{"type":"Point","coordinates":[78.90889,29.25056]},"properties":{"Name_of_Ba":"","District":"UDHAM SINGH NAGAR","River":"","Status":""}},
{"type":"Feature","geometry":{"type":"Point","coordinates":[78.77778,29.31417]},"properties":{"Name_of_Ba":"","District":"UDHAM SINGH NAGAR","River":"","Status":""}},
{"type":"Feature","geometry":{"type":"Point","coordinates":[78.77639,29.31528]},"properties":{"Name_of_Ba":"","District":"UDHAM SINGH NAGAR","River":"","Status":""}},
{"type":"Feature","geometry":{"type":"Point","coordinates":[78.82667,29.31583]},"properties":{"Name_of_Ba":"","District":"UDHAM SINGH NAGAR","River":"","Status":""}},
{"type":"Feature","geometry":{"type":"Point","coordinates":[78.82417,29.31528]},"properties":{"Name_of_Ba":"","District":"UDHAM SINGH NAGAR","River":"","Status":""}},
{"type":"Feature","geometry":{"type":"Point","coordinates":[78.825,29.31333]},"properties":{"Name_of_Ba":"","District":"UDHAM SINGH NAGAR","River":"","Status":""}},
{"type":"Feature","geometry":{"type":"Point","coordinates":[78.78583,29.28778]},"properties":{"Name_of_Ba":"","District":"UDHAM SINGH NAGAR","River":"","Status":""}},
{"type":"Feature","geometry":{"type":"Point","coordinates":[78.95333,29.17139]},"properties":{"Name_of_Ba":"","District":"UDHAM SINGH NAGAR","River":"","Status":""}},
{"type":"Feature","geometry":{"type":"Point","coordinates":[78.94639,29.17139]},"properties":{"Name_of_Ba":"","District":"UDHAM SINGH NAGAR","River":"","Status":""}},
{"type":"Feature","geometry":{"type":"Point","coordinates":[78.94972,29.16972]},"properties":{"Name_of_Ba":"","District":"UDHAM SINGH NAGAR","River":"","Status":""}},
{"type":"Feature","geometry":{"type":"Point","coordinates":[78.95417,29.17111]},"properties":{"Name_of_Ba":"","District":"UDHAM SINGH NAGAR","River":"","Status":""}},
{"type":"Feature","geometry":{"type":"Point","coordinates":[78.95,29.17]},"properties":{"Name_of_Ba":"","District":"UDHAM SINGH NAGAR","River":"","Status":""}},
{"type":"Feature","geometry":{"type":"Point","coordinates":[78.95167,29.17139]},"properties":{"Name_of_Ba":"","District":"UDHAM SINGH NAGAR","River":"","Status":""}},
{"type":"Feature","geometry":{"type":"Point","coordinates":[78.9475,29.16556]},"properties":{"Name_of_Ba":"","District":"UDHAM SINGH NAGAR","River":"","Status":""}},
{"type":"Feature","geometry":{"type":"Point","coordinates":[78.94972,29.16833]},"properties":{"Name_of_Ba":"","District":"UDHAM SINGH NAGAR","River":"","Status":""}},
{"type":"Feature","geometry":{"type":"Point","coordinates":[78.94806,29.16861]},"properties":{"Name_of_Ba":"","District":"UDHAM SINGH NAGAR","River":"","Status":""}},
{"type":"Feature","geometry":{"type":"Point","coordinates":[78.94833,29.16722]},"properties":{"Name_of_Ba":"","District":"UDHAM SINGH NAGAR","River":"","Status":""}},
{"type":"Feature","geometry":{"type":"Point","coordinates":[78.94278,29.16639]},"properties":{"Name_of_Ba":"","District":"UDHAM SINGH NAGAR","River":"","Status":""}},
{"type":"Feature","geometry":{"type":"Point","coordinates":[78.94417,29.16222]},"properties":{"Name_of_Ba":"","District":"UDHAM SINGH NAGAR","River":"","Status":""}},
{"type":"Feature","geometry":{"type":"Point","coordinates":[78.94917,29.16528]},"properties":{"Name_of_Ba":"","District":"UDHAM SINGH NAGAR","River":"","Status":""}},
{"type":"Feature","geometry":{"type":"Point","coordinates":[78.94833,29.16583]},"properties":{"Name_of_Ba":"","District":"UDHAM SINGH NAGAR","River":"","Status":""}},
{"type":"Feature","geometry":{"type":"Point","coordinates":[78.94833,29.16472]},"properties":{"Name_of_Ba":"","District":"UDHAM SINGH NAGAR","River":"","Status":""}},
{"type":"Feature","geometry":{"type":"Point","coordinates":[78.94694,29.16472]},"properties":{"Name_of_Ba":"","District":"UDHAM SINGH NAGAR","River":"","Status":""}},
{"type":"Feature","geometry":{"type":"Point","coordinates":[78.94389,29.1625]},"properties":{"Name_of_Ba":"","District":"UDHAM SINGH NAGAR","River":"","Status":""}},
{"type":"Feature","geometry":{"type":"Point","coordinates":[78.94917,29.1675]},"properties":{"Name_of_Ba":"","District":"UDHAM SINGH NAGAR","River":"","Status":""}},
{"type":"Feature","geometry":{"type":"Point","coordinates":[78.9225,29.17306]},"properties":{"Name_of_Ba":"","District":"UDHAM SINGH NAGAR","River":"","Status":""}},
{"type":"Feature","geometry":{"type":"Point","coordinates":[78.92833,29.14611]},"properties":{"Name_of_Ba":"","District":"UDHAM SINGH NAGAR","River":"","Status":""}},
{"type":"Feature","geometry":{"type":"Point","coordinates":[78.92694,29.14306]},"properties":{"Name_of_Ba":"","District":"UDHAM SINGH NAGAR","River":"","Status":""}},
{"type":"Feature","geometry":{"type":"Point","coordinates":[78.92528,29.145]},"properties":{"Name_of_Ba":"","District":"UDHAM SINGH NAGAR","River":"","Status":""}},
{"type":"Feature","geometry":{"type":"Point","coordinates":[78.93028,29.14222]},"properties":{"Name_of_Ba":"","District":"UDHAM SINGH NAGAR","River":"","Status":""}},
{"type":"Feature","geometry":{"type":"Point","coordinates":[78.96417,29.16083]},"properties":{"Name_of_Ba":"","District":"UDHAM SINGH NAGAR","River":"","Status":""}},
{"type":"Feature","geometry":{"type":"Point","coordinates":[78.95861,29.15694]},"properties":{"Name_of_Ba":"","District":"UDHAM SINGH NAGAR","River":"","Status":""}},
{"type":"Feature","geometry":{"type":"Point","coordinates":[78.95556,29.155]},"properties":{"Name_of_Ba":"","District":"UDHAM SINGH NAGAR","River":"","Status":""}},
{"type":"Feature","geometry":{"type":"Point","coordinates":[78.9575,29.15583]},"properties":{"Name_of_Ba":"","District":"UDHAM SINGH NAGAR","River":"","Status":""}},
{"type":"Feature","geometry":{"type":"Point","coordinates":[78.96056,29.14694]},"properties":{"Name_of_Ba":"","District":"UDHAM SINGH NAGAR","River":"","Status":""}},
{"type":"Feature","geometry":{"type":"Point","coordinates":[78.96083,29.14972]},"properties":{"Name_of_Ba":"","District":"UDHAM SINGH NAGAR","River":"","Status":""}},
{"type":"Feature","geometry":{"type":"Point","coordinates":[78.96111,29.14667]},"properties":{"Name_of_Ba":"","District":"UDHAM SINGH NAGAR","River":"","Status":""}},
{"type":"Feature","geometry":{"type":"Point","coordinates":[78.96583,29.1625]},"properties":{"Name_of_Ba":"","District":"UDHAM SINGH NAGAR","River":"","Status":""}},
{"type":"Feature","geometry":{"type":"Point","coordinates":[78.95444,29.15389]},"properties":{"Name_of_Ba":"","District":"UDHAM SINGH NAGAR","River":"","Status":""}},
{"type":"Feature","geometry":{"type":"Point","coordinates":[78.99139,29.15111]},"properties":{"Name_of_Ba":"","District":"UDHAM SINGH NAGAR","River":"","Status":""}},
{"type":"Feature","geometry":{"type":"Point","coordinates":[79.00167,29.14972]},"properties":{"Name_of_Ba":"","District":"UDHAM SINGH NAGAR","River":"","Status":""}},
{"type":"Feature","geometry":{"type":"Point","coordinates":[78.99333,29.15167]},"properties":{"Name_of_Ba":"","District":"UDHAM SINGH NAGAR","River":"","Status":""}},
{"type":"Feature","geometry":{"type":"Point","coordinates":[79.01194,29.15444]},"properties":{"Name_of_Ba":"","District":"UDHAM SINGH NAGAR","River":"","Status":""}},
{"type":"Feature","geometry":{"type":"Point","coordinates":[79.07,29.23778]},"properties":{"Name_of_Ba":"","District":"UDHAM SINGH NAGAR","River":"","Status":""}},
{"type":"Feature","geometry":{"type":"Point","coordinates":[78.96167,29.17944]},"properties":{"Name_of_Ba":"","District":"UDHAM SINGH NAGAR","River":"","Status":""}},
{"type":"Feature","geometry":{"type":"Point","coordinates":[78.97028,29.17667]},"properties":{"Name_of_Ba":"","District":"UDHAM SINGH NAGAR","River":"","Status":""}},
{"type":"Feature","geometry":{"type":"Point","coordinates":[78.96639,29.17583]},"properties":{"Name_of_Ba":"","District":"UDHAM SINGH NAGAR","River":"","Status":""}},
{"type":"Feature","geometry":{"type":"Point","coordinates":[78.97194,29.17417]},"properties":{"Name_of_Ba":"","District":"UDHAM SINGH NAGAR","River":"","Status":""}},
{"type":"Feature","geometry":{"type":"Point","coordinates":[78.96194,29.18083]},"properties":{"Name_of_Ba":"","District":"UDHAM SINGH NAGAR","River":"","Status":""}},
{"type":"Feature","geometry":{"type":"Point","coordinates":[78.98472,29.27139]},"properties":{"Name_of_Ba":"","District":"UDHAM SINGH NAGAR","River":"","Status":""}},
{"type":"Feature","geometry":{"type":"Point","coordinates":[78.98694,29.27333]},"properties":{"Name_of_Ba":"","District":"UDHAM SINGH NAGAR","River":"","Status":""}},
{"type":"Feature","geometry":{"type":"Point","coordinates":[78.95389,29.17806]},"properties":{"Name_of_Ba":"","District":"UDHAM SINGH NAGAR","River":"","Status":""}},
{"type":"Feature","geometry":{"type":"Point","coordinates":[78.9525,29.17528]},"properties":{"Name_of_Ba":"","District":"UDHAM SINGH NAGAR","River":"","Status":""}},
{"type":"Feature","geometry":{"type":"Point","coordinates":[78.95222,29.175]},"properties":{"Name_of_Ba":"","District":"UDHAM SINGH NAGAR","River":"","Status":""}},
{"type":"Feature","geometry":{"type":"Point","coordinates":[78.955,29.1775]},"properties":{"Name_of_Ba":"","District":"UDHAM SINGH NAGAR","River":"","Status":""}},
{"type":"Feature","geometry":{"type":"Point","coordinates":[78.94639,29.15639]},"properties":{"Name_of_Ba":"","District":"UDHAM SINGH NAGAR","River":"","Status":""}},
{"type":"Feature","geometry":{"type":"Point","coordinates":[78.94417,29.15694]},"properties":{"Name_of_Ba":"","District":"UDHAM SINGH NAGAR","River":"","Status":""}},
{"type":"Feature","geometry":{"type":"Point","coordinates":[78.9475,29.15889]},"properties":{"Name_of_Ba":"","District":"UDHAM SINGH NAGAR","River":"","Status":""}},
{"type":"Feature","geometry":{"type":"Point","coordinates":[78.97639,29.30444]},"properties":{"Name_of_Ba":"","District":"UDHAM SINGH NAGAR","River":"","Status":""}},
{"type":"Feature","geometry":{"type":"Point","coordinates":[79.00611,29.30139]},"properties":{"Name_of_Ba":"","District":"UDHAM SINGH NAGAR","River":"","Status":""}},
{"type":"Feature","geometry":{"type":"Point","coordinates":[78.97556,29.30361]},"properties":{"Name_of_Ba":"","District":"UDHAM SINGH NAGAR","River":"","Status":""}},
{"type":"Feature","geometry":{"type":"Point","coordinates":[78.91028,29.1725]},"properties":{"Name_of_Ba":"","District":"UDHAM SINGH NAGAR","River":"","Status":""}},
{"type":"Feature","geometry":{"type":"Point","coordinates":[78.90694,29.17333]},"properties":{"Name_of_Ba":"","District":"UDHAM SINGH NAGAR","River":"","Status":""}},
{"type":"Feature","geometry":{"type":"Point","coordinates":[78.90917,29.17389]},"properties":{"Name_of_Ba":"","District":"UDHAM SINGH NAGAR","River":"","Status":""}},
{"type":"Feature","geometry":{"type":"Point","coordinates":[78.97444,29.17639]},"properties":{"Name_of_Ba":"","District":"UDHAM SINGH NAGAR","River":"","Status":""}},
{"type":"Feature","geometry":{"type":"Point","coordinates":[78.975,29.16806]},"properties":{"Name_of_Ba":"","District":"UDHAM SINGH NAGAR","River":"","Status":""}},
{"type":"Feature","geometry":{"type":"Point","coordinates":[78.97194,29.15083]},"properties":{"Name_of_Ba":"","District":"UDHAM SINGH NAGAR","River":"","Status":""}},
{"type":"Feature","geometry":{"type":"Point","coordinates":[79.02083,29.20528]},"properties":{"Name_of_Ba":"","District":"UDHAM SINGH NAGAR","River":"","Status":""}},
{"type":"Feature","geometry":{"type":"Point","coordinates":[79.01944,29.21306]},"properties":{"Name_of_Ba":"","District":"UDHAM SINGH NAGAR","River":"","Status":""}},
{"type":"Feature","geometry":{"type":"Point","coordinates":[79.01889,29.21778]},"properties":{"Name_of_Ba":"","District":"UDHAM SINGH NAGAR","River":"","Status":""}},
{"type":"Feature","geometry":{"type":"Point","coordinates":[78.92167,29.12694]},"properties":{"Name_of_Ba":"","District":"UDHAM SINGH NAGAR","River":"","Status":""}},
{"type":"Feature","geometry":{"type":"Point","coordinates":[78.92167,29.12722]},"properties":{"Name_of_Ba":"","District":"UDHAM SINGH NAGAR","River":"","Status":""}},
{"type":"Feature","geometry":{"type":"Point","coordinates":[78.92306,29.12861]},"properties":{"Name_of_Ba":"","District":"UDHAM SINGH NAGAR","River":"","Status":""}},
{"type":"Feature","geometry":{"type":"Point","coordinates":[78.92278,29.12667]},"properties":{"Name_of_Ba":"","District":"UDHAM SINGH NAGAR","River":"","Status":""}},
{"type":"Feature","geometry":{"type":"Point","coordinates":[78.91083,29.16083]},"properties":{"Name_of_Ba":"","District":"UDHAM SINGH NAGAR","River":"","Status":""}},
{"type":"Feature","geometry":{"type":"Point","coordinates":[78.91361,29.15889]},"properties":{"Name_of_Ba":"","District":"UDHAM SINGH NAGAR","River":"","Status":""}},
{"type":"Feature","geometry":{"type":"Point","coordinates":[78.91222,29.16444]},"properties":{"Name_of_Ba":"","District":"UDHAM SINGH NAGAR","River":"","Status":""}},
{"type":"Feature","geometry":{"type":"Point","coordinates":[78.91139,29.16583]},"properties":{"Name_of_Ba":"","District":"UDHAM SINGH NAGAR","River":"","Status":""}},
{"type":"Feature","geometry":{"type":"Point","coordinates":[78.9125,29.16083]},"properties":{"Name_of_Ba":"","District":"UDHAM SINGH NAGAR","River":"","Status":""}},
{"type":"Feature","geometry":{"type":"Point","coordinates":[79.01889,29.19917]},"properties":{"Name_of_Ba":"","District":"UDHAM SINGH NAGAR","River":"","Status":""}},
{"type":"Feature","geometry":{"type":"Point","coordinates":[79.01806,29.19972]},"properties":{"Name_of_Ba":"","District":"UDHAM SINGH NAGAR","River":"","Status":""}},
{"type":"Feature","geometry":{"type":"Point","coordinates":[79.01694,29.19861]},"properties":{"Name_of_Ba":"","District":"UDHAM SINGH NAGAR","River":"","Status":""}},
{"type":"Feature","geometry":{"type":"Point","coordinates":[79.01778,29.19972]},"properties":{"Name_of_Ba":"","District":"UDHAM SINGH NAGAR","River":"","Status":""}},
{"type":"Feature","geometry":{"type":"Point","coordinates":[78.98111,29.23139]},"properties":{"Name_of_Ba":"","District":"UDHAM SINGH NAGAR","River":"","Status":""}},
{"type":"Feature","geometry":{"type":"Point","coordinates":[79.98028,28.99139]},"properties":{"Name_of_Ba":"","District":"UDHAM SINGH NAGAR","River":"","Status":""}},
{"type":"Feature","geometry":{"type":"Point","coordinates":[79.98389,28.99333]},"properties":{"Name_of_Ba":"","District":"UDHAM SINGH NAGAR","River":"","Status":""}},
{"type":"Feature","geometry":{"type":"Point","coordinates":[79.89167,28.85444]},"properties":{"Name_of_Ba":"","District":"UDHAM SINGH NAGAR","River":"","Status":""}},
{"type":"Feature","geometry":{"type":"Point","coordinates":[79.87694,28.84917]},"properties":{"Name_of_Ba":"","District":"UDHAM SINGH NAGAR","River":"","Status":""}},
{"type":"Feature","geometry":{"type":"Point","coordinates":[80.01333,28.85444]},"properties":{"Name_of_Ba":"","District":"UDHAM SINGH NAGAR","River":"","Status":""}},
{"type":"Feature","geometry":{"type":"Point","coordinates":[80.01556,28.86778]},"properties":{"Name_of_Ba":"","District":"UDHAM SINGH NAGAR","River":"","Status":""}},
{"type":"Feature","geometry":{"type":"Point","coordinates":[80.025,28.8725]},"properties":{"Name_of_Ba":"","District":"UDHAM SINGH NAGAR","River":"","Status":""}},
{"type":"Feature","geometry":{"type":"Point","coordinates":[79.89889,28.91806]},"properties":{"Name_of_Ba":"","District":"UDHAM SINGH NAGAR","River":"","Status":""}},
{"type":"Feature","geometry":{"type":"Point","coordinates":[79.92389,28.87361]},"properties":{"Name_of_Ba":"","District":"UDHAM SINGH NAGAR","River":"","Status":""}},
{"type":"Feature","geometry":{"type":"Point","coordinates":[79.92306,28.87389]},"properties":{"Name_of_Ba":"","District":"UDHAM SINGH NAGAR","River":"","Status":""}},
{"type":"Feature","geometry":{"type":"Point","coordinates":[79.92278,28.87389]},"properties":{"Name_of_Ba":"","District":"UDHAM SINGH NAGAR","River":"","Status":""}},
{"type":"Feature","geometry":{"type":"Point","coordinates":[79.92333,28.87361]},"properties":{"Name_of_Ba":"","District":"UDHAM SINGH NAGAR","River":"","Status":""}},
{"type":"Feature","geometry":{"type":"Point","coordinates":[79.93972,28.97861]},"properties":{"Name_of_Ba":"","District":"UDHAM SINGH NAGAR","River":"","Status":""}},
{"type":"Feature","geometry":{"type":"Point","coordinates":[79.92833,28.98472]},"properties":{"Name_of_Ba":"","District":"UDHAM SINGH NAGAR","River":"","Status":""}},
{"type":"Feature","geometry":{"type":"Point","coordinates":[79.95139,28.97722]},"properties":{"Name_of_Ba":"","District":"UDHAM SINGH NAGAR","River":"","Status":""}},
{"type":"Feature","geometry":{"type":"Point","coordinates":[79.94222,28.9775]},"properties":{"Name_of_Ba":"","District":"UDHAM SINGH NAGAR","River":"","Status":""}},
{"type":"Feature","geometry":{"type":"Point","coordinates":[79.95139,28.97778]},"properties":{"Name_of_Ba":"","District":"UDHAM SINGH NAGAR","River":"","Status":""}},
{"type":"Feature","geometry":{"type":"Point","coordinates":[79.95167,28.97778]},"properties":{"Name_of_Ba":"","District":"UDHAM SINGH NAGAR","River":"","Status":""}},
{"type":"Feature","geometry":{"type":"Point","coordinates":[79.93222,28.98861]},"properties":{"Name_of_Ba":"","District":"UDHAM SINGH NAGAR","River":"","Status":""}},
{"type":"Feature","geometry":{"type":"Point","coordinates":[79.94556,28.98222]},"properties":{"Name_of_Ba":"","District":"UDHAM SINGH NAGAR","River":"","Status":""}},
{"type":"Feature","geometry":{"type":"Point","coordinates":[79.94278,28.96194]},"properties":{"Name_of_Ba":"","District":"UDHAM SINGH NAGAR","River":"","Status":""}},
{"type":"Feature","geometry":{"type":"Point","coordinates":[79.94333,28.96028]},"properties":{"Name_of_Ba":"","District":"UDHAM SINGH NAGAR","River":"","Status":""}},
{"type":"Feature","geometry":{"type":"Point","coordinates":[79.94306,28.96028]},"properties":{"Name_of_Ba":"","District":"UDHAM SINGH NAGAR","River":"","Status":""}},
{"type":"Feature","geometry":{"type":"Point","coordinates":[79.93917,28.95944]},"properties":{"Name_of_Ba":"","District":"UDHAM SINGH NAGAR","River":"","Status":""}},
{"type":"Feature","geometry":{"type":"Point","coordinates":[79.94583,29.03194]},"properties":{"Name_of_Ba":"","District":"UDHAM SINGH NAGAR","River":"","Status":""}},
{"type":"Feature","geometry":{"type":"Point","coordinates":[79.94361,29.03056]},"properties":{"Name_of_Ba":"","District":"UDHAM SINGH NAGAR","River":"","Status":""}},
{"type":"Feature","geometry":{"type":"Point","coordinates":[80.01389,28.96861]},"properties":{"Name_of_Ba":"","District":"UDHAM SINGH NAGAR","River":"","Status":""}},
{"type":"Feature","geometry":{"type":"Point","coordinates":[79.93722,29.02167]},"properties":{"Name_of_Ba":"","District":"UDHAM SINGH NAGAR","River":"","Status":""}},
{"type":"Feature","geometry":{"type":"Point","coordinates":[79.93722,29.02]},"properties":{"Name_of_Ba":"","District":"UDHAM SINGH NAGAR","River":"","Status":""}},
{"type":"Feature","geometry":{"type":"Point","coordinates":[79.93306,29.02083]},"properties":{"Name_of_Ba":"","District":"UDHAM SINGH NAGAR","River":"","Status":""}},
{"type":"Feature","geometry":{"type":"Point","coordinates":[79.93694,29.01917]},"properties":{"Name_of_Ba":"","District":"UDHAM SINGH NAGAR","River":"","Status":""}},
{"type":"Feature","geometry":{"type":"Point","coordinates":[79.99,28.99278]},"properties":{"Name_of_Ba":"","District":"UDHAM SINGH NAGAR","River":"","Status":""}},
{"type":"Feature","geometry":{"type":"Point","coordinates":[79.95333,28.87528]},"properties":{"Name_of_Ba":"","District":"UDHAM SINGH NAGAR","River":"","Status":""}},
{"type":"Feature","geometry":{"type":"Point","coordinates":[79.95472,28.87778]},"properties":{"Name_of_Ba":"","District":"UDHAM SINGH NAGAR","River":"","Status":""}},
{"type":"Feature","geometry":{"type":"Point","coordinates":[79.95417,28.87167]},"properties":{"Name_of_Ba":"","District":"UDHAM SINGH NAGAR","River":"","Status":""}},
{"type":"Feature","geometry":{"type":"Point","coordinates":[79.92417,29.01583]},"properties":{"Name_of_Ba":"","District":"UDHAM SINGH NAGAR","River":"","Status":""}},
{"type":"Feature","geometry":{"type":"Point","coordinates":[79.93889,28.89278]},"properties":{"Name_of_Ba":"","District":"UDHAM SINGH NAGAR","River":"","Status":""}},
{"type":"Feature","geometry":{"type":"Point","coordinates":[79.945,28.89194]},"properties":{"Name_of_Ba":"","District":"UDHAM SINGH NAGAR","River":"","Status":""}},
{"type":"Feature","geometry":{"type":"Point","coordinates":[79.91417,29.02222]},"properties":{"Name_of_Ba":"","District":"UDHAM SINGH NAGAR","River":"","Status":""}},
{"type":"Feature","geometry":{"type":"Point","coordinates":[79.91278,29.01889]},"properties":{"Name_of_Ba":"","District":"UDHAM SINGH NAGAR","River":"","Status":""}},
{"type":"Feature","geometry":{"type":"Point","coordinates":[79.91611,29.02333]},"properties":{"Name_of_Ba":"","District":"UDHAM SINGH NAGAR","River":"","Status":""}},
{"type":"Feature","geometry":{"type":"Point","coordinates":[79.9125,29.02333]},"properties":{"Name_of_Ba":"","District":"UDHAM SINGH NAGAR","River":"","Status":""}},
{"type":"Feature","geometry":{"type":"Point","coordinates":[79.90972,29.01361]},"properties":{"Name_of_Ba":"","District":"UDHAM SINGH NAGAR","River":"","Status":""}},
{"type":"Feature","geometry":{"type":"Point","coordinates":[79.91861,28.98139]},"properties":{"Name_of_Ba":"","District":"UDHAM SINGH NAGAR","River":"","Status":""}},
{"type":"Feature","geometry":{"type":"Point","coordinates":[79.93028,28.99778]},"properties":{"Name_of_Ba":"","District":"UDHAM SINGH NAGAR","River":"","Status":""}},
{"type":"Feature","geometry":{"type":"Point","coordinates":[79.98667,28.965]},"properties":{"Name_of_Ba":"","District":"UDHAM SINGH NAGAR","River":"","Status":""}},
{"type":"Feature","geometry":{"type":"Point","coordinates":[79.92056,28.91222]},"properties":{"Name_of_Ba":"","District":"UDHAM SINGH NAGAR","River":"","Status":""}},
{"type":"Feature","geometry":{"type":"Point","coordinates":[79.90389,28.83083]},"properties":{"Name_of_Ba":"","District":"UDHAM SINGH NAGAR","River":"","Status":""}},
{"type":"Feature","geometry":{"type":"Point","coordinates":[79.90028,28.82194]},"properties":{"Name_of_Ba":"","District":"UDHAM SINGH NAGAR","River":"","Status":""}},
{"type":"Feature","geometry":{"type":"Point","coordinates":[79.89833,28.83139]},"properties":{"Name_of_Ba":"","District":"UDHAM SINGH NAGAR","River":"","Status":""}},
{"type":"Feature","geometry":{"type":"Point","coordinates":[79.91472,28.83639]},"properties":{"Name_of_Ba":"","District":"UDHAM SINGH NAGAR","River":"","Status":""}},
{"type":"Feature","geometry":{"type":"Point","coordinates":[79.91,28.85833]},"properties":{"Name_of_Ba":"","District":"UDHAM SINGH NAGAR","River":"","Status":""}},
{"type":"Feature","geometry":{"type":"Point","coordinates":[79.91028,28.85889]},"properties":{"Name_of_Ba":"","District":"UDHAM SINGH NAGAR","River":"","Status":""}},
{"type":"Feature","geometry":{"type":"Point","coordinates":[79.91,28.85861]},"properties":{"Name_of_Ba":"","District":"UDHAM SINGH NAGAR","River":"","Status":""}},
{"type":"Feature","geometry":{"type":"Point","coordinates":[79.89361,28.93222]},"properties":{"Name_of_Ba":"","District":"UDHAM SINGH NAGAR","River":"","Status":""}},
{"type":"Feature","geometry":{"type":"Point","coordinates":[79.89944,28.94556]},"properties":{"Name_of_Ba":"","District":"UDHAM SINGH NAGAR","River":"","Status":""}},
{"type":"Feature","geometry":{"type":"Point","coordinates":[79.89917,28.94333]},"properties":{"Name_of_Ba":"","District":"UDHAM SINGH NAGAR","River":"","Status":""}},
{"type":"Feature","geometry":{"type":"Point","coordinates":[80.02639,28.87972]},"properties":{"Name_of_Ba":"","District":"UDHAM SINGH NAGAR","River":"","Status":""}},
{"type":"Feature","geometry":{"type":"Point","coordinates":[80.02583,28.87972]},"properties":{"Name_of_Ba":"","District":"UDHAM SINGH NAGAR","River":"","Status":""}},
{"type":"Feature","geometry":{"type":"Point","coordinates":[80.02944,28.88139]},"properties":{"Name_of_Ba":"","District":"UDHAM SINGH NAGAR","River":"","Status":""}},
{"type":"Feature","geometry":{"type":"Point","coordinates":[80.02861,28.87417]},"properties":{"Name_of_Ba":"","District":"UDHAM SINGH NAGAR","River":"","Status":""}},
{"type":"Feature","geometry":{"type":"Point","coordinates":[80.00333,28.98917]},"properties":{"Name_of_Ba":"","District":"UDHAM SINGH NAGAR","River":"","Status":""}},
{"type":"Feature","geometry":{"type":"Point","coordinates":[80.00278,28.99028]},"properties":{"Name_of_Ba":"","District":"UDHAM SINGH NAGAR","River":"","Status":""}},
{"type":"Feature","geometry":{"type":"Point","coordinates":[80.02833,28.87167]},"properties":{"Name_of_Ba":"","District":"UDHAM SINGH NAGAR","River":"","Status":""}},
{"type":"Feature","geometry":{"type":"Point","coordinates":[79.92778,28.92611]},"properties":{"Name_of_Ba":"","District":"UDHAM SINGH NAGAR","River":"","Status":""}},
{"type":"Feature","geometry":{"type":"Point","coordinates":[79.97722,28.97972]},"properties":{"Name_of_Ba":"","District":"UDHAM SINGH NAGAR","River":"","Status":""}},
{"type":"Feature","geometry":{"type":"Point","coordinates":[79.96889,28.97889]},"properties":{"Name_of_Ba":"","District":"UDHAM SINGH NAGAR","River":"","Status":""}},
{"type":"Feature","geometry":{"type":"Point","coordinates":[79.97389,28.97639]},"properties":{"Name_of_Ba":"","District":"UDHAM SINGH NAGAR","River":"","Status":""}},
{"type":"Feature","geometry":{"type":"Point","coordinates":[79.97722,28.97583]},"properties":{"Name_of_Ba":"","District":"UDHAM SINGH NAGAR","River":"","Status":""}},
{"type":"Feature","geometry":{"type":"Point","coordinates":[79.95306,28.89083]},"properties":{"Name_of_Ba":"","District":"UDHAM SINGH NAGAR","River":"","Status":""}},
{"type":"Feature","geometry":{"type":"Point","coordinates":[79.94722,28.90722]},"properties":{"Name_of_Ba":"","District":"UDHAM SINGH NAGAR","River":"","Status":""}},
{"type":"Feature","geometry":{"type":"Point","coordinates":[79.99111,28.95028]},"properties":{"Name_of_Ba":"","District":"UDHAM SINGH NAGAR","River":"","Status":""}},
{"type":"Feature","geometry":{"type":"Point","coordinates":[79.99,28.95083]},"properties":{"Name_of_Ba":"","District":"UDHAM SINGH NAGAR","River":"","Status":""}},
{"type":"Feature","geometry":{"type":"Point","coordinates":[79.98556,28.94694]},"properties":{"Name_of_Ba":"","District":"UDHAM SINGH NAGAR","River":"","Status":""}},
{"type":"Feature","geometry":{"type":"Point","coordinates":[79.98944,28.95111]},"properties":{"Name_of_Ba":"","District":"UDHAM SINGH NAGAR","River":"","Status":""}},
{"type":"Feature","geometry":{"type":"Point","coordinates":[79.94278,28.90639]},"properties":{"Name_of_Ba":"","District":"UDHAM SINGH NAGAR","River":"","Status":""}},
{"type":"Feature","geometry":{"type":"Point","coordinates":[79.94139,28.91]},"properties":{"Name_of_Ba":"","District":"UDHAM SINGH NAGAR","River":"","Status":""}},
{"type":"Feature","geometry":{"type":"Point","coordinates":[79.94528,28.91028]},"properties":{"Name_of_Ba":"","District":"UDHAM SINGH NAGAR","River":"","Status":""}},
{"type":"Feature","geometry":{"type":"Point","coordinates":[79.92167,28.94944]},"properties":{"Name_of_Ba":"","District":"UDHAM SINGH NAGAR","River":"","Status":""}},
{"type":"Feature","geometry":{"type":"Point","coordinates":[79.88861,28.95833]},"properties":{"Name_of_Ba":"","District":"UDHAM SINGH NAGAR","River":"","Status":""}},
{"type":"Feature","geometry":{"type":"Point","coordinates":[79.88472,28.95278]},"properties":{"Name_of_Ba":"","District":"UDHAM SINGH NAGAR","River":"","Status":""}},
{"type":"Feature","geometry":{"type":"Point","coordinates":[79.88444,28.95889]},"properties":{"Name_of_Ba":"","District":"UDHAM SINGH NAGAR","River":"","Status":""}},
{"type":"Feature","geometry":{"type":"Point","coordinates":[79.84556,28.91889]},"properties":{"Name_of_Ba":"","District":"UDHAM SINGH NAGAR","River":"","Status":""}},
{"type":"Feature","geometry":{"type":"Point","coordinates":[79.90611,28.95361]},"properties":{"Name_of_Ba":"","District":"UDHAM SINGH NAGAR","River":"","Status":""}},
{"type":"Feature","geometry":{"type":"Point","coordinates":[79.89444,28.96278]},"properties":{"Name_of_Ba":"","District":"UDHAM SINGH NAGAR","River":"","Status":""}},
{"type":"Feature","geometry":{"type":"Point","coordinates":[79.92167,28.96528]},"properties":{"Name_of_Ba":"","District":"UDHAM SINGH NAGAR","River":"","Status":""}},
{"type":"Feature","geometry":{"type":"Point","coordinates":[79.92139,28.965]},"properties":{"Name_of_Ba":"","District":"UDHAM SINGH NAGAR","River":"","Status":""}},
{"type":"Feature","geometry":{"type":"Point","coordinates":[79.93944,28.95472]},"properties":{"Name_of_Ba":"","District":"UDHAM SINGH NAGAR","River":"","Status":""}},
{"type":"Feature","geometry":{"type":"Point","coordinates":[79.94194,28.95417]},"properties":{"Name_of_Ba":"","District":"UDHAM SINGH NAGAR","River":"","Status":""}},
{"type":"Feature","geometry":{"type":"Point","coordinates":[79.93917,28.95722]},"properties":{"Name_of_Ba":"","District":"UDHAM SINGH NAGAR","River":"","Status":""}},
{"type":"Feature","geometry":{"type":"Point","coordinates":[79.94028,28.95611]},"properties":{"Name_of_Ba":"","District":"UDHAM SINGH NAGAR","River":"","Status":""}},
{"type":"Feature","geometry":{"type":"Point","coordinates":[79.935,28.95389]},"properties":{"Name_of_Ba":"","District":"UDHAM SINGH NAGAR","River":"","Status":""}},
{"type":"Feature","geometry":{"type":"Point","coordinates":[79.94167,28.95389]},"properties":{"Name_of_Ba":"","District":"UDHAM SINGH NAGAR","River":"","Status":""}},
{"type":"Feature","geometry":{"type":"Point","coordinates":[79.93861,28.77]},"properties":{"Name_of_Ba":"","District":"UDHAM SINGH NAGAR","River":"","Status":""}},
{"type":"Feature","geometry":{"type":"Point","coordinates":[79.93444,28.77861]},"properties":{"Name_of_Ba":"","District":"UDHAM SINGH NAGAR","River":"","Status":""}},
{"type":"Feature","geometry":{"type":"Point","coordinates":[80.03778,28.86083]},"properties":{"Name_of_Ba":"","District":"UDHAM SINGH NAGAR","River":"","Status":""}},
{"type":"Feature","geometry":{"type":"Point","coordinates":[79.95694,29.00556]},"properties":{"Name_of_Ba":"","District":"UDHAM SINGH NAGAR","River":"","Status":""}},
{"type":"Feature","geometry":{"type":"Point","coordinates":[79.90583,28.97667]},"properties":{"Name_of_Ba":"","District":"UDHAM SINGH NAGAR","River":"","Status":""}},
{"type":"Feature","geometry":{"type":"Point","coordinates":[79.96028,28.95167]},"properties":{"Name_of_Ba":"","District":"UDHAM SINGH NAGAR","River":"","Status":""}},
{"type":"Feature","geometry":{"type":"Point","coordinates":[79.96083,28.94222]},"properties":{"Name_of_Ba":"","District":"UDHAM SINGH NAGAR","River":"","Status":""}},
{"type":"Feature","geometry":{"type":"Point","coordinates":[79.96722,28.93722]},"properties":{"Name_of_Ba":"","District":"UDHAM SINGH NAGAR","River":"","Status":""}},
{"type":"Feature","geometry":{"type":"Point","coordinates":[79.5825,28.85722]},"properties":{"Name_of_Ba":"","District":"UDHAM SINGH NAGAR","River":"","Status":""}},
{"type":"Feature","geometry":{"type":"Point","coordinates":[79.59694,28.85444]},"properties":{"Name_of_Ba":"","District":"UDHAM SINGH NAGAR","River":"","Status":""}},
{"type":"Feature","geometry":{"type":"Point","coordinates":[79.49611,28.88111]},"properties":{"Name_of_Ba":"","District":"UDHAM SINGH NAGAR","River":"","Status":""}},
{"type":"Feature","geometry":{"type":"Point","coordinates":[79.45944,28.91611]},"properties":{"Name_of_Ba":"","District":"UDHAM SINGH NAGAR","River":"","Status":""}},
{"type":"Feature","geometry":{"type":"Point","coordinates":[79.46194,28.90806]},"properties":{"Name_of_Ba":"","District":"UDHAM SINGH NAGAR","River":"","Status":""}},
{"type":"Feature","geometry":{"type":"Point","coordinates":[79.57806,28.85222]},"properties":{"Name_of_Ba":"","District":"UDHAM SINGH NAGAR","River":"","Status":""}},
{"type":"Feature","geometry":{"type":"Point","coordinates":[79.55889,28.91778]},"properties":{"Name_of_Ba":"","District":"UDHAM SINGH NAGAR","River":"","Status":""}},
{"type":"Feature","geometry":{"type":"Point","coordinates":[79.61361,28.865]},"properties":{"Name_of_Ba":"","District":"UDHAM SINGH NAGAR","River":"","Status":""}},
{"type":"Feature","geometry":{"type":"Point","coordinates":[79.62167,28.86556]},"properties":{"Name_of_Ba":"","District":"UDHAM SINGH NAGAR","River":"","Status":""}},
{"type":"Feature","geometry":{"type":"Point","coordinates":[79.46556,28.87889]},"properties":{"Name_of_Ba":"","District":"UDHAM SINGH NAGAR","River":"","Status":""}},
{"type":"Feature","geometry":{"type":"Point","coordinates":[79.45417,28.87278]},"properties":{"Name_of_Ba":"","District":"UDHAM SINGH NAGAR","River":"","Status":""}},
{"type":"Feature","geometry":{"type":"Point","coordinates":[79.46056,28.86889]},"properties":{"Name_of_Ba":"","District":"UDHAM SINGH NAGAR","River":"","Status":""}},
{"type":"Feature","geometry":{"type":"Point","coordinates":[79.45861,28.87278]},"properties":{"Name_of_Ba":"","District":"UDHAM SINGH NAGAR","River":"","Status":""}},
{"type":"Feature","geometry":{"type":"Point","coordinates":[79.47472,28.86917]},"properties":{"Name_of_Ba":"","District":"UDHAM SINGH NAGAR","River":"","Status":""}},
{"type":"Feature","geometry":{"type":"Point","coordinates":[79.46556,28.87583]},"properties":{"Name_of_Ba":"","District":"UDHAM SINGH NAGAR","River":"","Status":""}},
{"type":"Feature","geometry":{"type":"Point","coordinates":[79.47,28.87167]},"properties":{"Name_of_Ba":"","District":"UDHAM SINGH NAGAR","River":"","Status":""}},
{"type":"Feature","geometry":{"type":"Point","coordinates":[79.43833,28.86972]},"properties":{"Name_of_Ba":"","District":"UDHAM SINGH NAGAR","River":"","Status":""}},
{"type":"Feature","geometry":{"type":"Point","coordinates":[79.42972,28.95333]},"properties":{"Name_of_Ba":"","District":"UDHAM SINGH NAGAR","River":"","Status":""}},
{"type":"Feature","geometry":{"type":"Point","coordinates":[79.52278,28.87583]},"properties":{"Name_of_Ba":"","District":"UDHAM SINGH NAGAR","River":"","Status":""}},
{"type":"Feature","geometry":{"type":"Point","coordinates":[79.52194,28.8775]},"properties":{"Name_of_Ba":"","District":"UDHAM SINGH NAGAR","River":"","Status":""}},
{"type":"Feature","geometry":{"type":"Point","coordinates":[79.525,28.86889]},"properties":{"Name_of_Ba":"","District":"UDHAM SINGH NAGAR","River":"","Status":""}},
{"type":"Feature","geometry":{"type":"Point","coordinates":[79.52556,28.86972]},"properties":{"Name_of_Ba":"","District":"UDHAM SINGH NAGAR","River":"","Status":""}},
{"type":"Feature","geometry":{"type":"Point","coordinates":[79.52167,28.8775]},"properties":{"Name_of_Ba":"","District":"UDHAM SINGH NAGAR","River":"","Status":""}},
{"type":"Feature","geometry":{"type":"Point","coordinates":[79.53122,28.87521]},"properties":{"Name_of_Ba":"","District":"UDHAM SINGH NAGAR","River":"","Status":""}},
{"type":"Feature","geometry":{"type":"Point","coordinates":[79.47111,28.89306]},"properties":{"Name_of_Ba":"","District":"UDHAM SINGH NAGAR","River":"","Status":""}},
{"type":"Feature","geometry":{"type":"Point","coordinates":[79.47139,28.89333]},"properties":{"Name_of_Ba":"","District":"UDHAM SINGH NAGAR","River":"","Status":""}},
{"type":"Feature","geometry":{"type":"Point","coordinates":[79.465,28.88556]},"properties":{"Name_of_Ba":"","District":"UDHAM SINGH NAGAR","River":"","Status":""}},
{"type":"Feature","geometry":{"type":"Point","coordinates":[79.43778,28.87417]},"properties":{"Name_of_Ba":"","District":"UDHAM SINGH NAGAR","River":"","Status":""}},
{"type":"Feature","geometry":{"type":"Point","coordinates":[79.43778,28.87306]},"properties":{"Name_of_Ba":"","District":"UDHAM SINGH NAGAR","River":"","Status":""}},
{"type":"Feature","geometry":{"type":"Point","coordinates":[79.43611,28.87583]},"properties":{"Name_of_Ba":"","District":"UDHAM SINGH NAGAR","River":"","Status":""}},
{"type":"Feature","geometry":{"type":"Point","coordinates":[79.43667,28.87556]},"properties":{"Name_of_Ba":"","District":"UDHAM SINGH NAGAR","River":"","Status":""}},
{"type":"Feature","geometry":{"type":"Point","coordinates":[79.43972,28.87333]},"properties":{"Name_of_Ba":"","District":"UDHAM SINGH NAGAR","River":"","Status":""}},
{"type":"Feature","geometry":{"type":"Point","coordinates":[79.43722,28.875]},"properties":{"Name_of_Ba":"","District":"UDHAM SINGH NAGAR","River":"","Status":""}},
{"type":"Feature","geometry":{"type":"Point","coordinates":[79.44222,28.87861]},"properties":{"Name_of_Ba":"","District":"UDHAM SINGH NAGAR","River":"","Status":""}},
{"type":"Feature","geometry":{"type":"Point","coordinates":[79.44056,28.87]},"properties":{"Name_of_Ba":"","District":"UDHAM SINGH NAGAR","River":"","Status":""}},
{"type":"Feature","geometry":{"type":"Point","coordinates":[79.42972,28.86611]},"properties":{"Name_of_Ba":"","District":"UDHAM SINGH NAGAR","River":"","Status":""}},
{"type":"Feature","geometry":{"type":"Point","coordinates":[79.43333,28.86611]},"properties":{"Name_of_Ba":"","District":"UDHAM SINGH NAGAR","River":"","Status":""}},
{"type":"Feature","geometry":{"type":"Point","coordinates":[79.44167,28.86556]},"properties":{"Name_of_Ba":"","District":"UDHAM SINGH NAGAR","River":"","Status":""}},
{"type":"Feature","geometry":{"type":"Point","coordinates":[79.43833,28.87806]},"properties":{"Name_of_Ba":"","District":"UDHAM SINGH NAGAR","River":"","Status":""}},
{"type":"Feature","geometry":{"type":"Point","coordinates":[79.44111,28.87889]},"properties":{"Name_of_Ba":"","District":"UDHAM SINGH NAGAR","River":"","Status":""}},
{"type":"Feature","geometry":{"type":"Point","coordinates":[79.49806,28.89389]},"properties":{"Name_of_Ba":"","District":"UDHAM SINGH NAGAR","River":"","Status":""}},
{"type":"Feature","geometry":{"type":"Point","coordinates":[79.49889,28.88556]},"properties":{"Name_of_Ba":"","District":"UDHAM SINGH NAGAR","River":"","Status":""}},
{"type":"Feature","geometry":{"type":"Point","coordinates":[79.50167,28.88667]},"properties":{"Name_of_Ba":"","District":"UDHAM SINGH NAGAR","River":"","Status":""}},
{"type":"Feature","geometry":{"type":"Point","coordinates":[79.49944,28.96556]},"properties":{"Name_of_Ba":"","District":"UDHAM SINGH NAGAR","River":"","Status":""}},
{"type":"Feature","geometry":{"type":"Point","coordinates":[79.45944,28.91806]},"properties":{"Name_of_Ba":"","District":"UDHAM SINGH NAGAR","River":"","Status":""}},
{"type":"Feature","geometry":{"type":"Point","coordinates":[79.46111,28.92556]},"properties":{"Name_of_Ba":"","District":"UDHAM SINGH NAGAR","River":"","Status":""}},
{"type":"Feature","geometry":{"type":"Point","coordinates":[79.45694,28.92444]},"properties":{"Name_of_Ba":"","District":"UDHAM SINGH NAGAR","River":"","Status":""}},
{"type":"Feature","geometry":{"type":"Point","coordinates":[79.50778,28.93556]},"properties":{"Name_of_Ba":"","District":"UDHAM SINGH NAGAR","River":"","Status":""}},
{"type":"Feature","geometry":{"type":"Point","coordinates":[79.50889,28.93833]},"properties":{"Name_of_Ba":"","District":"UDHAM SINGH NAGAR","River":"","Status":""}},
{"type":"Feature","geometry":{"type":"Point","coordinates":[79.51167,28.92944]},"properties":{"Name_of_Ba":"","District":"UDHAM SINGH NAGAR","River":"","Status":""}},
{"type":"Feature","geometry":{"type":"Point","coordinates":[79.47694,28.94778]},"properties":{"Name_of_Ba":"","District":"UDHAM SINGH NAGAR","River":"","Status":""}},
{"type":"Feature","geometry":{"type":"Point","coordinates":[79.56139,28.92444]},"properties":{"Name_of_Ba":"","District":"UDHAM SINGH NAGAR","River":"","Status":""}},
{"type":"Feature","geometry":{"type":"Point","coordinates":[79.57639,28.94]},"properties":{"Name_of_Ba":"","District":"UDHAM SINGH NAGAR","River":"","Status":""}},
{"type":"Feature","geometry":{"type":"Point","coordinates":[79.49139,28.88111]},"properties":{"Name_of_Ba":"","District":"UDHAM SINGH NAGAR","River":"","Status":""}},
{"type":"Feature","geometry":{"type":"Point","coordinates":[79.49028,28.88222]},"properties":{"Name_of_Ba":"","District":"UDHAM SINGH NAGAR","River":"","Status":""}},
{"type":"Feature","geometry":{"type":"Point","coordinates":[79.48694,28.87417]},"properties":{"Name_of_Ba":"","District":"UDHAM SINGH NAGAR","River":"","Status":""}},
{"type":"Feature","geometry":{"type":"Point","coordinates":[79.49056,28.87944]},"properties":{"Name_of_Ba":"","District":"UDHAM SINGH NAGAR","River":"","Status":""}},
{"type":"Feature","geometry":{"type":"Point","coordinates":[79.46278,28.95472]},"properties":{"Name_of_Ba":"","District":"UDHAM SINGH NAGAR","River":"","Status":""}},
{"type":"Feature","geometry":{"type":"Point","coordinates":[79.58056,28.88806]},"properties":{"Name_of_Ba":"","District":"UDHAM SINGH NAGAR","River":"","Status":""}},
{"type":"Feature","geometry":{"type":"Point","coordinates":[79.59056,28.8875]},"properties":{"Name_of_Ba":"","District":"UDHAM SINGH NAGAR","River":"","Status":""}},
{"type":"Feature","geometry":{"type":"Point","coordinates":[79.59167,28.89333]},"properties":{"Name_of_Ba":"","District":"UDHAM SINGH NAGAR","River":"","Status":""}},
{"type":"Feature","geometry":{"type":"Point","coordinates":[79.58583,28.89139]},"properties":{"Name_of_Ba":"","District":"UDHAM SINGH NAGAR","River":"","Status":""}},
{"type":"Feature","geometry":{"type":"Point","coordinates":[79.43972,28.89417]},"properties":{"Name_of_Ba":"","District":"UDHAM SINGH NAGAR","River":"","Status":""}},
{"type":"Feature","geometry":{"type":"Point","coordinates":[79.44028,28.88972]},"properties":{"Name_of_Ba":"","District":"UDHAM SINGH NAGAR","River":"","Status":""}},
{"type":"Feature","geometry":{"type":"Point","coordinates":[79.44056,28.89333]},"properties":{"Name_of_Ba":"","District":"UDHAM SINGH NAGAR","River":"","Status":""}},
{"type":"Feature","geometry":{"type":"Point","coordinates":[79.43,28.89222]},"properties":{"Name_of_Ba":"","District":"UDHAM SINGH NAGAR","River":"","Status":""}},
{"type":"Feature","geometry":{"type":"Point","coordinates":[79.43139,28.88722]},"properties":{"Name_of_Ba":"","District":"UDHAM SINGH NAGAR","River":"","Status":""}},
{"type":"Feature","geometry":{"type":"Point","coordinates":[79.44083,28.88722]},"properties":{"Name_of_Ba":"","District":"UDHAM SINGH NAGAR","River":"","Status":""}},
{"type":"Feature","geometry":{"type":"Point","coordinates":[79.43056,28.89222]},"properties":{"Name_of_Ba":"","District":"UDHAM SINGH NAGAR","River":"","Status":""}},
{"type":"Feature","geometry":{"type":"Point","coordinates":[79.44139,28.89167]},"properties":{"Name_of_Ba":"","District":"UDHAM SINGH NAGAR","River":"","Status":""}},
{"type":"Feature","geometry":{"type":"Point","coordinates":[79.44083,28.88944]},"properties":{"Name_of_Ba":"","District":"UDHAM SINGH NAGAR","River":"","Status":""}},
{"type":"Feature","geometry":{"type":"Point","coordinates":[79.43944,28.88778]},"properties":{"Name_of_Ba":"","District":"UDHAM SINGH NAGAR","River":"","Status":""}},
{"type":"Feature","geometry":{"type":"Point","coordinates":[79.43028,28.89139]},"properties":{"Name_of_Ba":"","District":"UDHAM SINGH NAGAR","River":"","Status":""}},
{"type":"Feature","geometry":{"type":"Point","coordinates":[79.43944,28.89361]},"properties":{"Name_of_Ba":"","District":"UDHAM SINGH NAGAR","River":"","Status":""}},
{"type":"Feature","geometry":{"type":"Point","coordinates":[79.85306,29.00306]},"properties":{"Name_of_Ba":"","District":"UDHAM SINGH NAGAR","River":"","Status":""}},
{"type":"Feature","geometry":{"type":"Point","coordinates":[79.85028,28.9975]},"properties":{"Name_of_Ba":"","District":"UDHAM SINGH NAGAR","River":"","Status":""}},
{"type":"Feature","geometry":{"type":"Point","coordinates":[79.84722,29.00917]},"properties":{"Name_of_Ba":"","District":"UDHAM SINGH NAGAR","River":"","Status":""}},
{"type":"Feature","geometry":{"type":"Point","coordinates":[79.67417,28.95667]},"properties":{"Name_of_Ba":"","District":"UDHAM SINGH NAGAR","River":"","Status":""}},
{"type":"Feature","geometry":{"type":"Point","coordinates":[79.72778,28.91722]},"properties":{"Name_of_Ba":"","District":"UDHAM SINGH NAGAR","River":"","Status":""}},
{"type":"Feature","geometry":{"type":"Point","coordinates":[79.72333,28.91944]},"properties":{"Name_of_Ba":"","District":"UDHAM SINGH NAGAR","River":"","Status":""}},
{"type":"Feature","geometry":{"type":"Point","coordinates":[79.8225,28.91194]},"properties":{"Name_of_Ba":"","District":"UDHAM SINGH NAGAR","River":"","Status":""}},
{"type":"Feature","geometry":{"type":"Point","coordinates":[79.81833,28.91056]},"properties":{"Name_of_Ba":"","District":"UDHAM SINGH NAGAR","River":"","Status":""}},
{"type":"Feature","geometry":{"type":"Point","coordinates":[79.81583,28.90833]},"properties":{"Name_of_Ba":"","District":"UDHAM SINGH NAGAR","River":"","Status":""}},
{"type":"Feature","geometry":{"type":"Point","coordinates":[79.70917,28.9525]},"properties":{"Name_of_Ba":"","District":"UDHAM SINGH NAGAR","River":"","Status":""}},
{"type":"Feature","geometry":{"type":"Point","coordinates":[79.70972,28.9525]},"properties":{"Name_of_Ba":"","District":"UDHAM SINGH NAGAR","River":"","Status":""}},
{"type":"Feature","geometry":{"type":"Point","coordinates":[79.70556,28.95278]},"properties":{"Name_of_Ba":"","District":"UDHAM SINGH NAGAR","River":"","Status":""}},
{"type":"Feature","geometry":{"type":"Point","coordinates":[79.74,28.9875]},"properties":{"Name_of_Ba":"","District":"UDHAM SINGH NAGAR","River":"","Status":""}},
{"type":"Feature","geometry":{"type":"Point","coordinates":[79.745,28.98556]},"properties":{"Name_of_Ba":"","District":"UDHAM SINGH NAGAR","River":"","Status":""}},
{"type":"Feature","geometry":{"type":"Point","coordinates":[79.73639,28.99639]},"properties":{"Name_of_Ba":"","District":"UDHAM SINGH NAGAR","River":"","Status":""}},
{"type":"Feature","geometry":{"type":"Point","coordinates":[79.73889,28.98611]},"properties":{"Name_of_Ba":"","District":"UDHAM SINGH NAGAR","River":"","Status":""}},
{"type":"Feature","geometry":{"type":"Point","coordinates":[79.69222,28.88194]},"properties":{"Name_of_Ba":"","District":"UDHAM SINGH NAGAR","River":"","Status":""}},
{"type":"Feature","geometry":{"type":"Point","coordinates":[79.69778,28.87528]},"properties":{"Name_of_Ba":"","District":"UDHAM SINGH NAGAR","River":"","Status":""}},
{"type":"Feature","geometry":{"type":"Point","coordinates":[79.68806,28.885]},"properties":{"Name_of_Ba":"","District":"UDHAM SINGH NAGAR","River":"","Status":""}},
{"type":"Feature","geometry":{"type":"Point","coordinates":[79.69917,28.87333]},"properties":{"Name_of_Ba":"","District":"UDHAM SINGH NAGAR","River":"","Status":""}},
{"type":"Feature","geometry":{"type":"Point","coordinates":[79.7575,29.02639]},"properties":{"Name_of_Ba":"","District":"UDHAM SINGH NAGAR","River":"","Status":""}},
{"type":"Feature","geometry":{"type":"Point","coordinates":[79.76944,29.02306]},"properties":{"Name_of_Ba":"","District":"UDHAM SINGH NAGAR","River":"","Status":""}},
{"type":"Feature","geometry":{"type":"Point","coordinates":[79.76944,29.02306]},"properties":{"Name_of_Ba":"","District":"UDHAM SINGH NAGAR","River":"","Status":""}},
{"type":"Feature","geometry":{"type":"Point","coordinates":[79.82583,28.89083]},"properties":{"Name_of_Ba":"","District":"UDHAM SINGH NAGAR","River":"","Status":""}},
{"type":"Feature","geometry":{"type":"Point","coordinates":[79.76667,28.94389]},"properties":{"Name_of_Ba":"","District":"UDHAM SINGH NAGAR","River":"","Status":""}},
{"type":"Feature","geometry":{"type":"Point","coordinates":[79.79472,28.93806]},"properties":{"Name_of_Ba":"","District":"UDHAM SINGH NAGAR","River":"","Status":""}},
{"type":"Feature","geometry":{"type":"Point","coordinates":[79.77083,28.92444]},"properties":{"Name_of_Ba":"","District":"UDHAM SINGH NAGAR","River":"","Status":""}},
{"type":"Feature","geometry":{"type":"Point","coordinates":[79.77389,28.93306]},"properties":{"Name_of_Ba":"","District":"UDHAM SINGH NAGAR","River":"","Status":""}},
{"type":"Feature","geometry":{"type":"Point","coordinates":[79.77278,28.92389]},"properties":{"Name_of_Ba":"","District":"UDHAM SINGH NAGAR","River":"","Status":""}},
{"type":"Feature","geometry":{"type":"Point","coordinates":[79.765,28.925]},"properties":{"Name_of_Ba":"","District":"UDHAM SINGH NAGAR","River":"","Status":""}},
{"type":"Feature","geometry":{"type":"Point","coordinates":[79.76528,28.925]},"properties":{"Name_of_Ba":"","District":"UDHAM SINGH NAGAR","River":"","Status":""}},
{"type":"Feature","geometry":{"type":"Point","coordinates":[79.77361,28.93278]},"properties":{"Name_of_Ba":"","District":"UDHAM SINGH NAGAR","River":"","Status":""}},
{"type":"Feature","geometry":{"type":"Point","coordinates":[79.7725,28.92389]},"properties":{"Name_of_Ba":"","District":"UDHAM SINGH NAGAR","River":"","Status":""}},
{"type":"Feature","geometry":{"type":"Point","coordinates":[79.85611,29.00833]},"properties":{"Name_of_Ba":"","District":"UDHAM SINGH NAGAR","River":"","Status":""}},
{"type":"Feature","geometry":{"type":"Point","coordinates":[79.76333,28.88306]},"properties":{"Name_of_Ba":"","District":"UDHAM SINGH NAGAR","River":"","Status":""}},
{"type":"Feature","geometry":{"type":"Point","coordinates":[79.7625,28.87861]},"properties":{"Name_of_Ba":"","District":"UDHAM SINGH NAGAR","River":"","Status":""}},
{"type":"Feature","geometry":{"type":"Point","coordinates":[79.76167,28.88167]},"properties":{"Name_of_Ba":"","District":"UDHAM SINGH NAGAR","River":"","Status":""}},
{"type":"Feature","geometry":{"type":"Point","coordinates":[79.76056,28.88306]},"properties":{"Name_of_Ba":"","District":"UDHAM SINGH NAGAR","River":"","Status":""}},
{"type":"Feature","geometry":{"type":"Point","coordinates":[79.75972,28.87861]},"properties":{"Name_of_Ba":"","District":"UDHAM SINGH NAGAR","River":"","Status":""}},
{"type":"Feature","geometry":{"type":"Point","coordinates":[79.745,28.88917]},"properties":{"Name_of_Ba":"","District":"UDHAM SINGH NAGAR","River":"","Status":""}},
{"type":"Feature","geometry":{"type":"Point","coordinates":[79.76056,28.88306]},"properties":{"Name_of_Ba":"","District":"UDHAM SINGH NAGAR","River":"","Status":""}},
{"type":"Feature","geometry":{"type":"Point","coordinates":[79.76028,28.88194]},"properties":{"Name_of_Ba":"","District":"UDHAM SINGH NAGAR","River":"","Status":""}},
{"type":"Feature","geometry":{"type":"Point","coordinates":[79.62861,28.97833]},"properties":{"Name_of_Ba":"","District":"UDHAM SINGH NAGAR","River":"","Status":""}},
{"type":"Feature","geometry":{"type":"Point","coordinates":[79.72806,28.92278]},"properties":{"Name_of_Ba":"","District":"UDHAM SINGH NAGAR","River":"","Status":""}},
{"type":"Feature","geometry":{"type":"Point","coordinates":[79.73444,28.90972]},"properties":{"Name_of_Ba":"","District":"UDHAM SINGH NAGAR","River":"","Status":""}},
{"type":"Feature","geometry":{"type":"Point","coordinates":[79.73139,28.92417]},"properties":{"Name_of_Ba":"","District":"UDHAM SINGH NAGAR","River":"","Status":""}},
{"type":"Feature","geometry":{"type":"Point","coordinates":[79.73028,28.92583]},"properties":{"Name_of_Ba":"","District":"UDHAM SINGH NAGAR","River":"","Status":""}},
{"type":"Feature","geometry":{"type":"Point","coordinates":[79.73389,28.91722]},"properties":{"Name_of_Ba":"","District":"UDHAM SINGH NAGAR","River":"","Status":""}},
{"type":"Feature","geometry":{"type":"Point","coordinates":[79.73139,28.92417]},"properties":{"Name_of_Ba":"","District":"UDHAM SINGH NAGAR","River":"","Status":""}},
{"type":"Feature","geometry":{"type":"Point","coordinates":[79.70139,28.89472]},"properties":{"Name_of_Ba":"","District":"UDHAM SINGH NAGAR","River":"","Status":""}},
{"type":"Feature","geometry":{"type":"Point","coordinates":[79.84361,28.99306]},"properties":{"Name_of_Ba":"","District":"UDHAM SINGH NAGAR","River":"","Status":""}},
{"type":"Feature","geometry":{"type":"Point","coordinates":[79.77472,28.89111]},"properties":{"Name_of_Ba":"","District":"UDHAM SINGH NAGAR","River":"","Status":""}},
{"type":"Feature","geometry":{"type":"Point","coordinates":[79.78083,28.89611]},"properties":{"Name_of_Ba":"","District":"UDHAM SINGH NAGAR","River":"","Status":""}},
{"type":"Feature","geometry":{"type":"Point","coordinates":[79.78,28.90139]},"properties":{"Name_of_Ba":"","District":"UDHAM SINGH NAGAR","River":"","Status":""}},
{"type":"Feature","geometry":{"type":"Point","coordinates":[79.78083,28.90306]},"properties":{"Name_of_Ba":"","District":"UDHAM SINGH NAGAR","River":"","Status":""}},
{"type":"Feature","geometry":{"type":"Point","coordinates":[79.77972,28.90167]},"properties":{"Name_of_Ba":"","District":"UDHAM SINGH NAGAR","River":"","Status":""}},
{"type":"Feature","geometry":{"type":"Point","coordinates":[79.78361,28.89056]},"properties":{"Name_of_Ba":"","District":"UDHAM SINGH NAGAR","River":"","Status":""}},
{"type":"Feature","geometry":{"type":"Point","coordinates":[79.78361,28.89056]},"properties":{"Name_of_Ba":"","District":"UDHAM SINGH NAGAR","River":"","Status":""}},
{"type":"Feature","geometry":{"type":"Point","coordinates":[79.77833,28.89611]},"properties":{"Name_of_Ba":"","District":"UDHAM SINGH NAGAR","River":"","Status":""}},
{"type":"Feature","geometry":{"type":"Point","coordinates":[79.74417,28.94806]},"properties":{"Name_of_Ba":"","District":"UDHAM SINGH NAGAR","River":"","Status":""}},
{"type":"Feature","geometry":{"type":"Point","coordinates":[79.75,28.93667]},"properties":{"Name_of_Ba":"","District":"UDHAM SINGH NAGAR","River":"","Status":""}},
{"type":"Feature","geometry":{"type":"Point","coordinates":[79.76,28.935]},"properties":{"Name_of_Ba":"","District":"UDHAM SINGH NAGAR","River":"","Status":""}},
{"type":"Feature","geometry":{"type":"Point","coordinates":[79.75889,28.94639]},"properties":{"Name_of_Ba":"","District":"UDHAM SINGH NAGAR","River":"","Status":""}},
{"type":"Feature","geometry":{"type":"Point","coordinates":[79.75444,28.94583]},"properties":{"Name_of_Ba":"","District":"UDHAM SINGH NAGAR","River":"","Status":""}},
{"type":"Feature","geometry":{"type":"Point","coordinates":[79.75583,28.94278]},"properties":{"Name_of_Ba":"","District":"UDHAM SINGH NAGAR","River":"","Status":""}},
{"type":"Feature","geometry":{"type":"Point","coordinates":[79.74944,28.95472]},"properties":{"Name_of_Ba":"","District":"UDHAM SINGH NAGAR","River":"","Status":""}},
{"type":"Feature","geometry":{"type":"Point","coordinates":[79.74833,28.96139]},"properties":{"Name_of_Ba":"","District":"UDHAM SINGH NAGAR","River":"","Status":""}},
{"type":"Feature","geometry":{"type":"Point","coordinates":[79.77194,28.9575]},"properties":{"Name_of_Ba":"","District":"UDHAM SINGH NAGAR","River":"","Status":""}},
{"type":"Feature","geometry":{"type":"Point","coordinates":[79.80139,28.91083]},"properties":{"Name_of_Ba":"","District":"UDHAM SINGH NAGAR","River":"","Status":""}},
{"type":"Feature","geometry":{"type":"Point","coordinates":[79.80167,28.91083]},"properties":{"Name_of_Ba":"","District":"UDHAM SINGH NAGAR","River":"","Status":""}},
{"type":"Feature","geometry":{"type":"Point","coordinates":[79.79139,28.89722]},"properties":{"Name_of_Ba":"","District":"UDHAM SINGH NAGAR","River":"","Status":""}},
{"type":"Feature","geometry":{"type":"Point","coordinates":[79.79222,28.91917]},"properties":{"Name_of_Ba":"","District":"UDHAM SINGH NAGAR","River":"","Status":""}},
{"type":"Feature","geometry":{"type":"Point","coordinates":[79.78528,28.90861]},"properties":{"Name_of_Ba":"","District":"UDHAM SINGH NAGAR","River":"","Status":""}},
{"type":"Feature","geometry":{"type":"Point","coordinates":[79.85639,29.00833]},"properties":{"Name_of_Ba":"","District":"UDHAM SINGH NAGAR","River":"","Status":""}},
{"type":"Feature","geometry":{"type":"Point","coordinates":[79.72889,28.86444]},"properties":{"Name_of_Ba":"","District":"UDHAM SINGH NAGAR","River":"","Status":""}},
{"type":"Feature","geometry":{"type":"Point","coordinates":[79.73694,28.86]},"properties":{"Name_of_Ba":"","District":"UDHAM SINGH NAGAR","River":"","Status":""}},
{"type":"Feature","geometry":{"type":"Point","coordinates":[79.73222,28.86167]},"properties":{"Name_of_Ba":"","District":"UDHAM SINGH NAGAR","River":"","Status":""}},
{"type":"Feature","geometry":{"type":"Point","coordinates":[79.73556,28.85889]},"properties":{"Name_of_Ba":"","District":"UDHAM SINGH NAGAR","River":"","Status":""}},
{"type":"Feature","geometry":{"type":"Point","coordinates":[79.74,28.86167]},"properties":{"Name_of_Ba":"","District":"UDHAM SINGH NAGAR","River":"","Status":""}},
{"type":"Feature","geometry":{"type":"Point","coordinates":[79.73611,28.86028]},"properties":{"Name_of_Ba":"","District":"UDHAM SINGH NAGAR","River":"","Status":""}},
{"type":"Feature","geometry":{"type":"Point","coordinates":[79.70694,28.90556]},"properties":{"Name_of_Ba":"","District":"UDHAM SINGH NAGAR","River":"","Status":""}},
{"type":"Feature","geometry":{"type":"Point","coordinates":[79.70639,28.90361]},"properties":{"Name_of_Ba":"","District":"UDHAM SINGH NAGAR","River":"","Status":""}},
{"type":"Feature","geometry":{"type":"Point","coordinates":[79.70722,28.90667]},"properties":{"Name_of_Ba":"","District":"UDHAM SINGH NAGAR","River":"","Status":""}},
{"type":"Feature","geometry":{"type":"Point","coordinates":[79.7375,28.8625]},"properties":{"Name_of_Ba":"","District":"UDHAM SINGH NAGAR","River":"","Status":""}},
{"type":"Feature","geometry":{"type":"Point","coordinates":[79.73222,28.865]},"properties":{"Name_of_Ba":"","District":"UDHAM SINGH NAGAR","River":"","Status":""}},
{"type":"Feature","geometry":{"type":"Point","coordinates":[79.73972,28.86083]},"properties":{"Name_of_Ba":"","District":"UDHAM SINGH NAGAR","River":"","Status":""}},
{"type":"Feature","geometry":{"type":"Point","coordinates":[79.63833,28.99417]},"properties":{"Name_of_Ba":"","District":"UDHAM SINGH NAGAR","River":"","Status":""}},
{"type":"Feature","geometry":{"type":"Point","coordinates":[79.69,28.84972]},"properties":{"Name_of_Ba":"","District":"UDHAM SINGH NAGAR","River":"","Status":""}},
{"type":"Feature","geometry":{"type":"Point","coordinates":[79.67778,28.86278]},"properties":{"Name_of_Ba":"","District":"UDHAM SINGH NAGAR","River":"","Status":""}},
{"type":"Feature","geometry":{"type":"Point","coordinates":[79.67306,28.86417]},"properties":{"Name_of_Ba":"","District":"UDHAM SINGH NAGAR","River":"","Status":""}},
{"type":"Feature","geometry":{"type":"Point","coordinates":[79.695,28.85583]},"properties":{"Name_of_Ba":"","District":"UDHAM SINGH NAGAR","River":"","Status":""}},
{"type":"Feature","geometry":{"type":"Point","coordinates":[79.705,28.86722]},"properties":{"Name_of_Ba":"","District":"UDHAM SINGH NAGAR","River":"","Status":""}},
{"type":"Feature","geometry":{"type":"Point","coordinates":[79.69972,28.87]},"properties":{"Name_of_Ba":"","District":"UDHAM SINGH NAGAR","River":"","Status":""}},
{"type":"Feature","geometry":{"type":"Point","coordinates":[79.67417,28.86917]},"properties":{"Name_of_Ba":"","District":"UDHAM SINGH NAGAR","River":"","Status":""}},
{"type":"Feature","geometry":{"type":"Point","coordinates":[79.68806,28.86111]},"properties":{"Name_of_Ba":"","District":"UDHAM SINGH NAGAR","River":"","Status":""}},
{"type":"Feature","geometry":{"type":"Point","coordinates":[79.67833,28.86222]},"properties":{"Name_of_Ba":"","District":"UDHAM SINGH NAGAR","River":"","Status":""}},
{"type":"Feature","geometry":{"type":"Point","coordinates":[79.67778,28.86861]},"properties":{"Name_of_Ba":"","District":"UDHAM SINGH NAGAR","River":"","Status":""}},
{"type":"Feature","geometry":{"type":"Point","coordinates":[79.68889,28.84889]},"properties":{"Name_of_Ba":"","District":"UDHAM SINGH NAGAR","River":"","Status":""}},
{"type":"Feature","geometry":{"type":"Point","coordinates":[79.69417,28.86167]},"properties":{"Name_of_Ba":"","District":"UDHAM SINGH NAGAR","River":"","Status":""}},
{"type":"Feature","geometry":{"type":"Point","coordinates":[79.69111,28.84917]},"properties":{"Name_of_Ba":"","District":"UDHAM SINGH NAGAR","River":"","Status":""}},
{"type":"Feature","geometry":{"type":"Point","coordinates":[79.67444,28.8675]},"properties":{"Name_of_Ba":"","District":"UDHAM SINGH NAGAR","River":"","Status":""}},
{"type":"Feature","geometry":{"type":"Point","coordinates":[79.67139,28.85861]},"properties":{"Name_of_Ba":"","District":"UDHAM SINGH NAGAR","River":"","Status":""}},
{"type":"Feature","geometry":{"type":"Point","coordinates":[79.75806,29.01806]},"properties":{"Name_of_Ba":"","District":"UDHAM SINGH NAGAR","River":"","Status":""}},
{"type":"Feature","geometry":{"type":"Point","coordinates":[79.75778,29.01778]},"properties":{"Name_of_Ba":"","District":"UDHAM SINGH NAGAR","River":"","Status":""}},
{"type":"Feature","geometry":{"type":"Point","coordinates":[79.8175,28.91944]},"properties":{"Name_of_Ba":"","District":"UDHAM SINGH NAGAR","River":"","Status":""}},
{"type":"Feature","geometry":{"type":"Point","coordinates":[79.81806,28.915]},"properties":{"Name_of_Ba":"","District":"UDHAM SINGH NAGAR","River":"","Status":""}},
{"type":"Feature","geometry":{"type":"Point","coordinates":[79.81778,28.91944]},"properties":{"Name_of_Ba":"","District":"UDHAM SINGH NAGAR","River":"","Status":""}},
{"type":"Feature","geometry":{"type":"Point","coordinates":[79.77889,29.00389]},"properties":{"Name_of_Ba":"","District":"UDHAM SINGH NAGAR","River":"","Status":""}},
{"type":"Feature","geometry":{"type":"Point","coordinates":[79.76917,29.00833]},"properties":{"Name_of_Ba":"","District":"UDHAM SINGH NAGAR","River":"","Status":""}},
{"type":"Feature","geometry":{"type":"Point","coordinates":[79.79028,28.93528]},"properties":{"Name_of_Ba":"","District":"UDHAM SINGH NAGAR","River":"","Status":""}},
{"type":"Feature","geometry":{"type":"Point","coordinates":[79.64306,28.86444]},"properties":{"Name_of_Ba":"","District":"UDHAM SINGH NAGAR","River":"","Status":""}},
{"type":"Feature","geometry":{"type":"Point","coordinates":[79.65,28.86833]},"properties":{"Name_of_Ba":"","District":"UDHAM SINGH NAGAR","River":"","Status":""}},
{"type":"Feature","geometry":{"type":"Point","coordinates":[79.77639,28.96167]},"properties":{"Name_of_Ba":"","District":"UDHAM SINGH NAGAR","River":"","Status":""}},
{"type":"Feature","geometry":{"type":"Point","coordinates":[79.77639,28.96194]},"properties":{"Name_of_Ba":"","District":"UDHAM SINGH NAGAR","River":"","Status":""}},
{"type":"Feature","geometry":{"type":"Point","coordinates":[79.76333,28.9225]},"properties":{"Name_of_Ba":"","District":"UDHAM SINGH NAGAR","River":"","Status":""}},
{"type":"Feature","geometry":{"type":"Point","coordinates":[79.76056,28.92306]},"properties":{"Name_of_Ba":"","District":"UDHAM SINGH NAGAR","River":"","Status":""}},
{"type":"Feature","geometry":{"type":"Point","coordinates":[79.75417,28.93333]},"properties":{"Name_of_Ba":"","District":"UDHAM SINGH NAGAR","River":"","Status":""}},
{"type":"Feature","geometry":{"type":"Point","coordinates":[79.76333,28.9225]},"properties":{"Name_of_Ba":"","District":"UDHAM SINGH NAGAR","River":"","Status":""}},
{"type":"Feature","geometry":{"type":"Point","coordinates":[79.75778,28.92667]},"properties":{"Name_of_Ba":"","District":"UDHAM SINGH NAGAR","River":"","Status":""}},
{"type":"Feature","geometry":{"type":"Point","coordinates":[79.81361,28.89944]},"properties":{"Name_of_Ba":"","District":"UDHAM SINGH NAGAR","River":"","Status":""}},
{"type":"Feature","geometry":{"type":"Point","coordinates":[79.82056,28.9025]},"properties":{"Name_of_Ba":"","District":"UDHAM SINGH NAGAR","River":"","Status":""}},
{"type":"Feature","geometry":{"type":"Point","coordinates":[79.78806,28.935]},"properties":{"Name_of_Ba":"","District":"UDHAM SINGH NAGAR","River":"","Status":""}},
{"type":"Feature","geometry":{"type":"Point","coordinates":[79.79472,28.93806]},"properties":{"Name_of_Ba":"","District":"UDHAM SINGH NAGAR","River":"","Status":""}},
{"type":"Feature","geometry":{"type":"Point","coordinates":[79.78806,28.935]},"properties":{"Name_of_Ba":"","District":"UDHAM SINGH NAGAR","River":"","Status":""}},
{"type":"Feature","geometry":{"type":"Point","coordinates":[79.78694,28.92972]},"properties":{"Name_of_Ba":"","District":"UDHAM SINGH NAGAR","River":"","Status":""}},
{"type":"Feature","geometry":{"type":"Point","coordinates":[79.79472,28.92806]},"properties":{"Name_of_Ba":"","District":"UDHAM SINGH NAGAR","River":"","Status":""}},
{"type":"Feature","geometry":{"type":"Point","coordinates":[79.78583,28.93528]},"properties":{"Name_of_Ba":"","District":"UDHAM SINGH NAGAR","River":"","Status":""}},
{"type":"Feature","geometry":{"type":"Point","coordinates":[79.7325,28.86639]},"properties":{"Name_of_Ba":"","District":"UDHAM SINGH NAGAR","River":"","Status":""}},
{"type":"Feature","geometry":{"type":"Point","coordinates":[79.72861,28.87694]},"properties":{"Name_of_Ba":"","District":"UDHAM SINGH NAGAR","River":"","Status":""}},
{"type":"Feature","geometry":{"type":"Point","coordinates":[79.72444,28.87194]},"properties":{"Name_of_Ba":"","District":"UDHAM SINGH NAGAR","River":"","Status":""}},
{"type":"Feature","geometry":{"type":"Point","coordinates":[79.72528,28.87528]},"properties":{"Name_of_Ba":"","District":"UDHAM SINGH NAGAR","River":"","Status":""}},
{"type":"Feature","geometry":{"type":"Point","coordinates":[79.72639,28.86806]},"properties":{"Name_of_Ba":"","District":"UDHAM SINGH NAGAR","River":"","Status":""}},
{"type":"Feature","geometry":{"type":"Point","coordinates":[79.67111,28.8775]},"properties":{"Name_of_Ba":"","District":"UDHAM SINGH NAGAR","River":"","Status":""}},
{"type":"Feature","geometry":{"type":"Point","coordinates":[79.66722,28.87278]},"properties":{"Name_of_Ba":"","District":"UDHAM SINGH NAGAR","River":"","Status":""}},
{"type":"Feature","geometry":{"type":"Point","coordinates":[79.73611,29.00083]},"properties":{"Name_of_Ba":"","District":"UDHAM SINGH NAGAR","River":"","Status":""}},
{"type":"Feature","geometry":{"type":"Point","coordinates":[79.73417,28.99833]},"properties":{"Name_of_Ba":"","District":"UDHAM SINGH NAGAR","River":"","Status":""}},
{"type":"Feature","geometry":{"type":"Point","coordinates":[79.73556,29.00639]},"properties":{"Name_of_Ba":"","District":"UDHAM SINGH NAGAR","River":"","Status":""}},
{"type":"Feature","geometry":{"type":"Point","coordinates":[79.74778,28.98194]},"properties":{"Name_of_Ba":"","District":"UDHAM SINGH NAGAR","River":"","Status":""}},
{"type":"Feature","geometry":{"type":"Point","coordinates":[79.75139,28.97778]},"properties":{"Name_of_Ba":"","District":"UDHAM SINGH NAGAR","River":"","Status":""}},
{"type":"Feature","geometry":{"type":"Point","coordinates":[79.74972,28.97833]},"properties":{"Name_of_Ba":"","District":"UDHAM SINGH NAGAR","River":"","Status":""}},
{"type":"Feature","geometry":{"type":"Point","coordinates":[79.74694,28.97611]},"properties":{"Name_of_Ba":"","District":"UDHAM SINGH NAGAR","River":"","Status":""}},
{"type":"Feature","geometry":{"type":"Point","coordinates":[79.75139,28.98111]},"properties":{"Name_of_Ba":"","District":"UDHAM SINGH NAGAR","River":"","Status":""}},
{"type":"Feature","geometry":{"type":"Point","coordinates":[79.75278,28.97278]},"properties":{"Name_of_Ba":"","District":"UDHAM SINGH NAGAR","River":"","Status":""}},
{"type":"Feature","geometry":{"type":"Point","coordinates":[79.75444,28.98056]},"properties":{"Name_of_Ba":"","District":"UDHAM SINGH NAGAR","River":"","Status":""}},
{"type":"Feature","geometry":{"type":"Point","coordinates":[79.72167,28.85444]},"properties":{"Name_of_Ba":"","District":"UDHAM SINGH NAGAR","River":"","Status":""}},
{"type":"Feature","geometry":{"type":"Point","coordinates":[79.72222,28.865]},"properties":{"Name_of_Ba":"","District":"UDHAM SINGH NAGAR","River":"","Status":""}},
{"type":"Feature","geometry":{"type":"Point","coordinates":[79.72556,28.865]},"properties":{"Name_of_Ba":"","District":"UDHAM SINGH NAGAR","River":"","Status":""}},
{"type":"Feature","geometry":{"type":"Point","coordinates":[79.72944,28.88944]},"properties":{"Name_of_Ba":"","District":"UDHAM SINGH NAGAR","River":"","Status":""}},
{"type":"Feature","geometry":{"type":"Point","coordinates":[79.70111,28.88083]},"properties":{"Name_of_Ba":"","District":"UDHAM SINGH NAGAR","River":"","Status":""}},
{"type":"Feature","geometry":{"type":"Point","coordinates":[79.7275,28.88444]},"properties":{"Name_of_Ba":"","District":"UDHAM SINGH NAGAR","River":"","Status":""}},
{"type":"Feature","geometry":{"type":"Point","coordinates":[79.72667,28.88972]},"properties":{"Name_of_Ba":"","District":"UDHAM SINGH NAGAR","River":"","Status":""}},
{"type":"Feature","geometry":{"type":"Point","coordinates":[79.70944,28.87528]},"properties":{"Name_of_Ba":"","District":"UDHAM SINGH NAGAR","River":"","Status":""}},
{"type":"Feature","geometry":{"type":"Point","coordinates":[79.70556,28.88694]},"properties":{"Name_of_Ba":"","District":"UDHAM SINGH NAGAR","River":"","Status":""}},
{"type":"Feature","geometry":{"type":"Point","coordinates":[79.71361,28.89306]},"properties":{"Name_of_Ba":"","District":"UDHAM SINGH NAGAR","River":"","Status":""}},
{"type":"Feature","geometry":{"type":"Point","coordinates":[79.70972,28.87583]},"properties":{"Name_of_Ba":"","District":"UDHAM SINGH NAGAR","River":"","Status":""}},
{"type":"Feature","geometry":{"type":"Point","coordinates":[79.705,28.88694]},"properties":{"Name_of_Ba":"","District":"UDHAM SINGH NAGAR","River":"","Status":""}},
{"type":"Feature","geometry":{"type":"Point","coordinates":[79.73028,28.88722]},"properties":{"Name_of_Ba":"","District":"UDHAM SINGH NAGAR","River":"","Status":""}},
{"type":"Feature","geometry":{"type":"Point","coordinates":[79.78306,28.87722]},"properties":{"Name_of_Ba":"","District":"UDHAM SINGH NAGAR","River":"","Status":""}},
{"type":"Feature","geometry":{"type":"Point","coordinates":[79.77944,28.88194]},"properties":{"Name_of_Ba":"","District":"UDHAM SINGH NAGAR","River":"","Status":""}},
{"type":"Feature","geometry":{"type":"Point","coordinates":[79.7825,28.8825]},"properties":{"Name_of_Ba":"","District":"UDHAM SINGH NAGAR","River":"","Status":""}},
{"type":"Feature","geometry":{"type":"Point","coordinates":[79.77889,28.88083]},"properties":{"Name_of_Ba":"","District":"UDHAM SINGH NAGAR","River":"","Status":""}},
{"type":"Feature","geometry":{"type":"Point","coordinates":[79.77778,28.98389]},"properties":{"Name_of_Ba":"","District":"UDHAM SINGH NAGAR","River":"","Status":""}},
{"type":"Feature","geometry":{"type":"Point","coordinates":[79.78389,28.975]},"properties":{"Name_of_Ba":"","District":"UDHAM SINGH NAGAR","River":"","Status":""}},
{"type":"Feature","geometry":{"type":"Point","coordinates":[79.78417,28.97167]},"properties":{"Name_of_Ba":"","District":"UDHAM SINGH NAGAR","River":"","Status":""}},
{"type":"Feature","geometry":{"type":"Point","coordinates":[79.78278,28.97972]},"properties":{"Name_of_Ba":"","District":"UDHAM SINGH NAGAR","River":"","Status":""}},
{"type":"Feature","geometry":{"type":"Point","coordinates":[79.77861,28.98667]},"properties":{"Name_of_Ba":"","District":"UDHAM SINGH NAGAR","River":"","Status":""}},
{"type":"Feature","geometry":{"type":"Point","coordinates":[79.77583,28.99306]},"properties":{"Name_of_Ba":"","District":"UDHAM SINGH NAGAR","River":"","Status":""}},
{"type":"Feature","geometry":{"type":"Point","coordinates":[79.77694,28.98944]},"properties":{"Name_of_Ba":"","District":"UDHAM SINGH NAGAR","River":"","Status":""}},
{"type":"Feature","geometry":{"type":"Point","coordinates":[79.77778,28.98417]},"properties":{"Name_of_Ba":"","District":"UDHAM SINGH NAGAR","River":"","Status":""}},
{"type":"Feature","geometry":{"type":"Point","coordinates":[79.77639,28.99]},"properties":{"Name_of_Ba":"","District":"UDHAM SINGH NAGAR","River":"","Status":""}},
{"type":"Feature","geometry":{"type":"Point","coordinates":[79.6975,28.86611]},"properties":{"Name_of_Ba":"","District":"UDHAM SINGH NAGAR","River":"","Status":""}},
{"type":"Feature","geometry":{"type":"Point","coordinates":[79.69694,28.865]},"properties":{"Name_of_Ba":"","District":"UDHAM SINGH NAGAR","River":"","Status":""}},
{"type":"Feature","geometry":{"type":"Point","coordinates":[79.68194,28.88306]},"properties":{"Name_of_Ba":"","District":"UDHAM SINGH NAGAR","River":"","Status":""}},
{"type":"Feature","geometry":{"type":"Point","coordinates":[79.67611,28.88389]},"properties":{"Name_of_Ba":"","District":"UDHAM SINGH NAGAR","River":"","Status":""}},
{"type":"Feature","geometry":{"type":"Point","coordinates":[79.72194,28.97278]},"properties":{"Name_of_Ba":"","District":"UDHAM SINGH NAGAR","River":"","Status":""}},
{"type":"Feature","geometry":{"type":"Point","coordinates":[79.71667,28.97583]},"properties":{"Name_of_Ba":"","District":"UDHAM SINGH NAGAR","River":"","Status":""}},
{"type":"Feature","geometry":{"type":"Point","coordinates":[79.72583,28.98]},"properties":{"Name_of_Ba":"","District":"UDHAM SINGH NAGAR","River":"","Status":""}},
{"type":"Feature","geometry":{"type":"Point","coordinates":[79.72,28.98361]},"properties":{"Name_of_Ba":"","District":"UDHAM SINGH NAGAR","River":"","Status":""}},
{"type":"Feature","geometry":{"type":"Point","coordinates":[79.71583,28.97111]},"properties":{"Name_of_Ba":"","District":"UDHAM SINGH NAGAR","River":"","Status":""}},
{"type":"Feature","geometry":{"type":"Point","coordinates":[79.8125,28.93611]},"properties":{"Name_of_Ba":"","District":"UDHAM SINGH NAGAR","River":"","Status":""}},
{"type":"Feature","geometry":{"type":"Point","coordinates":[79.83722,28.93806]},"properties":{"Name_of_Ba":"","District":"UDHAM SINGH NAGAR","River":"","Status":""}},
{"type":"Feature","geometry":{"type":"Point","coordinates":[79.805,28.89167]},"properties":{"Name_of_Ba":"","District":"UDHAM SINGH NAGAR","River":"","Status":""}},
{"type":"Feature","geometry":{"type":"Point","coordinates":[79.805,28.89556]},"properties":{"Name_of_Ba":"","District":"UDHAM SINGH NAGAR","River":"","Status":""}},
{"type":"Feature","geometry":{"type":"Point","coordinates":[79.73306,29.02111]},"properties":{"Name_of_Ba":"","District":"UDHAM SINGH NAGAR","River":"","Status":""}},
{"type":"Feature","geometry":{"type":"Point","coordinates":[79.73611,29.02222]},"properties":{"Name_of_Ba":"","District":"UDHAM SINGH NAGAR","River":"","Status":""}},
{"type":"Feature","geometry":{"type":"Point","coordinates":[79.73056,29.02611]},"properties":{"Name_of_Ba":"","District":"UDHAM SINGH NAGAR","River":"","Status":""}},
{"type":"Feature","geometry":{"type":"Point","coordinates":[79.74028,28.89528]},"properties":{"Name_of_Ba":"","District":"UDHAM SINGH NAGAR","River":"","Status":""}},
{"type":"Feature","geometry":{"type":"Point","coordinates":[79.72222,28.8925]},"properties":{"Name_of_Ba":"","District":"UDHAM SINGH NAGAR","River":"","Status":""}},
{"type":"Feature","geometry":{"type":"Point","coordinates":[79.72972,28.90111]},"properties":{"Name_of_Ba":"","District":"UDHAM SINGH NAGAR","River":"","Status":""}},
{"type":"Feature","geometry":{"type":"Point","coordinates":[79.73139,28.89361]},"properties":{"Name_of_Ba":"","District":"UDHAM SINGH NAGAR","River":"","Status":""}},
{"type":"Feature","geometry":{"type":"Point","coordinates":[79.73167,28.89361]},"properties":{"Name_of_Ba":"","District":"UDHAM SINGH NAGAR","River":"","Status":""}},
{"type":"Feature","geometry":{"type":"Point","coordinates":[79.81778,28.91944]},"properties":{"Name_of_Ba":"","District":"UDHAM SINGH NAGAR","River":"","Status":""}},
{"type":"Feature","geometry":{"type":"Point","coordinates":[79.82278,28.91167]},"properties":{"Name_of_Ba":"","District":"UDHAM SINGH NAGAR","River":"","Status":""}},
{"type":"Feature","geometry":{"type":"Point","coordinates":[79.8175,28.91972]},"properties":{"Name_of_Ba":"","District":"UDHAM SINGH NAGAR","River":"","Status":""}},
{"type":"Feature","geometry":{"type":"Point","coordinates":[79.80778,28.915]},"properties":{"Name_of_Ba":"","District":"UDHAM SINGH NAGAR","River":"","Status":""}},
{"type":"Feature","geometry":{"type":"Point","coordinates":[79.81639,28.92333]},"properties":{"Name_of_Ba":"","District":"UDHAM SINGH NAGAR","River":"","Status":""}},
{"type":"Feature","geometry":{"type":"Point","coordinates":[79.81389,28.91556]},"properties":{"Name_of_Ba":"","District":"UDHAM SINGH NAGAR","River":"","Status":""}},
{"type":"Feature","geometry":{"type":"Point","coordinates":[79.80444,28.93611]},"properties":{"Name_of_Ba":"","District":"UDHAM SINGH NAGAR","River":"","Status":""}},
{"type":"Feature","geometry":{"type":"Point","coordinates":[79.81417,28.92139]},"properties":{"Name_of_Ba":"","District":"UDHAM SINGH NAGAR","River":"","Status":""}},
{"type":"Feature","geometry":{"type":"Point","coordinates":[79.80472,28.93333]},"properties":{"Name_of_Ba":"","District":"UDHAM SINGH NAGAR","River":"","Status":""}},
{"type":"Feature","geometry":{"type":"Point","coordinates":[79.805,28.93361]},"properties":{"Name_of_Ba":"","District":"UDHAM SINGH NAGAR","River":"","Status":""}},
{"type":"Feature","geometry":{"type":"Point","coordinates":[79.80472,28.93583]},"properties":{"Name_of_Ba":"","District":"UDHAM SINGH NAGAR","River":"","Status":""}},
{"type":"Feature","geometry":{"type":"Point","coordinates":[79.80333,28.93639]},"properties":{"Name_of_Ba":"","District":"UDHAM SINGH NAGAR","River":"","Status":""}},
{"type":"Feature","geometry":{"type":"Point","coordinates":[79.805,28.93361]},"properties":{"Name_of_Ba":"","District":"UDHAM SINGH NAGAR","River":"","Status":""}},
{"type":"Feature","geometry":{"type":"Point","coordinates":[79.80083,28.93333]},"properties":{"Name_of_Ba":"","District":"UDHAM SINGH NAGAR","River":"","Status":""}},
{"type":"Feature","geometry":{"type":"Point","coordinates":[79.805,28.93333]},"properties":{"Name_of_Ba":"","District":"UDHAM SINGH NAGAR","River":"","Status":""}},
{"type":"Feature","geometry":{"type":"Point","coordinates":[79.70444,28.84361]},"properties":{"Name_of_Ba":"","District":"UDHAM SINGH NAGAR","River":"","Status":""}},
{"type":"Feature","geometry":{"type":"Point","coordinates":[79.70389,28.84333]},"properties":{"Name_of_Ba":"","District":"UDHAM SINGH NAGAR","River":"","Status":""}},
{"type":"Feature","geometry":{"type":"Point","coordinates":[79.70556,28.84694]},"properties":{"Name_of_Ba":"","District":"UDHAM SINGH NAGAR","River":"","Status":""}},
{"type":"Feature","geometry":{"type":"Point","coordinates":[79.69667,28.84639]},"properties":{"Name_of_Ba":"","District":"UDHAM SINGH NAGAR","River":"","Status":""}},
{"type":"Feature","geometry":{"type":"Point","coordinates":[79.70277,28.8515]},"properties":{"Name_of_Ba":"","District":"UDHAM SINGH NAGAR","River":"","Status":""}},
{"type":"Feature","geometry":{"type":"Point","coordinates":[79.7525,29.00917]},"properties":{"Name_of_Ba":"","District":"UDHAM SINGH NAGAR","River":"","Status":""}},
{"type":"Feature","geometry":{"type":"Point","coordinates":[79.75278,29.01139]},"properties":{"Name_of_Ba":"","District":"UDHAM SINGH NAGAR","River":"","Status":""}},
{"type":"Feature","geometry":{"type":"Point","coordinates":[79.75278,29.01111]},"properties":{"Name_of_Ba":"","District":"UDHAM SINGH NAGAR","River":"","Status":""}},
{"type":"Feature","geometry":{"type":"Point","coordinates":[79.665,28.87639]},"properties":{"Name_of_Ba":"","District":"UDHAM SINGH NAGAR","River":"","Status":""}},
{"type":"Feature","geometry":{"type":"Point","coordinates":[79.80889,28.92667]},"properties":{"Name_of_Ba":"","District":"UDHAM SINGH NAGAR","River":"","Status":""}},
{"type":"Feature","geometry":{"type":"Point","coordinates":[79.82028,28.93472]},"properties":{"Name_of_Ba":"","District":"UDHAM SINGH NAGAR","River":"","Status":""}},
{"type":"Feature","geometry":{"type":"Point","coordinates":[79.82,28.93417]},"properties":{"Name_of_Ba":"","District":"UDHAM SINGH NAGAR","River":"","Status":""}},
{"type":"Feature","geometry":{"type":"Point","coordinates":[79.80972,28.93361]},"properties":{"Name_of_Ba":"","District":"UDHAM SINGH NAGAR","River":"","Status":""}},
{"type":"Feature","geometry":{"type":"Point","coordinates":[79.70361,28.97167]},"properties":{"Name_of_Ba":"","District":"UDHAM SINGH NAGAR","River":"","Status":""}},
{"type":"Feature","geometry":{"type":"Point","coordinates":[79.7,28.96083]},"properties":{"Name_of_Ba":"","District":"UDHAM SINGH NAGAR","River":"","Status":""}},
{"type":"Feature","geometry":{"type":"Point","coordinates":[79.70222,28.97806]},"properties":{"Name_of_Ba":"","District":"UDHAM SINGH NAGAR","River":"","Status":""}},
{"type":"Feature","geometry":{"type":"Point","coordinates":[79.70583,28.97806]},"properties":{"Name_of_Ba":"","District":"UDHAM SINGH NAGAR","River":"","Status":""}},
{"type":"Feature","geometry":{"type":"Point","coordinates":[79.69583,28.98028]},"properties":{"Name_of_Ba":"","District":"UDHAM SINGH NAGAR","River":"","Status":""}},
{"type":"Feature","geometry":{"type":"Point","coordinates":[79.69111,28.98361]},"properties":{"Name_of_Ba":"","District":"UDHAM SINGH NAGAR","River":"","Status":""}},
{"type":"Feature","geometry":{"type":"Point","coordinates":[79.70056,28.96028]},"properties":{"Name_of_Ba":"","District":"UDHAM SINGH NAGAR","River":"","Status":""}},
{"type":"Feature","geometry":{"type":"Point","coordinates":[79.69417,28.98028]},"properties":{"Name_of_Ba":"","District":"UDHAM SINGH NAGAR","River":"","Status":""}},
{"type":"Feature","geometry":{"type":"Point","coordinates":[79.81639,28.895]},"properties":{"Name_of_Ba":"","District":"UDHAM SINGH NAGAR","River":"","Status":""}},
{"type":"Feature","geometry":{"type":"Point","coordinates":[79.7775,28.96278]},"properties":{"Name_of_Ba":"","District":"UDHAM SINGH NAGAR","River":"","Status":""}},
{"type":"Feature","geometry":{"type":"Point","coordinates":[79.77722,28.96306]},"properties":{"Name_of_Ba":"","District":"UDHAM SINGH NAGAR","River":"","Status":""}},
{"type":"Feature","geometry":{"type":"Point","coordinates":[79.79583,28.95556]},"properties":{"Name_of_Ba":"","District":"UDHAM SINGH NAGAR","River":"","Status":""}},
{"type":"Feature","geometry":{"type":"Point","coordinates":[79.78083,28.96833]},"properties":{"Name_of_Ba":"","District":"UDHAM SINGH NAGAR","River":"","Status":""}},
{"type":"Feature","geometry":{"type":"Point","coordinates":[79.78167,28.9675]},"properties":{"Name_of_Ba":"","District":"UDHAM SINGH NAGAR","River":"","Status":""}},
{"type":"Feature","geometry":{"type":"Point","coordinates":[79.71639,28.96389]},"properties":{"Name_of_Ba":"","District":"UDHAM SINGH NAGAR","River":"","Status":""}},
{"type":"Feature","geometry":{"type":"Point","coordinates":[79.72389,28.96111]},"properties":{"Name_of_Ba":"","District":"UDHAM SINGH NAGAR","River":"","Status":""}},
{"type":"Feature","geometry":{"type":"Point","coordinates":[79.715,28.95278]},"properties":{"Name_of_Ba":"","District":"UDHAM SINGH NAGAR","River":"","Status":""}},
{"type":"Feature","geometry":{"type":"Point","coordinates":[79.72361,28.96139]},"properties":{"Name_of_Ba":"","District":"UDHAM SINGH NAGAR","River":"","Status":""}},
{"type":"Feature","geometry":{"type":"Point","coordinates":[79.61167,28.98139]},"properties":{"Name_of_Ba":"","District":"UDHAM SINGH NAGAR","River":"","Status":""}},
{"type":"Feature","geometry":{"type":"Point","coordinates":[79.61194,28.98056]},"properties":{"Name_of_Ba":"","District":"UDHAM SINGH NAGAR","River":"","Status":""}},
{"type":"Feature","geometry":{"type":"Point","coordinates":[79.68056,29.0225]},"properties":{"Name_of_Ba":"","District":"UDHAM SINGH NAGAR","River":"","Status":""}},
{"type":"Feature","geometry":{"type":"Point","coordinates":[79.68028,29.0225]},"properties":{"Name_of_Ba":"","District":"UDHAM SINGH NAGAR","River":"","Status":""}},
{"type":"Feature","geometry":{"type":"Point","coordinates":[79.75278,28.97278]},"properties":{"Name_of_Ba":"","District":"UDHAM SINGH NAGAR","River":"","Status":""}},
{"type":"Feature","geometry":{"type":"Point","coordinates":[79.74639,28.97306]},"properties":{"Name_of_Ba":"","District":"UDHAM SINGH NAGAR","River":"","Status":""}},
{"type":"Feature","geometry":{"type":"Point","coordinates":[79.75833,28.97389]},"properties":{"Name_of_Ba":"","District":"UDHAM SINGH NAGAR","River":"","Status":""}},
{"type":"Feature","geometry":{"type":"Point","coordinates":[79.76278,28.96833]},"properties":{"Name_of_Ba":"","District":"UDHAM SINGH NAGAR","River":"","Status":""}},
{"type":"Feature","geometry":{"type":"Point","coordinates":[79.7475,28.97056]},"properties":{"Name_of_Ba":"","District":"UDHAM SINGH NAGAR","River":"","Status":""}},
{"type":"Feature","geometry":{"type":"Point","coordinates":[78.60139,30.84306]},"properties":{"Name_of_Ba":"","District":"UTTARKASHI","River":"","Status":""}},
{"type":"Feature","geometry":{"type":"Point","coordinates":[78.54278,30.74389]},"properties":{"Name_of_Ba":"","District":"UTTARKASHI","River":"","Status":""}},
{"type":"Feature","geometry":{"type":"Point","coordinates":[78.35278,30.55861]},"properties":{"Name_of_Ba":"","District":"UTTARKASHI","River":"","Status":""}},
{"type":"Feature","geometry":{"type":"Point","coordinates":[78.33028,30.58861]},"properties":{"Name_of_Ba":"","District":"UTTARKASHI","River":"","Status":""}},
{"type":"Feature","geometry":{"type":"Point","coordinates":[78.3525,30.69111]},"properties":{"Name_of_Ba":"","District":"UTTARKASHI","River":"","Status":""}},
{"type":"Feature","geometry":{"type":"Point","coordinates":[78.355,30.70056]},"properties":{"Name_of_Ba":"","District":"UTTARKASHI","River":"","Status":""}},
{"type":"Feature","geometry":{"type":"Point","coordinates":[78.35556,30.70028]},"properties":{"Name_of_Ba":"","District":"UTTARKASHI","River":"","Status":""}},
{"type":"Feature","geometry":{"type":"Point","coordinates":[78.40722,30.73639]},"properties":{"Name_of_Ba":"","District":"UTTARKASHI","River":"","Status":""}},
{"type":"Feature","geometry":{"type":"Point","coordinates":[78.34472,30.72278]},"properties":{"Name_of_Ba":"","District":"UTTARKASHI","River":"","Status":""}},
{"type":"Feature","geometry":{"type":"Point","coordinates":[78.34306,30.71972]},"properties":{"Name_of_Ba":"","District":"UTTARKASHI","River":"","Status":""}},
{"type":"Feature","geometry":{"type":"Point","coordinates":[78.40944,30.76194]},"properties":{"Name_of_Ba":"","District":"UTTARKASHI","River":"","Status":""}},
{"type":"Feature","geometry":{"type":"Point","coordinates":[78.35083,30.71472]},"properties":{"Name_of_Ba":"","District":"UTTARKASHI","River":"","Status":""}},
{"type":"Feature","geometry":{"type":"Point","coordinates":[78.345,30.72194]},"properties":{"Name_of_Ba":"","District":"UTTARKASHI","River":"","Status":""}},
{"type":"Feature","geometry":{"type":"Point","coordinates":[78.35056,30.715]},"properties":{"Name_of_Ba":"","District":"UTTARKASHI","River":"","Status":""}},
{"type":"Feature","geometry":{"type":"Point","coordinates":[78.34528,30.71528]},"properties":{"Name_of_Ba":"","District":"UTTARKASHI","River":"","Status":""}},
{"type":"Feature","geometry":{"type":"Point","coordinates":[78.34944,30.70917]},"properties":{"Name_of_Ba":"","District":"UTTARKASHI","River":"","Status":""}},
{"type":"Feature","geometry":{"type":"Point","coordinates":[78.34111,30.72083]},"properties":{"Name_of_Ba":"","District":"UTTARKASHI","River":"","Status":""}},
{"type":"Feature","geometry":{"type":"Point","coordinates":[78.34972,30.71389]},"properties":{"Name_of_Ba":"","District":"UTTARKASHI","River":"","Status":""}},
{"type":"Feature","geometry":{"type":"Point","coordinates":[78.34833,30.71333]},"properties":{"Name_of_Ba":"","District":"UTTARKASHI","River":"","Status":""}},
{"type":"Feature","geometry":{"type":"Point","coordinates":[78.47139,30.64417]},"properties":{"Name_of_Ba":"","District":"UTTARKASHI","River":"","Status":""}},
{"type":"Feature","geometry":{"type":"Point","coordinates":[78.35083,30.69806]},"properties":{"Name_of_Ba":"","District":"UTTARKASHI","River":"","Status":""}},
{"type":"Feature","geometry":{"type":"Point","coordinates":[78.36111,30.66639]},"properties":{"Name_of_Ba":"","District":"UTTARKASHI","River":"","Status":""}},
{"type":"Feature","geometry":{"type":"Point","coordinates":[78.34972,30.68028]},"properties":{"Name_of_Ba":"","District":"UTTARKASHI","River":"","Status":""}},
{"type":"Feature","geometry":{"type":"Point","coordinates":[78.35417,30.69083]},"properties":{"Name_of_Ba":"","District":"UTTARKASHI","River":"","Status":""}},
{"type":"Feature","geometry":{"type":"Point","coordinates":[78.3525,30.67917]},"properties":{"Name_of_Ba":"","District":"UTTARKASHI","River":"","Status":""}},
{"type":"Feature","geometry":{"type":"Point","coordinates":[78.3275,30.65389]},"properties":{"Name_of_Ba":"","District":"UTTARKASHI","River":"","Status":""}},
{"type":"Feature","geometry":{"type":"Point","coordinates":[78.32722,30.65417]},"properties":{"Name_of_Ba":"","District":"UTTARKASHI","River":"","Status":""}},
{"type":"Feature","geometry":{"type":"Point","coordinates":[78.3275,30.65389]},"properties":{"Name_of_Ba":"","District":"UTTARKASHI","River":"","Status":""}},
{"type":"Feature","geometry":{"type":"Point","coordinates":[78.32861,30.65111]},"properties":{"Name_of_Ba":"","District":"UTTARKASHI","River":"","Status":""}},
{"type":"Feature","geometry":{"type":"Point","coordinates":[78.35306,30.71639]},"properties":{"Name_of_Ba":"","District":"UTTARKASHI","River":"","Status":""}},
{"type":"Feature","geometry":{"type":"Point","coordinates":[78.35056,30.7125]},"properties":{"Name_of_Ba":"","District":"UTTARKASHI","River":"","Status":""}},
{"type":"Feature","geometry":{"type":"Point","coordinates":[78.34833,30.70778]},"properties":{"Name_of_Ba":"","District":"UTTARKASHI","River":"","Status":""}},
{"type":"Feature","geometry":{"type":"Point","coordinates":[78.04389,30.65556]},"properties":{"Name_of_Ba":"","District":"UTTARKASHI","River":"","Status":""}},
{"type":"Feature","geometry":{"type":"Point","coordinates":[78.08333,30.7325]},"properties":{"Name_of_Ba":"","District":"UTTARKASHI","River":"","Status":""}},
{"type":"Feature","geometry":{"type":"Point","coordinates":[78.24917,30.8125]},"properties":{"Name_of_Ba":"","District":"UTTARKASHI","River":"","Status":""}},
{"type":"Feature","geometry":{"type":"Point","coordinates":[78.08333,30.7325]},"properties":{"Name_of_Ba":"","District":"UTTARKASHI","River":"","Status":""}},
{"type":"Feature","geometry":{"type":"Point","coordinates":[78.08333,30.7325]},"properties":{"Name_of_Ba":"","District":"UTTARKASHI","River":"","Status":""}},
{"type":"Feature","geometry":{"type":"Point","coordinates":[78.14917,30.79306]},"properties":{"Name_of_Ba":"","District":"UTTARKASHI","River":"","Status":""}},
{"type":"Feature","geometry":{"type":"Point","coordinates":[78.93028,29.30667]},"properties":{"Name_of_Ba":"","District":"UDHAM SINGH NAGAR","River":"","Status":""}}
]}