{"type":"FeatureCollection", "features": [
{"type":"Feature","geometry":{"type":"Polygon","coordinates":[[[78.38991,30.73497],[78.38171,30.7385],[78.36674,30.73797],[78.36191,30.74167],[78.35875,30.73879],[78.3535,30.73892],[78.35073,30.73463],[78.35776,30.73091],[78.3621,30.72377],[78.36094,30.72011],[78.35646,30.7186],[78.37494,30.7063],[78.38314,30.70549],[78.38838,30.71082],[78.39991,30.70667],[78.40673,30.70895],[78.41027,30.70484],[78.42122,30.69992],[78.42407,30.6932],[78.44106,30.69017],[78.44832,30.68261],[78.45983,30.68155],[78.46706,30.68517],[78.47121,30.68402],[78.48051,30.67422],[78.48593,30.67282],[78.48764,30.66685],[78.49529,30.6653],[78.51042,30.65431],[78.51802,30.6532],[78.52351,30.65507],[78.53038,30.65463],[78.53985,30.66236],[78.54027,30.66289],[78.54354,30.67458],[78.55456,30.67721],[78.56143,30.67584],[78.56779,30.67726],[78.56974,30.67717],[78.58504,30.68095],[78.58789,30.68727],[78.59615,30.69152],[78.60266,30.69116],[78.60928,30.68608],[78.62017,30.6911],[78.62331,30.68857],[78.62713,30.69024],[78.63072,30.68933],[78.6323,30.6884],[78.63683,30.68449],[78.65628,30.68968],[78.65854,30.69239],[78.6571,30.69591],[78.66111,30.70734],[78.68294,30.71356],[78.69972,30.71535],[78.71315,30.72546],[78.71409,30.7263],[78.71805,30.73304],[78.72092,30.73365],[78.72761,30.7301],[78.74005,30.71639],[78.75118,30.71043],[78.75686,30.71285],[78.75651,30.71546],[78.75911,30.71788],[78.77826,30.72191],[78.77846,30.72199],[78.79462,30.72236],[78.79618,30.72235],[78.80509,30.72424],[78.80813,30.719],[78.81164,30.72508],[78.83169,30.73379],[78.83299,30.73599],[78.83748,30.73788],[78.84787,30.73771],[78.85437,30.75137],[78.85382,30.75439],[78.85396,30.75509],[78.85258,30.77219],[78.84958,30.7786],[78.84961,30.77894],[78.85243,30.79035],[78.85596,30.7955],[78.85405,30.80667],[78.86253,30.816],[78.85028,30.83648],[78.84938,30.84737],[78.85201,30.84942],[78.8524,30.85025],[78.85951,30.8588],[78.86823,30.86259],[78.86883,30.86828],[78.87331,30.87552],[78.87419,30.87572],[78.88246,30.87763],[78.89565,30.87097],[78.90333,30.87341],[78.90738,30.87204],[78.91481,30.87732],[78.92508,30.87816],[78.92599,30.87365],[78.93325,30.87346],[78.93923,30.8685],[78.94552,30.85365],[78.9529,30.85498],[78.95411,30.85465],[78.95965,30.85435],[78.96136,30.85397],[78.97278,30.85299],[78.97435,30.85316],[78.99482,30.8615],[79.00361,30.85812],[79.01182,30.84786],[79.01248,30.84742],[79.01748,30.84349],[79.02058,30.83057],[79.01877,30.82167],[79.0352,30.80583],[79.03789,30.80736],[79.04326,30.80671],[79.0553,30.80079],[79.05631,30.80044],[79.06777,30.79818],[79.07566,30.78813],[79.0766,30.78742],[79.08309,30.7838],[79.08405,30.78284],[79.08525,30.78162],[79.08669,30.78025],[79.09226,30.77571],[79.1175,30.77298],[79.12381,30.77077],[79.12508,30.7703],[79.12926,30.76745],[79.1323,30.7557],[79.14286,30.74746],[79.15019,30.75219],[79.15899,30.75425],[79.15959,30.75485],[79.16955,30.75572],[79.17436,30.75199],[79.18245,30.75036],[79.18527,30.74802],[79.18639,30.74741],[79.19772,30.73965],[79.19947,30.73295],[79.2086,30.73747],[79.20948,30.73726],[79.21974,30.73638],[79.22103,30.73631],[79.23559,30.7329],[79.24167,30.73267],[79.24472,30.73443],[79.25338,30.72783],[79.25584,30.72276],[79.27473,30.72425],[79.27988,30.73061],[79.27973,30.73751],[79.28018,30.73839],[79.28195,30.74131],[79.28293,30.74241],[79.28964,30.74966],[79.28363,30.75381],[79.28263,30.7546],[79.27224,30.758],[79.26971,30.76195],[79.26819,30.76271],[79.26107,30.77004],[79.26252,30.77261],[79.25932,30.77957],[79.24539,30.78488],[79.24524,30.78945],[79.24485,30.79031],[79.24052,30.79391],[79.2404,30.79429],[79.2386,30.79802],[79.2401,30.8033],[79.22718,30.80892],[79.22636,30.80952],[79.22531,30.81408],[79.22551,30.81491],[79.22626,30.81939],[79.24086,30.8247],[79.2366,30.83866],[79.23799,30.83986],[79.23913,30.84084],[79.2448,30.84237],[79.24598,30.84221],[79.25133,30.84332],[79.25397,30.85418],[79.25499,30.85616],[79.25648,30.86187],[79.25756,30.86288],[79.25948,30.8698],[79.27029,30.8698],[79.27433,30.87402],[79.28075,30.87614],[79.27996,30.87827],[79.27815,30.8804],[79.27154,30.89244],[79.27086,30.90364],[79.27066,30.9045],[79.27016,30.90738],[79.27273,30.90975],[79.28361,30.91376],[79.28194,30.91949],[79.28124,30.92138],[79.28098,30.92452],[79.28118,30.92566],[79.28469,30.93417],[79.28049,30.93982],[79.2778,30.9419],[79.273,30.94597],[79.26694,30.94607],[79.26351,30.95488],[79.26936,30.9591],[79.28191,30.96181],[79.2888,30.9673],[79.29039,30.96783],[79.30114,30.96811],[79.30284,30.96499],[79.31527,30.95888],[79.31567,30.95883],[79.31729,30.95882],[79.31822,30.95911],[79.3207,30.96022],[79.33038,30.96991],[79.32703,30.97823],[79.3252,30.98053],[79.32323,30.98363],[79.33151,30.99437],[79.33048,30.998],[79.31319,31.00166],[79.30814,31.00479],[79.30666,31.01375],[79.31174,31.01587],[79.32026,31.02427],[79.35218,31.03141],[79.36236,31.03678],[79.37545,31.05373],[79.38283,31.05536],[79.38396,31.06236],[79.38716,31.06699],[79.39154,31.06952],[79.40128,31.06866],[79.40654,31.07061],[79.41213,31.07619],[79.41433,31.09261],[79.41017,31.10725],[79.40523,31.11249],[79.3879,31.11695],[79.37164,31.11337],[79.36325,31.11865],[79.3621,31.12299],[79.34913,31.12092],[79.33695,31.12653],[79.33517,31.1324],[79.326,31.13116],[79.31836,31.13582],[79.30655,31.15251],[79.30573,31.1627],[79.3009,31.16662],[79.30534,31.17434],[79.30048,31.18765],[79.30139,31.19592],[79.2968,31.21654],[79.28611,31.22491],[79.28092,31.23575],[79.27819,31.23732],[79.25822,31.23693],[79.25113,31.24107],[79.24713,31.24732],[79.22188,31.25984],[79.22244,31.26285],[79.22925,31.26741],[79.23556,31.26887],[79.24314,31.275],[79.24582,31.28259],[79.2466,31.29156],[79.24273,31.29498],[79.22595,31.30127],[79.22238,31.30925],[79.21718,31.31227],[79.2213,31.32465],[79.23331,31.33376],[79.22502,31.34005],[79.21998,31.34108],[79.21157,31.34978],[79.18854,31.35258],[79.17739,31.35834],[79.17069,31.35871],[79.16689,31.36088],[79.16659,31.37364],[79.17366,31.38361],[79.168,31.39091],[79.16801,31.39644],[79.1536,31.40368],[79.15184,31.40826],[79.14452,31.41378],[79.13876,31.42585],[79.13899,31.43354],[79.11574,31.43714],[79.10489,31.44217],[79.10294,31.44641],[79.0961,31.4516],[79.08338,31.44592],[79.07185,31.45601],[79.06607,31.44697],[79.06727,31.43757],[79.05956,31.42966],[79.05872,31.42619],[79.05051,31.42654],[79.04765,31.42245],[79.04189,31.42939],[79.03695,31.42994],[79.02289,31.42723],[79.02149,31.42272],[79.01849,31.42456],[79.01578,31.42314],[79.01298,31.40727],[79.01535,31.38775],[79.00734,31.37843],[79.00836,31.37035],[79.01306,31.3603],[79.01825,31.35733],[79.01544,31.35428],[79.0151,31.34693],[78.99866,31.3398],[78.9852,31.34727],[78.98786,31.35564],[78.98102,31.35862],[78.97703,31.36286],[78.97346,31.35837],[78.9671,31.35592],[78.95061,31.36397],[78.94331,31.36563],[78.9382,31.3472],[78.93047,31.34137],[78.92468,31.32825],[78.9162,31.32131],[78.91605,31.3156],[78.91046,31.3096],[78.90433,31.30917],[78.89638,31.30335],[78.9002,31.29501],[78.89731,31.29014],[78.88205,31.28682],[78.88117,31.2842],[78.88565,31.27532],[78.88608,31.26854],[78.9161,31.24859],[78.92203,31.23154],[78.92206,31.22531],[78.92609,31.2231],[78.92591,31.22035],[78.92904,31.21697],[78.94773,31.21677],[78.94868,31.21331],[78.94383,31.20648],[78.948,31.19851],[78.95831,31.19037],[78.95753,31.18659],[78.97266,31.17991],[78.9792,31.17902],[78.9808,31.17616],[78.98591,31.17383],[78.9905,31.16127],[78.98822,31.15421],[78.99083,31.14816],[78.98758,31.14329],[78.99076,31.13806],[78.9996,31.13469],[79.00892,31.10992],[79.00216,31.11242],[78.99855,31.10995],[78.99004,31.10852],[78.97299,31.10808],[78.96308,31.10118],[78.95073,31.09798],[78.94512,31.10057],[78.93223,31.10068],[78.92593,31.10944],[78.92057,31.11072],[78.91273,31.10764],[78.91231,31.10208],[78.9086,31.09886],[78.90044,31.09979],[78.88999,31.09705],[78.87696,31.10457],[78.86524,31.12001],[78.85352,31.12208],[78.84801,31.12511],[78.84147,31.12971],[78.83814,31.13834],[78.83121,31.1406],[78.82734,31.15262],[78.82296,31.15774],[78.82484,31.16354],[78.81304,31.16888],[78.81072,31.17187],[78.81047,31.18026],[78.81738,31.18961],[78.81641,31.19437],[78.81036,31.19815],[78.79675,31.19641],[78.77916,31.18889],[78.76518,31.18576],[78.72838,31.18965],[78.71833,31.18777],[78.7097,31.1897],[78.70336,31.189],[78.68677,31.19776],[78.6719,31.19688],[78.66735,31.19075],[78.66172,31.18923],[78.65801,31.18504],[78.66001,31.19108],[78.65654,31.19357],[78.65732,31.19573],[78.64907,31.20217],[78.6493,31.21087],[78.64704,31.21472],[78.63655,31.21484],[78.6252,31.21853],[78.62066,31.20812],[78.61323,31.19948],[78.61184,31.19835],[78.59343,31.18473],[78.58755,31.1754],[78.58004,31.1711],[78.58015,31.16407],[78.57941,31.16292],[78.57887,31.1621],[78.57738,31.1604],[78.57135,31.15294],[78.56958,31.14612],[78.57359,31.13142],[78.57085,31.12862],[78.56471,31.128],[78.56374,31.12423],[78.56378,31.12373],[78.5545,31.11863],[78.5545,31.11708],[78.54519,31.09883],[78.54883,31.09528],[78.55809,31.09411],[78.56348,31.09024],[78.56486,31.08989],[78.56546,31.08181],[78.56319,31.07407],[78.57236,31.06272],[78.57439,31.05957],[78.58319,31.0466],[78.58053,31.03443],[78.57333,31.02856],[78.57035,31.01785],[78.56991,31.0175],[78.5587,31.01374],[78.55537,31.0069],[78.55423,31.0047],[78.55364,31.00335],[78.55764,30.99977],[78.55739,30.99438],[78.558,30.9937],[78.55917,30.9922],[78.55927,30.99109],[78.56631,30.97634],[78.57411,30.97652],[78.56965,30.96146],[78.57825,30.95767],[78.57446,30.94083],[78.56885,30.94279],[78.56841,30.945],[78.56406,30.94245],[78.5612,30.94422],[78.5579,30.94133],[78.55321,30.94116],[78.55219,30.94104],[78.54488,30.93169],[78.54376,30.93021],[78.54164,30.92369],[78.5363,30.92287],[78.53131,30.91861],[78.51599,30.91665],[78.5153,30.91665],[78.51312,30.91622],[78.50884,30.90901],[78.50238,30.90612],[78.50185,30.90546],[78.49824,30.89752],[78.48674,30.89661],[78.481,30.89794],[78.47168,30.89179],[78.45942,30.89353],[78.45096,30.89148],[78.44834,30.8873],[78.44702,30.88648],[78.43889,30.88526],[78.43737,30.8845],[78.43204,30.88174],[78.42192,30.88638],[78.41246,30.88793],[78.39885,30.88224],[78.3973,30.88184],[78.38684,30.87203],[78.38465,30.87073],[78.37997,30.86718],[78.38287,30.85896],[78.38175,30.85177],[78.3811,30.85067],[78.38294,30.84787],[78.38877,30.84371],[78.39696,30.84115],[78.40243,30.83184],[78.40332,30.82282],[78.40749,30.81873],[78.41214,30.8177],[78.41144,30.80693],[78.40844,30.80562],[78.40582,30.80425],[78.39368,30.80055],[78.38826,30.79558],[78.39338,30.79014],[78.39177,30.77243],[78.39692,30.76542],[78.39626,30.75773],[78.40147,30.74656],[78.40644,30.74301],[78.40962,30.73621],[78.41278,30.73606],[78.41954,30.72835],[78.41,30.73019],[78.40504,30.7286],[78.39125,30.73375],[78.38991,30.73497]]]},"properties":{"bpcode":1024,"bpname":"Bhatwari","dtcode":56,"dtname":"Uttarkashi","stcode":5,"stname":"Uttarakhand"}},
{"type":"Feature","geometry":{"type":"Polygon","coordinates":[[[78.31413,31.01861],[78.32264,31.01637],[78.32551,31.00645],[78.33861,31.00821],[78.34177,31.00484],[78.34536,31.00426],[78.35805,31.01203],[78.3591,31.01344],[78.3553,31.02326],[78.36552,31.02803],[78.36724,31.03119],[78.37643,31.03014],[78.38039,31.03412],[78.38096,31.03467],[78.38852,31.04215],[78.38985,31.04286],[78.39324,31.04434],[78.4035,31.04101],[78.4051,31.04057],[78.41569,31.04086],[78.42247,31.037],[78.42396,31.03662],[78.44013,31.03229],[78.45233,31.03586],[78.45723,31.03537],[78.45788,31.03536],[78.45978,31.0343],[78.46212,31.02936],[78.46852,31.02954],[78.46952,31.03003],[78.4749,31.03035],[78.47578,31.02966],[78.48227,31.02935],[78.48668,31.02387],[78.4869,31.0235],[78.49495,31.01847],[78.49278,31.00746],[78.50222,31.00349],[78.50779,31.00425],[78.5108,31.00282],[78.51713,31.00577],[78.52594,31.00613],[78.53798,31.00249],[78.55364,31.00335],[78.55423,31.0047],[78.55537,31.0069],[78.5587,31.01374],[78.56991,31.0175],[78.57035,31.01785],[78.57333,31.02856],[78.58053,31.03443],[78.58319,31.0466],[78.57439,31.05957],[78.57236,31.06272],[78.56319,31.07407],[78.56546,31.08181],[78.56486,31.08989],[78.56348,31.09024],[78.55809,31.09411],[78.54883,31.09528],[78.54519,31.09883],[78.5545,31.11708],[78.5545,31.11863],[78.56378,31.12373],[78.56374,31.12423],[78.56471,31.128],[78.57085,31.12862],[78.57359,31.13142],[78.56958,31.14612],[78.57135,31.15294],[78.57738,31.1604],[78.57887,31.1621],[78.57941,31.16292],[78.58015,31.16407],[78.58004,31.1711],[78.58755,31.1754],[78.59343,31.18473],[78.61184,31.19835],[78.61323,31.19948],[78.62066,31.20812],[78.6252,31.21853],[78.62257,31.22407],[78.61071,31.22915],[78.60229,31.22852],[78.59676,31.22512],[78.58214,31.22637],[78.57824,31.22526],[78.5745,31.22103],[78.56807,31.21915],[78.56549,31.21348],[78.55162,31.19991],[78.50756,31.19587],[78.48375,31.19894],[78.4798,31.21378],[78.47286,31.21845],[78.46174,31.23603],[78.45571,31.24102],[78.44999,31.24064],[78.44359,31.24435],[78.43658,31.25412],[78.43186,31.25359],[78.42591,31.24425],[78.42074,31.24405],[78.41522,31.23989],[78.40695,31.24219],[78.40283,31.24789],[78.40717,31.25621],[78.39772,31.26622],[78.39632,31.27511],[78.39064,31.27462],[78.3863,31.27143],[78.38413,31.28163],[78.38202,31.28342],[78.37032,31.28633],[78.35197,31.2806],[78.33991,31.28267],[78.33187,31.27761],[78.31803,31.27892],[78.31678,31.28153],[78.31116,31.28314],[78.30804,31.27554],[78.31045,31.27109],[78.30633,31.25989],[78.30255,31.25902],[78.29642,31.26113],[78.29188,31.25995],[78.28287,31.26621],[78.27996,31.26247],[78.27603,31.26151],[78.2735,31.25589],[78.26908,31.25232],[78.26868,31.24858],[78.26264,31.24519],[78.26047,31.23975],[78.25539,31.23851],[78.24951,31.24004],[78.25071,31.23331],[78.24562,31.22968],[78.23231,31.23405],[78.22032,31.23394],[78.21579,31.22872],[78.21467,31.22134],[78.2012,31.21725],[78.19809,31.21765],[78.19218,31.22476],[78.18703,31.22705],[78.17976,31.22565],[78.17381,31.22683],[78.16715,31.22465],[78.16023,31.22548],[78.1581,31.2189],[78.15362,31.21822],[78.14842,31.2137],[78.14768,31.21059],[78.13338,31.20833],[78.1286,31.20078],[78.12348,31.20015],[78.10362,31.18538],[78.09714,31.18421],[78.08774,31.18724],[78.06596,31.18717],[78.05121,31.17989],[78.04264,31.1785],[78.04104,31.17292],[78.03384,31.16971],[78.02971,31.16411],[78.03034,31.15097],[78.02062,31.15155],[78.01445,31.15778],[78.00082,31.16195],[77.98472,31.15695],[77.96732,31.17337],[77.9589,31.17092],[77.95149,31.16131],[77.94316,31.16126],[77.93516,31.15469],[77.92479,31.15043],[77.91581,31.15389],[77.90787,31.15404],[77.90131,31.15182],[77.89874,31.15023],[77.90045,31.1422],[77.89401,31.13396],[77.88905,31.13299],[77.89089,31.12223],[77.88913,31.1195],[77.88241,31.11772],[77.88052,31.11479],[77.87803,31.11503],[77.87845,31.11633],[77.87323,31.11497],[77.86382,31.10851],[77.86047,31.10159],[77.86374,31.09396],[77.85124,31.07337],[77.83806,31.07265],[77.82893,31.05827],[77.82436,31.05545],[77.82205,31.05519],[77.82296,31.05866],[77.81136,31.0591],[77.81679,31.05669],[77.81604,31.04998],[77.82162,31.04671],[77.82137,31.04274],[77.82982,31.02876],[77.832,31.02871],[77.83313,31.02413],[77.83404,31.02256],[77.83402,31.02007],[77.83403,31.01925],[77.8341,31.01443],[77.83155,31.0124],[77.83409,31.00989],[77.83403,31.0096],[77.83514,31.00713],[77.83635,31.00648],[77.83842,30.99836],[77.84342,30.99508],[77.84185,30.99349],[77.84159,30.99251],[77.83883,30.99006],[77.84074,30.98754],[77.839,30.98278],[77.83904,30.98209],[77.84004,30.97989],[77.84392,30.97899],[77.84413,30.97872],[77.84369,30.97497],[77.84772,30.97286],[77.84795,30.97228],[77.84908,30.97056],[77.85165,30.96785],[77.85494,30.96394],[77.8536,30.95382],[77.85982,30.95546],[77.86083,30.95554],[77.86333,30.95647],[77.86706,30.95302],[77.86785,30.94662],[77.8707,30.94418],[77.88022,30.94883],[77.88492,30.94574],[77.89718,30.95562],[77.89905,30.95543],[77.89959,30.95266],[77.89982,30.95244],[77.90085,30.95242],[77.90157,30.95265],[77.91131,30.9584],[77.91188,30.95888],[77.91955,30.96598],[77.92413,30.96763],[77.92715,30.97202],[77.94535,30.97388],[77.94718,30.97442],[77.96924,30.97736],[77.96929,30.97732],[77.97828,30.96887],[77.9788,30.96872],[77.98284,30.96919],[77.98591,30.96408],[77.98636,30.96389],[77.99006,30.9621],[77.98961,30.96171],[77.98649,30.9595],[77.99627,30.95533],[77.99663,30.95485],[78.00036,30.95099],[78.00046,30.94968],[78.0056,30.94329],[78.00569,30.9432],[78.00864,30.94424],[78.01194,30.94535],[78.05488,30.94792],[78.09158,30.96423],[78.10219,30.96567],[78.1308,30.96234],[78.16521,30.96696],[78.1944,30.96613],[78.22169,30.97946],[78.24407,30.98373],[78.25296,30.98365],[78.25937,30.99272],[78.27231,31.0025],[78.28957,31.00756],[78.29996,31.01421],[78.30859,31.01714],[78.31413,31.01861]]]},"properties":{"bpcode":1027,"bpname":"Mori","dtcode":56,"dtname":"Uttarkashi","stcode":5,"stname":"Uttarakhand"}},
{"type":"Feature","geometry":{"type":"Polygon","coordinates":[[[79.27973,30.73751],[79.27988,30.73061],[79.27473,30.72425],[79.29614,30.72016],[79.29794,30.71397],[79.29805,30.71317],[79.30006,30.70941],[79.30032,30.70825],[79.30012,30.69469],[79.3014,30.6942],[79.30567,30.68279],[79.30373,30.6783],[79.30949,30.67301],[79.31089,30.67218],[79.31317,30.67182],[79.31382,30.67182],[79.32494,30.66891],[79.32599,30.66797],[79.3315,30.65784],[79.34058,30.65605],[79.34165,30.65561],[79.34738,30.65273],[79.3481,30.65181],[79.35331,30.64683],[79.35563,30.63423],[79.35583,30.63286],[79.35412,30.62536],[79.34794,30.6236],[79.34656,30.61227],[79.3473,30.61148],[79.34686,30.60726],[79.34613,30.60657],[79.34216,30.60582],[79.34178,30.60564],[79.34152,30.60535],[79.35669,30.57799],[79.37041,30.56977],[79.3727,30.56351],[79.38876,30.57037],[79.41219,30.56639],[79.4276,30.55853],[79.43711,30.54225],[79.44157,30.52492],[79.47555,30.50286],[79.49186,30.49961],[79.5104,30.48725],[79.50472,30.46876],[79.51221,30.45153],[79.51709,30.4141],[79.51545,30.39666],[79.53245,30.37754],[79.56267,30.38654],[79.58159,30.40349],[79.59561,30.41209],[79.60099,30.39758],[79.60798,30.40325],[79.62224,30.40086],[79.63458,30.39293],[79.65395,30.38884],[79.66294,30.39639],[79.68614,30.40431],[79.68771,30.37687],[79.69717,30.36062],[79.72693,30.34489],[79.73228,30.33039],[79.75164,30.32721],[79.76015,30.3073],[79.76353,30.2891],[79.77785,30.28396],[79.7878,30.27253],[79.79405,30.27704],[79.79731,30.27868],[79.80028,30.28469],[79.81319,30.28553],[79.82183,30.28928],[79.8285,30.28991],[79.83025,30.2895],[79.83879,30.2875],[79.84111,30.28784],[79.85185,30.28608],[79.87332,30.27106],[79.89833,30.2764],[79.90153,30.28164],[79.91319,30.2869],[79.91875,30.28747],[79.93092,30.29806],[79.93947,30.2992],[79.94445,30.29726],[79.9471,30.29588],[79.95502,30.29007],[79.97582,30.29835],[79.977,30.29902],[79.98303,30.31134],[79.98539,30.31361],[79.98685,30.31646],[79.99661,30.33711],[79.9964,30.35166],[79.99909,30.35756],[79.99739,30.36558],[80.00822,30.36911],[80.01768,30.38255],[80.01892,30.38331],[80.03231,30.39267],[80.03279,30.39352],[80.03139,30.3968],[80.03775,30.40829],[80.02989,30.41429],[80.03091,30.42168],[80.03385,30.42568],[80.03273,30.43276],[80.03719,30.43938],[80.0376,30.44387],[80.02001,30.44889],[80.02273,30.45357],[80.01668,30.46287],[80.01519,30.46485],[80.00861,30.46927],[80.00926,30.47408],[80.02022,30.48106],[80.01554,30.48545],[80.01578,30.49177],[80.0092,30.49445],[80.01262,30.49941],[80.0127,30.50011],[80.01234,30.50334],[80.00695,30.50667],[80.00741,30.51595],[80.00367,30.52727],[79.99631,30.53194],[79.99475,30.53545],[79.99499,30.53742],[79.99778,30.54412],[80.01167,30.5608],[80.01131,30.57233],[80.01144,30.57307],[80.01331,30.5763],[80.01973,30.57875],[80.02341,30.58741],[80.03387,30.59169],[80.04278,30.598],[80.03964,30.60862],[80.03075,30.61345],[80.02975,30.61579],[80.03628,30.62082],[80.0353,30.62487],[80.03016,30.62866],[80.03368,30.63503],[80.02922,30.63856],[80.02124,30.64044],[80.01968,30.64511],[80.01516,30.64829],[80.01648,30.65943],[80.01571,30.66145],[80.01346,30.66566],[80.00713,30.66659],[80.00075,30.67637],[79.98313,30.6891],[79.98508,30.69347],[79.97974,30.70969],[79.98519,30.70861],[79.99357,30.71676],[80.01852,30.72784],[80.02567,30.73434],[80.04425,30.7327],[80.05832,30.72796],[80.0804,30.72927],[80.08752,30.7278],[80.09468,30.72338],[80.10064,30.72508],[80.10204,30.7298],[80.09581,30.74089],[80.09665,30.74705],[80.08711,30.75717],[80.08331,30.77012],[80.0839,30.77482],[80.09163,30.78265],[80.10164,30.78815],[80.09713,30.79232],[80.08678,30.79613],[80.08175,30.80867],[80.07333,30.82149],[80.05506,30.83815],[80.0538,30.8439],[80.05039,30.84492],[80.04178,30.83916],[80.03615,30.84311],[80.0327,30.84257],[80.02755,30.85037],[80.01682,30.85832],[80.00946,30.8685],[79.99989,30.86856],[79.99698,30.86601],[79.99087,30.87622],[79.96864,30.88134],[79.96269,30.88867],[79.95014,30.88318],[79.94022,30.88448],[79.93461,30.87996],[79.93155,30.88032],[79.91068,30.9132],[79.88886,30.91817],[79.88638,30.93027],[79.8888,30.93785],[79.88327,30.94023],[79.88373,30.94514],[79.88125,30.94878],[79.88225,30.95402],[79.87441,30.96721],[79.85703,30.976],[79.83846,30.97212],[79.81716,30.97159],[79.80753,30.9801],[79.80167,30.97753],[79.79693,30.97862],[79.79179,30.98651],[79.77538,30.98683],[79.75319,31.00632],[79.74687,31.0015],[79.73705,30.98102],[79.73187,30.97862],[79.71688,30.975],[79.71022,30.9766],[79.69922,30.97052],[79.67383,30.9823],[79.66542,30.98258],[79.6632,30.97682],[79.66486,30.96834],[79.66343,30.96546],[79.65749,30.96198],[79.64861,30.9603],[79.63673,30.95334],[79.61977,30.95011],[79.61398,30.94414],[79.60559,30.94026],[79.60302,30.93339],[79.60105,30.93313],[79.6009,30.93924],[79.59181,30.94531],[79.57851,30.94901],[79.56913,30.94911],[79.56433,30.95542],[79.55526,30.95577],[79.55257,30.95796],[79.54612,30.96916],[79.53901,30.9746],[79.5391,30.97888],[79.54616,30.98397],[79.5479,30.98954],[79.52657,30.98879],[79.51609,30.99709],[79.52013,31.00545],[79.51637,31.01176],[79.50843,31.01488],[79.50992,31.02581],[79.50692,31.03202],[79.49048,31.03139],[79.48186,31.03431],[79.47708,31.03339],[79.46988,31.03538],[79.45285,31.03108],[79.43381,31.02273],[79.42643,31.02394],[79.41735,31.04439],[79.41625,31.0724],[79.41213,31.07619],[79.40654,31.07061],[79.40128,31.06866],[79.39154,31.06952],[79.38716,31.06699],[79.38396,31.06236],[79.38283,31.05536],[79.37545,31.05373],[79.36236,31.03678],[79.35218,31.03141],[79.32026,31.02427],[79.31174,31.01587],[79.30666,31.01375],[79.30814,31.00479],[79.31319,31.00166],[79.33048,30.998],[79.33151,30.99437],[79.32323,30.98363],[79.3252,30.98053],[79.32703,30.97823],[79.33038,30.96991],[79.3207,30.96022],[79.31822,30.95911],[79.31729,30.95882],[79.31567,30.95883],[79.31527,30.95888],[79.30284,30.96499],[79.30114,30.96811],[79.29039,30.96783],[79.2888,30.9673],[79.28191,30.96181],[79.26936,30.9591],[79.26351,30.95488],[79.26694,30.94607],[79.273,30.94597],[79.2778,30.9419],[79.28049,30.93982],[79.28469,30.93417],[79.28118,30.92566],[79.28098,30.92452],[79.28124,30.92138],[79.28194,30.91949],[79.28361,30.91376],[79.27273,30.90975],[79.27016,30.90738],[79.27066,30.9045],[79.27086,30.90364],[79.27154,30.89244],[79.27815,30.8804],[79.27996,30.87827],[79.28075,30.87614],[79.27433,30.87402],[79.27029,30.8698],[79.25948,30.8698],[79.25756,30.86288],[79.25648,30.86187],[79.25499,30.85616],[79.25397,30.85418],[79.25133,30.84332],[79.24598,30.84221],[79.2448,30.84237],[79.23913,30.84084],[79.23799,30.83986],[79.2366,30.83866],[79.24086,30.8247],[79.22626,30.81939],[79.22551,30.81491],[79.22531,30.81408],[79.22636,30.80952],[79.22718,30.80892],[79.2401,30.8033],[79.2386,30.79802],[79.2404,30.79429],[79.24052,30.79391],[79.24485,30.79031],[79.24524,30.78945],[79.24539,30.78488],[79.25932,30.77957],[79.26252,30.77261],[79.26107,30.77004],[79.26819,30.76271],[79.26971,30.76195],[79.27224,30.758],[79.28263,30.7546],[79.28363,30.75381],[79.28964,30.74966],[79.28293,30.74241],[79.28195,30.74131],[79.28018,30.73839],[79.27973,30.73751]]]},"properties":{"bpcode":953,"bpname":"Joshimath","dtcode":57,"dtname":"Chamoli","stcode":5,"stname":"Uttarakhand"}},
{"type":"Feature","geometry":{"type":"Polygon","coordinates":[[[78.38175,30.85177],[78.38287,30.85896],[78.37997,30.86718],[78.38465,30.87073],[78.38684,30.87203],[78.3973,30.88184],[78.39885,30.88224],[78.41246,30.88793],[78.42192,30.88638],[78.43204,30.88174],[78.43737,30.8845],[78.43889,30.88526],[78.44702,30.88648],[78.44834,30.8873],[78.45096,30.89148],[78.45942,30.89353],[78.47168,30.89179],[78.481,30.89794],[78.48674,30.89661],[78.49824,30.89752],[78.50185,30.90546],[78.50238,30.90612],[78.50884,30.90901],[78.51312,30.91622],[78.5153,30.91665],[78.51599,30.91665],[78.53131,30.91861],[78.5363,30.92287],[78.54164,30.92369],[78.54376,30.93021],[78.54488,30.93169],[78.55219,30.94104],[78.55321,30.94116],[78.5579,30.94133],[78.5612,30.94422],[78.56406,30.94245],[78.56841,30.945],[78.56885,30.94279],[78.57446,30.94083],[78.57825,30.95767],[78.56965,30.96146],[78.57411,30.97652],[78.56631,30.97634],[78.55927,30.99109],[78.55917,30.9922],[78.558,30.9937],[78.55739,30.99438],[78.55764,30.99977],[78.55364,31.00335],[78.53798,31.00249],[78.52594,31.00613],[78.51713,31.00577],[78.5108,31.00282],[78.50779,31.00425],[78.50222,31.00349],[78.49278,31.00746],[78.49495,31.01847],[78.4869,31.0235],[78.48668,31.02387],[78.48227,31.02935],[78.47578,31.02966],[78.4749,31.03035],[78.46952,31.03003],[78.46852,31.02954],[78.46212,31.02936],[78.45978,31.0343],[78.45788,31.03536],[78.45723,31.03537],[78.45233,31.03586],[78.44013,31.03229],[78.42396,31.03662],[78.42247,31.037],[78.41569,31.04086],[78.4051,31.04057],[78.4035,31.04101],[78.39324,31.04434],[78.38985,31.04286],[78.38852,31.04215],[78.38096,31.03467],[78.38039,31.03412],[78.37643,31.03014],[78.36724,31.03119],[78.36552,31.02803],[78.3553,31.02326],[78.3591,31.01344],[78.35805,31.01203],[78.34536,31.00426],[78.34177,31.00484],[78.33861,31.00821],[78.32551,31.00645],[78.31567,30.99928],[78.31636,30.99601],[78.31676,30.99473],[78.31495,30.99092],[78.31339,30.99089],[78.31077,30.99021],[78.31001,30.98981],[78.29479,30.9792],[78.29352,30.97833],[78.28479,30.9753],[78.28386,30.97114],[78.2837,30.97044],[78.27744,30.96371],[78.27713,30.96073],[78.27692,30.95931],[78.26588,30.93874],[78.26568,30.93753],[78.25928,30.9317],[78.25926,30.93079],[78.2584,30.92755],[78.26088,30.92228],[78.25095,30.92652],[78.24862,30.92687],[78.21932,30.92929],[78.21441,30.92809],[78.2098,30.92398],[78.20721,30.92992],[78.20887,30.93242],[78.19943,30.93235],[78.19322,30.93733],[78.19229,30.93871],[78.19055,30.94005],[78.18876,30.94201],[78.18496,30.94611],[78.17805,30.94046],[78.1777,30.94],[78.17504,30.92972],[78.15713,30.92332],[78.15665,30.92316],[78.15609,30.91471],[78.15555,30.91411],[78.15356,30.90931],[78.14323,30.90129],[78.14396,30.89931],[78.14805,30.89348],[78.14793,30.89229],[78.14376,30.88575],[78.14505,30.88153],[78.14505,30.88072],[78.14484,30.88007],[78.14439,30.87896],[78.14383,30.87281],[78.14798,30.86316],[78.14892,30.86182],[78.14999,30.85651],[78.15023,30.85388],[78.14919,30.85049],[78.15261,30.84223],[78.15757,30.83877],[78.16606,30.83863],[78.16732,30.83554],[78.1552,30.82611],[78.14975,30.82539],[78.14764,30.8292],[78.14917,30.83048],[78.14701,30.83203],[78.14593,30.82575],[78.1371,30.82225],[78.13643,30.82162],[78.12892,30.81365],[78.12664,30.81434],[78.12131,30.81011],[78.10773,30.80663],[78.11042,30.80542],[78.10971,30.8004],[78.11773,30.79517],[78.12287,30.7865],[78.11353,30.7793],[78.09077,30.75385],[78.08608,30.75294],[78.07985,30.74162],[78.07905,30.74085],[78.07811,30.72973],[78.07901,30.72747],[78.08363,30.72204],[78.08368,30.71863],[78.07894,30.70976],[78.07221,30.70664],[78.07189,30.70557],[78.07379,30.69847],[78.0665,30.68241],[78.06686,30.68166],[78.06409,30.66828],[78.05933,30.66421],[78.05308,30.66307],[78.05058,30.66249],[78.04477,30.65882],[78.04257,30.65294],[78.03307,30.64521],[78.0291,30.64555],[78.02211,30.65248],[78.01599,30.65359],[78.01083,30.65097],[78.00981,30.64378],[78.01022,30.64177],[78.0107,30.63952],[78.01388,30.62808],[78.01225,30.62548],[78.00882,30.62485],[78.00825,30.62421],[78.00826,30.62052],[78.01259,30.61651],[78.02399,30.61325],[78.03467,30.60698],[78.03608,30.60642],[78.04392,30.60189],[78.05699,30.60507],[78.06355,30.60441],[78.06552,30.60555],[78.07561,30.60757],[78.06622,30.61878],[78.06495,30.62369],[78.07045,30.62489],[78.07697,30.6305],[78.08258,30.63123],[78.08688,30.63413],[78.09321,30.63183],[78.10077,30.63527],[78.10678,30.63356],[78.11499,30.63429],[78.12323,30.63791],[78.12522,30.64062],[78.13055,30.6356],[78.13959,30.63226],[78.15433,30.63526],[78.15507,30.63591],[78.15809,30.64275],[78.15667,30.64742],[78.1633,30.653],[78.16427,30.65524],[78.16587,30.67161],[78.17035,30.68135],[78.17066,30.68254],[78.16861,30.68797],[78.17261,30.69704],[78.1813,30.69676],[78.18737,30.70099],[78.19322,30.70206],[78.20861,30.71265],[78.21634,30.71213],[78.22017,30.71309],[78.2216,30.71584],[78.23413,30.71678],[78.23659,30.7217],[78.23614,30.72832],[78.23046,30.73348],[78.2281,30.73449],[78.22601,30.74228],[78.22595,30.74342],[78.22429,30.74872],[78.23298,30.76837],[78.23569,30.76945],[78.24642,30.76766],[78.25258,30.76997],[78.25372,30.77014],[78.26457,30.77514],[78.27048,30.77562],[78.27305,30.77398],[78.27395,30.77346],[78.28561,30.76651],[78.2883,30.76682],[78.29319,30.77079],[78.29493,30.77847],[78.29883,30.78042],[78.29912,30.78192],[78.30447,30.79053],[78.30957,30.79264],[78.30867,30.80641],[78.31747,30.80711],[78.32726,30.81396],[78.33495,30.81109],[78.33409,30.81537],[78.33853,30.83042],[78.35086,30.83074],[78.37253,30.8407],[78.3747,30.8424],[78.38068,30.84443],[78.38294,30.84787],[78.3811,30.85067],[78.38175,30.85177]]]},"properties":{"bpcode":1028,"bpname":"Naugaon","dtcode":56,"dtname":"Uttarkashi","stcode":5,"stname":"Uttarakhand"}},
{"type":"Feature","geometry":{"type":"Polygon","coordinates":[[[78.07985,30.74162],[78.08608,30.75294],[78.09077,30.75385],[78.11353,30.7793],[78.12287,30.7865],[78.11773,30.79517],[78.10971,30.8004],[78.11042,30.80542],[78.10773,30.80663],[78.12131,30.81011],[78.12664,30.81434],[78.12892,30.81365],[78.13643,30.82162],[78.1371,30.82225],[78.14593,30.82575],[78.14701,30.83203],[78.14917,30.83048],[78.14764,30.8292],[78.14975,30.82539],[78.1552,30.82611],[78.16732,30.83554],[78.16606,30.83863],[78.15757,30.83877],[78.15261,30.84223],[78.14919,30.85049],[78.15023,30.85388],[78.14999,30.85651],[78.14892,30.86182],[78.14798,30.86316],[78.14383,30.87281],[78.14439,30.87896],[78.14484,30.88007],[78.14505,30.88072],[78.14505,30.88153],[78.14376,30.88575],[78.14793,30.89229],[78.14805,30.89348],[78.14396,30.89931],[78.14323,30.90129],[78.15356,30.90931],[78.15555,30.91411],[78.15609,30.91471],[78.15665,30.92316],[78.15713,30.92332],[78.17504,30.92972],[78.1777,30.94],[78.17805,30.94046],[78.18496,30.94611],[78.18876,30.94201],[78.19055,30.94005],[78.19229,30.93871],[78.19322,30.93733],[78.19943,30.93235],[78.20887,30.93242],[78.20721,30.92992],[78.2098,30.92398],[78.21441,30.92809],[78.21932,30.92929],[78.24862,30.92687],[78.25095,30.92652],[78.26088,30.92228],[78.2584,30.92755],[78.25926,30.93079],[78.25928,30.9317],[78.26568,30.93753],[78.26588,30.93874],[78.27692,30.95931],[78.27713,30.96073],[78.27744,30.96371],[78.2837,30.97044],[78.28386,30.97114],[78.28479,30.9753],[78.29352,30.97833],[78.29479,30.9792],[78.31001,30.98981],[78.31077,30.99021],[78.31339,30.99089],[78.31495,30.99092],[78.31676,30.99473],[78.31636,30.99601],[78.31567,30.99928],[78.32551,31.00645],[78.32264,31.01637],[78.31413,31.01861],[78.30859,31.01714],[78.29996,31.01421],[78.28957,31.00756],[78.27231,31.0025],[78.25937,30.99272],[78.25296,30.98365],[78.24407,30.98373],[78.22169,30.97946],[78.1944,30.96613],[78.16521,30.96696],[78.1308,30.96234],[78.10219,30.96567],[78.09158,30.96423],[78.05488,30.94792],[78.01194,30.94535],[78.00864,30.94424],[78.00569,30.9432],[78.00722,30.94177],[78.01196,30.93349],[78.0122,30.93262],[78.01269,30.93135],[78.0134,30.93012],[78.01778,30.92636],[78.01975,30.9185],[78.01902,30.91794],[78.01501,30.91524],[78.01522,30.91383],[78.01643,30.90887],[77.99757,30.90608],[77.99241,30.90146],[77.99098,30.90088],[77.97829,30.89947],[77.97829,30.89832],[77.97399,30.88947],[77.97785,30.8868],[77.97865,30.88594],[77.97929,30.88487],[77.98009,30.88324],[77.98442,30.87922],[77.98323,30.87667],[77.98244,30.87534],[77.98229,30.87308],[77.98276,30.87182],[77.98712,30.8595],[77.99144,30.85936],[77.98917,30.85242],[77.99049,30.84772],[77.99057,30.84701],[77.99155,30.8405],[77.99857,30.82925],[77.99865,30.82811],[77.9993,30.82628],[77.99977,30.82584],[78.01734,30.81382],[78.01799,30.81259],[78.02728,30.80411],[78.02672,30.79709],[78.02663,30.79657],[78.0257,30.79404],[78.02541,30.79344],[78.02329,30.78944],[78.03486,30.78286],[78.03573,30.78265],[78.03837,30.78058],[78.03957,30.77874],[78.05048,30.7721],[78.05411,30.76495],[78.05432,30.76482],[78.05864,30.76227],[78.05914,30.76193],[78.06535,30.75821],[78.06838,30.75125],[78.06837,30.75102],[78.06812,30.74375],[78.07082,30.74217],[78.07316,30.74203],[78.07905,30.74085],[78.07985,30.74162]]]},"properties":{"bpcode":1029,"bpname":"Purola","dtcode":56,"dtname":"Uttarkashi","stcode":5,"stname":"Uttarakhand"}},
{"type":"Feature","geometry":{"type":"Polygon","coordinates":[[[77.84185,30.99349],[77.84342,30.99508],[77.83842,30.99836],[77.83635,31.00648],[77.83514,31.00713],[77.83403,31.0096],[77.83409,31.00989],[77.83155,31.0124],[77.8341,31.01443],[77.83403,31.01925],[77.83402,31.02007],[77.83404,31.02256],[77.83313,31.02413],[77.832,31.02871],[77.82982,31.02876],[77.82288,31.02928],[77.81747,31.03304],[77.81145,31.03163],[77.807,31.02677],[77.80735,31.01724],[77.80994,31.01099],[77.82501,31.0098],[77.82199,31.00429],[77.83182,30.99399],[77.82417,30.98842],[77.82406,30.98047],[77.82243,30.97655],[77.8163,30.97278],[77.81438,30.96178],[77.82419,30.95711],[77.83219,30.95959],[77.83769,30.95518],[77.83759,30.95317],[77.82862,30.95329],[77.82436,30.9505],[77.81008,30.95559],[77.8024,30.96333],[77.79006,30.9704],[77.77098,30.97434],[77.76341,30.96825],[77.75409,30.96448],[77.74879,30.95218],[77.75404,30.93754],[77.75274,30.93381],[77.76394,30.93045],[77.7628,30.91818],[77.76589,30.91968],[77.76752,30.91733],[77.7718,30.91861],[77.78265,30.91673],[77.78653,30.92026],[77.79182,30.92173],[77.80493,30.92359],[77.8133,30.92187],[77.81094,30.91663],[77.81587,30.91032],[77.81528,30.90438],[77.80883,30.8967],[77.80138,30.89332],[77.79886,30.86804],[77.80359,30.86499],[77.80568,30.85321],[77.78624,30.85715],[77.77923,30.86037],[77.77613,30.87541],[77.77341,30.87754],[77.76321,30.8804],[77.75822,30.8768],[77.7561,30.87268],[77.75719,30.85998],[77.75418,30.85547],[77.74587,30.85112],[77.74402,30.84659],[77.75768,30.83513],[77.76128,30.82607],[77.74837,30.82163],[77.7456,30.81314],[77.73294,30.80108],[77.73187,30.79187],[77.72136,30.77579],[77.70378,30.76516],[77.70896,30.75249],[77.70517,30.75078],[77.70243,30.74627],[77.70505,30.74275],[77.70879,30.73972],[77.72153,30.7416],[77.72836,30.73414],[77.73319,30.73534],[77.7373,30.73034],[77.73659,30.72415],[77.74669,30.71972],[77.74562,30.71387],[77.75582,30.70692],[77.7504,30.70011],[77.75258,30.69665],[77.74694,30.69443],[77.74741,30.67985],[77.75916,30.67577],[77.75975,30.67309],[77.76421,30.67082],[77.7736,30.66798],[77.78738,30.67258],[77.79109,30.67704],[77.8101,30.68282],[77.81705,30.70517],[77.83952,30.70822],[77.8427,30.70749],[77.84428,30.70419],[77.84343,30.69638],[77.84526,30.69296],[77.86541,30.69113],[77.87005,30.6871],[77.87115,30.68441],[77.86004,30.67843],[77.85894,30.67537],[77.8637,30.67318],[77.87628,30.67659],[77.88885,30.67159],[77.8991,30.6707],[77.91169,30.67525],[77.91792,30.67513],[77.93661,30.66939],[77.94149,30.66438],[77.94601,30.65364],[77.95565,30.64472],[77.96347,30.64497],[77.97055,30.64753],[77.99546,30.63715],[78.0107,30.63952],[78.01022,30.64177],[78.00981,30.64378],[78.01083,30.65097],[78.01599,30.65359],[78.02211,30.65248],[78.0291,30.64555],[78.03307,30.64521],[78.04257,30.65294],[78.04477,30.65882],[78.05058,30.66249],[78.05308,30.66307],[78.05933,30.66421],[78.06409,30.66828],[78.06686,30.68166],[78.0665,30.68241],[78.07379,30.69847],[78.07189,30.70557],[78.07221,30.70664],[78.07894,30.70976],[78.08368,30.71863],[78.08363,30.72204],[78.07901,30.72747],[78.07811,30.72973],[78.07905,30.74085],[78.07316,30.74203],[78.07082,30.74217],[78.06812,30.74375],[78.06837,30.75102],[78.06838,30.75125],[78.06535,30.75821],[78.05914,30.76193],[78.05864,30.76227],[78.05432,30.76482],[78.05411,30.76495],[78.05048,30.7721],[78.03957,30.77874],[78.03837,30.78058],[78.03573,30.78265],[78.03486,30.78286],[78.02329,30.78944],[78.02541,30.79344],[78.0257,30.79404],[78.02663,30.79657],[78.02672,30.79709],[78.02728,30.80411],[78.01799,30.81259],[78.01734,30.81382],[77.99977,30.82584],[77.9993,30.82628],[77.99865,30.82811],[77.99857,30.82925],[77.99155,30.8405],[77.99057,30.84701],[77.99049,30.84772],[77.98917,30.85242],[77.99144,30.85936],[77.98712,30.8595],[77.98276,30.87182],[77.98229,30.87308],[77.98244,30.87534],[77.98323,30.87667],[77.98442,30.87922],[77.98009,30.88324],[77.97929,30.88487],[77.97865,30.88594],[77.97785,30.8868],[77.97399,30.88947],[77.97829,30.89832],[77.97829,30.89947],[77.99098,30.90088],[77.99241,30.90146],[77.99757,30.90608],[78.01643,30.90887],[78.01522,30.91383],[78.01501,30.91524],[78.01902,30.91794],[78.01975,30.9185],[78.01778,30.92636],[78.0134,30.93012],[78.01269,30.93135],[78.0122,30.93262],[78.01196,30.93349],[78.00722,30.94177],[78.0056,30.94329],[78.00046,30.94968],[78.00036,30.95099],[77.99663,30.95485],[77.99627,30.95533],[77.98649,30.9595],[77.98961,30.96171],[77.99006,30.9621],[77.98636,30.96389],[77.98591,30.96408],[77.98284,30.96919],[77.9788,30.96872],[77.97828,30.96887],[77.96929,30.97732],[77.96924,30.97736],[77.94718,30.97442],[77.94535,30.97388],[77.92715,30.97202],[77.92413,30.96763],[77.91955,30.96598],[77.91188,30.95888],[77.91131,30.9584],[77.90157,30.95265],[77.90085,30.95242],[77.89982,30.95244],[77.89959,30.95266],[77.89905,30.95543],[77.89718,30.95562],[77.88492,30.94574],[77.88022,30.94883],[77.8707,30.94418],[77.86785,30.94662],[77.86706,30.95302],[77.86333,30.95647],[77.86083,30.95554],[77.85982,30.95546],[77.8536,30.95382],[77.85494,30.96394],[77.85165,30.96785],[77.84908,30.97056],[77.84795,30.97228],[77.84772,30.97286],[77.84369,30.97497],[77.84413,30.97872],[77.84392,30.97899],[77.84004,30.97989],[77.83904,30.98209],[77.839,30.98278],[77.84074,30.98754],[77.83883,30.99006],[77.84159,30.99251],[77.84185,30.99349]]]},"properties":{"bpcode":962,"bpname":"Chakrata","dtcode":60,"dtname":"Dehradun","stcode":5,"stname":"Uttarakhand"}},
{"type":"Feature","geometry":{"type":"Polygon","coordinates":[[[78.62428,30.34534],[78.62969,30.34843],[78.6339,30.34853],[78.63373,30.35269],[78.6357,30.35342],[78.65276,30.34664],[78.65623,30.3485],[78.66147,30.34802],[78.66497,30.35112],[78.66528,30.35175],[78.66373,30.36806],[78.67485,30.37235],[78.67536,30.37345],[78.67647,30.37543],[78.69231,30.38066],[78.69847,30.37805],[78.70295,30.373],[78.70418,30.37196],[78.70914,30.37122],[78.7104,30.37142],[78.72131,30.36369],[78.73355,30.36427],[78.73465,30.36403],[78.7495,30.36103],[78.75368,30.35421],[78.76217,30.35072],[78.76629,30.35101],[78.77964,30.35007],[78.78806,30.34397],[78.79806,30.34462],[78.80144,30.34527],[78.80967,30.34804],[78.81366,30.348],[78.8242,30.34947],[78.83516,30.3574],[78.83813,30.36134],[78.83819,30.3644],[78.83875,30.37724],[78.83411,30.384],[78.83515,30.39159],[78.82792,30.39406],[78.82759,30.39416],[78.81685,30.40083],[78.82397,30.40803],[78.82562,30.41572],[78.82872,30.41496],[78.83303,30.41718],[78.83598,30.42347],[78.84407,30.42997],[78.84631,30.43438],[78.84678,30.43598],[78.84878,30.4455],[78.84337,30.45005],[78.85034,30.45588],[78.84981,30.45854],[78.83522,30.47444],[78.82381,30.47845],[78.82418,30.48008],[78.82572,30.48305],[78.83267,30.4844],[78.83762,30.49087],[78.84525,30.48968],[78.84997,30.4909],[78.85678,30.49641],[78.8664,30.50909],[78.86778,30.51849],[78.86218,30.52939],[78.86259,30.54191],[78.85835,30.55045],[78.863,30.55444],[78.86588,30.56116],[78.86286,30.56677],[78.86928,30.57162],[78.87313,30.57821],[78.88704,30.58347],[78.88984,30.58698],[78.88991,30.59226],[78.89052,30.59482],[78.88627,30.60351],[78.89629,30.61284],[78.90262,30.61606],[78.90338,30.62217],[78.90898,30.62878],[78.90834,30.6309],[78.90529,30.65424],[78.90981,30.66314],[78.90883,30.66801],[78.91211,30.67618],[78.91075,30.69053],[78.91623,30.69502],[78.91666,30.70109],[78.92508,30.71597],[78.93269,30.71972],[78.93655,30.71988],[78.94481,30.72159],[78.9519,30.73216],[78.96023,30.73481],[78.97133,30.72997],[78.97925,30.73356],[78.99203,30.73166],[78.99519,30.7339],[78.99498,30.73758],[78.99893,30.74353],[79.00302,30.74383],[79.00025,30.74894],[79.01825,30.74972],[79.02096,30.75634],[79.02079,30.76274],[79.02307,30.76363],[79.02458,30.76427],[79.02835,30.7675],[79.02347,30.78063],[79.02988,30.79194],[79.02587,30.79769],[79.03331,30.80228],[79.0352,30.80583],[79.01877,30.82167],[79.02058,30.83057],[79.01748,30.84349],[79.01248,30.84742],[79.01182,30.84786],[79.00361,30.85812],[78.99482,30.8615],[78.97435,30.85316],[78.97278,30.85299],[78.96136,30.85397],[78.95965,30.85435],[78.95411,30.85465],[78.9529,30.85498],[78.94552,30.85365],[78.93923,30.8685],[78.93325,30.87346],[78.92599,30.87365],[78.92508,30.87816],[78.91481,30.87732],[78.90738,30.87204],[78.90333,30.87341],[78.89565,30.87097],[78.88246,30.87763],[78.87419,30.87572],[78.87331,30.87552],[78.86883,30.86828],[78.86823,30.86259],[78.85951,30.8588],[78.8524,30.85025],[78.85201,30.84942],[78.84938,30.84737],[78.85028,30.83648],[78.86253,30.816],[78.85405,30.80667],[78.85596,30.7955],[78.85243,30.79035],[78.84961,30.77894],[78.84958,30.7786],[78.85258,30.77219],[78.85396,30.75509],[78.85382,30.75439],[78.85437,30.75137],[78.84787,30.73771],[78.83748,30.73788],[78.83299,30.73599],[78.83169,30.73379],[78.81164,30.72508],[78.80813,30.719],[78.80509,30.72424],[78.79618,30.72235],[78.79462,30.72236],[78.77846,30.72199],[78.77826,30.72191],[78.75911,30.71788],[78.75651,30.71546],[78.75686,30.71285],[78.75118,30.71043],[78.74005,30.71639],[78.72761,30.7301],[78.72092,30.73365],[78.71805,30.73304],[78.71409,30.7263],[78.71315,30.72546],[78.69972,30.71535],[78.68294,30.71356],[78.66111,30.70734],[78.6571,30.69591],[78.65854,30.69239],[78.65628,30.68968],[78.63683,30.68449],[78.6323,30.6884],[78.63072,30.68933],[78.62713,30.69024],[78.62331,30.68857],[78.62017,30.6911],[78.60928,30.68608],[78.60266,30.69116],[78.59615,30.69152],[78.58789,30.68727],[78.58504,30.68095],[78.59997,30.67224],[78.59609,30.64968],[78.59706,30.64544],[78.59699,30.6448],[78.59614,30.62837],[78.58492,30.62266],[78.58227,30.61607],[78.58115,30.61461],[78.57324,30.60606],[78.57748,30.60212],[78.55987,30.58919],[78.55991,30.58492],[78.55411,30.57551],[78.54956,30.57347],[78.54801,30.55797],[78.54593,30.5554],[78.54383,30.54826],[78.54604,30.54625],[78.54703,30.53814],[78.54546,30.53654],[78.54713,30.53322],[78.55393,30.52945],[78.55272,30.51941],[78.55548,30.51053],[78.55899,30.50684],[78.55922,30.49783],[78.56226,30.49164],[78.55925,30.48814],[78.55891,30.48676],[78.55859,30.4857],[78.56186,30.48247],[78.56436,30.47889],[78.56806,30.47577],[78.57157,30.47356],[78.58115,30.46886],[78.58401,30.46239],[78.59405,30.45876],[78.59872,30.45009],[78.60909,30.44519],[78.61207,30.44187],[78.61269,30.43588],[78.60849,30.42443],[78.61546,30.41708],[78.61575,30.4144],[78.61433,30.41008],[78.60429,30.40476],[78.60078,30.39818],[78.59376,30.3976],[78.59357,30.39328],[78.58958,30.38821],[78.59276,30.3838],[78.59135,30.38181],[78.58363,30.37958],[78.57482,30.3726],[78.57822,30.36887],[78.61167,30.35824],[78.61506,30.3562],[78.61726,30.35428],[78.62342,30.34756],[78.62428,30.34534]]]},"properties":{"bpcode":1008,"bpname":"Bhilingana","dtcode":59,"dtname":"Tehri garhwal","stcode":5,"stname":"Uttarakhand"}},
{"type":"Feature","geometry":{"type":"Polygon","coordinates":[[[78.23046,30.73348],[78.23614,30.72832],[78.23659,30.7217],[78.23413,30.71678],[78.2216,30.71584],[78.22017,30.71309],[78.21634,30.71213],[78.20861,30.71265],[78.19322,30.70206],[78.19386,30.69943],[78.21991,30.6969],[78.22858,30.6925],[78.23301,30.68914],[78.23724,30.68156],[78.24474,30.67569],[78.26891,30.66424],[78.28861,30.64621],[78.30695,30.63832],[78.3214,30.61516],[78.32653,30.61643],[78.32898,30.61952],[78.33331,30.63652],[78.34158,30.63393],[78.36125,30.6211],[78.37555,30.62392],[78.39141,30.62152],[78.39756,30.60964],[78.39937,30.59351],[78.40317,30.5883],[78.42217,30.57152],[78.43378,30.57005],[78.43734,30.57093],[78.43632,30.57557],[78.43972,30.58581],[78.4364,30.59038],[78.43906,30.59116],[78.43868,30.59352],[78.43867,30.59476],[78.44164,30.60507],[78.44661,30.60869],[78.44684,30.61405],[78.46835,30.61389],[78.4724,30.62009],[78.47913,30.62531],[78.48262,30.62113],[78.48713,30.62179],[78.49732,30.6123],[78.49817,30.61146],[78.50636,30.60375],[78.50918,30.59752],[78.51361,30.59538],[78.50933,30.5877],[78.50431,30.58582],[78.49954,30.58079],[78.49901,30.56562],[78.49604,30.56085],[78.49612,30.55476],[78.49666,30.55395],[78.49827,30.55238],[78.49604,30.5497],[78.49486,30.54058],[78.49679,30.53891],[78.49668,30.53064],[78.50831,30.53029],[78.51555,30.53266],[78.5183,30.52754],[78.52911,30.53156],[78.53891,30.52702],[78.54713,30.53322],[78.54546,30.53654],[78.54703,30.53814],[78.54604,30.54625],[78.54383,30.54826],[78.54593,30.5554],[78.54801,30.55797],[78.54956,30.57347],[78.55411,30.57551],[78.55991,30.58492],[78.55987,30.58919],[78.57748,30.60212],[78.57324,30.60606],[78.58115,30.61461],[78.58227,30.61607],[78.58492,30.62266],[78.59614,30.62837],[78.59699,30.6448],[78.59706,30.64544],[78.59609,30.64968],[78.59997,30.67224],[78.58504,30.68095],[78.56974,30.67717],[78.56779,30.67726],[78.56143,30.67584],[78.55456,30.67721],[78.54354,30.67458],[78.54027,30.66289],[78.53985,30.66236],[78.53038,30.65463],[78.52351,30.65507],[78.51802,30.6532],[78.51042,30.65431],[78.49529,30.6653],[78.48764,30.66685],[78.48593,30.67282],[78.48051,30.67422],[78.47121,30.68402],[78.46706,30.68517],[78.45983,30.68155],[78.44832,30.68261],[78.44106,30.69017],[78.42407,30.6932],[78.42122,30.69992],[78.41027,30.70484],[78.40673,30.70895],[78.39991,30.70667],[78.38838,30.71082],[78.38314,30.70549],[78.37494,30.7063],[78.35646,30.7186],[78.36094,30.72011],[78.3621,30.72377],[78.35776,30.73091],[78.35073,30.73463],[78.3535,30.73892],[78.35875,30.73879],[78.36191,30.74167],[78.36674,30.73797],[78.38171,30.7385],[78.38991,30.73497],[78.39125,30.73375],[78.40504,30.7286],[78.41,30.73019],[78.41954,30.72835],[78.41278,30.73606],[78.40962,30.73621],[78.40644,30.74301],[78.40147,30.74656],[78.39626,30.75773],[78.39692,30.76542],[78.39177,30.77243],[78.39338,30.79014],[78.38826,30.79558],[78.39368,30.80055],[78.40582,30.80425],[78.40844,30.80562],[78.41144,30.80693],[78.41214,30.8177],[78.40749,30.81873],[78.40332,30.82282],[78.40243,30.83184],[78.39696,30.84115],[78.38877,30.84371],[78.38294,30.84787],[78.38068,30.84443],[78.3747,30.8424],[78.37253,30.8407],[78.35086,30.83074],[78.33853,30.83042],[78.33409,30.81537],[78.33495,30.81109],[78.32726,30.81396],[78.31747,30.80711],[78.30867,30.80641],[78.30957,30.79264],[78.30447,30.79053],[78.29912,30.78192],[78.29883,30.78042],[78.29493,30.77847],[78.29319,30.77079],[78.2883,30.76682],[78.28561,30.76651],[78.27395,30.77346],[78.27305,30.77398],[78.27048,30.77562],[78.26457,30.77514],[78.25372,30.77014],[78.25258,30.76997],[78.24642,30.76766],[78.23569,30.76945],[78.23298,30.76837],[78.22429,30.74872],[78.22595,30.74342],[78.22601,30.74228],[78.2281,30.73449],[78.23046,30.73348]]]},"properties":{"bpcode":1026,"bpname":"Dunda","dtcode":56,"dtname":"Uttarkashi","stcode":5,"stname":"Uttarakhand"}},
{"type":"Feature","geometry":{"type":"Polygon","coordinates":[[[80.3239,29.87626],[80.32493,29.87869],[80.32039,29.8813],[80.31945,29.88538],[80.31969,29.88625],[80.31525,29.89434],[80.31592,29.90089],[80.30892,29.90485],[80.31119,29.91482],[80.3065,29.92394],[80.30065,29.92818],[80.30077,29.93502],[80.2976,29.93674],[80.3009,29.94573],[80.30172,29.9582],[80.30583,29.96065],[80.31157,29.95765],[80.32742,29.95594],[80.33196,29.95065],[80.34154,29.94492],[80.34802,29.94637],[80.35099,29.94503],[80.35413,29.94776],[80.36002,29.9489],[80.36209,29.9482],[80.37002,29.94537],[80.37475,29.94006],[80.37902,29.93876],[80.3961,29.94576],[80.41536,29.95946],[80.41797,29.96029],[80.42589,29.95794],[80.42801,29.95729],[80.43582,29.95971],[80.44682,29.97264],[80.45452,29.97369],[80.46363,29.98293],[80.46883,29.98454],[80.46989,29.98679],[80.47108,29.99135],[80.47728,29.99854],[80.4704,30.00806],[80.47278,30.01319],[80.47147,30.02314],[80.47676,30.02608],[80.48033,30.03115],[80.48003,30.03593],[80.47598,30.03917],[80.47764,30.04912],[80.47337,30.05826],[80.47317,30.06616],[80.47417,30.06722],[80.48176,30.07465],[80.49097,30.09146],[80.48723,30.09962],[80.48972,30.10886],[80.48395,30.11777],[80.47478,30.1228],[80.47122,30.13073],[80.47051,30.13186],[80.47775,30.1458],[80.46506,30.15634],[80.46378,30.15832],[80.46105,30.16006],[80.46865,30.1687],[80.46935,30.18765],[80.45878,30.19459],[80.44547,30.1993],[80.44275,30.2025],[80.43426,30.20273],[80.42947,30.20605],[80.42562,30.21223],[80.42602,30.21783],[80.42138,30.22371],[80.4233,30.23118],[80.43236,30.23798],[80.43226,30.24287],[80.42732,30.24599],[80.41898,30.24398],[80.41668,30.24405],[80.39956,30.24355],[80.39349,30.24777],[80.38327,30.24722],[80.37565,30.25385],[80.37877,30.26008],[80.37239,30.26629],[80.37185,30.27288],[80.3764,30.28179],[80.38979,30.29321],[80.39063,30.29602],[80.38886,30.30058],[80.38929,30.31324],[80.38549,30.31574],[80.38215,30.33241],[80.37867,30.33896],[80.3782,30.34117],[80.37929,30.35557],[80.37699,30.35997],[80.38357,30.36831],[80.38432,30.37324],[80.3782,30.37606],[80.37665,30.38154],[80.35372,30.37887],[80.34092,30.38273],[80.32994,30.39402],[80.32902,30.4003],[80.32441,30.40363],[80.32727,30.41449],[80.3241,30.41614],[80.31963,30.41507],[80.30564,30.4174],[80.29839,30.42698],[80.30161,30.43228],[80.28828,30.44009],[80.28508,30.44112],[80.2741,30.43917],[80.27561,30.44153],[80.27182,30.4484],[80.26599,30.453],[80.2594,30.45478],[80.26331,30.45868],[80.26177,30.46319],[80.24728,30.4704],[80.24787,30.47454],[80.25226,30.47923],[80.24723,30.48124],[80.24752,30.48715],[80.2646,30.49469],[80.26744,30.49946],[80.27756,30.49784],[80.28079,30.49979],[80.28139,30.50673],[80.27931,30.51176],[80.28181,30.51499],[80.2797,30.51909],[80.28087,30.52195],[80.274,30.53326],[80.26914,30.53655],[80.26882,30.54177],[80.26317,30.54759],[80.26294,30.55255],[80.25605,30.55723],[80.25703,30.55962],[80.25443,30.56444],[80.23519,30.58132],[80.23045,30.57933],[80.22118,30.57908],[80.20941,30.5879],[80.21512,30.60358],[80.21478,30.60841],[80.21735,30.61035],[80.21616,30.61499],[80.2118,30.61824],[80.21476,30.62102],[80.21231,30.62693],[80.21975,30.63427],[80.21979,30.64237],[80.20709,30.65061],[80.19339,30.66696],[80.19709,30.67282],[80.19588,30.67517],[80.19836,30.68651],[80.20392,30.68804],[80.21767,30.68752],[80.23251,30.69102],[80.23329,30.70903],[80.24077,30.7126],[80.24872,30.71978],[80.24923,30.74423],[80.24381,30.74485],[80.2411,30.74895],[80.23711,30.75068],[80.23482,30.75981],[80.22716,30.75901],[80.21312,30.75119],[80.20895,30.75235],[80.20479,30.7586],[80.19766,30.76159],[80.19278,30.76974],[80.19855,30.77515],[80.19933,30.77896],[80.1921,30.78089],[80.18377,30.7911],[80.17794,30.80497],[80.17285,30.80843],[80.16556,30.80621],[80.15846,30.80682],[80.15545,30.80471],[80.15486,30.79442],[80.1518,30.78898],[80.14144,30.79234],[80.13753,30.79031],[80.13774,30.78717],[80.12802,30.78651],[80.12423,30.78041],[80.11853,30.77975],[80.11414,30.78142],[80.10949,30.77986],[80.10164,30.78815],[80.09163,30.78265],[80.0839,30.77482],[80.08331,30.77012],[80.08711,30.75717],[80.09665,30.74705],[80.09581,30.74089],[80.10204,30.7298],[80.10064,30.72508],[80.09468,30.72338],[80.08752,30.7278],[80.0804,30.72927],[80.05832,30.72796],[80.04425,30.7327],[80.02567,30.73434],[80.01852,30.72784],[79.99357,30.71676],[79.98519,30.70861],[79.97974,30.70969],[79.98508,30.69347],[79.98313,30.6891],[80.00075,30.67637],[80.00713,30.66659],[80.01346,30.66566],[80.01571,30.66145],[80.01648,30.65943],[80.01516,30.64829],[80.01968,30.64511],[80.02124,30.64044],[80.02922,30.63856],[80.03368,30.63503],[80.03016,30.62866],[80.0353,30.62487],[80.03628,30.62082],[80.02975,30.61579],[80.03075,30.61345],[80.03964,30.60862],[80.04278,30.598],[80.03387,30.59169],[80.02341,30.58741],[80.01973,30.57875],[80.01331,30.5763],[80.01144,30.57307],[80.01131,30.57233],[80.01167,30.5608],[79.99778,30.54412],[79.99499,30.53742],[79.99475,30.53545],[79.99631,30.53194],[80.00367,30.52727],[80.00741,30.51595],[80.00695,30.50667],[80.01234,30.50334],[80.0127,30.50011],[80.01262,30.49941],[80.0092,30.49445],[80.01578,30.49177],[80.01554,30.48545],[80.02022,30.48106],[80.00926,30.47408],[80.00861,30.46927],[80.01519,30.46485],[80.01668,30.46287],[80.02273,30.45357],[80.02001,30.44889],[80.0376,30.44387],[80.03719,30.43938],[80.03273,30.43276],[80.03385,30.42568],[80.03091,30.42168],[80.02989,30.41429],[80.03775,30.40829],[80.03139,30.3968],[80.03279,30.39352],[80.03231,30.39267],[80.01892,30.38331],[80.01768,30.38255],[80.00822,30.36911],[79.99739,30.36558],[79.99909,30.35756],[79.9964,30.35166],[79.99661,30.33711],[79.98685,30.31646],[79.99586,30.31668],[79.9961,30.3167],[80.00188,30.31565],[80.0107,30.31449],[80.02012,30.31541],[80.02498,30.31392],[80.03089,30.30679],[80.03268,30.3051],[80.03596,30.30274],[80.04153,30.2914],[80.04886,30.2869],[80.0679,30.28119],[80.06074,30.27084],[80.06319,30.26573],[80.06854,30.26694],[80.07314,30.26282],[80.07138,30.25819],[80.07448,30.25332],[80.07309,30.24318],[80.07757,30.23767],[80.09301,30.22657],[80.10448,30.2276],[80.108,30.22804],[80.11532,30.22745],[80.11666,30.22375],[80.11686,30.22237],[80.11418,30.21032],[80.10808,30.19952],[80.11122,30.19176],[80.10732,30.18334],[80.10381,30.16134],[80.10355,30.16069],[80.10421,30.14841],[80.09667,30.13639],[80.09435,30.12818],[80.08841,30.12494],[80.08238,30.11155],[80.08221,30.10034],[80.08228,30.09994],[80.08388,30.09728],[80.08439,30.09696],[80.07979,30.08323],[80.08576,30.06842],[80.08472,30.06245],[80.07537,30.04688],[80.07527,30.04092],[80.07499,30.03945],[80.07437,30.03822],[80.074,30.03785],[80.07041,30.03127],[80.06958,30.01992],[80.06749,30.01893],[80.07108,30.01382],[80.07034,30.01176],[80.07323,30.00983],[80.07264,30.0053],[80.07214,30.00435],[80.07119,30.00072],[80.07572,29.998],[80.07623,29.99375],[80.0812,29.98881],[80.09098,29.96901],[80.09538,29.96729],[80.09786,29.96251],[80.10793,29.95878],[80.11792,29.95155],[80.12117,29.94961],[80.12921,29.94589],[80.13103,29.94311],[80.13775,29.94214],[80.14052,29.93904],[80.14225,29.9329],[80.15673,29.9118],[80.15863,29.90436],[80.15499,29.9008],[80.15393,29.89988],[80.14859,29.89777],[80.1458,29.89257],[80.15931,29.88074],[80.16116,29.87632],[80.15835,29.86719],[80.16222,29.85936],[80.16956,29.85738],[80.17563,29.86191],[80.18428,29.86071],[80.20255,29.86342],[80.21042,29.86278],[80.21219,29.86865],[80.21794,29.86806],[80.2276,29.87119],[80.22982,29.89145],[80.23909,29.89429],[80.24524,29.89995],[80.24879,29.89688],[80.26056,29.89624],[80.262,29.89395],[80.25168,29.88924],[80.24394,29.88875],[80.23947,29.8859],[80.2373,29.88122],[80.23888,29.86697],[80.24133,29.86411],[80.24704,29.86411],[80.24945,29.86136],[80.25432,29.86071],[80.26332,29.86325],[80.27043,29.88511],[80.27564,29.88286],[80.28994,29.88259],[80.29385,29.87857],[80.30079,29.8782],[80.30659,29.8748],[80.31423,29.87426],[80.31984,29.87738],[80.3239,29.87626]]]},"properties":{"bpcode":1003,"bpname":"Munsyari","dtcode":62,"dtname":"Pithoragarh","stcode":5,"stname":"Uttarakhand"}},
{"type":"Feature","geometry":{"type":"Polygon","coordinates":[[[79.22459,30.49654],[79.22657,30.49987],[79.2248,30.50383],[79.22671,30.50529],[79.22549,30.50961],[79.22821,30.51604],[79.22773,30.5233],[79.22783,30.52366],[79.22908,30.5273],[79.24515,30.53696],[79.24145,30.5484],[79.24656,30.55289],[79.24561,30.55892],[79.2542,30.56317],[79.25648,30.5663],[79.26778,30.56663],[79.27042,30.56627],[79.27501,30.56364],[79.28364,30.56395],[79.29528,30.56094],[79.30029,30.56688],[79.30402,30.58008],[79.30716,30.58364],[79.3075,30.58511],[79.30683,30.58921],[79.31158,30.59133],[79.32167,30.59466],[79.33231,30.59333],[79.33761,30.59583],[79.34152,30.60535],[79.34178,30.60564],[79.34216,30.60582],[79.34613,30.60657],[79.34686,30.60726],[79.3473,30.61148],[79.34656,30.61227],[79.34794,30.6236],[79.35412,30.62536],[79.35583,30.63286],[79.35563,30.63423],[79.35331,30.64683],[79.3481,30.65181],[79.34738,30.65273],[79.34165,30.65561],[79.34058,30.65605],[79.3315,30.65784],[79.32599,30.66797],[79.32494,30.66891],[79.31382,30.67182],[79.31317,30.67182],[79.31089,30.67218],[79.30949,30.67301],[79.30373,30.6783],[79.30567,30.68279],[79.3014,30.6942],[79.30012,30.69469],[79.30032,30.70825],[79.30006,30.70941],[79.29805,30.71317],[79.29794,30.71397],[79.29614,30.72016],[79.27473,30.72425],[79.25584,30.72276],[79.25338,30.72783],[79.24472,30.73443],[79.24167,30.73267],[79.23559,30.7329],[79.22103,30.73631],[79.21974,30.73638],[79.20948,30.73726],[79.2086,30.73747],[79.19947,30.73295],[79.19772,30.73965],[79.18639,30.74741],[79.18527,30.74802],[79.18245,30.75036],[79.17436,30.75199],[79.16955,30.75572],[79.15959,30.75485],[79.15899,30.75425],[79.15019,30.75219],[79.14286,30.74746],[79.1323,30.7557],[79.12926,30.76745],[79.12508,30.7703],[79.12381,30.77077],[79.1175,30.77298],[79.09226,30.77571],[79.08669,30.78025],[79.08525,30.78162],[79.08405,30.78284],[79.08309,30.7838],[79.0766,30.78742],[79.07566,30.78813],[79.06777,30.79818],[79.05631,30.80044],[79.0553,30.80079],[79.04326,30.80671],[79.03789,30.80736],[79.0352,30.80583],[79.03331,30.80228],[79.02587,30.79769],[79.02988,30.79194],[79.02347,30.78063],[79.02835,30.7675],[79.02458,30.76427],[79.02307,30.76363],[79.02079,30.76274],[79.02096,30.75634],[79.01825,30.74972],[79.00025,30.74894],[79.00302,30.74383],[78.99893,30.74353],[78.99498,30.73758],[78.99519,30.7339],[78.99203,30.73166],[78.97925,30.73356],[78.97133,30.72997],[78.96023,30.73481],[78.9519,30.73216],[78.94481,30.72159],[78.93655,30.71988],[78.93269,30.71972],[78.92508,30.71597],[78.91666,30.70109],[78.91623,30.69502],[78.91075,30.69053],[78.91211,30.67618],[78.90883,30.66801],[78.90981,30.66314],[78.90529,30.65424],[78.90834,30.6309],[78.91187,30.62948],[78.91555,30.62805],[78.92448,30.62177],[78.94041,30.59082],[78.95334,30.55188],[78.96382,30.53159],[78.96786,30.51165],[78.99412,30.48741],[79.00915,30.4827],[79.01748,30.478],[79.02717,30.47705],[79.04353,30.48982],[79.06203,30.4944],[79.07009,30.49379],[79.08475,30.48668],[79.08595,30.48382],[79.0801,30.47097],[79.08155,30.46925],[79.09112,30.46898],[79.1132,30.46012],[79.13441,30.44573],[79.15854,30.44371],[79.16381,30.44407],[79.16614,30.44423],[79.16679,30.44646],[79.17406,30.44915],[79.17968,30.45942],[79.18622,30.46247],[79.187,30.47068],[79.19159,30.47693],[79.20716,30.48573],[79.21817,30.48794],[79.2218,30.49037],[79.22392,30.49611],[79.22459,30.49654]]]},"properties":{"bpcode":1007,"bpname":"Ukhimath","dtcode":58,"dtname":"Rudraprayag","stcode":5,"stname":"Uttarakhand"}},
{"type":"Feature","geometry":{"type":"Polygon","coordinates":[[[77.81854,30.50812],[77.82433,30.50852],[77.82915,30.51143],[77.86128,30.51605],[77.86609,30.5183],[77.87216,30.51454],[77.88492,30.51487],[77.88674,30.51814],[77.88385,30.52252],[77.89024,30.52991],[77.89023,30.53397],[77.8977,30.53538],[77.90356,30.53986],[77.90829,30.53786],[77.90665,30.52803],[77.91439,30.52322],[77.91652,30.51692],[77.93144,30.51443],[77.93689,30.51732],[77.94147,30.51328],[77.94738,30.51133],[77.94673,30.51602],[77.95122,30.51794],[77.95658,30.51448],[77.9635,30.51357],[77.967,30.50962],[77.97023,30.50973],[77.97473,30.51358],[77.97872,30.50867],[77.98322,30.50974],[77.98771,30.51665],[77.97938,30.51652],[77.97513,30.52347],[77.97845,30.52572],[77.98441,30.52373],[77.98619,30.52586],[77.98134,30.53083],[77.97634,30.5286],[77.97505,30.53021],[77.97483,30.53761],[77.98119,30.53798],[77.98304,30.53979],[77.98462,30.55087],[77.98007,30.55422],[77.99051,30.55616],[77.99222,30.55978],[78.00087,30.56037],[78.00429,30.56638],[78.00259,30.57202],[78.00507,30.5742],[78.00558,30.57456],[78.00745,30.57725],[78.00766,30.57739],[78.00965,30.57961],[78.01014,30.59222],[78.01436,30.59177],[78.01361,30.5959],[78.01016,30.59931],[78.01304,30.60577],[78.01329,30.60685],[78.01259,30.61651],[78.00826,30.62052],[78.00825,30.62421],[78.00882,30.62485],[78.01225,30.62548],[78.01388,30.62808],[78.0107,30.63952],[77.99546,30.63715],[77.97055,30.64753],[77.96347,30.64497],[77.95565,30.64472],[77.94601,30.65364],[77.94149,30.66438],[77.93661,30.66939],[77.91792,30.67513],[77.91169,30.67525],[77.8991,30.6707],[77.88885,30.67159],[77.87628,30.67659],[77.8637,30.67318],[77.85894,30.67537],[77.86004,30.67843],[77.87115,30.68441],[77.87005,30.6871],[77.86541,30.69113],[77.84526,30.69296],[77.84343,30.69638],[77.84428,30.70419],[77.8427,30.70749],[77.83952,30.70822],[77.81705,30.70517],[77.8101,30.68282],[77.79109,30.67704],[77.78738,30.67258],[77.7736,30.66798],[77.77458,30.66476],[77.78119,30.65997],[77.78445,30.65956],[77.78853,30.66228],[77.79209,30.66017],[77.79249,30.65693],[77.7875,30.65562],[77.78123,30.64667],[77.78674,30.6417],[77.78639,30.6367],[77.79062,30.634],[77.78605,30.62994],[77.78614,30.62442],[77.79255,30.62091],[77.79626,30.61365],[77.78025,30.61284],[77.77111,30.61638],[77.76894,30.61452],[77.77107,30.61053],[77.77167,30.5969],[77.76435,30.59592],[77.75564,30.60469],[77.7519,30.60178],[77.7461,30.60389],[77.74325,30.60149],[77.74679,30.59746],[77.74325,30.59616],[77.74287,30.59385],[77.75664,30.58561],[77.76066,30.57752],[77.76714,30.57115],[77.76752,30.56535],[77.77403,30.55784],[77.78357,30.55983],[77.79411,30.5532],[77.79964,30.55766],[77.80637,30.55449],[77.81785,30.56102],[77.8226,30.55378],[77.82035,30.54519],[77.8278,30.531],[77.82586,30.52625],[77.81982,30.52408],[77.81854,30.50812]]]},"properties":{"bpcode":964,"bpname":"Kalsi","dtcode":60,"dtname":"Dehradun","stcode":5,"stname":"Uttarakhand"}},
{"type":"Feature","geometry":{"type":"Polygon","coordinates":[[[78.15442,30.63513],[78.163,30.62661],[78.1624,30.62072],[78.16591,30.61465],[78.16685,30.61336],[78.17065,30.6044],[78.16446,30.60067],[78.16469,30.5884],[78.17527,30.58532],[78.18548,30.58564],[78.20555,30.57827],[78.2191,30.58323],[78.23528,30.58635],[78.2389,30.59227],[78.24225,30.59473],[78.24359,30.59518],[78.2437,30.5955],[78.24362,30.59592],[78.24282,30.59684],[78.2428,30.59703],[78.24312,30.59741],[78.24326,30.59767],[78.24143,30.59952],[78.24126,30.59999],[78.24106,30.60045],[78.24108,30.6016],[78.24501,30.60796],[78.24657,30.60958],[78.25103,30.61103],[78.25986,30.60731],[78.26981,30.61377],[78.27862,30.61146],[78.28802,30.60024],[78.29583,30.59466],[78.30013,30.59434],[78.30007,30.59423],[78.30002,30.59412],[78.29954,30.5938],[78.29929,30.59343],[78.29924,30.58932],[78.29977,30.58879],[78.30062,30.58797],[78.30206,30.58687],[78.30172,30.58664],[78.30141,30.58644],[78.30095,30.58606],[78.30001,30.58484],[78.2923,30.58132],[78.28893,30.57191],[78.29656,30.56946],[78.30091,30.56461],[78.30123,30.56454],[78.30181,30.56425],[78.3016,30.5641],[78.30009,30.56292],[78.29976,30.56276],[78.29735,30.56243],[78.29618,30.56257],[78.28892,30.56344],[78.28819,30.56353],[78.28592,30.56347],[78.28495,30.56046],[78.28496,30.55989],[78.28648,30.55256],[78.28969,30.55112],[78.29123,30.55329],[78.29138,30.55345],[78.29462,30.55529],[78.29483,30.55526],[78.30838,30.55665],[78.30913,30.55728],[78.31381,30.56114],[78.30468,30.57153],[78.30673,30.57214],[78.30776,30.5725],[78.30879,30.57262],[78.30955,30.57271],[78.3102,30.57273],[78.3103,30.57272],[78.31071,30.57269],[78.31423,30.57265],[78.31452,30.57271],[78.31857,30.57313],[78.31921,30.572],[78.32446,30.56011],[78.32812,30.55969],[78.32772,30.55815],[78.33117,30.56058],[78.33133,30.56076],[78.33412,30.56316],[78.33473,30.56313],[78.33933,30.56169],[78.33838,30.55193],[78.33849,30.55134],[78.34497,30.54918],[78.3426,30.54494],[78.34892,30.53366],[78.35652,30.53337],[78.3543,30.53051],[78.35591,30.52685],[78.36145,30.52147],[78.36574,30.52063],[78.36687,30.52051],[78.3699,30.51764],[78.37693,30.51798],[78.38179,30.51246],[78.39375,30.50608],[78.39247,30.49828],[78.39664,30.49665],[78.39656,30.49345],[78.40445,30.4917],[78.40335,30.48477],[78.40759,30.48025],[78.40434,30.47223],[78.40721,30.47119],[78.40762,30.47112],[78.40944,30.46998],[78.41091,30.46875],[78.41267,30.46822],[78.41342,30.46841],[78.41299,30.46918],[78.41144,30.47227],[78.41117,30.47427],[78.41493,30.48818],[78.41601,30.49004],[78.42435,30.49517],[78.42575,30.50556],[78.42329,30.50874],[78.42358,30.50931],[78.4259,30.51121],[78.42555,30.51646],[78.43701,30.523],[78.44314,30.52383],[78.4442,30.53511],[78.44665,30.53675],[78.44968,30.5345],[78.45373,30.54252],[78.4509,30.54862],[78.45084,30.54906],[78.45073,30.56357],[78.44661,30.56734],[78.43734,30.57093],[78.43378,30.57005],[78.42217,30.57152],[78.40317,30.5883],[78.39937,30.59351],[78.39756,30.60964],[78.39141,30.62152],[78.37555,30.62392],[78.36125,30.6211],[78.34158,30.63393],[78.33331,30.63652],[78.32898,30.61952],[78.32653,30.61643],[78.3214,30.61516],[78.30695,30.63832],[78.28861,30.64621],[78.26891,30.66424],[78.24474,30.67569],[78.23724,30.68156],[78.23301,30.68914],[78.22858,30.6925],[78.21991,30.6969],[78.19386,30.69943],[78.19322,30.70206],[78.18737,30.70099],[78.1813,30.69676],[78.17261,30.69704],[78.16861,30.68797],[78.17066,30.68254],[78.17035,30.68135],[78.16587,30.67161],[78.16427,30.65524],[78.1633,30.653],[78.15667,30.64742],[78.15809,30.64275],[78.15507,30.63591],[78.15442,30.63513]]]},"properties":{"bpcode":1025,"bpname":"Chiniyalisaur","dtcode":56,"dtname":"Uttarkashi","stcode":5,"stname":"Uttarakhand"}},
{"type":"Feature","geometry":{"type":"Polygon","coordinates":[[[78.15433,30.63526],[78.13959,30.63226],[78.13055,30.6356],[78.12522,30.64062],[78.12323,30.63791],[78.11499,30.63429],[78.10678,30.63356],[78.10077,30.63527],[78.09321,30.63183],[78.08688,30.63413],[78.08258,30.63123],[78.07697,30.6305],[78.07045,30.62489],[78.06495,30.62369],[78.06622,30.61878],[78.07561,30.60757],[78.06552,30.60555],[78.06355,30.60441],[78.05699,30.60507],[78.04392,30.60189],[78.03608,30.60642],[78.03467,30.60698],[78.02399,30.61325],[78.01259,30.61651],[78.01329,30.60685],[78.01304,30.60577],[78.01016,30.59931],[78.01361,30.5959],[78.01436,30.59177],[78.01014,30.59222],[78.00965,30.57961],[78.00766,30.57739],[78.00745,30.57725],[78.00558,30.57456],[78.00507,30.5742],[78.00259,30.57202],[78.00429,30.56638],[78.00087,30.56037],[77.99222,30.55978],[77.99051,30.55616],[77.98007,30.55422],[77.98462,30.55087],[77.98304,30.53979],[77.98119,30.53798],[77.97483,30.53761],[77.97505,30.53021],[77.97634,30.5286],[77.98134,30.53083],[77.98619,30.52586],[77.98441,30.52373],[77.97845,30.52572],[77.97513,30.52347],[77.97938,30.51652],[77.98771,30.51665],[77.98322,30.50974],[77.97872,30.50867],[77.97473,30.51358],[77.97023,30.50973],[77.967,30.50962],[77.9635,30.51357],[77.95658,30.51448],[77.95122,30.51794],[77.94673,30.51602],[77.94738,30.51133],[77.94147,30.51328],[77.93615,30.51135],[77.93971,30.50241],[77.95876,30.4891],[77.9733,30.48613],[77.97641,30.47595],[77.98042,30.47661],[77.98534,30.46938],[77.98585,30.46874],[77.98749,30.46685],[77.98901,30.46774],[77.99071,30.46904],[77.99623,30.46697],[78.00008,30.46844],[77.99783,30.48007],[78.00457,30.48049],[78.0086,30.48355],[78.01451,30.48394],[78.01976,30.48127],[78.02305,30.47809],[78.02171,30.47505],[78.02321,30.47496],[78.02612,30.47473],[78.03102,30.47315],[78.03235,30.46751],[78.03668,30.46537],[78.03644,30.46944],[78.03702,30.46989],[78.04023,30.47366],[78.03994,30.47647],[78.03919,30.48173],[78.04069,30.48243],[78.05264,30.48101],[78.05708,30.47719],[78.05854,30.47633],[78.05945,30.47601],[78.06312,30.47583],[78.06572,30.47622],[78.06884,30.47733],[78.0708,30.47605],[78.06999,30.47005],[78.08194,30.46737],[78.08163,30.47383],[78.09548,30.47467],[78.09689,30.47818],[78.09881,30.47843],[78.09882,30.47843],[78.10168,30.47841],[78.10551,30.47822],[78.10575,30.47759],[78.10611,30.47513],[78.1065,30.47306],[78.10749,30.47127],[78.1172,30.47101],[78.1245,30.4675],[78.13308,30.45911],[78.13948,30.45652],[78.15082,30.45723],[78.15894,30.4529],[78.16412,30.44594],[78.1708,30.4456],[78.17185,30.44619],[78.1803,30.44964],[78.19138,30.44847],[78.21428,30.44042],[78.21942,30.437],[78.22022,30.43633],[78.22609,30.43355],[78.22915,30.42667],[78.23094,30.42826],[78.23942,30.42315],[78.23463,30.41312],[78.22312,30.40556],[78.21878,30.40419],[78.19847,30.39862],[78.17491,30.38225],[78.16962,30.3839],[78.16202,30.38246],[78.15469,30.37448],[78.14456,30.3682],[78.13856,30.35822],[78.13909,30.35046],[78.13345,30.3438],[78.13918,30.33176],[78.1403,30.32833],[78.14536,30.32358],[78.15463,30.32016],[78.158,30.31915],[78.16336,30.31279],[78.17019,30.30673],[78.17925,30.30513],[78.18556,30.30146],[78.19452,30.30189],[78.20009,30.29383],[78.20736,30.29282],[78.21221,30.29918],[78.21428,30.30943],[78.22416,30.30669],[78.23699,30.29916],[78.23578,30.29259],[78.23782,30.28778],[78.24145,30.29094],[78.24462,30.29471],[78.24793,30.29785],[78.255,30.29924],[78.27085,30.32158],[78.29005,30.32738],[78.29495,30.33553],[78.29311,30.34773],[78.30733,30.36025],[78.31173,30.36658],[78.3112,30.37241],[78.30541,30.37804],[78.30405,30.38374],[78.30856,30.39459],[78.30798,30.39923],[78.30653,30.40123],[78.29691,30.4075],[78.29479,30.40949],[78.29282,30.41071],[78.28466,30.4135],[78.27713,30.41924],[78.27103,30.42687],[78.26914,30.43251],[78.26855,30.43489],[78.2687,30.43752],[78.26898,30.43965],[78.27113,30.44818],[78.2717,30.45144],[78.27082,30.45733],[78.27009,30.46021],[78.27052,30.46322],[78.27252,30.47049],[78.27252,30.47338],[78.27454,30.47852],[78.29084,30.50174],[78.2917,30.50399],[78.29285,30.50713],[78.2927,30.50939],[78.29182,30.51227],[78.28326,30.52303],[78.27471,30.52527],[78.26676,30.52175],[78.26169,30.52199],[78.25848,30.53139],[78.25543,30.53414],[78.22747,30.5396],[78.22427,30.54285],[78.22514,30.54511],[78.22643,30.54724],[78.22643,30.54962],[78.22105,30.555],[78.20669,30.56387],[78.20552,30.56725],[78.2058,30.57051],[78.20594,30.57289],[78.20619,30.57568],[78.20645,30.57658],[78.20676,30.57766],[78.20555,30.57827],[78.18548,30.58564],[78.17527,30.58532],[78.16469,30.5884],[78.16446,30.60067],[78.17065,30.6044],[78.16685,30.61336],[78.16591,30.61465],[78.1624,30.62072],[78.163,30.62661],[78.15442,30.63513],[78.15433,30.63526]]]},"properties":{"bpcode":1012,"bpname":"Jaunpur","dtcode":59,"dtname":"Tehri garhwal","stcode":5,"stname":"Uttarakhand"}},
{"type":"Feature","geometry":{"type":"Polygon","coordinates":[[[78.9197,30.26065],[78.92305,30.2587],[78.92531,30.25283],[78.92882,30.2531],[78.92934,30.25966],[78.93582,30.2709],[78.93929,30.27161],[78.94788,30.26911],[78.96262,30.27433],[78.97931,30.28767],[78.97767,30.30159],[78.98135,30.30421],[78.97953,30.30548],[78.97923,30.31179],[78.97517,30.31267],[78.97228,30.31031],[78.97013,30.31729],[78.96598,30.31999],[78.96793,30.33311],[78.96823,30.33391],[78.96752,30.34101],[78.97462,30.34428],[78.97471,30.3561],[78.97849,30.3602],[78.97893,30.36436],[78.98322,30.36844],[78.99409,30.36789],[78.99566,30.3717],[78.99653,30.37388],[79.00134,30.37918],[79.01795,30.38841],[79.01772,30.38992],[79.0108,30.39112],[79.01298,30.39671],[79.00954,30.39666],[79.01089,30.39894],[79.00933,30.40139],[79.00891,30.40202],[79.00638,30.40257],[79.01023,30.40416],[79.00983,30.41146],[79.01953,30.41595],[79.02118,30.42099],[79.02898,30.4197],[79.02923,30.42663],[79.02652,30.42922],[79.0279,30.4303],[79.03943,30.42506],[79.04201,30.41939],[79.04645,30.42169],[79.04654,30.42682],[79.05669,30.4262],[79.05807,30.42776],[79.04374,30.43692],[79.04307,30.4415],[79.047,30.45581],[79.04385,30.45971],[79.03371,30.46195],[79.03155,30.46668],[79.0269,30.46936],[79.03135,30.47498],[79.02717,30.47705],[79.01748,30.478],[79.00915,30.4827],[78.99412,30.48741],[78.96786,30.51165],[78.96382,30.53159],[78.95334,30.55188],[78.94041,30.59082],[78.92448,30.62177],[78.91555,30.62805],[78.91187,30.62948],[78.90834,30.6309],[78.90898,30.62878],[78.90338,30.62217],[78.90262,30.61606],[78.89629,30.61284],[78.88627,30.60351],[78.89052,30.59482],[78.88991,30.59226],[78.88984,30.58698],[78.88704,30.58347],[78.87313,30.57821],[78.86928,30.57162],[78.86286,30.56677],[78.86588,30.56116],[78.863,30.55444],[78.85835,30.55045],[78.86259,30.54191],[78.86218,30.52939],[78.86778,30.51849],[78.8664,30.50909],[78.85678,30.49641],[78.84997,30.4909],[78.84525,30.48968],[78.83762,30.49087],[78.83267,30.4844],[78.82572,30.48305],[78.82418,30.48008],[78.82381,30.47845],[78.83522,30.47444],[78.84981,30.45854],[78.85034,30.45588],[78.84337,30.45005],[78.84878,30.4455],[78.84678,30.43598],[78.84631,30.43438],[78.84407,30.42997],[78.83598,30.42347],[78.83303,30.41718],[78.82872,30.41496],[78.82562,30.41572],[78.82397,30.40803],[78.81685,30.40083],[78.82759,30.39416],[78.82792,30.39406],[78.83515,30.39159],[78.83411,30.384],[78.83875,30.37724],[78.83819,30.3644],[78.83813,30.36134],[78.83516,30.3574],[78.84017,30.35515],[78.84546,30.35587],[78.85821,30.34692],[78.85493,30.33281],[78.86378,30.32818],[78.86888,30.32133],[78.85781,30.31359],[78.86102,30.30812],[78.85841,30.302],[78.87283,30.28485],[78.87257,30.2764],[78.8832,30.2713],[78.89345,30.27268],[78.89472,30.27106],[78.91053,30.26883],[78.91154,30.26859],[78.92017,30.26479],[78.9197,30.26065]]]},"properties":{"bpcode":1006,"bpname":"Jakholi","dtcode":58,"dtname":"Rudraprayag","stcode":5,"stname":"Uttarakhand"}},
{"type":"Feature","geometry":{"type":"Polygon","coordinates":[[[78.55897,30.48187],[78.55859,30.4857],[78.55891,30.48676],[78.55925,30.48814],[78.56226,30.49164],[78.55922,30.49783],[78.55899,30.50684],[78.55548,30.51053],[78.55272,30.51941],[78.55393,30.52945],[78.54713,30.53322],[78.53891,30.52702],[78.52911,30.53156],[78.5183,30.52754],[78.51555,30.53266],[78.50831,30.53029],[78.49668,30.53064],[78.49679,30.53891],[78.49486,30.54058],[78.49604,30.5497],[78.49827,30.55238],[78.49666,30.55395],[78.49612,30.55476],[78.49604,30.56085],[78.49901,30.56562],[78.49954,30.58079],[78.50431,30.58582],[78.50933,30.5877],[78.51361,30.59538],[78.50918,30.59752],[78.50636,30.60375],[78.49817,30.61146],[78.49732,30.6123],[78.48713,30.62179],[78.48262,30.62113],[78.47913,30.62531],[78.4724,30.62009],[78.46835,30.61389],[78.44684,30.61405],[78.44661,30.60869],[78.44164,30.60507],[78.43867,30.59476],[78.43868,30.59352],[78.43906,30.59116],[78.4364,30.59038],[78.43972,30.58581],[78.43632,30.57557],[78.43734,30.57093],[78.44661,30.56734],[78.45073,30.56357],[78.45084,30.54906],[78.4509,30.54862],[78.45373,30.54252],[78.44968,30.5345],[78.44665,30.53675],[78.4442,30.53511],[78.44314,30.52383],[78.43701,30.523],[78.42555,30.51646],[78.4259,30.51121],[78.42358,30.50931],[78.42329,30.50874],[78.42575,30.50556],[78.42435,30.49517],[78.41601,30.49004],[78.41493,30.48818],[78.41117,30.47427],[78.41144,30.47227],[78.41299,30.46918],[78.42053,30.471],[78.42895,30.46601],[78.42771,30.45777],[78.4294,30.45414],[78.44174,30.45027],[78.4385,30.44163],[78.44328,30.43555],[78.4403,30.43214],[78.44573,30.43316],[78.4536,30.42576],[78.45923,30.42546],[78.46026,30.42513],[78.46191,30.4237],[78.4625,30.42316],[78.46612,30.41496],[78.47444,30.40918],[78.47105,30.40527],[78.47441,30.40114],[78.48015,30.40511],[78.48146,30.40728],[78.48817,30.41546],[78.48943,30.42062],[78.48827,30.42913],[78.48533,30.43287],[78.48751,30.43726],[78.50492,30.44422],[78.51655,30.44152],[78.52686,30.44195],[78.53885,30.45312],[78.54455,30.4543],[78.54866,30.45152],[78.55059,30.45219],[78.55163,30.45661],[78.54648,30.46314],[78.55059,30.46733],[78.54841,30.47202],[78.54924,30.4759],[78.55057,30.47873],[78.55804,30.48112],[78.55897,30.48187]]]},"properties":{"bpcode":1015,"bpname":"Pratapnagar","dtcode":59,"dtname":"Tehri garhwal","stcode":5,"stname":"Uttarakhand"}},
{"type":"Feature","geometry":{"type":"Polygon","coordinates":[[[78.45923,30.42546],[78.4536,30.42576],[78.44573,30.43316],[78.4403,30.43214],[78.44328,30.43555],[78.4385,30.44163],[78.44174,30.45027],[78.4294,30.45414],[78.42771,30.45777],[78.42895,30.46601],[78.42053,30.471],[78.41299,30.46918],[78.41342,30.46841],[78.41267,30.46822],[78.41091,30.46875],[78.40944,30.46998],[78.40762,30.47112],[78.40721,30.47119],[78.40434,30.47223],[78.40759,30.48025],[78.40335,30.48477],[78.40445,30.4917],[78.39656,30.49345],[78.39664,30.49665],[78.39247,30.49828],[78.39375,30.50608],[78.38179,30.51246],[78.37693,30.51798],[78.3699,30.51764],[78.36687,30.52051],[78.36574,30.52063],[78.36145,30.52147],[78.35591,30.52685],[78.3543,30.53051],[78.35652,30.53337],[78.34892,30.53366],[78.3426,30.54494],[78.34497,30.54918],[78.33849,30.55134],[78.33838,30.55193],[78.33933,30.56169],[78.33473,30.56313],[78.33412,30.56316],[78.33133,30.56076],[78.33117,30.56058],[78.32772,30.55815],[78.32812,30.55969],[78.32446,30.56011],[78.31921,30.572],[78.31857,30.57313],[78.31452,30.57271],[78.31423,30.57265],[78.31071,30.57269],[78.3103,30.57272],[78.3102,30.57273],[78.30955,30.57271],[78.30879,30.57262],[78.30776,30.5725],[78.30673,30.57214],[78.30468,30.57153],[78.31381,30.56114],[78.30913,30.55728],[78.30838,30.55665],[78.29483,30.55526],[78.29462,30.55529],[78.29138,30.55345],[78.29123,30.55329],[78.28969,30.55112],[78.28648,30.55256],[78.28496,30.55989],[78.28495,30.56046],[78.28592,30.56347],[78.28819,30.56353],[78.28892,30.56344],[78.29618,30.56257],[78.29735,30.56243],[78.29976,30.56276],[78.30009,30.56292],[78.3016,30.5641],[78.30181,30.56425],[78.30123,30.56454],[78.30091,30.56461],[78.29656,30.56946],[78.28893,30.57191],[78.2923,30.58129],[78.30001,30.58481],[78.30206,30.58684],[78.30159,30.58718],[78.30158,30.58719],[78.30063,30.58794],[78.29924,30.58929],[78.29926,30.58966],[78.29931,30.5906],[78.29929,30.5934],[78.29954,30.59377],[78.30002,30.59409],[78.30013,30.59431],[78.29976,30.5943],[78.29872,30.59428],[78.29687,30.59433],[78.29583,30.59463],[78.28802,30.60021],[78.27862,30.61143],[78.26981,30.61374],[78.25986,30.60728],[78.25103,30.611],[78.24657,30.60955],[78.24501,30.60793],[78.24108,30.60157],[78.24106,30.60042],[78.24143,30.59949],[78.24294,30.59757],[78.24326,30.59764],[78.24312,30.59738],[78.2428,30.597],[78.24283,30.59681],[78.24362,30.59588],[78.2437,30.59547],[78.24359,30.59515],[78.2389,30.59224],[78.23528,30.58632],[78.2191,30.5832],[78.20992,30.57865],[78.20859,30.57841],[78.20671,30.57828],[78.20555,30.57824],[78.20676,30.57763],[78.20619,30.57565],[78.20594,30.57286],[78.2058,30.57048],[78.20552,30.56722],[78.20669,30.56384],[78.22105,30.55497],[78.22454,30.55135],[78.22643,30.54959],[78.22643,30.54721],[78.22514,30.54508],[78.22427,30.54282],[78.22747,30.53957],[78.25543,30.53411],[78.25848,30.53136],[78.26169,30.52196],[78.26676,30.52172],[78.27471,30.52524],[78.28326,30.523],[78.29182,30.51224],[78.2927,30.50936],[78.29285,30.5071],[78.2917,30.50396],[78.29084,30.50171],[78.27454,30.47849],[78.27252,30.47335],[78.27252,30.47046],[78.27052,30.46319],[78.27009,30.46018],[78.27082,30.4573],[78.27112,30.45404],[78.2717,30.45141],[78.27113,30.44815],[78.26898,30.43962],[78.2687,30.43749],[78.26855,30.43486],[78.26914,30.43248],[78.27103,30.42684],[78.27713,30.41921],[78.28466,30.41347],[78.29282,30.41068],[78.29443,30.41244],[78.2966,30.41528],[78.30191,30.41848],[78.3105,30.41902],[78.3221,30.41551],[78.32485,30.4171],[78.33517,30.41805],[78.33885,30.41758],[78.34281,30.41604],[78.34499,30.4144],[78.35141,30.40767],[78.35414,30.40614],[78.3566,30.4052],[78.35892,30.40473],[78.3754,30.40534],[78.38521,30.41669],[78.38889,30.41823],[78.39448,30.41492],[78.39886,30.40081],[78.40363,30.39567],[78.41277,30.39131],[78.41782,30.39037],[78.42394,30.3919],[78.43124,30.39892],[78.43634,30.40136],[78.44534,30.4035],[78.45201,30.40976],[78.45493,30.40762],[78.46361,30.39145],[78.47213,30.38616],[78.4772,30.38827],[78.4772,30.3883],[78.47713,30.38882],[78.47674,30.39147],[78.47676,30.39273],[78.47684,30.39436],[78.47678,30.3958],[78.4783,30.39829],[78.47441,30.40114],[78.47105,30.40527],[78.47444,30.40918],[78.46612,30.41496],[78.4625,30.42316],[78.46191,30.4237],[78.46026,30.42513],[78.45923,30.42546]]]},"properties":{"bpcode":1016,"bpname":"Thaludhar","dtcode":59,"dtname":"Tehri garhwal","stcode":5,"stname":"Uttarakhand"}},
{"type":"Feature","geometry":{"type":"Polygon","coordinates":[[[79.22459,30.49654],[79.22392,30.49611],[79.2218,30.49037],[79.21817,30.48794],[79.21854,30.48785],[79.22047,30.48559],[79.22858,30.47609],[79.26522,30.44794],[79.27514,30.43703],[79.28255,30.42351],[79.29367,30.38357],[79.30418,30.36739],[79.31171,30.34932],[79.32117,30.33405],[79.31858,30.31665],[79.32504,30.3004],[79.34416,30.31065],[79.36641,30.30938],[79.38152,30.31158],[79.38422,30.32533],[79.39815,30.3348],[79.45888,30.33266],[79.48741,30.32423],[79.50042,30.33095],[79.52302,30.31598],[79.53924,30.31547],[79.58102,30.30371],[79.58777,30.32032],[79.60589,30.32625],[79.61931,30.3147],[79.63873,30.30696],[79.66618,30.30398],[79.68531,30.31084],[79.70259,30.30945],[79.7208,30.31263],[79.73228,30.33039],[79.72693,30.34489],[79.69717,30.36062],[79.68771,30.37687],[79.68614,30.40431],[79.66294,30.39639],[79.65395,30.38884],[79.63458,30.39293],[79.62224,30.40086],[79.60798,30.40325],[79.60099,30.39758],[79.59561,30.41209],[79.58159,30.40349],[79.56267,30.38654],[79.53245,30.37754],[79.51545,30.39666],[79.51709,30.4141],[79.51221,30.45153],[79.50472,30.46876],[79.5104,30.48725],[79.49186,30.49961],[79.47555,30.50286],[79.44157,30.52492],[79.43711,30.54225],[79.4276,30.55853],[79.41219,30.56639],[79.38876,30.57037],[79.3727,30.56351],[79.37041,30.56977],[79.35669,30.57799],[79.34152,30.60535],[79.33761,30.59583],[79.33231,30.59333],[79.32167,30.59466],[79.31158,30.59133],[79.30683,30.58921],[79.3075,30.58511],[79.30716,30.58364],[79.30402,30.58008],[79.30029,30.56688],[79.29528,30.56094],[79.28364,30.56395],[79.27501,30.56364],[79.27042,30.56627],[79.26778,30.56663],[79.25648,30.5663],[79.2542,30.56317],[79.24561,30.55892],[79.24656,30.55289],[79.24145,30.5484],[79.24515,30.53696],[79.22908,30.5273],[79.22783,30.52366],[79.22773,30.5233],[79.22821,30.51604],[79.22549,30.50961],[79.22671,30.50529],[79.2248,30.50383],[79.22657,30.49987],[79.22459,30.49654]]]},"properties":{"bpcode":949,"bpname":"Dasholi","dtcode":57,"dtname":"Chamoli","stcode":5,"stname":"Uttarakhand"}},
{"type":"Feature","geometry":{"type":"Polygon","coordinates":[[[80.3759,29.74977],[80.38531,29.7508],[80.38591,29.75651],[80.38912,29.75997],[80.39797,29.75909],[80.39758,29.76507],[80.4047,29.77774],[80.40452,29.78175],[80.40722,29.78357],[80.40755,29.79437],[80.41314,29.79111],[80.4163,29.79494],[80.42808,29.79765],[80.4354,29.80478],[80.44401,29.79834],[80.45471,29.80104],[80.46428,29.80084],[80.47907,29.79459],[80.49341,29.79456],[80.49478,29.79694],[80.49255,29.80069],[80.49876,29.80711],[80.49783,29.81067],[80.50039,29.81538],[80.50709,29.82227],[80.5222,29.82685],[80.52388,29.83124],[80.52858,29.83346],[80.53112,29.83727],[80.53649,29.83822],[80.53885,29.84568],[80.54478,29.84569],[80.5476,29.84868],[80.5535,29.84919],[80.55237,29.85472],[80.55493,29.86007],[80.56204,29.86628],[80.55834,29.87072],[80.56623,29.87807],[80.57186,29.89117],[80.57052,29.9082],[80.57253,29.91744],[80.5834,29.93761],[80.60193,29.95691],[80.61161,29.95772],[80.62941,29.9638],[80.638,29.96178],[80.64126,29.95851],[80.65139,29.95457],[80.67532,29.95721],[80.69022,29.97343],[80.70158,29.98017],[80.71207,29.98974],[80.7188,30.00046],[80.73613,29.99958],[80.74395,30.00439],[80.7504,30.01139],[80.75272,30.02038],[80.75666,30.02415],[80.75586,30.03974],[80.76174,30.04981],[80.77943,30.05696],[80.79047,30.07374],[80.80532,30.08984],[80.8097,30.0914],[80.81518,30.09698],[80.82252,30.10001],[80.82895,30.09756],[80.83672,30.09813],[80.84548,30.10432],[80.84528,30.10759],[80.84097,30.11121],[80.84283,30.11525],[80.85707,30.12147],[80.87097,30.12327],[80.87685,30.12854],[80.87808,30.13356],[80.87144,30.15364],[80.87152,30.16022],[80.86238,30.16947],[80.88,30.1825],[80.88392,30.18831],[80.88343,30.1949],[80.89287,30.20609],[80.89498,30.21146],[80.90737,30.22259],[80.91501,30.22023],[80.91969,30.21562],[80.92221,30.2075],[80.91619,30.19674],[80.91616,30.18785],[80.92842,30.17467],[80.93365,30.17798],[80.94009,30.17792],[80.94103,30.18024],[80.95234,30.18477],[80.97088,30.18663],[80.9695,30.18954],[80.97433,30.19243],[80.98569,30.18672],[80.99456,30.18626],[81.00031,30.19172],[81.00683,30.19162],[81.00886,30.19455],[81.02848,30.19537],[81.0364,30.19905],[81.0353,30.20299],[81.04359,30.20508],[81.04513,30.21088],[81.04103,30.21543],[81.03016,30.21944],[81.03092,30.22585],[81.02675,30.22718],[81.03073,30.23554],[81.02938,30.23997],[81.0321,30.24671],[81.02355,30.24884],[81.0194,30.25294],[81.01141,30.2556],[81.00815,30.26198],[80.99959,30.26744],[80.98736,30.26864],[80.98183,30.27195],[80.96032,30.26944],[80.95406,30.27064],[80.93939,30.26662],[80.93548,30.26279],[80.92633,30.26829],[80.92562,30.27344],[80.93135,30.27845],[80.92688,30.28319],[80.91439,30.28845],[80.90734,30.29741],[80.9085,30.30358],[80.89019,30.30273],[80.88438,30.29963],[80.88085,30.30232],[80.87336,30.3026],[80.87243,30.30698],[80.8673,30.30947],[80.86376,30.31402],[80.84722,30.31744],[80.83841,30.31405],[80.82673,30.31432],[80.81812,30.32209],[80.80367,30.32341],[80.80116,30.33344],[80.7868,30.34266],[80.78531,30.34745],[80.78665,30.35376],[80.77978,30.35526],[80.77283,30.36568],[80.76941,30.36645],[80.75857,30.37599],[80.75078,30.37927],[80.74861,30.38675],[80.73438,30.39981],[80.72697,30.40317],[80.71505,30.41415],[80.70829,30.41745],[80.70473,30.41726],[80.69977,30.41295],[80.68967,30.41423],[80.68726,30.4194],[80.67789,30.42282],[80.67709,30.42906],[80.66815,30.43378],[80.65829,30.44243],[80.64862,30.44547],[80.64078,30.45041],[80.63703,30.45012],[80.63117,30.45621],[80.62734,30.45724],[80.6239,30.4624],[80.61294,30.45839],[80.60843,30.46362],[80.60719,30.47159],[80.59857,30.47084],[80.59584,30.46706],[80.58257,30.46735],[80.57513,30.46318],[80.56551,30.46311],[80.56463,30.45869],[80.55882,30.45287],[80.54859,30.44779],[80.54093,30.44817],[80.52836,30.45703],[80.52438,30.46602],[80.51986,30.47077],[80.51426,30.47101],[80.50731,30.47429],[80.49834,30.48708],[80.48946,30.48425],[80.48329,30.48947],[80.47438,30.48948],[80.46932,30.49162],[80.46613,30.49039],[80.45225,30.49697],[80.44491,30.49732],[80.44304,30.50208],[80.43219,30.50834],[80.42914,30.51384],[80.41654,30.51779],[80.41561,30.52053],[80.41778,30.52427],[80.41057,30.52542],[80.40042,30.51939],[80.38594,30.51799],[80.38,30.51938],[80.37768,30.52406],[80.36578,30.52827],[80.36078,30.5246],[80.3469,30.52075],[80.33933,30.52516],[80.33214,30.53813],[80.32245,30.54417],[80.31543,30.56487],[80.28341,30.56991],[80.26758,30.56735],[80.26105,30.56846],[80.25443,30.56444],[80.25703,30.55962],[80.25605,30.55723],[80.26294,30.55255],[80.26317,30.54759],[80.26882,30.54177],[80.26914,30.53655],[80.274,30.53326],[80.28087,30.52195],[80.2797,30.51909],[80.28181,30.51499],[80.27931,30.51176],[80.28139,30.50673],[80.28079,30.49979],[80.27756,30.49784],[80.26744,30.49946],[80.2646,30.49469],[80.24752,30.48715],[80.24723,30.48124],[80.25226,30.47923],[80.24787,30.47454],[80.24728,30.4704],[80.26177,30.46319],[80.26331,30.45868],[80.2594,30.45478],[80.26599,30.453],[80.27182,30.4484],[80.27561,30.44153],[80.2741,30.43917],[80.28508,30.44112],[80.28828,30.44009],[80.30161,30.43228],[80.29839,30.42698],[80.30564,30.4174],[80.31963,30.41507],[80.3241,30.41614],[80.32727,30.41449],[80.32441,30.40363],[80.32902,30.4003],[80.32994,30.39402],[80.34092,30.38273],[80.35372,30.37887],[80.37665,30.38154],[80.3782,30.37606],[80.38432,30.37324],[80.38357,30.36831],[80.37699,30.35997],[80.37929,30.35557],[80.3782,30.34117],[80.37867,30.33896],[80.38215,30.33241],[80.38549,30.31574],[80.38929,30.31324],[80.38886,30.30058],[80.39063,30.29602],[80.38979,30.29321],[80.3764,30.28179],[80.37185,30.27288],[80.37239,30.26629],[80.37877,30.26008],[80.37565,30.25385],[80.38327,30.24722],[80.39349,30.24777],[80.39956,30.24355],[80.41668,30.24405],[80.41898,30.24398],[80.42732,30.24599],[80.43226,30.24287],[80.43236,30.23798],[80.4233,30.23118],[80.42138,30.22371],[80.42602,30.21783],[80.42562,30.21223],[80.42947,30.20605],[80.43426,30.20273],[80.44275,30.2025],[80.44547,30.1993],[80.45878,30.19459],[80.46935,30.18765],[80.46865,30.1687],[80.46105,30.16006],[80.46378,30.15832],[80.46506,30.15634],[80.47775,30.1458],[80.47051,30.13186],[80.47122,30.13073],[80.47478,30.1228],[80.48395,30.11777],[80.48972,30.10886],[80.48723,30.09962],[80.49097,30.09146],[80.48176,30.07465],[80.47417,30.06722],[80.47317,30.06616],[80.47337,30.05826],[80.47764,30.04912],[80.47598,30.03917],[80.48003,30.03593],[80.48033,30.03115],[80.47676,30.02608],[80.47147,30.02314],[80.47278,30.01319],[80.4704,30.00806],[80.47728,29.99854],[80.47108,29.99135],[80.46989,29.98679],[80.46883,29.98454],[80.46363,29.98293],[80.45452,29.97369],[80.44682,29.97264],[80.43582,29.95971],[80.42801,29.95729],[80.42589,29.95794],[80.41797,29.96029],[80.41536,29.95946],[80.3961,29.94576],[80.37902,29.93876],[80.37475,29.94006],[80.37002,29.94537],[80.36209,29.9482],[80.36002,29.9489],[80.35413,29.94776],[80.35099,29.94503],[80.34802,29.94637],[80.34154,29.94492],[80.33196,29.95065],[80.32742,29.95594],[80.31157,29.95765],[80.30583,29.96065],[80.30172,29.9582],[80.3009,29.94573],[80.2976,29.93674],[80.30077,29.93502],[80.30065,29.92818],[80.3065,29.92394],[80.31119,29.91482],[80.30892,29.90485],[80.31592,29.90089],[80.31525,29.89434],[80.31969,29.88625],[80.31945,29.88538],[80.32039,29.8813],[80.32493,29.87869],[80.3239,29.87626],[80.32322,29.87511],[80.33205,29.86995],[80.33469,29.86503],[80.33988,29.86347],[80.3445,29.85906],[80.34953,29.85838],[80.35134,29.85475],[80.35142,29.85283],[80.3512,29.8508],[80.35532,29.83836],[80.36593,29.82871],[80.36548,29.8277],[80.36226,29.82301],[80.36526,29.81995],[80.36583,29.81928],[80.36313,29.8141],[80.36793,29.80716],[80.36412,29.80246],[80.36428,29.79817],[80.35713,29.80094],[80.3559,29.79588],[80.35842,29.79182],[80.35865,29.78997],[80.35436,29.77752],[80.35785,29.77046],[80.36562,29.77017],[80.3669,29.76278],[80.37337,29.7575],[80.3759,29.74977]]]},"properties":{"bpcode":998,"bpname":"Darchula","dtcode":62,"dtname":"Pithoragarh","stcode":5,"stname":"Uttarakhand"}},
{"type":"Feature","geometry":{"type":"Polygon","coordinates":[[[77.98534,30.46938],[77.98042,30.47661],[77.97641,30.47595],[77.9733,30.48613],[77.95876,30.4891],[77.93971,30.50241],[77.93615,30.51135],[77.94147,30.51328],[77.93689,30.51732],[77.93144,30.51443],[77.91652,30.51692],[77.91439,30.52322],[77.90665,30.52803],[77.90829,30.53786],[77.90356,30.53986],[77.8977,30.53538],[77.89023,30.53397],[77.89024,30.52991],[77.88385,30.52252],[77.88674,30.51814],[77.88492,30.51487],[77.87216,30.51454],[77.86609,30.5183],[77.86128,30.51605],[77.82915,30.51143],[77.82433,30.50852],[77.81854,30.50812],[77.81505,30.50513],[77.80829,30.50478],[77.79986,30.50106],[77.78221,30.50027],[77.77567,30.49431],[77.76436,30.49108],[77.7394,30.47602],[77.73172,30.47314],[77.72098,30.473],[77.7072,30.45924],[77.69794,30.45586],[77.69025,30.44802],[77.67077,30.44419],[77.65237,30.44805],[77.649,30.44515],[77.64607,30.43341],[77.64327,30.43184],[77.637,30.43319],[77.63192,30.43125],[77.62268,30.43466],[77.59613,30.42729],[77.57427,30.41338],[77.57236,30.40791],[77.57604,30.39739],[77.58255,30.39987],[77.58546,30.40492],[77.59043,30.40628],[77.59831,30.40488],[77.6017,30.3997],[77.60288,30.40293],[77.61849,30.40238],[77.62289,30.40519],[77.62925,30.3979],[77.63591,30.39901],[77.64726,30.40473],[77.65725,30.40067],[77.65973,30.39056],[77.67242,30.39047],[77.67655,30.38778],[77.67808,30.37566],[77.6831,30.37646],[77.68607,30.37925],[77.6904,30.37595],[77.70608,30.34707],[77.72084,30.33082],[77.73209,30.32809],[77.74701,30.3201],[77.76116,30.31829],[77.76578,30.31415],[77.78425,30.30565],[77.78571,30.30298],[77.79973,30.29419],[77.82937,30.28151],[77.83328,30.28514],[77.83601,30.28712],[77.88485,30.32956],[77.88458,30.33922],[77.87757,30.34811],[77.85877,30.35604],[77.8253,30.37842],[77.81252,30.39123],[77.80553,30.39554],[77.79809,30.40471],[77.78322,30.4124],[77.78358,30.41543],[77.80386,30.42227],[77.82473,30.42605],[77.85875,30.42576],[77.88238,30.42794],[77.89953,30.4363],[77.9225,30.45113],[77.93646,30.45607],[77.94054,30.46123],[77.94802,30.46472],[77.97274,30.46792],[77.97819,30.46792],[77.98566,30.46885],[77.98534,30.46938]]]},"properties":{"bpcode":966,"bpname":"Sahaspur","dtcode":60,"dtname":"Dehradun","stcode":5,"stname":"Uttarakhand"}},
{"type":"Feature","geometry":{"type":"Polygon","coordinates":[[[78.96793,30.33311],[78.96598,30.31999],[78.97013,30.31729],[78.97228,30.31031],[78.97517,30.31267],[78.97923,30.31179],[78.97953,30.30548],[78.98135,30.30421],[78.97767,30.30159],[78.97931,30.28767],[78.96262,30.27433],[78.94788,30.26911],[78.93929,30.27161],[78.93582,30.2709],[78.92934,30.25966],[78.92882,30.2531],[78.92531,30.25283],[78.92305,30.2587],[78.9197,30.26065],[78.91106,30.25691],[78.91015,30.25002],[78.90619,30.24549],[78.90113,30.24255],[78.8996,30.24484],[78.89587,30.24123],[78.89414,30.2382],[78.89076,30.23543],[78.90926,30.23436],[78.9147,30.23081],[78.91487,30.22714],[78.91433,30.22591],[78.91048,30.22334],[78.91319,30.21626],[78.91051,30.2131],[78.9155,30.21001],[78.91481,30.20408],[78.90955,30.20244],[78.90737,30.20888],[78.90229,30.20948],[78.90278,30.1967],[78.89805,30.18131],[78.89886,30.17997],[78.9109,30.18041],[78.91459,30.18055],[78.91688,30.18136],[78.93013,30.18131],[78.93075,30.18115],[78.93826,30.17674],[78.94773,30.17754],[78.95542,30.17471],[78.96607,30.17826],[78.97027,30.17783],[78.98177,30.18045],[78.99407,30.17884],[79.00113,30.18404],[79.00623,30.18256],[79.01032,30.18552],[79.0196,30.18478],[79.02915,30.19158],[79.02933,30.20656],[79.03869,30.21629],[79.04226,30.21705],[79.04742,30.2137],[79.05484,30.21646],[79.06173,30.2149],[79.07041,30.22002],[79.07599,30.22046],[79.07732,30.22574],[79.08347,30.23042],[79.08836,30.2399],[79.09644,30.24671],[79.09775,30.25166],[79.10353,30.25588],[79.10394,30.25871],[79.10789,30.26983],[79.10194,30.27886],[79.10779,30.28944],[79.12028,30.29337],[79.12216,30.28974],[79.13728,30.28523],[79.14177,30.28691],[79.14456,30.29226],[79.15364,30.2965],[79.16004,30.29311],[79.17054,30.29533],[79.16672,30.29735],[79.1469,30.2984],[79.14715,30.30031],[79.1469,30.30065],[79.14438,30.30083],[79.14447,30.30463],[79.14836,30.31332],[79.14816,30.32127],[79.15378,30.32476],[79.15431,30.32189],[79.15763,30.32301],[79.1598,30.32499],[79.1593,30.32813],[79.15458,30.33274],[79.15096,30.33138],[79.1509,30.33512],[79.145,30.33642],[79.14437,30.33919],[79.1414,30.33793],[79.14127,30.34153],[79.13757,30.34226],[79.13887,30.34667],[79.13143,30.35129],[79.1314,30.3522],[79.1293,30.36459],[79.11336,30.37049],[79.1078,30.37465],[79.11224,30.38311],[79.11906,30.38458],[79.12937,30.38129],[79.13027,30.38141],[79.13932,30.37909],[79.14326,30.38067],[79.14923,30.37816],[79.15657,30.38276],[79.16163,30.38307],[79.16528,30.38793],[79.16463,30.3922],[79.16462,30.39299],[79.16456,30.4105],[79.17254,30.41513],[79.17441,30.4284],[79.16572,30.44009],[79.16614,30.44423],[79.16381,30.44407],[79.15854,30.44371],[79.13441,30.44573],[79.1132,30.46012],[79.09112,30.46898],[79.08155,30.46925],[79.0801,30.47097],[79.08595,30.48382],[79.08475,30.48668],[79.07009,30.49379],[79.06203,30.4944],[79.04353,30.48982],[79.02717,30.47705],[79.03135,30.47498],[79.0269,30.46936],[79.03155,30.46668],[79.03371,30.46195],[79.04385,30.45971],[79.047,30.45581],[79.04307,30.4415],[79.04374,30.43692],[79.05807,30.42776],[79.05669,30.4262],[79.04654,30.42682],[79.04645,30.42169],[79.04201,30.41939],[79.03943,30.42506],[79.0279,30.4303],[79.02652,30.42922],[79.02923,30.42663],[79.02898,30.4197],[79.02118,30.42099],[79.01953,30.41595],[79.00983,30.41146],[79.01023,30.40416],[79.00638,30.40257],[79.00891,30.40202],[79.00933,30.40139],[79.01089,30.39894],[79.00954,30.39666],[79.01298,30.39671],[79.0108,30.39112],[79.01772,30.38992],[79.01795,30.38841],[79.00134,30.37918],[78.99653,30.37388],[78.99566,30.3717],[78.99409,30.36789],[78.98322,30.36844],[78.97893,30.36436],[78.97849,30.3602],[78.97471,30.3561],[78.97462,30.34428],[78.96752,30.34101],[78.96823,30.33391],[78.96793,30.33311]]]},"properties":{"bpcode":1005,"bpname":"Agustmuni","dtcode":58,"dtname":"Rudraprayag","stcode":5,"stname":"Uttarakhand"}},
{"type":"Feature","geometry":{"type":"Polygon","coordinates":[[[79.21817,30.48794],[79.20716,30.48573],[79.19159,30.47693],[79.187,30.47068],[79.18622,30.46247],[79.17968,30.45942],[79.17406,30.44915],[79.16679,30.44646],[79.16614,30.44423],[79.16572,30.44009],[79.17441,30.4284],[79.17254,30.41513],[79.16456,30.4105],[79.16462,30.39299],[79.16463,30.3922],[79.16528,30.38793],[79.16163,30.38307],[79.15657,30.38276],[79.14923,30.37816],[79.14326,30.38067],[79.13932,30.37909],[79.13027,30.38141],[79.12937,30.38129],[79.11906,30.38458],[79.11224,30.38311],[79.1078,30.37465],[79.11336,30.37049],[79.1293,30.36459],[79.1314,30.3522],[79.13143,30.35129],[79.13887,30.34667],[79.13757,30.34226],[79.14127,30.34153],[79.1414,30.33793],[79.14437,30.33919],[79.145,30.33642],[79.1509,30.33512],[79.15096,30.33138],[79.15458,30.33274],[79.1593,30.32813],[79.1598,30.32499],[79.15763,30.32301],[79.15431,30.32189],[79.15378,30.32476],[79.14816,30.32127],[79.14836,30.31332],[79.14447,30.30463],[79.14438,30.30083],[79.1469,30.30065],[79.14715,30.30031],[79.1469,30.2984],[79.16672,30.29735],[79.17054,30.29533],[79.16004,30.29311],[79.15364,30.2965],[79.14456,30.29226],[79.14177,30.28691],[79.13728,30.28523],[79.12216,30.28974],[79.12028,30.29337],[79.10779,30.28944],[79.10194,30.27886],[79.10789,30.26983],[79.10394,30.25871],[79.11951,30.25894],[79.15096,30.24971],[79.19648,30.24172],[79.23514,30.22719],[79.2512,30.2294],[79.27409,30.24087],[79.32217,30.25387],[79.33989,30.2716],[79.3569,30.27748],[79.32504,30.3004],[79.31858,30.31665],[79.32117,30.33405],[79.31171,30.34932],[79.30418,30.36739],[79.29367,30.38357],[79.28255,30.42351],[79.27514,30.43703],[79.26522,30.44794],[79.22858,30.47609],[79.22047,30.48559],[79.21854,30.48785],[79.21817,30.48794]]]},"properties":{"bpcode":956,"bpname":"Pokhri","dtcode":57,"dtname":"Chamoli","stcode":5,"stname":"Uttarakhand"}},
{"type":"Feature","geometry":{"type":"Polygon","coordinates":[[[78.50269,30.29307],[78.51282,30.29646],[78.52374,30.29393],[78.56273,30.29288],[78.56783,30.29538],[78.58768,30.29695],[78.60275,30.28966],[78.60614,30.29009],[78.61959,30.30442],[78.61539,30.31448],[78.60004,30.32876],[78.60357,30.33386],[78.60893,30.33702],[78.60761,30.33889],[78.61319,30.34473],[78.62091,30.34263],[78.62318,30.34745],[78.62044,30.34828],[78.61726,30.35428],[78.61506,30.3562],[78.61167,30.35824],[78.57822,30.36887],[78.57482,30.3726],[78.58363,30.37958],[78.59135,30.38181],[78.59276,30.3838],[78.58958,30.38821],[78.59357,30.39328],[78.59376,30.3976],[78.60078,30.39818],[78.60429,30.40476],[78.61433,30.41008],[78.61575,30.4144],[78.61546,30.41708],[78.60849,30.42443],[78.61269,30.43588],[78.61207,30.44187],[78.60909,30.44519],[78.59872,30.45009],[78.59405,30.45876],[78.58401,30.46239],[78.58115,30.46886],[78.57157,30.47356],[78.56806,30.47577],[78.56436,30.47889],[78.56186,30.48247],[78.55859,30.4857],[78.55897,30.48187],[78.55804,30.48112],[78.55057,30.47873],[78.54924,30.4759],[78.54841,30.47202],[78.55059,30.46733],[78.54648,30.46314],[78.55163,30.45661],[78.55059,30.45219],[78.54866,30.45152],[78.54455,30.4543],[78.53885,30.45312],[78.52686,30.44195],[78.51655,30.44152],[78.50492,30.44422],[78.48751,30.43726],[78.48533,30.43287],[78.48827,30.42913],[78.48943,30.42062],[78.48817,30.41546],[78.48146,30.40728],[78.48015,30.40511],[78.47441,30.40114],[78.4783,30.39829],[78.47678,30.3958],[78.47684,30.39436],[78.47676,30.39273],[78.47674,30.39147],[78.47713,30.38882],[78.4772,30.3883],[78.4772,30.38827],[78.48044,30.37791],[78.47629,30.3704],[78.47656,30.36974],[78.48165,30.36565],[78.48282,30.35723],[78.48674,30.35572],[78.48181,30.34642],[78.48736,30.33784],[78.48684,30.33328],[78.48938,30.32787],[78.48922,30.32569],[78.48844,30.31749],[78.49411,30.30494],[78.4909,30.29775],[78.49138,30.29704],[78.49432,30.29711],[78.49546,30.29729],[78.49556,30.2973],[78.49667,30.29701],[78.49704,30.29484],[78.49949,30.29254],[78.50269,30.29307]]]},"properties":{"bpcode":1011,"bpname":"Jakhinidhar","dtcode":59,"dtname":"Tehri garhwal","stcode":5,"stname":"Uttarakhand"}},
{"type":"Feature","geometry":{"type":"Polygon","coordinates":[[[78.10575,30.47759],[78.10551,30.47822],[78.10168,30.47841],[78.09882,30.47843],[78.09881,30.47843],[78.09689,30.47818],[78.09548,30.47467],[78.08163,30.47383],[78.08194,30.46737],[78.06999,30.47005],[78.0708,30.47605],[78.06884,30.47733],[78.06572,30.47622],[78.06312,30.47583],[78.05945,30.47601],[78.05854,30.47633],[78.05708,30.47719],[78.05264,30.48101],[78.04069,30.48243],[78.03919,30.48173],[78.03994,30.47647],[78.04023,30.47366],[78.03702,30.46989],[78.03644,30.46944],[78.03668,30.46537],[78.03235,30.46751],[78.03102,30.47315],[78.02612,30.47473],[78.02321,30.47496],[78.02171,30.47505],[78.02305,30.47809],[78.01976,30.48127],[78.01451,30.48394],[78.0086,30.48355],[78.00457,30.48049],[77.99783,30.48007],[78.00008,30.46844],[77.99623,30.46697],[77.99071,30.46904],[77.98901,30.46774],[77.98749,30.46685],[77.98585,30.46874],[77.98566,30.46885],[77.97819,30.46792],[77.97274,30.46792],[77.94802,30.46472],[77.94054,30.46123],[77.93646,30.45607],[77.9225,30.45113],[77.89953,30.4363],[77.88238,30.42794],[77.85875,30.42576],[77.82473,30.42605],[77.80386,30.42227],[77.78358,30.41543],[77.78322,30.4124],[77.79809,30.40471],[77.80553,30.39554],[77.81252,30.39123],[77.8253,30.37842],[77.85877,30.35604],[77.87757,30.34811],[77.88458,30.33922],[77.88485,30.32956],[77.83601,30.28712],[77.83328,30.28514],[77.82937,30.28151],[77.84075,30.27376],[77.84217,30.27639],[77.84717,30.27659],[77.84653,30.27164],[77.85869,30.27141],[77.86567,30.26582],[77.86933,30.26611],[77.87906,30.26207],[77.88166,30.26227],[77.88653,30.26702],[77.90985,30.28947],[77.91734,30.29085],[77.93091,30.28858],[77.93896,30.29569],[77.94179,30.30179],[77.97422,30.3148],[78.00213,30.31643],[78.00973,30.33127],[78.03563,30.33234],[78.04544,30.3346],[78.04984,30.33774],[78.05826,30.35176],[78.08944,30.37916],[78.09893,30.394],[78.10088,30.40135],[78.0966,30.40638],[78.09585,30.41091],[78.10201,30.41506],[78.10522,30.4204],[78.10704,30.43448],[78.10465,30.43743],[78.1044,30.4507],[78.10892,30.45466],[78.10749,30.47127],[78.1065,30.47306],[78.10611,30.47513],[78.10575,30.47759]]]},"properties":{"bpcode":967,"bpname":"Vikasnagar","dtcode":60,"dtname":"Dehradun","stcode":5,"stname":"Uttarakhand"}},
{"type":"Feature","geometry":{"type":"Polygon","coordinates":[[[78.22312,30.40556],[78.23463,30.41312],[78.23942,30.42315],[78.23094,30.42826],[78.22915,30.42667],[78.22609,30.43355],[78.22022,30.43633],[78.21942,30.437],[78.21428,30.44042],[78.19138,30.44847],[78.1803,30.44964],[78.17185,30.44619],[78.1708,30.4456],[78.16412,30.44594],[78.15894,30.4529],[78.15082,30.45723],[78.13948,30.45652],[78.13308,30.45911],[78.1245,30.4675],[78.1172,30.47101],[78.10749,30.47127],[78.10892,30.45466],[78.1044,30.4507],[78.10465,30.43743],[78.10704,30.43448],[78.10522,30.4204],[78.10201,30.41506],[78.09585,30.41091],[78.0966,30.40638],[78.10088,30.40135],[78.09893,30.394],[78.08944,30.37916],[78.05826,30.35176],[78.04984,30.33774],[78.04544,30.3346],[78.03563,30.33234],[78.00973,30.33127],[78.00213,30.31643],[77.97422,30.3148],[77.94179,30.30179],[77.93896,30.29569],[77.93091,30.28858],[77.91734,30.29085],[77.90985,30.28947],[77.88653,30.26702],[77.90063,30.26281],[77.91454,30.25562],[77.93699,30.24916],[77.94147,30.23979],[77.94413,30.23925],[77.94982,30.24231],[77.95151,30.24528],[77.9565,30.24545],[77.9617,30.24237],[77.95578,30.23057],[77.95625,30.23006],[77.96888,30.2202],[77.97328,30.22062],[77.97519,30.21839],[77.97425,30.21318],[77.9808,30.20798],[77.98128,30.2073],[77.98367,30.20394],[77.9859,30.20431],[77.98672,30.19965],[77.99101,30.1947],[78.03395,30.21585],[78.03401,30.22101],[78.02901,30.23113],[78.03223,30.23705],[78.03325,30.24867],[78.03729,30.2544],[78.04474,30.25615],[78.05661,30.25252],[78.06731,30.25366],[78.07122,30.25678],[78.07781,30.27655],[78.09534,30.28559],[78.11288,30.28403],[78.12046,30.27766],[78.13211,30.27964],[78.13812,30.26028],[78.15031,30.24402],[78.16053,30.22514],[78.17231,30.22378],[78.22334,30.22667],[78.23415,30.23769],[78.23829,30.25287],[78.24015,30.26251],[78.23861,30.27187],[78.24218,30.28034],[78.24199,30.28286],[78.23832,30.28295],[78.23782,30.28778],[78.23578,30.29259],[78.23699,30.29916],[78.22416,30.30669],[78.21428,30.30943],[78.21221,30.29918],[78.20736,30.29282],[78.20009,30.29383],[78.19452,30.30189],[78.18556,30.30146],[78.17925,30.30513],[78.17019,30.30673],[78.16336,30.31279],[78.158,30.31915],[78.15463,30.32016],[78.14536,30.32358],[78.1403,30.32833],[78.13918,30.33176],[78.13345,30.3438],[78.13909,30.35046],[78.13856,30.35822],[78.14456,30.3682],[78.15469,30.37448],[78.16202,30.38246],[78.16962,30.3839],[78.17491,30.38225],[78.19847,30.39862],[78.21878,30.40419],[78.22312,30.40556]]]},"properties":{"bpcode":965,"bpname":"Raipur","dtcode":60,"dtname":"Dehradun","stcode":5,"stname":"Uttarakhand"}},
{"type":"Feature","geometry":{"type":"Polygon","coordinates":[[[78.4772,30.38827],[78.4772,30.3883],[78.47213,30.38619],[78.46361,30.39148],[78.45493,30.40765],[78.45201,30.40979],[78.44534,30.40353],[78.43852,30.4021],[78.43634,30.40139],[78.43124,30.39895],[78.42394,30.39193],[78.41782,30.3904],[78.41277,30.39134],[78.40363,30.3957],[78.39886,30.40084],[78.39448,30.41495],[78.38889,30.41826],[78.38521,30.41672],[78.3754,30.40537],[78.35892,30.40476],[78.3566,30.40523],[78.35141,30.4077],[78.34499,30.41443],[78.34281,30.41607],[78.33885,30.41762],[78.33517,30.41808],[78.32485,30.41713],[78.3221,30.41554],[78.3105,30.41905],[78.30191,30.41851],[78.2966,30.41531],[78.29282,30.41071],[78.29479,30.40949],[78.29691,30.4075],[78.30653,30.40123],[78.30798,30.39923],[78.30856,30.39459],[78.30405,30.38374],[78.30541,30.37804],[78.3112,30.37241],[78.31173,30.36658],[78.30733,30.36025],[78.29311,30.34773],[78.29495,30.33553],[78.29005,30.32738],[78.27085,30.32158],[78.255,30.29924],[78.24793,30.29785],[78.24462,30.29471],[78.24145,30.29094],[78.23782,30.28778],[78.25821,30.28549],[78.26811,30.30207],[78.28386,30.29185],[78.28963,30.29206],[78.29103,30.29291],[78.29905,30.30472],[78.30882,30.30307],[78.31956,30.29394],[78.34139,30.29231],[78.35175,30.28568],[78.37054,30.26483],[78.37437,30.26426],[78.40385,30.26722],[78.41676,30.27258],[78.42056,30.27242],[78.42045,30.26487],[78.42841,30.2625],[78.4343,30.25826],[78.44672,30.26116],[78.47091,30.26114],[78.49249,30.26402],[78.48991,30.27075],[78.49668,30.28121],[78.48938,30.28434],[78.48432,30.28279],[78.48257,30.28588],[78.48407,30.28837],[78.49704,30.29484],[78.49667,30.29701],[78.49556,30.2973],[78.49546,30.29729],[78.49432,30.29711],[78.49138,30.29704],[78.4909,30.29775],[78.49411,30.30494],[78.48844,30.31749],[78.48922,30.32569],[78.48938,30.32787],[78.48684,30.33328],[78.48736,30.33784],[78.48181,30.34642],[78.48674,30.35572],[78.48282,30.35723],[78.48165,30.36565],[78.47656,30.36974],[78.47629,30.3704],[78.48044,30.37791],[78.4772,30.38827]]]},"properties":{"bpcode":1009,"bpname":"Chamba","dtcode":59,"dtname":"Tehri garhwal","stcode":5,"stname":"Uttarakhand"}},
{"type":"Feature","geometry":{"type":"Polygon","coordinates":[[[78.91053,30.26883],[78.89472,30.27106],[78.89345,30.27268],[78.8832,30.2713],[78.87257,30.2764],[78.87283,30.28485],[78.85841,30.302],[78.86102,30.30812],[78.85781,30.31359],[78.86888,30.32133],[78.86378,30.32818],[78.85493,30.33281],[78.85821,30.34692],[78.84546,30.35587],[78.84017,30.35515],[78.83516,30.3574],[78.8242,30.34947],[78.81366,30.348],[78.80967,30.34804],[78.80144,30.34527],[78.79806,30.34462],[78.78806,30.34397],[78.77964,30.35007],[78.76629,30.35101],[78.76217,30.35072],[78.75368,30.35421],[78.7495,30.36103],[78.73465,30.36403],[78.73355,30.36427],[78.72131,30.36369],[78.7104,30.37142],[78.70914,30.37122],[78.70418,30.37196],[78.70295,30.373],[78.69847,30.37805],[78.69231,30.38066],[78.67647,30.37543],[78.67536,30.37345],[78.67485,30.37235],[78.66373,30.36806],[78.66528,30.35175],[78.66497,30.35112],[78.66147,30.34802],[78.65623,30.3485],[78.65276,30.34664],[78.6357,30.35342],[78.63373,30.35269],[78.6339,30.34853],[78.62969,30.34843],[78.62428,30.34534],[78.62526,30.34282],[78.64575,30.3314],[78.67115,30.30693],[78.71146,30.28334],[78.7145,30.27686],[78.71416,30.26646],[78.71802,30.25104],[78.71685,30.24612],[78.70685,30.23656],[78.70642,30.23191],[78.7084,30.23158],[78.71397,30.2327],[78.71388,30.23636],[78.71613,30.23686],[78.7189,30.23212],[78.74149,30.21708],[78.74295,30.21615],[78.74836,30.21311],[78.75521,30.21755],[78.76118,30.21629],[78.76619,30.22595],[78.77718,30.22533],[78.79065,30.22855],[78.79777,30.22113],[78.80544,30.21938],[78.80837,30.22123],[78.80832,30.22705],[78.81033,30.22792],[78.81165,30.22799],[78.82099,30.22955],[78.81951,30.23753],[78.82222,30.23981],[78.82433,30.24073],[78.82793,30.24362],[78.83907,30.23725],[78.8443,30.23638],[78.84656,30.23851],[78.84729,30.24646],[78.85996,30.24363],[78.87182,30.25156],[78.87513,30.25174],[78.87822,30.26025],[78.8824,30.26005],[78.89215,30.25242],[78.89746,30.25087],[78.8996,30.24484],[78.90113,30.24255],[78.90619,30.24549],[78.91015,30.25002],[78.91106,30.25691],[78.9197,30.26065],[78.92017,30.26479],[78.91154,30.26859],[78.91053,30.26883]]]},"properties":{"bpcode":1013,"bpname":"Kirtinagar","dtcode":59,"dtname":"Tehri garhwal","stcode":5,"stname":"Uttarakhand"}},
{"type":"Feature","geometry":{"type":"Polygon","coordinates":[[[78.7084,30.23158],[78.70642,30.23191],[78.70685,30.23656],[78.71685,30.24612],[78.71802,30.25104],[78.71416,30.26646],[78.7145,30.27686],[78.71146,30.28334],[78.67115,30.30693],[78.64575,30.3314],[78.62526,30.34282],[78.62428,30.34534],[78.62342,30.34756],[78.62318,30.34745],[78.62091,30.34263],[78.61319,30.34473],[78.60761,30.33889],[78.60893,30.33702],[78.60357,30.33386],[78.60004,30.32876],[78.61539,30.31448],[78.61959,30.30442],[78.60614,30.29009],[78.60275,30.28966],[78.58768,30.29695],[78.56783,30.29538],[78.56273,30.29288],[78.52374,30.29393],[78.51282,30.29646],[78.50269,30.29307],[78.49949,30.29254],[78.49704,30.29484],[78.48407,30.28837],[78.48257,30.28588],[78.48432,30.28279],[78.48938,30.28434],[78.49668,30.28121],[78.48991,30.27075],[78.49249,30.26402],[78.49625,30.25961],[78.50318,30.26608],[78.50549,30.26606],[78.51229,30.24871],[78.52331,30.24832],[78.52319,30.25349],[78.52558,30.25389],[78.52982,30.24671],[78.53441,30.24382],[78.53758,30.23639],[78.5558,30.23218],[78.55609,30.23181],[78.5577,30.22753],[78.56305,30.22344],[78.56245,30.21568],[78.56235,30.21548],[78.55862,30.21139],[78.56189,30.20145],[78.57625,30.1937],[78.58163,30.18878],[78.5815,30.18648],[78.57542,30.1803],[78.55103,30.17058],[78.53943,30.16119],[78.52308,30.15776],[78.51846,30.15387],[78.51741,30.1502],[78.52821,30.12156],[78.54243,30.1022],[78.54214,30.09472],[78.53755,30.0809],[78.53825,30.07386],[78.55075,30.07017],[78.56311,30.06903],[78.5658,30.06166],[78.57699,30.06288],[78.58384,30.05319],[78.58907,30.05281],[78.58956,30.05313],[78.58994,30.05453],[78.58948,30.06402],[78.59203,30.06678],[78.60026,30.06512],[78.60214,30.06817],[78.59957,30.06989],[78.59676,30.07034],[78.5824,30.07228],[78.58279,30.07557],[78.5921,30.08604],[78.58421,30.09588],[78.58247,30.09749],[78.57903,30.10417],[78.58093,30.10579],[78.58686,30.1052],[78.5882,30.10779],[78.58683,30.12167],[78.5975,30.1241],[78.60135,30.12676],[78.59599,30.13114],[78.59754,30.14483],[78.60419,30.14364],[78.60502,30.14327],[78.60805,30.14859],[78.61626,30.14977],[78.61998,30.15566],[78.62073,30.17849],[78.63253,30.18456],[78.64496,30.19442],[78.64299,30.2042],[78.648,30.20778],[78.65702,30.20457],[78.66321,30.20577],[78.66663,30.21091],[78.67091,30.21275],[78.68029,30.21014],[78.67941,30.21743],[78.68376,30.22118],[78.68168,30.22375],[78.68359,30.22631],[78.67986,30.23167],[78.68223,30.23807],[78.68709,30.23856],[78.69244,30.23441],[78.69917,30.23637],[78.70366,30.23164],[78.7084,30.23158]]]},"properties":{"bpcode":1010,"bpname":"Deoprayag","dtcode":59,"dtname":"Tehri garhwal","stcode":5,"stname":"Uttarakhand"}},
{"type":"Feature","geometry":{"type":"Polygon","coordinates":[[[79.73228,30.33039],[79.7208,30.31263],[79.70259,30.30945],[79.68531,30.31084],[79.66618,30.30398],[79.63873,30.30696],[79.61931,30.3147],[79.60589,30.32625],[79.58777,30.32032],[79.58102,30.30371],[79.53924,30.31547],[79.52302,30.31598],[79.50042,30.33095],[79.48741,30.32423],[79.45888,30.33266],[79.39815,30.3348],[79.38422,30.32533],[79.38152,30.31158],[79.36641,30.30938],[79.34416,30.31065],[79.32504,30.3004],[79.3569,30.27748],[79.36438,30.26831],[79.36682,30.25106],[79.37426,30.23577],[79.40661,30.23382],[79.4443,30.22016],[79.44514,30.18379],[79.45756,30.17045],[79.44564,30.15391],[79.48401,30.16198],[79.50523,30.16157],[79.53035,30.16762],[79.55057,30.16719],[79.55122,30.18358],[79.55798,30.1983],[79.60766,30.19311],[79.62173,30.198],[79.64416,30.19034],[79.67038,30.19552],[79.7327,30.22162],[79.74983,30.2275],[79.76683,30.24068],[79.76958,30.25627],[79.7878,30.27253],[79.77785,30.28396],[79.76353,30.2891],[79.76015,30.3073],[79.75164,30.32721],[79.73228,30.33039]]]},"properties":{"bpcode":952,"bpname":"Ghat","dtcode":57,"dtname":"Chamoli","stcode":5,"stname":"Uttarakhand"}},
{"type":"Feature","geometry":{"type":"Polygon","coordinates":[[[79.7481,30.00482],[79.74604,30.00001],[79.74081,29.99736],[79.73287,29.99525],[79.72575,29.9969],[79.71816,29.99321],[79.72054,29.98818],[79.71802,29.98549],[79.71513,29.97284],[79.71902,29.96783],[79.71951,29.96186],[79.73713,29.94658],[79.74831,29.93389],[79.74674,29.92642],[79.75452,29.91811],[79.75574,29.91044],[79.75625,29.91077],[79.75727,29.91158],[79.7639,29.91723],[79.78077,29.91568],[79.79373,29.9168],[79.80056,29.91447],[79.80139,29.91557],[79.81283,29.90988],[79.81289,29.90648],[79.80917,29.90482],[79.81143,29.90137],[79.82027,29.90104],[79.82663,29.89683],[79.845,29.89732],[79.85247,29.90264],[79.86308,29.89678],[79.87283,29.89852],[79.87625,29.90134],[79.87882,29.89767],[79.88058,29.88683],[79.88489,29.88356],[79.88874,29.88501],[79.88742,29.88982],[79.88991,29.89041],[79.89377,29.88705],[79.89556,29.89021],[79.89953,29.88875],[79.91108,29.88078],[79.91827,29.8783],[79.92491,29.88024],[79.92368,29.88309],[79.9255,29.88592],[79.93269,29.88355],[79.93874,29.87794],[79.93353,29.87237],[79.93349,29.85644],[79.94175,29.84661],[79.9435,29.83781],[79.94659,29.83652],[79.95767,29.83932],[79.96211,29.84882],[79.9706,29.85191],[79.97748,29.85199],[79.99205,29.85039],[79.99564,29.8501],[80.00726,29.85182],[80.00546,29.8738],[80.01217,29.88695],[80.0267,29.89629],[80.03562,29.89629],[80.03762,29.89688],[80.04011,29.89629],[80.04178,29.89565],[80.04787,29.89716],[80.04972,29.89852],[80.05345,29.90263],[80.06147,29.90308],[80.07129,29.90079],[80.07775,29.89058],[80.08545,29.88691],[80.09035,29.88833],[80.096,29.89359],[80.09585,29.89726],[80.10283,29.90192],[80.10497,29.90426],[80.10797,29.90654],[80.11616,29.90551],[80.12671,29.8994],[80.14339,29.90209],[80.14859,29.89777],[80.15393,29.89988],[80.15499,29.9008],[80.15863,29.90436],[80.15673,29.9118],[80.14225,29.9329],[80.14052,29.93904],[80.13775,29.94214],[80.13103,29.94311],[80.12921,29.94589],[80.12117,29.94961],[80.11792,29.95155],[80.10793,29.95878],[80.09786,29.96251],[80.09538,29.96729],[80.09098,29.96901],[80.0812,29.98881],[80.07623,29.99375],[80.07572,29.998],[80.07119,30.00072],[80.07214,30.00435],[80.07264,30.0053],[80.07323,30.00983],[80.07034,30.01176],[80.07108,30.01382],[80.06749,30.01893],[80.06958,30.01992],[80.07041,30.03127],[80.074,30.03785],[80.07437,30.03822],[80.07499,30.03945],[80.07527,30.04092],[80.07537,30.04688],[80.08472,30.06245],[80.08576,30.06842],[80.07979,30.08323],[80.08439,30.09696],[80.08388,30.09728],[80.08228,30.09994],[80.08221,30.10034],[80.08238,30.11155],[80.08841,30.12494],[80.09435,30.12818],[80.09667,30.13639],[80.10421,30.14841],[80.10355,30.16069],[80.10381,30.16134],[80.10732,30.18334],[80.11122,30.19176],[80.10808,30.19952],[80.11418,30.21032],[80.11686,30.22237],[80.11666,30.22375],[80.11532,30.22745],[80.108,30.22804],[80.10448,30.2276],[80.09301,30.22657],[80.07757,30.23767],[80.07309,30.24318],[80.07448,30.25332],[80.07138,30.25819],[80.07314,30.26282],[80.06854,30.26694],[80.06319,30.26573],[80.06074,30.27084],[80.0679,30.28119],[80.04886,30.2869],[80.04153,30.2914],[80.03596,30.30274],[80.03268,30.3051],[80.03089,30.30679],[80.02498,30.31392],[80.02012,30.31541],[80.0107,30.31449],[80.00188,30.31565],[79.9961,30.3167],[79.99586,30.31668],[79.98685,30.31646],[79.98539,30.31361],[79.98303,30.31134],[79.977,30.29902],[79.97582,30.29835],[79.95502,30.29007],[79.9471,30.29588],[79.94445,30.29726],[79.93947,30.2992],[79.93092,30.29806],[79.91875,30.28747],[79.91319,30.2869],[79.90153,30.28164],[79.89833,30.2764],[79.87332,30.27106],[79.85185,30.28608],[79.84111,30.28784],[79.83879,30.2875],[79.83025,30.2895],[79.8285,30.28991],[79.82183,30.28928],[79.81319,30.28553],[79.80028,30.28469],[79.79731,30.27868],[79.80394,30.26917],[79.8041,30.26077],[79.81776,30.24538],[79.81504,30.23772],[79.81932,30.2347],[79.8221,30.22648],[79.81502,30.21702],[79.80173,30.21266],[79.7996,30.20354],[79.79145,30.18813],[79.78281,30.18068],[79.78107,30.1716],[79.78643,30.16534],[79.78212,30.15228],[79.76661,30.14346],[79.76455,30.13897],[79.76305,30.133],[79.773,30.1284],[79.77448,30.12078],[79.7817,30.11295],[79.77721,30.0979],[79.77721,30.09771],[79.79102,30.07804],[79.80612,30.07855],[79.81326,30.07456],[79.815,30.07337],[79.82931,30.05844],[79.8242,30.0521],[79.81619,30.04769],[79.81086,30.02994],[79.81345,30.02326],[79.81071,30.02205],[79.80879,30.02102],[79.79827,30.0158],[79.78914,30.01623],[79.78174,30.00727],[79.77385,30.00611],[79.77146,30.0074],[79.76595,30.01012],[79.75032,30.00675],[79.7481,30.00482]]]},"properties":{"bpcode":948,"bpname":"Kapkot","dtcode":63,"dtname":"Bageshwar","stcode":5,"stname":"Uttarakhand"}},
{"type":"Feature","geometry":{"type":"Polygon","coordinates":[[[78.56245,30.21568],[78.56305,30.22344],[78.5577,30.22753],[78.55609,30.23181],[78.5558,30.23218],[78.53758,30.23639],[78.53441,30.24382],[78.52982,30.24671],[78.52558,30.25389],[78.52319,30.25349],[78.52331,30.24832],[78.51229,30.24871],[78.50549,30.26606],[78.50318,30.26608],[78.49625,30.25961],[78.49249,30.26402],[78.47091,30.26114],[78.44672,30.26116],[78.4343,30.25826],[78.42841,30.2625],[78.42045,30.26487],[78.42056,30.27242],[78.41676,30.27258],[78.40385,30.26722],[78.37437,30.26426],[78.37054,30.26483],[78.35175,30.28568],[78.34139,30.29231],[78.31956,30.29394],[78.30882,30.30307],[78.29905,30.30472],[78.29103,30.29291],[78.28963,30.29206],[78.28386,30.29185],[78.28174,30.29072],[78.28299,30.2877],[78.27996,30.28358],[78.28157,30.27655],[78.27688,30.27176],[78.28338,30.2639],[78.28422,30.2628],[78.28698,30.26039],[78.28848,30.25271],[78.29576,30.24948],[78.29885,30.24553],[78.29534,30.23552],[78.29658,30.2334],[78.28636,30.22422],[78.27044,30.221],[78.26596,30.21759],[78.2641,30.21629],[78.2589,30.21053],[78.25601,30.20986],[78.25459,30.20488],[78.24865,30.20313],[78.24364,30.19765],[78.24278,30.19166],[78.24134,30.19021],[78.23388,30.18571],[78.23686,30.175],[78.24214,30.1719],[78.24169,30.1657],[78.26149,30.16106],[78.25704,30.15261],[78.25472,30.13821],[78.26176,30.13634],[78.26354,30.13528],[78.27931,30.12937],[78.2813,30.12947],[78.28321,30.12887],[78.28016,30.12179],[78.28542,30.11889],[78.29571,30.11738],[78.30127,30.11153],[78.30305,30.11478],[78.30632,30.11278],[78.30799,30.11268],[78.3098,30.11272],[78.30871,30.11742],[78.31181,30.12177],[78.31945,30.12558],[78.32865,30.12432],[78.33046,30.12884],[78.33061,30.12975],[78.33094,30.13327],[78.33635,30.13558],[78.34185,30.13546],[78.34596,30.13234],[78.3472,30.13098],[78.37055,30.11768],[78.37626,30.11738],[78.38069,30.12102],[78.38139,30.12129],[78.39069,30.12185],[78.39217,30.1246],[78.39074,30.13465],[78.40005,30.13765],[78.41118,30.13476],[78.41753,30.1305],[78.41904,30.12669],[78.41912,30.12504],[78.42537,30.113],[78.43591,30.11287],[78.43885,30.1112],[78.4339,30.09821],[78.43402,30.08165],[78.43785,30.07833],[78.43961,30.0772],[78.44642,30.07388],[78.45051,30.06903],[78.46547,30.06445],[78.47704,30.06674],[78.48016,30.05542],[78.48742,30.05809],[78.49246,30.07267],[78.4995,30.0758],[78.50105,30.07222],[78.49917,30.06304],[78.51063,30.05502],[78.51433,30.05834],[78.51409,30.06618],[78.52268,30.06577],[78.52261,30.07098],[78.52483,30.0738],[78.5323,30.07575],[78.53825,30.07386],[78.53755,30.0809],[78.54214,30.09472],[78.54243,30.1022],[78.52821,30.12156],[78.51741,30.1502],[78.51846,30.15387],[78.52308,30.15776],[78.53943,30.16119],[78.55103,30.17058],[78.57542,30.1803],[78.5815,30.18648],[78.58163,30.18878],[78.57625,30.1937],[78.56189,30.20145],[78.55862,30.21139],[78.56235,30.21548],[78.56245,30.21568]]]},"properties":{"bpcode":1014,"bpname":"Narendranagar","dtcode":59,"dtname":"Tehri garhwal","stcode":5,"stname":"Uttarakhand"}},
{"type":"Feature","geometry":{"type":"Polygon","coordinates":[[[78.2275,30.01558],[78.24492,30.01759],[78.24892,30.02297],[78.24752,30.03401],[78.26174,30.03868],[78.2716,30.04708],[78.2901,30.07788],[78.29299,30.08697],[78.29042,30.09893],[78.29465,30.10187],[78.30671,30.10321],[78.31019,30.10812],[78.3098,30.11272],[78.30799,30.11268],[78.30632,30.11278],[78.30305,30.11478],[78.30127,30.11153],[78.29571,30.11738],[78.28542,30.11889],[78.28016,30.12179],[78.28321,30.12887],[78.2813,30.12947],[78.27931,30.12937],[78.26354,30.13528],[78.26176,30.13634],[78.25472,30.13821],[78.25704,30.15261],[78.26149,30.16106],[78.24169,30.1657],[78.24214,30.1719],[78.23686,30.175],[78.23388,30.18571],[78.24134,30.19021],[78.24278,30.19166],[78.24364,30.19765],[78.24865,30.20313],[78.25459,30.20488],[78.25601,30.20986],[78.2589,30.21053],[78.2641,30.21629],[78.26596,30.21759],[78.27044,30.221],[78.28636,30.22422],[78.29658,30.2334],[78.29534,30.23552],[78.29885,30.24553],[78.29576,30.24948],[78.28848,30.25271],[78.28698,30.26039],[78.28422,30.2628],[78.28338,30.2639],[78.27688,30.27176],[78.28157,30.27655],[78.27996,30.28358],[78.28299,30.2877],[78.28174,30.29072],[78.28386,30.29185],[78.26811,30.30207],[78.25821,30.28549],[78.23782,30.28778],[78.23832,30.28295],[78.24199,30.28286],[78.24218,30.28034],[78.23861,30.27187],[78.24015,30.26251],[78.23829,30.25287],[78.23415,30.23769],[78.22334,30.22667],[78.17231,30.22378],[78.16053,30.22514],[78.15031,30.24402],[78.13812,30.26028],[78.13211,30.27964],[78.12046,30.27766],[78.11288,30.28403],[78.09534,30.28559],[78.07781,30.27655],[78.07122,30.25678],[78.06731,30.25366],[78.05661,30.25252],[78.04474,30.25615],[78.03729,30.2544],[78.03325,30.24867],[78.03223,30.23705],[78.02901,30.23113],[78.03401,30.22101],[78.03395,30.21585],[77.99101,30.1947],[78.00827,30.16956],[78.01475,30.14721],[78.02683,30.13335],[78.02962,30.12192],[78.03275,30.11971],[78.03313,30.11066],[78.03577,30.11073],[78.03664,30.10478],[78.0364,30.10248],[78.04548,30.09769],[78.04565,30.09744],[78.04681,30.09175],[78.05792,30.088],[78.05921,30.08724],[78.05982,30.08688],[78.05985,30.08682],[78.05978,30.08668],[78.05954,30.0857],[78.06964,30.07526],[78.06728,30.07236],[78.07207,30.069],[78.07187,30.06318],[78.07446,30.05981],[78.07146,30.05558],[78.07091,30.05444],[78.06674,30.04689],[78.06927,30.04478],[78.06884,30.04248],[78.07419,30.04189],[78.0766,30.03713],[78.08096,30.03621],[78.08151,30.03223],[78.08257,30.03187],[78.0858,30.03343],[78.09372,30.0285],[78.09503,30.02898],[78.09531,30.02903],[78.0955,30.029],[78.10057,30.02574],[78.09402,30.01575],[78.09613,30.01126],[78.09822,30.01207],[78.10445,30.0075],[78.10715,30.01092],[78.11369,30.01106],[78.11592,30.00554],[78.12285,29.99829],[78.12751,30.00105],[78.13099,29.99952],[78.13139,29.99895],[78.13055,29.99492],[78.13473,29.9904],[78.13462,29.98574],[78.1384,29.98152],[78.13861,29.97824],[78.14176,29.97833],[78.14264,29.97832],[78.14877,29.9678],[78.15813,29.96883],[78.16133,29.965],[78.16645,29.96599],[78.17191,29.96379],[78.16873,29.96903],[78.17992,29.97899],[78.18318,29.99056],[78.18912,29.99725],[78.19226,29.99405],[78.19368,29.98677],[78.1977,29.98792],[78.18678,29.97206],[78.18715,29.96217],[78.19155,29.96556],[78.20209,29.9661],[78.20781,29.97746],[78.21479,29.98239],[78.21617,29.98551],[78.21723,29.98687],[78.22593,29.98461],[78.23153,29.99256],[78.23229,29.99856],[78.2258,30.00632],[78.22718,30.01231],[78.2275,30.01558]]]},"properties":{"bpcode":963,"bpname":"Doiwala","dtcode":60,"dtname":"Dehradun","stcode":5,"stname":"Uttarakhand"}},
{"type":"Feature","geometry":{"type":"Polygon","coordinates":[[[79.79731,30.27868],[79.79405,30.27704],[79.7878,30.27253],[79.76958,30.25627],[79.76683,30.24068],[79.74983,30.2275],[79.7327,30.22162],[79.7335,30.20767],[79.71377,30.17987],[79.71405,30.1653],[79.72902,30.12471],[79.72944,30.1029],[79.71845,30.09537],[79.70658,30.08147],[79.71603,30.06353],[79.7,30.0559],[79.70485,30.01519],[79.70243,30.00746],[79.70135,30.00399],[79.70875,30.00423],[79.7207,30.00134],[79.72861,30.00194],[79.73694,30.00565],[79.74254,30.00391],[79.7481,30.00482],[79.75032,30.00675],[79.76595,30.01012],[79.77146,30.0074],[79.77385,30.00611],[79.78174,30.00727],[79.78914,30.01623],[79.79827,30.0158],[79.80879,30.02102],[79.81071,30.02205],[79.81345,30.02326],[79.81086,30.02994],[79.81619,30.04769],[79.8242,30.0521],[79.82931,30.05844],[79.815,30.07337],[79.81326,30.07456],[79.80612,30.07855],[79.79102,30.07804],[79.77721,30.09771],[79.77721,30.0979],[79.7817,30.11295],[79.77448,30.12078],[79.773,30.1284],[79.76305,30.133],[79.76455,30.13897],[79.76661,30.14346],[79.78212,30.15228],[79.78643,30.16534],[79.78107,30.1716],[79.78281,30.18068],[79.79145,30.18813],[79.7996,30.20354],[79.80173,30.21266],[79.81502,30.21702],[79.8221,30.22648],[79.81932,30.2347],[79.81504,30.23772],[79.81776,30.24538],[79.8041,30.26077],[79.80394,30.26917],[79.79731,30.27868]]]},"properties":{"bpcode":950,"bpname":"Dewal","dtcode":57,"dtname":"Chamoli","stcode":5,"stname":"Uttarakhand"}},
{"type":"Feature","geometry":{"type":"Polygon","coordinates":[[[79.12555,30.18031],[79.12617,30.16939],[79.13912,30.16631],[79.14031,30.16131],[79.14414,30.15839],[79.14369,30.15458],[79.14006,30.15358],[79.1441,30.14732],[79.1568,30.15018],[79.16821,30.13685],[79.18429,30.13723],[79.19409,30.14653],[79.20644,30.13594],[79.2247,30.13002],[79.25996,30.12812],[79.25778,30.17344],[79.27796,30.1721],[79.28567,30.18591],[79.30175,30.1872],[79.31389,30.18567],[79.33016,30.1797],[79.34277,30.15911],[79.35615,30.14762],[79.37656,30.13721],[79.39561,30.14128],[79.4416,30.14432],[79.44564,30.15391],[79.45756,30.17045],[79.44514,30.18379],[79.4443,30.22016],[79.40661,30.23382],[79.37426,30.23577],[79.36682,30.25106],[79.36438,30.26831],[79.3569,30.27748],[79.33989,30.2716],[79.32217,30.25387],[79.27409,30.24087],[79.2512,30.2294],[79.23514,30.22719],[79.19648,30.24172],[79.15096,30.24971],[79.11951,30.25894],[79.10394,30.25871],[79.10353,30.25588],[79.09775,30.25166],[79.09644,30.24671],[79.08836,30.2399],[79.08347,30.23042],[79.07732,30.22574],[79.07599,30.22046],[79.08803,30.21461],[79.09427,30.21633],[79.09556,30.21357],[79.10122,30.21111],[79.09792,30.20597],[79.09462,30.2059],[79.09755,30.19669],[79.10263,30.19523],[79.10805,30.18919],[79.11196,30.18952],[79.1233,30.18001],[79.12555,30.18031]]]},"properties":{"bpcode":954,"bpname":"Karanprayag","dtcode":57,"dtname":"Chamoli","stcode":5,"stname":"Uttarakhand"}},
{"type":"Feature","geometry":{"type":"Polygon","coordinates":[[[78.8996,30.24484],[78.89746,30.25087],[78.89215,30.25242],[78.8824,30.26005],[78.87822,30.26025],[78.87513,30.25174],[78.87182,30.25156],[78.85996,30.24363],[78.84729,30.24646],[78.84656,30.23851],[78.8443,30.23638],[78.83907,30.23725],[78.82793,30.24362],[78.82433,30.24073],[78.82222,30.23981],[78.81951,30.23753],[78.82099,30.22955],[78.81165,30.22799],[78.81009,30.22765],[78.81186,30.21325],[78.81272,30.20762],[78.81094,30.18374],[78.81663,30.16215],[78.84043,30.13738],[78.84783,30.12489],[78.88152,30.11143],[78.89864,30.10822],[78.92412,30.126],[78.94356,30.14546],[78.95805,30.16392],[78.97302,30.16609],[78.97027,30.17783],[78.96607,30.17826],[78.95542,30.17471],[78.94773,30.17754],[78.93826,30.17674],[78.93075,30.18115],[78.93013,30.18131],[78.91688,30.18136],[78.91459,30.18055],[78.9109,30.18041],[78.89886,30.17997],[78.89805,30.18131],[78.90278,30.1967],[78.90229,30.20948],[78.90737,30.20888],[78.90955,30.20244],[78.91481,30.20408],[78.9155,30.21001],[78.91051,30.2131],[78.91319,30.21626],[78.91048,30.22334],[78.91433,30.22591],[78.91487,30.22714],[78.9147,30.23081],[78.90926,30.23436],[78.89076,30.23543],[78.89414,30.2382],[78.89587,30.24123],[78.8996,30.24484]]]},"properties":{"bpcode":987,"bpname":"Khirsu","dtcode":61,"dtname":"Pauri garhwal","stcode":5,"stname":"Uttarakhand"}},
{"type":"Feature","geometry":{"type":"Polygon","coordinates":[[[78.05792,30.088],[78.04681,30.09175],[78.04565,30.09744],[78.04548,30.09769],[78.0364,30.10248],[78.03664,30.10478],[78.02182,30.10005],[78.00931,30.08386],[78.00368,30.08246],[77.99921,30.08596],[77.99768,30.08341],[77.99021,30.08348],[77.98085,30.07926],[77.96685,30.06842],[77.96459,30.06281],[77.95487,30.05384],[77.95318,30.04828],[77.94669,30.0404],[77.94691,30.03993],[77.94477,30.03313],[77.93935,30.03395],[77.91527,30.01344],[77.91693,30.00938],[77.91445,30.00749],[77.91488,30.00408],[77.90674,29.99687],[77.90846,29.99432],[77.91141,29.99611],[77.91275,29.99352],[77.90798,29.97837],[77.90699,29.97732],[77.9028,29.97316],[77.90999,29.96593],[77.9052,29.9576],[77.90845,29.95376],[77.91544,29.96145],[77.91987,29.9584],[77.92973,29.95998],[77.94125,29.95046],[77.94185,29.94715],[77.95183,29.93985],[77.9548,29.94203],[77.95942,29.9411],[77.96209,29.94405],[77.97011,29.93904],[77.97656,29.94255],[77.98942,29.93254],[77.99177,29.93652],[77.99838,29.93419],[77.99967,29.93589],[78.00332,29.93516],[78.00483,29.93729],[78.00752,29.93186],[77.99808,29.91672],[78.01015,29.91312],[78.00239,29.90741],[78.00301,29.90607],[78.01407,29.90178],[78.01847,29.90245],[78.01773,29.88694],[78.00729,29.87404],[78.00666,29.87314],[78.00389,29.86651],[78.00013,29.86783],[77.9974,29.86607],[77.99654,29.86023],[77.99033,29.8653],[77.97895,29.85336],[77.97802,29.84787],[77.97636,29.84064],[77.96981,29.83776],[77.97141,29.83154],[77.97742,29.82283],[77.97686,29.82037],[77.9832,29.81402],[77.98095,29.81143],[77.98922,29.80759],[77.99498,29.80856],[77.99814,29.80472],[78.00157,29.80837],[78.00229,29.80462],[78.00878,29.80156],[78.02521,29.81881],[78.02327,29.82375],[78.02691,29.82565],[78.02892,29.82294],[78.0302,29.82951],[78.03257,29.8283],[78.03614,29.8301],[78.05384,29.81781],[78.05381,29.77467],[78.06538,29.76523],[78.07025,29.76849],[78.07784,29.76183],[78.08909,29.76775],[78.09335,29.76549],[78.09206,29.75985],[78.08992,29.75949],[78.08963,29.7584],[78.08858,29.75057],[78.09812,29.74647],[78.09938,29.75091],[78.10358,29.75041],[78.10301,29.75724],[78.10747,29.76177],[78.11552,29.75969],[78.12092,29.76536],[78.1365,29.75739],[78.14218,29.76194],[78.14287,29.76461],[78.13923,29.76821],[78.14013,29.77036],[78.14677,29.77077],[78.14779,29.77282],[78.14921,29.78715],[78.14268,29.79871],[78.15016,29.80448],[78.15317,29.81114],[78.16029,29.81301],[78.16438,29.80594],[78.16361,29.79403],[78.15105,29.78088],[78.153,29.77622],[78.1524,29.76802],[78.14696,29.76673],[78.14717,29.76457],[78.15958,29.76217],[78.15823,29.75704],[78.16197,29.75361],[78.16564,29.75744],[78.16966,29.7582],[78.17269,29.74867],[78.18252,29.75061],[78.18616,29.73928],[78.19058,29.73706],[78.19484,29.7392],[78.20392,29.73727],[78.22165,29.74066],[78.22958,29.73669],[78.24023,29.74143],[78.24592,29.73452],[78.25009,29.73426],[78.25565,29.73825],[78.25975,29.73834],[78.26219,29.74355],[78.26703,29.74284],[78.2683,29.74645],[78.28095,29.75576],[78.28453,29.76178],[78.29268,29.75906],[78.30096,29.76825],[78.30061,29.77104],[78.30952,29.77996],[78.3129,29.77941],[78.3244,29.78986],[78.33074,29.79318],[78.33316,29.79267],[78.33566,29.79661],[78.33064,29.80097],[78.32009,29.83101],[78.31952,29.83302],[78.31685,29.85921],[78.31265,29.86466],[78.31081,29.86549],[78.29974,29.87296],[78.29178,29.8818],[78.28371,29.88535],[78.27568,29.89801],[78.2705,29.89901],[78.26992,29.89983],[78.26941,29.90055],[78.2663,29.90508],[78.26885,29.90974],[78.26903,29.91042],[78.26984,29.91154],[78.27249,29.91354],[78.27169,29.91739],[78.27523,29.92217],[78.2749,29.9227],[78.26378,29.927],[78.26284,29.92717],[78.25765,29.92818],[78.25716,29.92822],[78.24985,29.92968],[78.24599,29.93606],[78.22904,29.9462],[78.22846,29.94707],[78.22259,29.94963],[78.2138,29.95821],[78.2037,29.96462],[78.2028,29.96566],[78.20209,29.9661],[78.19155,29.96556],[78.18715,29.96217],[78.18678,29.97206],[78.1977,29.98792],[78.19368,29.98677],[78.19226,29.99405],[78.18912,29.99725],[78.18318,29.99056],[78.17992,29.97899],[78.16873,29.96903],[78.17191,29.96379],[78.16645,29.96599],[78.16133,29.965],[78.15813,29.96883],[78.14877,29.9678],[78.14264,29.97832],[78.14176,29.97833],[78.13861,29.97824],[78.1384,29.98152],[78.13462,29.98574],[78.13473,29.9904],[78.13055,29.99492],[78.13139,29.99895],[78.13099,29.99952],[78.12751,30.00105],[78.12285,29.99829],[78.11592,30.00554],[78.11369,30.01106],[78.10715,30.01092],[78.10445,30.0075],[78.09822,30.01207],[78.09613,30.01126],[78.09402,30.01575],[78.10057,30.02574],[78.0955,30.029],[78.09531,30.02903],[78.09503,30.02898],[78.09372,30.0285],[78.0858,30.03343],[78.08257,30.03187],[78.08151,30.03223],[78.08096,30.03621],[78.0766,30.03713],[78.07419,30.04189],[78.06884,30.04248],[78.06927,30.04478],[78.06674,30.04689],[78.07091,30.05444],[78.07146,30.05558],[78.07446,30.05981],[78.07187,30.06318],[78.07207,30.069],[78.06728,30.07236],[78.06964,30.07526],[78.05954,30.0857],[78.05978,30.08668],[78.05985,30.08682],[78.05982,30.08688],[78.05921,30.08724],[78.05792,30.088]]]},"properties":{"bpcode":968,"bpname":"Bahadrabad","dtcode":68,"dtname":"Haridwar","stcode":5,"stname":"Uttarakhand"}},
{"type":"Feature","geometry":{"type":"Polygon","coordinates":[[[78.58421,30.09588],[78.5921,30.08604],[78.58279,30.07557],[78.5824,30.07228],[78.59676,30.07034],[78.59957,30.06989],[78.60214,30.06817],[78.60026,30.06512],[78.59203,30.06678],[78.58948,30.06402],[78.58994,30.05453],[78.59118,30.05415],[78.60387,30.04903],[78.62377,30.04004],[78.65251,30.01548],[78.67442,30.01663],[78.68848,30.01335],[78.71965,30.03568],[78.72734,30.08052],[78.70739,30.08006],[78.70972,30.09997],[78.72641,30.10849],[78.74129,30.11155],[78.76096,30.12104],[78.76939,30.13841],[78.77212,30.17738],[78.77656,30.19469],[78.7779,30.21447],[78.77745,30.2213],[78.77718,30.22533],[78.76619,30.22595],[78.76118,30.21629],[78.75521,30.21755],[78.74836,30.21311],[78.74295,30.21615],[78.74149,30.21708],[78.7189,30.23212],[78.71613,30.23686],[78.71388,30.23636],[78.71397,30.2327],[78.7084,30.23158],[78.70366,30.23164],[78.69917,30.23637],[78.69244,30.23441],[78.68709,30.23856],[78.68223,30.23807],[78.67986,30.23167],[78.68359,30.22631],[78.68168,30.22375],[78.68376,30.22118],[78.67941,30.21743],[78.68029,30.21014],[78.67091,30.21275],[78.66663,30.21091],[78.66321,30.20577],[78.65702,30.20457],[78.648,30.20778],[78.64299,30.2042],[78.64496,30.19442],[78.63253,30.18456],[78.62073,30.17849],[78.61998,30.15566],[78.61626,30.14977],[78.60805,30.14859],[78.60502,30.14327],[78.60419,30.14364],[78.59754,30.14483],[78.59599,30.13114],[78.60135,30.12676],[78.5975,30.1241],[78.58683,30.12167],[78.5882,30.10779],[78.58686,30.1052],[78.58093,30.10579],[78.57903,30.10417],[78.58247,30.09749],[78.58421,30.09588]]]},"properties":{"bpcode":988,"bpname":"Kot","dtcode":61,"dtname":"Pauri garhwal","stcode":5,"stname":"Uttarakhand"}},
{"type":"Feature","geometry":{"type":"Polygon","coordinates":[[[78.77718,30.22533],[78.77745,30.2213],[78.7779,30.21447],[78.77656,30.19469],[78.77212,30.17738],[78.76939,30.13841],[78.76096,30.12104],[78.74129,30.11155],[78.72641,30.10849],[78.70972,30.09997],[78.70739,30.08006],[78.72734,30.08052],[78.71965,30.03568],[78.72823,30.01785],[78.74725,30.01558],[78.75853,30.03657],[78.77578,30.02794],[78.79973,30.02849],[78.81332,30.04052],[78.84735,30.03859],[78.84523,30.04895],[78.84669,30.06613],[78.84994,30.08968],[78.85363,30.09971],[78.84783,30.12489],[78.84043,30.13738],[78.81663,30.16215],[78.81094,30.18374],[78.81272,30.20762],[78.81186,30.21325],[78.81009,30.22765],[78.81165,30.22799],[78.81033,30.22792],[78.80832,30.22705],[78.80837,30.22123],[78.80544,30.21938],[78.79777,30.22113],[78.79065,30.22855],[78.77718,30.22533]]]},"properties":{"bpcode":991,"bpname":"Pauri","dtcode":61,"dtname":"Pauri garhwal","stcode":5,"stname":"Uttarakhand"}},
{"type":"Feature","geometry":{"type":"Polygon","coordinates":[[[79.506,30.01432],[79.52316,30.01347],[79.52689,30.00532],[79.5329,29.99992],[79.54772,29.99583],[79.56059,30.00293],[79.5661,30.00235],[79.57657,30.00482],[79.57831,30.00559],[79.58744,30.00448],[79.58838,30.0068],[79.59529,30.01011],[79.59634,30.01328],[79.60202,30.01457],[79.61013,30.02011],[79.62628,30.01737],[79.63209,30.02008],[79.6378,30.01978],[79.64806,30.01408],[79.65183,30.01322],[79.66309,30.00479],[79.66635,30.00519],[79.66924,30.00888],[79.67996,30.00948],[79.68797,30.00811],[79.69472,30.00428],[79.70135,30.00399],[79.70243,30.00746],[79.70485,30.01519],[79.7,30.0559],[79.71603,30.06353],[79.70658,30.08147],[79.71845,30.09537],[79.72944,30.1029],[79.72902,30.12471],[79.71405,30.1653],[79.71377,30.17987],[79.7335,30.20767],[79.7327,30.22162],[79.67038,30.19552],[79.64416,30.19034],[79.62173,30.198],[79.60766,30.19311],[79.55798,30.1983],[79.55122,30.18358],[79.55057,30.16719],[79.53035,30.16762],[79.50523,30.16157],[79.48401,30.16198],[79.44564,30.15391],[79.4416,30.14432],[79.45319,30.13809],[79.45757,30.12276],[79.45904,30.10283],[79.46765,30.07944],[79.48009,30.06432],[79.49751,30.05202],[79.51995,30.04075],[79.51247,30.02215],[79.5104,30.01699],[79.50938,30.01627],[79.50704,30.01462],[79.506,30.01432]]]},"properties":{"bpcode":957,"bpname":"Tharali","dtcode":57,"dtname":"Chamoli","stcode":5,"stname":"Uttarakhand"}},
{"type":"Feature","geometry":{"type":"Polygon","coordinates":[[[79.21657,30.01205],[79.21778,30.0226],[79.21073,30.0278],[79.20957,30.03122],[79.20237,30.03532],[79.19222,30.03536],[79.18853,30.03824],[79.18896,30.0474],[79.19366,30.05919],[79.20312,30.06316],[79.19337,30.0841],[79.18673,30.0909],[79.18077,30.09054],[79.17239,30.09656],[79.16986,30.09692],[79.16957,30.09396],[79.16439,30.09298],[79.15823,30.0947],[79.15371,30.09965],[79.1539,30.106],[79.15132,30.11193],[79.14457,30.11265],[79.1344,30.11824],[79.13505,30.1329],[79.1324,30.14005],[79.13274,30.1418],[79.13587,30.15085],[79.14006,30.15358],[79.14369,30.15458],[79.14414,30.15839],[79.14031,30.16131],[79.13912,30.16631],[79.12617,30.16939],[79.12555,30.18031],[79.1233,30.18001],[79.11196,30.18952],[79.10805,30.18919],[79.10263,30.19523],[79.09755,30.19669],[79.09462,30.2059],[79.09792,30.20597],[79.10122,30.21111],[79.09556,30.21357],[79.09427,30.21633],[79.08803,30.21461],[79.07599,30.22046],[79.07041,30.22002],[79.06173,30.2149],[79.05484,30.21646],[79.04742,30.2137],[79.04226,30.21705],[79.03869,30.21629],[79.02933,30.20656],[79.02915,30.19158],[79.0196,30.18478],[79.01032,30.18552],[79.00623,30.18256],[79.00113,30.18404],[78.99407,30.17884],[78.98177,30.18045],[78.97027,30.17783],[78.97302,30.16609],[78.98064,30.14633],[78.97914,30.1291],[79.01012,30.09815],[79.01967,30.08028],[79.03195,30.07152],[79.05723,30.06397],[79.06861,30.05157],[79.0601,30.03331],[79.04519,30.02936],[79.01981,30.0077],[79.0128,29.99924],[79.01727,29.98311],[79.02462,29.97155],[79.04414,29.96806],[79.07565,29.9868],[79.09374,29.9845],[79.10691,29.97938],[79.1105,29.95872],[79.10297,29.94143],[79.10545,29.92436],[79.11072,29.91457],[79.09954,29.90153],[79.09813,29.89989],[79.09603,29.8946],[79.09448,29.89252],[79.1015,29.89036],[79.10634,29.89375],[79.11882,29.89494],[79.12645,29.90161],[79.1282,29.90647],[79.13692,29.90573],[79.14597,29.90873],[79.14814,29.90945],[79.15879,29.91553],[79.16415,29.91535],[79.17283,29.90777],[79.17676,29.90756],[79.1894,29.9234],[79.19262,29.94469],[79.1982,29.94626],[79.20482,29.93932],[79.20827,29.94334],[79.21475,29.94064],[79.22151,29.94622],[79.22755,29.94581],[79.229,29.94836],[79.22648,29.95201],[79.2316,29.96073],[79.23152,29.96925],[79.22484,29.97801],[79.21873,29.98588],[79.22389,29.99143],[79.22309,30.00011],[79.22216,30.00152],[79.21733,30.00689],[79.21635,30.01137],[79.21657,30.01205]]]},"properties":{"bpcode":994,"bpname":"Thalisain","dtcode":61,"dtname":"Pauri garhwal","stcode":5,"stname":"Uttarakhand"}},
{"type":"Feature","geometry":{"type":"Polygon","coordinates":[[[79.47467,30.00396],[79.48422,30.02335],[79.49256,30.02212],[79.49848,30.0154],[79.506,30.01432],[79.50704,30.01462],[79.50938,30.01627],[79.5104,30.01699],[79.51247,30.02215],[79.51995,30.04075],[79.49751,30.05202],[79.48009,30.06432],[79.46765,30.07944],[79.45904,30.10283],[79.45757,30.12276],[79.45319,30.13809],[79.4416,30.14432],[79.39561,30.14128],[79.37656,30.13721],[79.35615,30.14762],[79.34277,30.15911],[79.33016,30.1797],[79.31389,30.18567],[79.30175,30.1872],[79.28567,30.18591],[79.27796,30.1721],[79.25778,30.17344],[79.25996,30.12812],[79.26244,30.11005],[79.27794,30.0941],[79.28818,30.08708],[79.29058,30.07175],[79.32897,30.06538],[79.33449,30.04559],[79.33588,30.03024],[79.35207,30.02608],[79.36718,30.02552],[79.38548,30.01779],[79.39991,30.00364],[79.41305,30.00122],[79.43196,30.01069],[79.45102,30.01384],[79.46931,30.00701],[79.47467,30.00396]]]},"properties":{"bpcode":955,"bpname":"Narayan Bagad","dtcode":57,"dtname":"Chamoli","stcode":5,"stname":"Uttarakhand"}},
{"type":"Feature","geometry":{"type":"Polygon","coordinates":[[[79.0128,29.99924],[79.01981,30.0077],[79.04519,30.02936],[79.0601,30.03331],[79.06861,30.05157],[79.05723,30.06397],[79.03195,30.07152],[79.01967,30.08028],[79.01012,30.09815],[78.97914,30.1291],[78.98064,30.14633],[78.97302,30.16609],[78.95805,30.16392],[78.94356,30.14546],[78.92412,30.126],[78.89864,30.10822],[78.88152,30.11143],[78.84783,30.12489],[78.85363,30.09971],[78.84994,30.08968],[78.84669,30.06613],[78.84523,30.04895],[78.84735,30.03859],[78.86349,30.04034],[78.87811,30.05241],[78.89399,30.05638],[78.92606,30.05441],[78.9295,30.04004],[78.95071,30.0333],[78.95099,30.02428],[78.95661,30.00366],[78.97374,30.00016],[79.0128,29.99924]]]},"properties":{"bpcode":990,"bpname":"Pabo","dtcode":61,"dtname":"Pauri garhwal","stcode":5,"stname":"Uttarakhand"}},
{"type":"Feature","geometry":{"type":"Polygon","coordinates":[[[79.1324,30.14005],[79.13505,30.1329],[79.1344,30.11824],[79.14457,30.11265],[79.15132,30.11193],[79.1539,30.106],[79.15371,30.09965],[79.15823,30.0947],[79.16439,30.09298],[79.16957,30.09396],[79.16986,30.09692],[79.17239,30.09656],[79.18077,30.09054],[79.18673,30.0909],[79.19337,30.0841],[79.20312,30.06316],[79.19366,30.05919],[79.18896,30.0474],[79.18853,30.03824],[79.19222,30.03536],[79.20237,30.03532],[79.20957,30.03122],[79.21073,30.0278],[79.21778,30.0226],[79.21657,30.01205],[79.21635,30.01137],[79.21733,30.00689],[79.22216,30.00152],[79.22309,30.00011],[79.22389,29.99143],[79.21873,29.98588],[79.22484,29.97801],[79.23043,29.97908],[79.24107,29.97359],[79.24598,29.96988],[79.25081,29.96072],[79.25604,29.9632],[79.26668,29.96034],[79.26772,29.96012],[79.27269,29.96026],[79.28459,29.95167],[79.28396,29.94279],[79.28602,29.93863],[79.28318,29.93371],[79.28229,29.92557],[79.3018,29.92843],[79.3091,29.93177],[79.31718,29.92777],[79.32498,29.92925],[79.32509,29.92927],[79.32532,29.93133],[79.32547,29.93186],[79.3259,29.93869],[79.33513,29.94303],[79.33032,29.95074],[79.32866,29.96204],[79.32438,29.97121],[79.32493,29.97287],[79.33517,29.97328],[79.33891,29.9726],[79.34572,29.96022],[79.35619,29.94958],[79.35739,29.94318],[79.36185,29.93948],[79.36683,29.93847],[79.37398,29.92691],[79.37868,29.92919],[79.38559,29.92866],[79.3862,29.92897],[79.39571,29.93767],[79.39829,29.93757],[79.39974,29.93747],[79.40372,29.94213],[79.41615,29.94345],[79.42046,29.93491],[79.42454,29.93459],[79.42854,29.93678],[79.43407,29.94733],[79.43502,29.94847],[79.43709,29.95273],[79.43891,29.95293],[79.44711,29.95604],[79.44935,29.95878],[79.44907,29.96467],[79.45375,29.96614],[79.45938,29.9712],[79.46409,29.97184],[79.46715,29.97549],[79.4669,29.97856],[79.47164,29.97947],[79.4706,29.98919],[79.47467,30.00396],[79.46931,30.00701],[79.45102,30.01384],[79.43196,30.01069],[79.41305,30.00122],[79.39991,30.00364],[79.38548,30.01779],[79.36718,30.02552],[79.35207,30.02608],[79.33588,30.03024],[79.33449,30.04559],[79.32897,30.06538],[79.29058,30.07175],[79.28818,30.08708],[79.27794,30.0941],[79.26244,30.11005],[79.25996,30.12812],[79.2247,30.13002],[79.20644,30.13594],[79.19409,30.14653],[79.18429,30.13723],[79.16821,30.13685],[79.1568,30.15018],[79.1441,30.14732],[79.14006,30.15358],[79.13587,30.15085],[79.13274,30.1418],[79.1324,30.14005]]]},"properties":{"bpcode":951,"bpname":"Gairsain","dtcode":57,"dtname":"Chamoli","stcode":5,"stname":"Uttarakhand"}},
{"type":"Feature","geometry":{"type":"Polygon","coordinates":[[[78.50739,29.91027],[78.50898,29.91381],[78.51277,29.91592],[78.51093,29.91782],[78.51719,29.92565],[78.51581,29.93254],[78.51563,29.9334],[78.51568,29.935],[78.5169,29.93961],[78.51397,29.95406],[78.51691,29.95643],[78.51668,29.95881],[78.51631,29.95912],[78.5171,29.96719],[78.51257,29.97345],[78.51681,29.97582],[78.51596,29.98442],[78.51939,29.98729],[78.51881,29.99058],[78.53123,30.01092],[78.53525,30.03714],[78.53195,30.04604],[78.51363,30.05185],[78.51063,30.05502],[78.49917,30.06304],[78.50105,30.07222],[78.4995,30.0758],[78.49246,30.07267],[78.48742,30.05809],[78.48016,30.05542],[78.47704,30.06674],[78.46547,30.06445],[78.45051,30.06903],[78.44642,30.07388],[78.43961,30.0772],[78.43785,30.07833],[78.43402,30.08165],[78.4339,30.09821],[78.43885,30.1112],[78.43591,30.11287],[78.42537,30.113],[78.41912,30.12504],[78.41904,30.12669],[78.41753,30.1305],[78.41118,30.13476],[78.40005,30.13765],[78.39074,30.13465],[78.39217,30.1246],[78.39069,30.12185],[78.38139,30.12129],[78.38069,30.12102],[78.37626,30.11738],[78.37055,30.11768],[78.3472,30.13098],[78.34596,30.13234],[78.34185,30.13546],[78.33635,30.13558],[78.33094,30.13327],[78.33061,30.12975],[78.33046,30.12884],[78.32865,30.12432],[78.31945,30.12558],[78.31181,30.12177],[78.30871,30.11742],[78.3098,30.11272],[78.31019,30.10812],[78.30671,30.10321],[78.29465,30.10187],[78.29042,30.09893],[78.29299,30.08697],[78.2901,30.07788],[78.2716,30.04708],[78.26174,30.03868],[78.24752,30.03401],[78.24892,30.02297],[78.24492,30.01759],[78.2275,30.01558],[78.22718,30.01231],[78.2258,30.00632],[78.23229,29.99856],[78.23153,29.99256],[78.22593,29.98461],[78.21723,29.98687],[78.21617,29.98551],[78.21479,29.98239],[78.20781,29.97746],[78.20209,29.9661],[78.2028,29.96566],[78.2037,29.96462],[78.2138,29.95821],[78.22259,29.94963],[78.22846,29.94707],[78.22904,29.9462],[78.24599,29.93606],[78.24985,29.92968],[78.25716,29.92822],[78.25765,29.92818],[78.26284,29.92717],[78.26378,29.927],[78.2749,29.9227],[78.27523,29.92217],[78.27169,29.91739],[78.27249,29.91354],[78.26984,29.91154],[78.26903,29.91042],[78.26885,29.90974],[78.2663,29.90508],[78.26941,29.90055],[78.26992,29.89983],[78.2705,29.89901],[78.27568,29.89801],[78.28371,29.88535],[78.29178,29.8818],[78.29974,29.87296],[78.31081,29.86549],[78.31265,29.86466],[78.31685,29.85921],[78.31952,29.83302],[78.32009,29.83101],[78.33064,29.80097],[78.33412,29.80483],[78.34245,29.81369],[78.34997,29.81686],[78.38154,29.84526],[78.40509,29.85113],[78.42551,29.86142],[78.43977,29.87784],[78.46123,29.88727],[78.48003,29.88857],[78.5089,29.88652],[78.50431,29.90345],[78.50739,29.91027]]]},"properties":{"bpcode":995,"bpname":"Yamkeshwar","dtcode":61,"dtname":"Pauri garhwal","stcode":5,"stname":"Uttarakhand"}},
{"type":"Feature","geometry":{"type":"Polygon","coordinates":[[[78.50739,29.91027],[78.50431,29.90345],[78.5089,29.88652],[78.52867,29.88939],[78.54621,29.87095],[78.5743,29.83483],[78.5993,29.83],[78.61877,29.81251],[78.62935,29.79394],[78.64278,29.80765],[78.66441,29.84238],[78.67988,29.85526],[78.70045,29.86467],[78.73236,29.89228],[78.72767,29.91373],[78.69875,29.94454],[78.68816,29.96319],[78.67779,29.97555],[78.65962,29.98234],[78.64339,29.99097],[78.64495,30.0036],[78.65251,30.01548],[78.62377,30.04004],[78.60387,30.04903],[78.59118,30.05415],[78.58994,30.05453],[78.58956,30.05313],[78.58907,30.05281],[78.58384,30.05319],[78.57699,30.06288],[78.5658,30.06166],[78.56311,30.06903],[78.55075,30.07017],[78.53825,30.07386],[78.5323,30.07575],[78.52483,30.0738],[78.52261,30.07098],[78.52268,30.06577],[78.51409,30.06618],[78.51433,30.05834],[78.51063,30.05502],[78.51363,30.05185],[78.53195,30.04604],[78.53525,30.03714],[78.53123,30.01092],[78.51881,29.99058],[78.51939,29.98729],[78.51596,29.98442],[78.51681,29.97582],[78.51257,29.97345],[78.5171,29.96719],[78.51631,29.95912],[78.51668,29.95881],[78.51691,29.95643],[78.51397,29.95406],[78.5055,29.94259],[78.51568,29.935],[78.51563,29.9334],[78.51581,29.93254],[78.51719,29.92565],[78.51093,29.91782],[78.51277,29.91592],[78.50898,29.91381],[78.50739,29.91027]]]},"properties":{"bpcode":984,"bpname":"Dwarikhal","dtcode":61,"dtname":"Pauri garhwal","stcode":5,"stname":"Uttarakhand"}},
{"type":"Feature","geometry":{"type":"Polygon","coordinates":[[[78.95661,30.00366],[78.95099,30.02428],[78.95071,30.0333],[78.9295,30.04004],[78.92606,30.05441],[78.89399,30.05638],[78.87811,30.05241],[78.86349,30.04034],[78.84735,30.03859],[78.84686,30.02235],[78.85216,29.98101],[78.84341,29.97361],[78.82469,29.96599],[78.81322,29.95044],[78.79582,29.93296],[78.77089,29.90276],[78.81645,29.8927],[78.84418,29.8987],[78.8904,29.88802],[78.90279,29.90134],[78.89364,29.9383],[78.90221,29.95199],[78.91917,29.95236],[78.94773,29.96651],[78.95821,29.98386],[78.95661,30.00366]]]},"properties":{"bpcode":985,"bpname":"Ekeshwar","dtcode":61,"dtname":"Pauri garhwal","stcode":5,"stname":"Uttarakhand"}},
{"type":"Feature","geometry":{"type":"Polygon","coordinates":[[[78.84735,30.03859],[78.81332,30.04052],[78.79973,30.02849],[78.77578,30.02794],[78.75853,30.03657],[78.74725,30.01558],[78.72823,30.01785],[78.71965,30.03568],[78.68848,30.01335],[78.67442,30.01663],[78.65251,30.01548],[78.64495,30.0036],[78.64339,29.99097],[78.65962,29.98234],[78.67779,29.97555],[78.68816,29.96319],[78.69875,29.94454],[78.72767,29.91373],[78.73236,29.89228],[78.77089,29.90276],[78.79582,29.93296],[78.81322,29.95044],[78.82469,29.96599],[78.84341,29.97361],[78.85216,29.98101],[78.84686,30.02235],[78.84735,30.03859]]]},"properties":{"bpcode":986,"bpname":"Khaljikhal","dtcode":61,"dtname":"Pauri garhwal","stcode":5,"stname":"Uttarakhand"}},
{"type":"Feature","geometry":{"type":"Polygon","coordinates":[[[79.65616,29.84097],[79.65747,29.84268],[79.65253,29.85488],[79.65993,29.86003],[79.65843,29.87251],[79.66438,29.8832],[79.67323,29.88284],[79.67697,29.88656],[79.68525,29.88747],[79.69,29.89464],[79.69798,29.89748],[79.70019,29.90017],[79.70222,29.89909],[79.70662,29.90436],[79.7128,29.90588],[79.7223,29.89882],[79.73406,29.89556],[79.73907,29.89085],[79.74456,29.89115],[79.75447,29.90474],[79.75578,29.9104],[79.75574,29.91044],[79.75452,29.91811],[79.74674,29.92642],[79.74831,29.93389],[79.73713,29.94658],[79.71951,29.96186],[79.71902,29.96783],[79.71513,29.97284],[79.71802,29.98549],[79.72054,29.98818],[79.71816,29.99321],[79.72575,29.9969],[79.73287,29.99525],[79.74081,29.99736],[79.74604,30.00001],[79.7481,30.00482],[79.74254,30.00391],[79.73694,30.00565],[79.72861,30.00194],[79.7207,30.00134],[79.70875,30.00423],[79.70135,30.00399],[79.69472,30.00428],[79.68797,30.00811],[79.67996,30.00948],[79.66924,30.00888],[79.66635,30.00519],[79.66309,30.00479],[79.65183,30.01322],[79.64806,30.01408],[79.6378,30.01978],[79.63209,30.02008],[79.62628,30.01737],[79.61013,30.02011],[79.60202,30.01457],[79.59634,30.01328],[79.59529,30.01011],[79.58838,30.0068],[79.58744,30.00448],[79.57831,30.00559],[79.57657,30.00482],[79.5661,30.00235],[79.56059,30.00293],[79.54772,29.99583],[79.5329,29.99992],[79.52689,30.00532],[79.52316,30.01347],[79.506,30.01432],[79.49848,30.0154],[79.49256,30.02212],[79.48422,30.02335],[79.47467,30.00396],[79.4706,29.98919],[79.47164,29.97947],[79.47879,29.97558],[79.48469,29.97501],[79.48824,29.97134],[79.48689,29.9623],[79.48253,29.95805],[79.49209,29.94924],[79.49153,29.92663],[79.49422,29.89619],[79.5016,29.88509],[79.50775,29.87349],[79.51171,29.87203],[79.51961,29.8717],[79.52823,29.8679],[79.5416,29.86841],[79.55397,29.86431],[79.5599,29.85945],[79.56841,29.86329],[79.57513,29.86394],[79.5795,29.85621],[79.58519,29.85164],[79.59568,29.8491],[79.61051,29.8412],[79.61838,29.84533],[79.62282,29.84282],[79.63532,29.84959],[79.63948,29.84839],[79.63925,29.84112],[79.64388,29.84055],[79.65002,29.84133],[79.6525,29.84109],[79.65616,29.84097]]]},"properties":{"bpcode":947,"bpname":"Garur","dtcode":63,"dtname":"Bageshwar","stcode":5,"stname":"Uttarakhand"}},
{"type":"Feature","geometry":{"type":"Polygon","coordinates":[[[79.0128,29.99924],[78.97374,30.00016],[78.95661,30.00366],[78.95821,29.98386],[78.94773,29.96651],[78.91917,29.95236],[78.90221,29.95199],[78.89364,29.9383],[78.90279,29.90134],[78.8904,29.88802],[78.9115,29.88309],[78.94984,29.86954],[78.95214,29.85971],[78.99358,29.84264],[79.02668,29.83796],[79.03128,29.84571],[79.00151,29.87293],[79.01112,29.88572],[79.01459,29.90379],[79.02211,29.92015],[79.0187,29.93448],[79.01025,29.9496],[79.0128,29.96498],[79.02462,29.97155],[79.01727,29.98311],[79.0128,29.99924]]]},"properties":{"bpcode":992,"bpname":"Pokhra","dtcode":61,"dtname":"Pauri garhwal","stcode":5,"stname":"Uttarakhand"}},
{"type":"Feature","geometry":{"type":"Polygon","coordinates":[[[79.09603,29.8946],[79.09813,29.89989],[79.09954,29.90153],[79.11072,29.91457],[79.10545,29.92436],[79.10297,29.94143],[79.1105,29.95872],[79.10691,29.97938],[79.09374,29.9845],[79.07565,29.9868],[79.04414,29.96806],[79.02462,29.97155],[79.0128,29.96498],[79.01025,29.9496],[79.0187,29.93448],[79.02211,29.92015],[79.01459,29.90379],[79.01112,29.88572],[79.00151,29.87293],[79.03128,29.84571],[79.02668,29.83796],[79.04406,29.83635],[79.0669,29.84133],[79.09541,29.84207],[79.09833,29.84518],[79.0953,29.84943],[79.09419,29.84975],[79.09107,29.85014],[79.08749,29.85595],[79.08364,29.85794],[79.07693,29.86016],[79.07318,29.85936],[79.06732,29.86242],[79.07179,29.87102],[79.07091,29.87278],[79.077,29.87692],[79.07859,29.88589],[79.08775,29.89255],[79.09448,29.89252],[79.09603,29.8946]]]},"properties":{"bpcode":982,"bpname":"Bironkhal","dtcode":61,"dtname":"Pauri garhwal","stcode":5,"stname":"Uttarakhand"}},
{"type":"Feature","geometry":{"type":"Polygon","coordinates":[[[79.37807,29.81286],[79.38866,29.80981],[79.39778,29.81003],[79.41595,29.79099],[79.43149,29.79359],[79.43299,29.79475],[79.43059,29.8085],[79.43299,29.82016],[79.42915,29.83283],[79.43013,29.83798],[79.43365,29.84133],[79.44868,29.83994],[79.46131,29.84368],[79.47293,29.83609],[79.49031,29.83937],[79.49371,29.84525],[79.49869,29.84819],[79.50147,29.85546],[79.49436,29.86756],[79.49068,29.87001],[79.49044,29.87303],[79.49861,29.87663],[79.49894,29.88088],[79.49934,29.88382],[79.49943,29.88631],[79.5016,29.88509],[79.49422,29.89619],[79.49153,29.92663],[79.49209,29.94924],[79.48253,29.95805],[79.48689,29.9623],[79.48824,29.97134],[79.48469,29.97501],[79.47879,29.97558],[79.47164,29.97947],[79.4669,29.97856],[79.46715,29.97549],[79.46409,29.97184],[79.45938,29.9712],[79.45375,29.96614],[79.44907,29.96467],[79.44935,29.95878],[79.44711,29.95604],[79.43891,29.95293],[79.43709,29.95273],[79.43502,29.94847],[79.43407,29.94733],[79.42854,29.93678],[79.42454,29.93459],[79.42046,29.93491],[79.41615,29.94345],[79.40372,29.94213],[79.39974,29.93747],[79.39829,29.93757],[79.39571,29.93767],[79.3862,29.92897],[79.38559,29.92866],[79.37868,29.92919],[79.37398,29.92691],[79.36683,29.93847],[79.36185,29.93948],[79.35739,29.94318],[79.35619,29.94958],[79.34572,29.96022],[79.33891,29.9726],[79.33517,29.97328],[79.32493,29.97287],[79.32438,29.97121],[79.32866,29.96204],[79.33032,29.95074],[79.33513,29.94303],[79.3259,29.93869],[79.32547,29.93186],[79.32532,29.93133],[79.32509,29.92927],[79.32498,29.92925],[79.31718,29.92777],[79.3091,29.93177],[79.3018,29.92843],[79.28229,29.92557],[79.2768,29.91183],[79.27626,29.90481],[79.2764,29.90343],[79.28225,29.89234],[79.27253,29.87691],[79.27393,29.86991],[79.27051,29.87025],[79.2703,29.87392],[79.26686,29.86929],[79.26604,29.86896],[79.25275,29.85913],[79.25603,29.85489],[79.25552,29.84236],[79.259,29.83422],[79.25131,29.83046],[79.2567,29.81819],[79.25644,29.80252],[79.26153,29.80101],[79.26378,29.80262],[79.27276,29.79996],[79.27143,29.79474],[79.27251,29.79264],[79.28413,29.79118],[79.29412,29.79466],[79.30611,29.78955],[79.30544,29.79559],[79.31206,29.80068],[79.31067,29.80672],[79.32379,29.81547],[79.33486,29.81915],[79.34236,29.81894],[79.35088,29.82473],[79.37212,29.81386],[79.37807,29.81286]]]},"properties":{"bpcode":937,"bpname":"Chaukhutia","dtcode":64,"dtname":"Almora","stcode":5,"stname":"Uttarakhand"}},
{"type":"Feature","geometry":{"type":"Polygon","coordinates":[[[79.28229,29.92557],[79.28318,29.93371],[79.28602,29.93863],[79.28396,29.94279],[79.28459,29.95167],[79.27269,29.96026],[79.26772,29.96012],[79.26668,29.96034],[79.25604,29.9632],[79.25081,29.96072],[79.24598,29.96988],[79.24107,29.97359],[79.23043,29.97908],[79.22484,29.97801],[79.23152,29.96925],[79.2316,29.96073],[79.22648,29.95201],[79.229,29.94836],[79.22755,29.94581],[79.22151,29.94622],[79.21475,29.94064],[79.20827,29.94334],[79.20482,29.93932],[79.1982,29.94626],[79.19262,29.94469],[79.1894,29.9234],[79.17676,29.90756],[79.17283,29.90777],[79.16415,29.91535],[79.15879,29.91553],[79.14814,29.90945],[79.14597,29.90873],[79.13692,29.90573],[79.1282,29.90647],[79.12645,29.90161],[79.11882,29.89494],[79.10634,29.89375],[79.1015,29.89036],[79.09448,29.89252],[79.08775,29.89255],[79.07859,29.88589],[79.077,29.87692],[79.07091,29.87278],[79.07179,29.87102],[79.06732,29.86242],[79.07318,29.85936],[79.07693,29.86016],[79.08364,29.85794],[79.08749,29.85595],[79.09107,29.85014],[79.09419,29.84975],[79.0953,29.84943],[79.09833,29.84518],[79.10287,29.83672],[79.10509,29.83572],[79.11042,29.83243],[79.11436,29.8184],[79.11949,29.81072],[79.11817,29.80313],[79.12275,29.79799],[79.12709,29.78153],[79.12831,29.78112],[79.12863,29.77884],[79.13381,29.7815],[79.15249,29.7778],[79.16054,29.77339],[79.16074,29.76517],[79.17314,29.76107],[79.18987,29.76035],[79.21461,29.75067],[79.22111,29.75093],[79.2362,29.75696],[79.24074,29.75812],[79.24065,29.76044],[79.23567,29.76318],[79.23083,29.77086],[79.23665,29.77695],[79.23321,29.78239],[79.23454,29.78481],[79.2493,29.78752],[79.258,29.79132],[79.26489,29.79164],[79.27117,29.79525],[79.27143,29.79474],[79.27276,29.79996],[79.26378,29.80262],[79.26153,29.80101],[79.25644,29.80252],[79.2567,29.81819],[79.25131,29.83046],[79.259,29.83422],[79.25552,29.84236],[79.25603,29.85489],[79.25275,29.85913],[79.26604,29.86896],[79.26686,29.86929],[79.2703,29.87392],[79.27051,29.87025],[79.27393,29.86991],[79.27253,29.87691],[79.28225,29.89234],[79.2764,29.90343],[79.27626,29.90481],[79.2768,29.91183],[79.28229,29.92557]]]},"properties":{"bpcode":943,"bpname":"Syaldeh","dtcode":64,"dtname":"Almora","stcode":5,"stname":"Uttarakhand"}},
{"type":"Feature","geometry":{"type":"Polygon","coordinates":[[[78.00729,29.87404],[78.01773,29.88694],[78.01847,29.90245],[78.01407,29.90178],[78.00301,29.90607],[78.00239,29.90741],[78.01015,29.91312],[77.99808,29.91672],[78.00752,29.93186],[78.00483,29.93729],[78.00332,29.93516],[77.99967,29.93589],[77.99838,29.93419],[77.99177,29.93652],[77.98942,29.93254],[77.97656,29.94255],[77.97011,29.93904],[77.96209,29.94405],[77.95942,29.9411],[77.9548,29.94203],[77.95183,29.93985],[77.94185,29.94715],[77.94125,29.95046],[77.92973,29.95998],[77.91987,29.9584],[77.91544,29.96145],[77.90845,29.95376],[77.9052,29.9576],[77.90457,29.96301],[77.89983,29.96383],[77.89659,29.9598],[77.88697,29.95794],[77.88125,29.95413],[77.88164,29.94216],[77.88724,29.93366],[77.88882,29.91918],[77.89255,29.91292],[77.88589,29.9046],[77.88496,29.89493],[77.87543,29.89922],[77.87597,29.90199],[77.86256,29.91625],[77.85782,29.92444],[77.84988,29.92877],[77.83656,29.93246],[77.83282,29.93632],[77.82436,29.93518],[77.81799,29.92402],[77.81931,29.91649],[77.80083,29.87744],[77.79279,29.87469],[77.79214,29.87211],[77.79411,29.87084],[77.78322,29.85692],[77.78326,29.84939],[77.77463,29.81902],[77.7653,29.8221],[77.76039,29.82079],[77.75826,29.81937],[77.75831,29.8188],[77.75608,29.81284],[77.75941,29.81261],[77.76199,29.81302],[77.76886,29.81171],[77.7727,29.81447],[77.77756,29.81429],[77.7979,29.82885],[77.80698,29.81939],[77.82642,29.81353],[77.83112,29.815],[77.84145,29.81171],[77.85,29.81841],[77.86001,29.81944],[77.86106,29.82956],[77.87132,29.84399],[77.87862,29.84498],[77.88045,29.85086],[77.89694,29.84571],[77.92229,29.84141],[77.93056,29.83629],[77.93845,29.8425],[77.95045,29.83351],[77.95367,29.82912],[77.95352,29.82551],[77.96043,29.82924],[77.97141,29.83154],[77.96981,29.83776],[77.97636,29.84064],[77.97802,29.84787],[77.97895,29.85336],[77.99033,29.8653],[77.99654,29.86023],[77.9974,29.86607],[78.00013,29.86783],[78.00389,29.86651],[78.00666,29.87314],[78.00729,29.87404]]]},"properties":{"bpcode":973,"bpname":"Roorkee","dtcode":68,"dtname":"Haridwar","stcode":5,"stname":"Uttarakhand"}},
{"type":"Feature","geometry":{"type":"Polygon","coordinates":[[[79.75578,29.9104],[79.75447,29.90474],[79.74456,29.89115],[79.73907,29.89085],[79.73406,29.89556],[79.7223,29.89882],[79.7128,29.90588],[79.70662,29.90436],[79.70222,29.89909],[79.70019,29.90017],[79.69798,29.89748],[79.69,29.89464],[79.68525,29.88747],[79.67697,29.88656],[79.67323,29.88284],[79.66438,29.8832],[79.65843,29.87251],[79.65993,29.86003],[79.65253,29.85488],[79.65747,29.84268],[79.65616,29.84097],[79.65965,29.83895],[79.67016,29.84328],[79.67434,29.83797],[79.67476,29.83639],[79.69494,29.82729],[79.7045,29.82778],[79.70853,29.8253],[79.6973,29.81492],[79.69185,29.81457],[79.68903,29.80966],[79.6909,29.80869],[79.69723,29.80702],[79.70376,29.79718],[79.70308,29.79452],[79.70309,29.79155],[79.70257,29.78963],[79.69626,29.7826],[79.69729,29.77694],[79.6954,29.77162],[79.69717,29.76443],[79.69883,29.76367],[79.70378,29.76164],[79.71154,29.74249],[79.72056,29.7378],[79.72171,29.73061],[79.72905,29.7278],[79.73461,29.71871],[79.7459,29.70984],[79.75232,29.70834],[79.75752,29.70127],[79.76007,29.70131],[79.76739,29.70531],[79.77287,29.70605],[79.7803,29.71151],[79.7939,29.70701],[79.80458,29.71598],[79.80699,29.71228],[79.81468,29.71156],[79.81685,29.7139],[79.81936,29.71091],[79.82078,29.71268],[79.82252,29.71055],[79.8237,29.71301],[79.82849,29.70978],[79.8335,29.71028],[79.84031,29.71716],[79.86152,29.71455],[79.86477,29.71088],[79.86759,29.71419],[79.87404,29.71521],[79.89399,29.71221],[79.89123,29.71815],[79.88284,29.72363],[79.88233,29.7244],[79.87738,29.73142],[79.86836,29.73879],[79.84531,29.74472],[79.84062,29.74805],[79.83264,29.74995],[79.82663,29.75947],[79.82704,29.76953],[79.82095,29.77322],[79.82372,29.77714],[79.82206,29.78152],[79.82455,29.78174],[79.84633,29.77648],[79.85035,29.77141],[79.85732,29.76797],[79.85912,29.76914],[79.86995,29.76755],[79.87527,29.77336],[79.88605,29.7753],[79.88798,29.78107],[79.8882,29.78231],[79.89259,29.78934],[79.89288,29.79462],[79.89752,29.79202],[79.9001,29.79305],[79.90366,29.79807],[79.90436,29.79852],[79.90625,29.79807],[79.90874,29.7965],[79.90947,29.78917],[79.91216,29.78935],[79.91246,29.79271],[79.93094,29.79022],[79.93112,29.79012],[79.92915,29.78612],[79.93224,29.77377],[79.93156,29.76653],[79.94571,29.76403],[79.96402,29.76429],[79.97519,29.7596],[79.98382,29.7626],[79.98636,29.76308],[79.99201,29.76531],[79.99842,29.7643],[79.9998,29.77445],[80.00335,29.77794],[80.00574,29.77683],[80.0072,29.77659],[80.0127,29.77401],[80.01817,29.78269],[80.03462,29.78267],[80.04009,29.78737],[80.03866,29.79497],[80.03388,29.79613],[80.03245,29.8065],[80.02332,29.81144],[80.01881,29.81074],[80.01648,29.82042],[80.02032,29.82641],[80.0197,29.82862],[80.00211,29.83555],[79.99808,29.83523],[79.99464,29.83823],[79.99354,29.84506],[79.98099,29.84136],[79.98011,29.84268],[79.97902,29.84304],[79.97806,29.84213],[79.97748,29.85199],[79.9706,29.85191],[79.96211,29.84882],[79.95767,29.83932],[79.94659,29.83652],[79.9435,29.83781],[79.94175,29.84661],[79.93349,29.85644],[79.93353,29.87237],[79.93874,29.87794],[79.93269,29.88355],[79.9255,29.88592],[79.92368,29.88309],[79.92491,29.88024],[79.91827,29.8783],[79.91108,29.88078],[79.89953,29.88875],[79.89556,29.89021],[79.89377,29.88705],[79.88991,29.89041],[79.88742,29.88982],[79.88874,29.88501],[79.88489,29.88356],[79.88058,29.88683],[79.87882,29.89767],[79.87625,29.90134],[79.87283,29.89852],[79.86308,29.89678],[79.85247,29.90264],[79.845,29.89732],[79.82663,29.89683],[79.82027,29.90104],[79.81143,29.90137],[79.80917,29.90482],[79.81289,29.90648],[79.81283,29.90988],[79.80139,29.91557],[79.80056,29.91447],[79.79373,29.9168],[79.78077,29.91568],[79.7639,29.91723],[79.75727,29.91158],[79.75625,29.91077],[79.75578,29.9104]]]},"properties":{"bpcode":946,"bpname":"Bageshwar","dtcode":63,"dtname":"Bageshwar","stcode":5,"stname":"Uttarakhand"}},
{"type":"Feature","geometry":{"type":"Polygon","coordinates":[[[80.03562,29.89629],[80.0267,29.89629],[80.01217,29.88695],[80.00546,29.8738],[80.00726,29.85182],[79.99564,29.8501],[79.99205,29.85039],[79.97748,29.85199],[79.97806,29.84213],[79.97902,29.84304],[79.98011,29.84268],[79.98099,29.84136],[79.99354,29.84506],[79.99464,29.83823],[79.99808,29.83523],[80.00211,29.83555],[80.0197,29.82862],[80.02032,29.82641],[80.01648,29.82042],[80.01881,29.81074],[80.02332,29.81144],[80.03245,29.8065],[80.03388,29.79613],[80.03866,29.79497],[80.04009,29.78737],[80.03462,29.78267],[80.01817,29.78269],[80.0127,29.77401],[80.0072,29.77659],[80.00574,29.77683],[80.00335,29.77794],[79.9998,29.77445],[79.99842,29.7643],[80.00454,29.75971],[80.01247,29.76556],[80.01976,29.75977],[80.02399,29.74399],[80.03001,29.74254],[80.02318,29.7406],[80.02354,29.73434],[80.02681,29.73203],[80.03107,29.73291],[80.03486,29.73125],[80.03433,29.72693],[80.03696,29.72187],[80.04654,29.71554],[80.03923,29.70719],[80.04207,29.70051],[80.04621,29.69972],[80.05373,29.69058],[80.06532,29.68842],[80.06716,29.68551],[80.07993,29.67927],[80.09218,29.67824],[80.09809,29.67163],[80.11245,29.6693],[80.11877,29.67061],[80.12462,29.66807],[80.14757,29.6662],[80.13943,29.66822],[80.13467,29.6731],[80.13343,29.67339],[80.13286,29.68401],[80.13426,29.68526],[80.1372,29.68844],[80.12704,29.69153],[80.1289,29.69958],[80.12295,29.70379],[80.1235,29.70456],[80.1251,29.7053],[80.12326,29.71027],[80.12349,29.71139],[80.12012,29.71427],[80.12362,29.71921],[80.12644,29.71918],[80.1273,29.71887],[80.13182,29.71841],[80.1273,29.72155],[80.1283,29.7252],[80.12611,29.72827],[80.12944,29.73323],[80.12971,29.73405],[80.12965,29.73662],[80.12772,29.7386],[80.12964,29.74279],[80.1265,29.75305],[80.1228,29.75666],[80.12708,29.76207],[80.13119,29.7672],[80.12893,29.77242],[80.132,29.77501],[80.13452,29.78251],[80.13234,29.78699],[80.13443,29.79344],[80.13432,29.7941],[80.13276,29.79833],[80.13412,29.80336],[80.13469,29.80513],[80.13487,29.81142],[80.14095,29.8282],[80.14156,29.82857],[80.14416,29.83199],[80.14308,29.83806],[80.14757,29.8408],[80.14718,29.84577],[80.14867,29.84572],[80.14971,29.84573],[80.15478,29.85251],[80.15227,29.85698],[80.15955,29.85661],[80.16222,29.85936],[80.15835,29.86719],[80.16116,29.87632],[80.15931,29.88074],[80.1458,29.89257],[80.14859,29.89777],[80.14339,29.90209],[80.12671,29.8994],[80.11616,29.90551],[80.10797,29.90654],[80.10497,29.90426],[80.10283,29.90192],[80.09585,29.89726],[80.096,29.89359],[80.09035,29.88833],[80.08545,29.88691],[80.07775,29.89058],[80.07129,29.90079],[80.06147,29.90308],[80.05345,29.90263],[80.04972,29.89852],[80.04787,29.89716],[80.04178,29.89565],[80.04011,29.89629],[80.03762,29.89688],[80.03562,29.89629]]]},"properties":{"bpcode":997,"bpname":"Berinag","dtcode":62,"dtname":"Pithoragarh","stcode":5,"stname":"Uttarakhand"}},
{"type":"Feature","geometry":{"type":"Polygon","coordinates":[[[78.8904,29.88802],[78.84418,29.8987],[78.81645,29.8927],[78.77089,29.90276],[78.73236,29.89228],[78.70045,29.86467],[78.67988,29.85526],[78.66441,29.84238],[78.64278,29.80765],[78.62935,29.79394],[78.64309,29.77502],[78.6934,29.75551],[78.70125,29.72886],[78.72714,29.72672],[78.74525,29.71994],[78.76163,29.70509],[78.81431,29.67402],[78.81745,29.70638],[78.82182,29.72524],[78.81647,29.73675],[78.82283,29.75567],[78.81512,29.77878],[78.8318,29.78629],[78.84545,29.79554],[78.85589,29.81189],[78.85356,29.8226],[78.83621,29.83569],[78.8539,29.84324],[78.872,29.83824],[78.89287,29.84048],[78.90662,29.84706],[78.9274,29.85289],[78.95155,29.84623],[78.95214,29.85971],[78.94984,29.86954],[78.9115,29.88309],[78.8904,29.88802]]]},"properties":{"bpcode":996,"bpname":"Jaiharikhal","dtcode":61,"dtname":"Pauri garhwal","stcode":5,"stname":"Uttarakhand"}},
{"type":"Feature","geometry":{"type":"Polygon","coordinates":[[[80.12768,29.761],[80.13175,29.75913],[80.13695,29.75786],[80.14031,29.74905],[80.17034,29.73333],[80.2053,29.72564],[80.22052,29.71905],[80.2734,29.71598],[80.28455,29.72353],[80.28065,29.74621],[80.29478,29.74971],[80.291,29.75438],[80.2933,29.76857],[80.29118,29.77556],[80.30736,29.78495],[80.30205,29.7954],[80.30556,29.80073],[80.32935,29.80642],[80.3382,29.8013],[80.35113,29.79768],[80.35294,29.79666],[80.3559,29.79588],[80.35713,29.80094],[80.36428,29.79817],[80.36412,29.80246],[80.36793,29.80716],[80.36313,29.8141],[80.36583,29.81928],[80.36526,29.81995],[80.36226,29.82301],[80.36548,29.8277],[80.36593,29.82871],[80.35532,29.83836],[80.3512,29.8508],[80.35142,29.85283],[80.35134,29.85475],[80.34953,29.85838],[80.3445,29.85906],[80.33988,29.86347],[80.33469,29.86503],[80.33205,29.86995],[80.32322,29.87511],[80.3239,29.87626],[80.31984,29.87738],[80.31423,29.87426],[80.30659,29.8748],[80.30079,29.8782],[80.29385,29.87857],[80.28994,29.88259],[80.27564,29.88286],[80.27043,29.88511],[80.26332,29.86325],[80.25432,29.86071],[80.24945,29.86136],[80.24704,29.86411],[80.24133,29.86411],[80.23888,29.86697],[80.2373,29.88122],[80.23947,29.8859],[80.24394,29.88875],[80.25168,29.88924],[80.262,29.89395],[80.26056,29.89624],[80.24879,29.89688],[80.24524,29.89995],[80.23909,29.89429],[80.22982,29.89145],[80.2276,29.87119],[80.21794,29.86806],[80.21219,29.86865],[80.21042,29.86278],[80.20255,29.86342],[80.18428,29.86071],[80.17563,29.86191],[80.16956,29.85738],[80.16222,29.85936],[80.15955,29.85661],[80.15227,29.85698],[80.15478,29.85251],[80.14971,29.84573],[80.14867,29.84572],[80.14718,29.84577],[80.14757,29.8408],[80.14308,29.83806],[80.14416,29.83199],[80.14156,29.82857],[80.14095,29.8282],[80.13487,29.81142],[80.13469,29.80513],[80.13412,29.80336],[80.13276,29.79833],[80.13432,29.7941],[80.13443,29.79344],[80.13234,29.78699],[80.13452,29.78251],[80.132,29.77501],[80.12893,29.77242],[80.13119,29.7672],[80.12708,29.76207],[80.12768,29.761]]]},"properties":{"bpcode":999,"bpname":"Didihat","dtcode":62,"dtname":"Pithoragarh","stcode":5,"stname":"Uttarakhand"}},
{"type":"Feature","geometry":{"type":"Polygon","coordinates":[[[78.92101,29.43427],[78.92313,29.44222],[78.93346,29.44527],[78.93546,29.44907],[78.93814,29.44851],[78.94271,29.45216],[78.94734,29.45883],[78.95233,29.45856],[78.94979,29.46157],[78.95035,29.46412],[78.96304,29.49325],[78.95968,29.49688],[78.96239,29.49969],[78.96314,29.5051],[78.96253,29.51905],[78.96352,29.52095],[78.96906,29.52001],[78.97085,29.52236],[78.96665,29.52776],[78.9693,29.53664],[78.99301,29.55269],[79.00216,29.55162],[79.00613,29.55444],[79.00639,29.55639],[78.99995,29.55943],[78.99845,29.56234],[79.00811,29.57152],[79.00927,29.58183],[78.98875,29.59541],[78.96854,29.60571],[78.92956,29.62179],[78.88789,29.64158],[78.87517,29.63508],[78.86493,29.64469],[78.84671,29.65503],[78.82566,29.66086],[78.81431,29.67402],[78.76163,29.70509],[78.74525,29.71994],[78.72714,29.72672],[78.70125,29.72886],[78.6934,29.75551],[78.64309,29.77502],[78.62935,29.79394],[78.61877,29.81251],[78.5993,29.83],[78.5743,29.83483],[78.54621,29.87095],[78.52867,29.88939],[78.5089,29.88652],[78.48003,29.88857],[78.46123,29.88727],[78.43977,29.87784],[78.42551,29.86142],[78.40509,29.85113],[78.38154,29.84526],[78.34997,29.81686],[78.34245,29.81369],[78.33412,29.80483],[78.33064,29.80097],[78.33566,29.79661],[78.39276,29.76739],[78.40906,29.76338],[78.42851,29.76446],[78.44514,29.75038],[78.45564,29.74515],[78.47369,29.73988],[78.48782,29.73837],[78.50676,29.72944],[78.51654,29.7194],[78.52145,29.69347],[78.52149,29.65782],[78.54081,29.62709],[78.54424,29.62555],[78.56507,29.60109],[78.5812,29.58561],[78.61773,29.55803],[78.62425,29.55654],[78.63851,29.54666],[78.64775,29.54677],[78.65259,29.54463],[78.70037,29.50573],[78.71121,29.50036],[78.72009,29.50217],[78.73059,29.50038],[78.73273,29.50199],[78.73819,29.50019],[78.74501,29.50078],[78.74919,29.49596],[78.75655,29.49459],[78.75903,29.49064],[78.77757,29.47714],[78.79967,29.46457],[78.81056,29.46581],[78.82274,29.45975],[78.8402,29.4574],[78.87911,29.44385],[78.9002,29.44149],[78.92101,29.43427]]]},"properties":{"bpcode":983,"bpname":"Duggada","dtcode":61,"dtname":"Pauri garhwal","stcode":5,"stname":"Uttarakhand"}},
{"type":"Feature","geometry":{"type":"Polygon","coordinates":[[[79.5361,29.77681],[79.54371,29.7743],[79.5541,29.76092],[79.55369,29.7561],[79.54765,29.74874],[79.54944,29.73951],[79.5554,29.72962],[79.55369,29.71695],[79.55516,29.71033],[79.55736,29.71099],[79.56799,29.71295],[79.57028,29.71205],[79.59013,29.7038],[79.60656,29.70911],[79.62633,29.719],[79.63811,29.7203],[79.65249,29.71352],[79.66589,29.7154],[79.66777,29.71066],[79.66491,29.70208],[79.66597,29.69007],[79.66916,29.68631],[79.69204,29.67233],[79.69792,29.67258],[79.7025,29.67013],[79.70756,29.66261],[79.71021,29.66295],[79.71059,29.66597],[79.71712,29.66986],[79.72675,29.67972],[79.73645,29.68348],[79.74618,29.69435],[79.75729,29.69767],[79.75937,29.69849],[79.76007,29.70131],[79.75752,29.70127],[79.75232,29.70834],[79.7459,29.70984],[79.73461,29.71871],[79.72905,29.7278],[79.72171,29.73061],[79.72056,29.7378],[79.71154,29.74249],[79.70378,29.76164],[79.69883,29.76367],[79.69717,29.76443],[79.6954,29.77162],[79.69729,29.77694],[79.69626,29.7826],[79.70257,29.78963],[79.70309,29.79155],[79.70308,29.79452],[79.70376,29.79718],[79.69723,29.80702],[79.6909,29.80869],[79.68903,29.80966],[79.69185,29.81457],[79.6973,29.81492],[79.70853,29.8253],[79.7045,29.82778],[79.69494,29.82729],[79.67476,29.83639],[79.67434,29.83797],[79.67016,29.84328],[79.65965,29.83895],[79.65616,29.84097],[79.6525,29.84109],[79.65002,29.84133],[79.64388,29.84055],[79.63925,29.84112],[79.63948,29.84839],[79.63532,29.84959],[79.62282,29.84282],[79.61838,29.84533],[79.61051,29.8412],[79.59568,29.8491],[79.58519,29.85164],[79.5795,29.85621],[79.57513,29.86394],[79.56841,29.86329],[79.5599,29.85945],[79.55397,29.86431],[79.5416,29.86841],[79.52823,29.8679],[79.51961,29.8717],[79.51171,29.87203],[79.50775,29.87349],[79.5016,29.88509],[79.49943,29.88631],[79.49934,29.88382],[79.49894,29.88088],[79.49861,29.87663],[79.49044,29.87303],[79.49068,29.87001],[79.49436,29.86756],[79.50147,29.85546],[79.49869,29.84819],[79.49371,29.84525],[79.50335,29.84157],[79.5109,29.83618],[79.51553,29.83812],[79.52195,29.83299],[79.52266,29.8297],[79.53116,29.82513],[79.52594,29.8148],[79.53,29.80525],[79.52286,29.79239],[79.52195,29.78682],[79.52471,29.78037],[79.53476,29.77731],[79.5361,29.77681]]]},"properties":{"bpcode":944,"bpname":"Takula","dtcode":64,"dtname":"Almora","stcode":5,"stname":"Uttarakhand"}},
{"type":"Feature","geometry":{"type":"Polygon","coordinates":[[[79.02668,29.83796],[78.99358,29.84264],[78.95214,29.85971],[78.95155,29.84623],[78.9274,29.85289],[78.90662,29.84706],[78.89287,29.84048],[78.872,29.83824],[78.8539,29.84324],[78.83621,29.83569],[78.85356,29.8226],[78.85589,29.81189],[78.84545,29.79554],[78.8318,29.78629],[78.81512,29.77878],[78.82283,29.75567],[78.81647,29.73675],[78.82182,29.72524],[78.81745,29.70638],[78.81431,29.67402],[78.82566,29.66086],[78.84671,29.65503],[78.86493,29.64469],[78.87517,29.63508],[78.88789,29.64158],[78.92956,29.62179],[78.97354,29.64523],[78.99582,29.67323],[78.97002,29.69609],[78.96357,29.71205],[78.97417,29.7239],[78.98688,29.73222],[78.9934,29.74758],[78.97245,29.74804],[78.95334,29.75391],[78.94469,29.77612],[78.9643,29.78729],[78.98378,29.80294],[79.01903,29.82612],[79.02668,29.83796]]]},"properties":{"bpcode":993,"bpname":"Rikhanikhal","dtcode":61,"dtname":"Pauri garhwal","stcode":5,"stname":"Uttarakhand"}},
{"type":"Feature","geometry":{"type":"Polygon","coordinates":[[[77.95763,29.74351],[77.95208,29.75276],[77.95768,29.75828],[77.96495,29.76044],[77.96801,29.76506],[77.96519,29.76879],[77.96462,29.77708],[77.96038,29.7756],[77.95669,29.78049],[77.96318,29.78928],[77.96668,29.78857],[77.97232,29.79698],[77.96882,29.8008],[77.96664,29.801],[77.96543,29.79866],[77.95687,29.80493],[77.95681,29.81184],[77.96191,29.81424],[77.9549,29.81841],[77.95352,29.82551],[77.95367,29.82912],[77.95045,29.83351],[77.93845,29.8425],[77.93056,29.83629],[77.92229,29.84141],[77.89694,29.84571],[77.88045,29.85086],[77.87862,29.84498],[77.87132,29.84399],[77.86106,29.82956],[77.86001,29.81944],[77.85,29.81841],[77.84145,29.81171],[77.83112,29.815],[77.82642,29.81353],[77.80698,29.81939],[77.7979,29.82885],[77.77756,29.81429],[77.7727,29.81447],[77.76886,29.81171],[77.76199,29.81302],[77.75941,29.81261],[77.75608,29.81284],[77.75158,29.81068],[77.76322,29.80263],[77.76545,29.79592],[77.77467,29.79102],[77.77219,29.78641],[77.77396,29.78401],[77.77238,29.78],[77.77786,29.77498],[77.77312,29.7687],[77.78036,29.76502],[77.76913,29.74992],[77.76953,29.74534],[77.78268,29.73624],[77.76997,29.71836],[77.77113,29.71441],[77.78334,29.7094],[77.79185,29.70994],[77.8026,29.70339],[77.81048,29.70237],[77.79905,29.68619],[77.80924,29.67986],[77.81534,29.67831],[77.82709,29.66942],[77.83005,29.6683],[77.83195,29.67041],[77.83568,29.66956],[77.83678,29.67171],[77.83862,29.67049],[77.8431,29.67522],[77.84709,29.67541],[77.85025,29.67998],[77.85373,29.68154],[77.8557,29.68006],[77.86281,29.68945],[77.87471,29.68729],[77.87948,29.69291],[77.87901,29.70024],[77.88265,29.70243],[77.8909,29.69886],[77.89661,29.7022],[77.90207,29.70119],[77.91253,29.69592],[77.91396,29.69848],[77.92007,29.69929],[77.91577,29.70221],[77.91692,29.70556],[77.91979,29.705],[77.92644,29.71422],[77.93457,29.71112],[77.93815,29.71448],[77.94094,29.71084],[77.94554,29.71306],[77.94743,29.72886],[77.95457,29.73416],[77.95277,29.73732],[77.95763,29.74351]]]},"properties":{"bpcode":972,"bpname":"Narsan","dtcode":68,"dtname":"Haridwar","stcode":5,"stname":"Uttarakhand"}},
{"type":"Feature","geometry":{"type":"Polygon","coordinates":[[[79.09833,29.84518],[79.09541,29.84207],[79.0669,29.84133],[79.04406,29.83635],[79.02668,29.83796],[79.01903,29.82612],[78.98378,29.80294],[78.9643,29.78729],[78.94469,29.77612],[78.95334,29.75391],[78.97245,29.74804],[78.9934,29.74758],[78.98688,29.73222],[78.97417,29.7239],[78.96357,29.71205],[78.97002,29.69609],[78.99582,29.67323],[78.97354,29.64523],[78.92956,29.62179],[78.96854,29.60571],[78.98875,29.59541],[79.00927,29.58183],[79.00898,29.58605],[79.02177,29.58362],[79.02647,29.58923],[79.03464,29.58514],[79.03617,29.58466],[79.0371,29.58454],[79.03715,29.58463],[79.03758,29.58547],[79.04267,29.59147],[79.05639,29.58646],[79.06067,29.58795],[79.06318,29.59936],[79.05929,29.60372],[79.0623,29.60554],[79.06225,29.61045],[79.06758,29.61707],[79.06708,29.62048],[79.07153,29.62176],[79.07563,29.61686],[79.08094,29.61581],[79.08232,29.61977],[79.09444,29.62759],[79.08561,29.62986],[79.08536,29.6302],[79.08464,29.63273],[79.08442,29.63294],[79.08077,29.63306],[79.07801,29.6393],[79.08128,29.65054],[79.08447,29.6524],[79.08348,29.65495],[79.08742,29.6635],[79.08902,29.66336],[79.09009,29.66363],[79.09625,29.67364],[79.09826,29.67383],[79.10338,29.66749],[79.10073,29.6651],[79.10125,29.66196],[79.10399,29.6612],[79.10492,29.66075],[79.10535,29.66059],[79.10886,29.66501],[79.10918,29.67648],[79.11622,29.68284],[79.11359,29.68445],[79.11458,29.69136],[79.11201,29.69256],[79.10984,29.69112],[79.106,29.69653],[79.10533,29.69762],[79.10523,29.69972],[79.11253,29.70401],[79.11199,29.7063],[79.11492,29.70933],[79.11979,29.70966],[79.12111,29.71778],[79.11886,29.72043],[79.11572,29.71932],[79.11607,29.72597],[79.10811,29.7328],[79.11132,29.75674],[79.11217,29.75852],[79.10919,29.77516],[79.11313,29.77325],[79.11482,29.76985],[79.12094,29.77283],[79.12195,29.77388],[79.12709,29.78153],[79.12275,29.79799],[79.11817,29.80313],[79.11949,29.81072],[79.11436,29.8184],[79.11042,29.83243],[79.10509,29.83572],[79.10287,29.83672],[79.09833,29.84518]]]},"properties":{"bpcode":989,"bpname":"Nanidanda","dtcode":61,"dtname":"Pauri garhwal","stcode":5,"stname":"Uttarakhand"}},
{"type":"Feature","geometry":{"type":"Polygon","coordinates":[[[79.49371,29.84525],[79.49031,29.83937],[79.47293,29.83609],[79.46131,29.84368],[79.44868,29.83994],[79.43365,29.84133],[79.43013,29.83798],[79.42915,29.83283],[79.43299,29.82016],[79.43059,29.8085],[79.43299,29.79475],[79.43149,29.79359],[79.41595,29.79099],[79.39778,29.81003],[79.38866,29.80981],[79.37807,29.81286],[79.37963,29.81158],[79.37996,29.78788],[79.38371,29.78257],[79.38421,29.77546],[79.34187,29.73411],[79.33307,29.72913],[79.33681,29.72774],[79.33615,29.7189],[79.33948,29.70831],[79.34329,29.70708],[79.34954,29.7065],[79.35725,29.71007],[79.36057,29.70912],[79.36544,29.69654],[79.37104,29.69203],[79.37317,29.68186],[79.38323,29.68984],[79.38882,29.68913],[79.39361,29.69232],[79.39871,29.69201],[79.40914,29.69702],[79.41015,29.69713],[79.41459,29.69814],[79.41883,29.69404],[79.42517,29.69443],[79.43581,29.68938],[79.43809,29.69114],[79.44055,29.6892],[79.44345,29.69029],[79.44397,29.68856],[79.45166,29.69141],[79.4564,29.69094],[79.46158,29.69303],[79.46571,29.69669],[79.474,29.69761],[79.47481,29.7016],[79.47576,29.70253],[79.4839,29.70922],[79.48774,29.71667],[79.49284,29.71828],[79.49624,29.71622],[79.49722,29.69669],[79.49313,29.6832],[79.47344,29.6752],[79.46822,29.67119],[79.46593,29.66514],[79.47221,29.64757],[79.47916,29.63638],[79.50163,29.61529],[79.50458,29.61309],[79.51863,29.60868],[79.52431,29.61391],[79.52267,29.61465],[79.52469,29.62094],[79.52328,29.62426],[79.52643,29.63255],[79.52305,29.63175],[79.52611,29.63847],[79.53464,29.64049],[79.53995,29.64882],[79.54492,29.64837],[79.54796,29.64549],[79.56229,29.64555],[79.55707,29.64764],[79.55737,29.65779],[79.56547,29.66],[79.55432,29.66296],[79.54434,29.66095],[79.54211,29.667],[79.5384,29.66787],[79.53768,29.67073],[79.53127,29.67372],[79.52938,29.67726],[79.53745,29.68474],[79.54117,29.69823],[79.54974,29.70025],[79.55241,29.70282],[79.55335,29.70573],[79.55495,29.7084],[79.55659,29.71076],[79.55516,29.71033],[79.55369,29.71695],[79.5554,29.72962],[79.54944,29.73951],[79.54765,29.74874],[79.55369,29.7561],[79.5541,29.76092],[79.54371,29.7743],[79.5361,29.77681],[79.53476,29.77731],[79.52471,29.78037],[79.52195,29.78682],[79.52286,29.79239],[79.53,29.80525],[79.52594,29.8148],[79.53116,29.82513],[79.52266,29.8297],[79.52195,29.83299],[79.51553,29.83812],[79.5109,29.83618],[79.50335,29.84157],[79.49371,29.84525]]]},"properties":{"bpcode":939,"bpname":"Dwarahat","dtcode":64,"dtname":"Almora","stcode":5,"stname":"Uttarakhand"}},
{"type":"Feature","geometry":{"type":"Polygon","coordinates":[[[78.08992,29.75949],[78.09206,29.75985],[78.09335,29.76549],[78.08909,29.76775],[78.07784,29.76183],[78.07025,29.76849],[78.06538,29.76523],[78.05381,29.77467],[78.05384,29.81781],[78.03614,29.8301],[78.03257,29.8283],[78.0302,29.82951],[78.02892,29.82294],[78.02691,29.82565],[78.02327,29.82375],[78.02521,29.81881],[78.00878,29.80156],[78.00229,29.80462],[78.00157,29.80837],[77.99814,29.80472],[77.99498,29.80856],[77.98922,29.80759],[77.98095,29.81143],[77.9832,29.81402],[77.97686,29.82037],[77.97742,29.82283],[77.97141,29.83154],[77.96043,29.82924],[77.95352,29.82551],[77.9549,29.81841],[77.96191,29.81424],[77.95681,29.81184],[77.95687,29.80493],[77.96543,29.79866],[77.96664,29.801],[77.96882,29.8008],[77.97232,29.79698],[77.96668,29.78857],[77.96318,29.78928],[77.95669,29.78049],[77.96038,29.7756],[77.96462,29.77708],[77.96519,29.76879],[77.96801,29.76506],[77.96495,29.76044],[77.95768,29.75828],[77.95208,29.75276],[77.95763,29.74351],[77.95885,29.7463],[77.96883,29.74046],[77.9713,29.74099],[77.98331,29.73566],[77.98463,29.72984],[77.9914,29.7287],[77.99578,29.72532],[77.99237,29.72114],[77.99564,29.71765],[78.01033,29.7073],[78.01303,29.70968],[78.02191,29.70724],[78.02725,29.71091],[78.02911,29.70524],[78.03233,29.70248],[78.03851,29.70357],[78.04411,29.69102],[78.05756,29.67996],[78.06057,29.67305],[78.08251,29.66278],[78.08733,29.66637],[78.09938,29.66661],[78.10378,29.66039],[78.09762,29.65812],[78.10317,29.65198],[78.10937,29.64714],[78.11107,29.64543],[78.11929,29.64997],[78.13054,29.65254],[78.13826,29.66419],[78.16944,29.69014],[78.18051,29.69683],[78.1884,29.69229],[78.19603,29.69268],[78.20358,29.72826],[78.20016,29.73029],[78.20392,29.73727],[78.19484,29.7392],[78.19058,29.73706],[78.18616,29.73928],[78.18252,29.75061],[78.17269,29.74867],[78.16966,29.7582],[78.16564,29.75744],[78.16197,29.75361],[78.15823,29.75704],[78.15958,29.76217],[78.14717,29.76457],[78.14696,29.76673],[78.1524,29.76802],[78.153,29.77622],[78.15105,29.78088],[78.16361,29.79403],[78.16438,29.80594],[78.16029,29.81301],[78.15317,29.81114],[78.15016,29.80448],[78.14268,29.79871],[78.14921,29.78715],[78.14779,29.77282],[78.14677,29.77077],[78.14013,29.77036],[78.13923,29.76821],[78.14287,29.76461],[78.14218,29.76194],[78.1365,29.75739],[78.12092,29.76536],[78.11552,29.75969],[78.10747,29.76177],[78.10301,29.75724],[78.10358,29.75041],[78.09938,29.75091],[78.09812,29.74647],[78.08858,29.75057],[78.08963,29.7584],[78.08992,29.75949]]]},"properties":{"bpcode":971,"bpname":"Laksar","dtcode":68,"dtname":"Haridwar","stcode":5,"stname":"Uttarakhand"}},
{"type":"Feature","geometry":{"type":"Polygon","coordinates":[[[79.37807,29.81286],[79.37212,29.81386],[79.35088,29.82473],[79.34236,29.81894],[79.33486,29.81915],[79.32379,29.81547],[79.31067,29.80672],[79.31206,29.80068],[79.30544,29.79559],[79.30611,29.78955],[79.29412,29.79466],[79.28413,29.79118],[79.27251,29.79264],[79.27117,29.79525],[79.26489,29.79164],[79.258,29.79132],[79.2493,29.78752],[79.23454,29.78481],[79.23321,29.78239],[79.23665,29.77695],[79.23083,29.77086],[79.23567,29.76318],[79.24065,29.76044],[79.24074,29.75812],[79.2362,29.75696],[79.23659,29.75495],[79.24349,29.75147],[79.24803,29.73995],[79.25263,29.73477],[79.25776,29.73313],[79.25623,29.72769],[79.26157,29.71606],[79.26331,29.70644],[79.26061,29.69783],[79.25391,29.69097],[79.25048,29.67748],[79.24109,29.66898],[79.24052,29.6649],[79.24542,29.65916],[79.24927,29.65905],[79.25389,29.65576],[79.25595,29.65048],[79.25456,29.64888],[79.25876,29.64509],[79.25087,29.63597],[79.24834,29.62804],[79.25028,29.62497],[79.25471,29.62637],[79.25824,29.62327],[79.25892,29.61873],[79.26446,29.61334],[79.26373,29.60354],[79.25453,29.60149],[79.2528,29.59947],[79.26065,29.60102],[79.26851,29.59731],[79.26725,29.59579],[79.25414,29.59437],[79.24794,29.58358],[79.24866,29.57807],[79.25416,29.57915],[79.2512,29.57658],[79.25145,29.56901],[79.25937,29.56752],[79.26065,29.56917],[79.26047,29.56558],[79.25639,29.56563],[79.25463,29.56363],[79.25739,29.5632],[79.25866,29.55819],[79.27486,29.57379],[79.28664,29.57827],[79.28714,29.59007],[79.29322,29.5891],[79.29967,29.59052],[79.30783,29.60117],[79.32273,29.60381],[79.33216,29.61186],[79.3369,29.61074],[79.35217,29.61047],[79.3525,29.61578],[79.32112,29.63556],[79.31679,29.64292],[79.31736,29.65068],[79.31328,29.66016],[79.30298,29.66547],[79.30102,29.66988],[79.2917,29.67716],[79.28304,29.68108],[79.27781,29.68868],[79.27838,29.69432],[79.29268,29.69611],[79.29726,29.69946],[79.30259,29.69842],[79.30482,29.70281],[79.31227,29.70268],[79.31759,29.70669],[79.32458,29.70338],[79.33071,29.70452],[79.33441,29.70108],[79.34127,29.70279],[79.34329,29.70708],[79.33948,29.70831],[79.33615,29.7189],[79.33681,29.72774],[79.33307,29.72913],[79.34187,29.73411],[79.38421,29.77546],[79.38371,29.78257],[79.37996,29.78788],[79.37963,29.81158],[79.37807,29.81286]]]},"properties":{"bpcode":936,"bpname":"Bhikyasain","dtcode":64,"dtname":"Almora","stcode":5,"stname":"Uttarakhand"}},
{"type":"Feature","geometry":{"type":"Polygon","coordinates":[[[80.3759,29.74977],[80.37337,29.7575],[80.3669,29.76278],[80.36562,29.77017],[80.35785,29.77046],[80.35436,29.77752],[80.35865,29.78997],[80.35842,29.79182],[80.3559,29.79588],[80.35294,29.79666],[80.35113,29.79768],[80.3382,29.8013],[80.32935,29.80642],[80.30556,29.80073],[80.30205,29.7954],[80.30736,29.78495],[80.29118,29.77556],[80.2933,29.76857],[80.291,29.75438],[80.29478,29.74971],[80.28065,29.74621],[80.28455,29.72353],[80.2734,29.71598],[80.22052,29.71905],[80.2053,29.72564],[80.17034,29.73333],[80.14031,29.74905],[80.13695,29.75786],[80.13175,29.75913],[80.12768,29.761],[80.12708,29.76207],[80.1228,29.75666],[80.1265,29.75305],[80.12964,29.74279],[80.12772,29.7386],[80.12965,29.73662],[80.12971,29.73405],[80.12944,29.73323],[80.12611,29.72827],[80.1283,29.7252],[80.1273,29.72155],[80.13182,29.71841],[80.1273,29.71887],[80.12644,29.71918],[80.12362,29.71921],[80.12012,29.71427],[80.12349,29.71139],[80.12326,29.71027],[80.1251,29.7053],[80.1235,29.70456],[80.12295,29.70379],[80.1289,29.69958],[80.12704,29.69153],[80.1372,29.68844],[80.13426,29.68526],[80.13286,29.68401],[80.13343,29.67339],[80.13467,29.6731],[80.13943,29.66822],[80.14757,29.6662],[80.14843,29.66425],[80.14607,29.66179],[80.14865,29.65506],[80.14922,29.65505],[80.15802,29.65697],[80.15889,29.65711],[80.16008,29.6573],[80.16133,29.6575],[80.16092,29.65577],[80.16049,29.65534],[80.16045,29.65451],[80.1611,29.65421],[80.16322,29.65465],[80.16401,29.65487],[80.16575,29.65428],[80.16651,29.65494],[80.16695,29.65692],[80.17174,29.65616],[80.18235,29.66099],[80.18338,29.66114],[80.1898,29.66221],[80.19056,29.6621],[80.19264,29.66337],[80.19266,29.66554],[80.19414,29.6689],[80.20816,29.66904],[80.20877,29.66735],[80.21021,29.66413],[80.21393,29.66258],[80.21439,29.66289],[80.22001,29.66424],[80.21642,29.66828],[80.22502,29.66377],[80.22594,29.66352],[80.22964,29.65936],[80.23054,29.65756],[80.23601,29.66042],[80.23845,29.65758],[80.24333,29.66611],[80.24862,29.66711],[80.26981,29.65597],[80.27597,29.65522],[80.28756,29.64842],[80.30114,29.64438],[80.31229,29.65054],[80.31488,29.64682],[80.31984,29.64771],[80.33008,29.65899],[80.34866,29.65521],[80.35967,29.65503],[80.36434,29.64348],[80.37355,29.63347],[80.36915,29.62717],[80.36991,29.62187],[80.37738,29.62013],[80.39816,29.62443],[80.40395,29.62059],[80.40933,29.61964],[80.41097,29.62457],[80.42002,29.62851],[80.41973,29.64022],[80.41462,29.6452],[80.41592,29.65304],[80.41019,29.65434],[80.40846,29.66093],[80.40023,29.66077],[80.39916,29.66371],[80.39211,29.66534],[80.39006,29.6719],[80.38546,29.67587],[80.38536,29.68417],[80.38122,29.68928],[80.3808,29.69841],[80.37382,29.71443],[80.37634,29.71964],[80.36941,29.72202],[80.36779,29.725],[80.37094,29.73332],[80.36643,29.7394],[80.36638,29.74605],[80.36902,29.74963],[80.3759,29.74977]]]},"properties":{"bpcode":1001,"bpname":"Kanalichina","dtcode":62,"dtname":"Pithoragarh","stcode":5,"stname":"Uttarakhand"}},
{"type":"Feature","geometry":{"type":"Polygon","coordinates":[[[79.99842,29.7643],[79.99201,29.76531],[79.98636,29.76308],[79.98382,29.7626],[79.97519,29.7596],[79.96402,29.76429],[79.94571,29.76403],[79.93156,29.76653],[79.93224,29.77377],[79.92915,29.78612],[79.93112,29.79012],[79.93094,29.79022],[79.91246,29.79271],[79.91216,29.78935],[79.90947,29.78917],[79.90874,29.7965],[79.90625,29.79807],[79.90436,29.79852],[79.90366,29.79807],[79.9001,29.79305],[79.89752,29.79202],[79.89288,29.79462],[79.89259,29.78934],[79.8882,29.78231],[79.88798,29.78107],[79.88605,29.7753],[79.87527,29.77336],[79.86995,29.76755],[79.85912,29.76914],[79.85732,29.76797],[79.85035,29.77141],[79.84633,29.77648],[79.82455,29.78174],[79.82206,29.78152],[79.82372,29.77714],[79.82095,29.77322],[79.82704,29.76953],[79.82663,29.75947],[79.83264,29.74995],[79.84062,29.74805],[79.84531,29.74472],[79.86836,29.73879],[79.87738,29.73142],[79.88233,29.7244],[79.88284,29.72363],[79.89123,29.71815],[79.89399,29.71221],[79.88941,29.70399],[79.89619,29.70388],[79.90269,29.69768],[79.91456,29.69795],[79.91786,29.69593],[79.92479,29.69881],[79.92726,29.69511],[79.94046,29.68673],[79.94193,29.68218],[79.94375,29.68189],[79.94565,29.6854],[79.94735,29.68505],[79.95641,29.67898],[79.95863,29.67407],[79.95817,29.67235],[79.95795,29.66934],[79.96349,29.66381],[79.959,29.65674],[79.96867,29.64973],[79.97039,29.64254],[79.97224,29.64032],[79.97341,29.63821],[79.98371,29.61668],[79.98484,29.61591],[79.98685,29.61498],[79.98784,29.61445],[79.98923,29.61062],[79.98929,29.6099],[79.99155,29.59733],[79.994,29.59379],[79.99289,29.58849],[79.99697,29.58016],[79.99894,29.56028],[80.00097,29.55893],[80.00316,29.55865],[80.0111,29.55121],[80.01876,29.54984],[80.03012,29.55118],[80.03643,29.54792],[80.05048,29.54486],[80.06688,29.53736],[80.06593,29.53321],[80.06523,29.53224],[80.0662,29.52688],[80.07791,29.52092],[80.08397,29.5218],[80.09404,29.51945],[80.10432,29.52355],[80.10298,29.52803],[80.10852,29.53129],[80.10905,29.53394],[80.1064,29.53606],[80.10574,29.54131],[80.09715,29.54987],[80.09948,29.55626],[80.0978,29.56688],[80.10582,29.579],[80.10309,29.5857],[80.10272,29.59777],[80.10007,29.60216],[80.10308,29.60992],[80.10404,29.61125],[80.10753,29.6164],[80.10827,29.61692],[80.11245,29.6267],[80.1213,29.62594],[80.12158,29.62592],[80.12319,29.6264],[80.12015,29.63426],[80.12806,29.64161],[80.13467,29.64374],[80.13579,29.64744],[80.14014,29.64906],[80.14078,29.65631],[80.14607,29.66179],[80.14843,29.66425],[80.14757,29.6662],[80.12462,29.66807],[80.11877,29.67061],[80.11245,29.6693],[80.09809,29.67163],[80.09218,29.67824],[80.07993,29.67927],[80.06716,29.68551],[80.06532,29.68842],[80.05373,29.69058],[80.04621,29.69972],[80.04207,29.70051],[80.03923,29.70719],[80.04654,29.71554],[80.03696,29.72187],[80.03433,29.72693],[80.03486,29.73125],[80.03107,29.73291],[80.02681,29.73203],[80.02354,29.73434],[80.02318,29.7406],[80.03001,29.74254],[80.02399,29.74399],[80.01976,29.75977],[80.01247,29.76556],[80.00454,29.75971],[79.99842,29.7643]]]},"properties":{"bpcode":1000,"bpname":"Gangolihat","dtcode":62,"dtname":"Pithoragarh","stcode":5,"stname":"Uttarakhand"}},
{"type":"Feature","geometry":{"type":"Polygon","coordinates":[[[79.25866,29.55819],[79.25739,29.5632],[79.25463,29.56363],[79.25639,29.56563],[79.26047,29.56558],[79.26065,29.56917],[79.25937,29.56752],[79.25145,29.56901],[79.2512,29.57658],[79.25416,29.57915],[79.24866,29.57807],[79.24794,29.58358],[79.25414,29.59437],[79.26725,29.59579],[79.26851,29.59731],[79.26065,29.60102],[79.2528,29.59947],[79.25453,29.60149],[79.26373,29.60354],[79.26446,29.61334],[79.25892,29.61873],[79.25824,29.62327],[79.25471,29.62637],[79.25028,29.62497],[79.24834,29.62804],[79.25087,29.63597],[79.25876,29.64509],[79.25456,29.64888],[79.25595,29.65048],[79.25389,29.65576],[79.24927,29.65905],[79.24542,29.65916],[79.24052,29.6649],[79.24109,29.66898],[79.25048,29.67748],[79.25391,29.69097],[79.26061,29.69783],[79.26331,29.70644],[79.26157,29.71606],[79.25623,29.72769],[79.25776,29.73313],[79.25263,29.73477],[79.24803,29.73995],[79.24349,29.75147],[79.23659,29.75495],[79.2362,29.75696],[79.22111,29.75093],[79.21461,29.75067],[79.18987,29.76035],[79.17314,29.76107],[79.16074,29.76517],[79.16054,29.77339],[79.15249,29.7778],[79.13381,29.7815],[79.12863,29.77884],[79.12831,29.78112],[79.12709,29.78153],[79.12195,29.77388],[79.12094,29.77283],[79.11482,29.76985],[79.11313,29.77325],[79.10919,29.77516],[79.11217,29.75852],[79.11132,29.75674],[79.10811,29.7328],[79.11607,29.72597],[79.11572,29.71932],[79.11886,29.72043],[79.12111,29.71778],[79.11979,29.70966],[79.11492,29.70933],[79.11199,29.7063],[79.11253,29.70401],[79.10523,29.69972],[79.10533,29.69762],[79.106,29.69653],[79.10984,29.69112],[79.11201,29.69256],[79.11458,29.69136],[79.11359,29.68445],[79.11622,29.68284],[79.10918,29.67648],[79.10886,29.66501],[79.10535,29.66059],[79.10492,29.66075],[79.10399,29.6612],[79.10125,29.66196],[79.10073,29.6651],[79.10338,29.66749],[79.09826,29.67383],[79.09625,29.67364],[79.09009,29.66363],[79.08902,29.66336],[79.08742,29.6635],[79.08348,29.65495],[79.08447,29.6524],[79.08128,29.65054],[79.07801,29.6393],[79.08077,29.63306],[79.08442,29.63294],[79.08464,29.63273],[79.08536,29.6302],[79.08561,29.62986],[79.09444,29.62759],[79.08232,29.61977],[79.08094,29.61581],[79.07563,29.61686],[79.07153,29.62176],[79.06708,29.62048],[79.06758,29.61707],[79.06225,29.61045],[79.0623,29.60554],[79.05929,29.60372],[79.06318,29.59936],[79.06067,29.58795],[79.05639,29.58646],[79.04267,29.59147],[79.03758,29.58547],[79.03715,29.58463],[79.0371,29.58454],[79.04123,29.58491],[79.05035,29.58091],[79.05778,29.57998],[79.05777,29.58031],[79.05978,29.58195],[79.06365,29.58004],[79.07192,29.57984],[79.07688,29.58223],[79.08296,29.57829],[79.08339,29.57829],[79.09062,29.57295],[79.0905,29.56816],[79.09533,29.56582],[79.09736,29.56396],[79.10391,29.56021],[79.10491,29.55987],[79.10571,29.55971],[79.10765,29.55948],[79.11137,29.5549],[79.1093,29.5534],[79.10829,29.54711],[79.10802,29.54603],[79.10859,29.5441],[79.11849,29.5484],[79.12577,29.54926],[79.12621,29.54904],[79.13283,29.5484],[79.13801,29.55269],[79.14076,29.55265],[79.14545,29.54466],[79.14372,29.54178],[79.14607,29.54015],[79.16786,29.53463],[79.17865,29.53461],[79.1975,29.52369],[79.20305,29.52279],[79.21349,29.5255],[79.21769,29.52158],[79.22306,29.5221],[79.22721,29.52565],[79.23313,29.53139],[79.23307,29.53752],[79.24057,29.53638],[79.2454,29.54218],[79.24686,29.54907],[79.25009,29.5498],[79.25866,29.55819]]]},"properties":{"bpcode":942,"bpname":"Salt","dtcode":64,"dtname":"Almora","stcode":5,"stname":"Uttarakhand"}},
{"type":"Feature","geometry":{"type":"Polygon","coordinates":[[[77.94554,29.71306],[77.95302,29.70735],[77.94957,29.70413],[77.95098,29.70159],[77.93989,29.69608],[77.95093,29.68736],[77.94762,29.68207],[77.96996,29.66643],[77.96955,29.65623],[77.96645,29.65014],[77.97945,29.64266],[77.98377,29.64472],[77.97739,29.63125],[77.97597,29.61738],[77.97769,29.61345],[77.96021,29.61165],[77.94842,29.61691],[77.94277,29.60865],[77.9333,29.60051],[77.94034,29.59271],[77.95848,29.58526],[77.96159,29.58205],[77.97311,29.58031],[77.97493,29.58502],[77.98645,29.58438],[77.99353,29.59122],[77.99516,29.5958],[77.99617,29.59146],[78.0008,29.58621],[78.0216,29.58085],[78.01524,29.58725],[78.01828,29.5982],[78.03307,29.61161],[78.03432,29.61038],[78.04649,29.61608],[78.04885,29.61461],[78.05711,29.62669],[78.05747,29.63069],[78.06855,29.63042],[78.08603,29.62484],[78.08146,29.63514],[78.0934,29.64045],[78.10403,29.64123],[78.11107,29.64543],[78.10937,29.64714],[78.10317,29.65198],[78.09762,29.65812],[78.10378,29.66039],[78.09938,29.66661],[78.08733,29.66637],[78.08251,29.66278],[78.06057,29.67305],[78.05756,29.67996],[78.04411,29.69102],[78.03851,29.70357],[78.03233,29.70248],[78.02911,29.70524],[78.02725,29.71091],[78.02191,29.70724],[78.01303,29.70968],[78.01033,29.7073],[77.99564,29.71765],[77.99237,29.72114],[77.99578,29.72532],[77.9914,29.7287],[77.98463,29.72984],[77.98331,29.73566],[77.9713,29.74099],[77.96883,29.74046],[77.95885,29.7463],[77.95763,29.74351],[77.95277,29.73732],[77.95457,29.73416],[77.94743,29.72886],[77.94554,29.71306]]]},"properties":{"bpcode":970,"bpname":"Khanpur","dtcode":68,"dtname":"Haridwar","stcode":5,"stname":"Uttarakhand"}},
{"type":"Feature","geometry":{"type":"Polygon","coordinates":[[[79.55659,29.71076],[79.55495,29.7084],[79.55335,29.70573],[79.55241,29.70282],[79.54974,29.70025],[79.54117,29.69823],[79.53745,29.68474],[79.52938,29.67726],[79.53127,29.67372],[79.53768,29.67073],[79.5384,29.66787],[79.54211,29.667],[79.54434,29.66095],[79.55432,29.66296],[79.56547,29.66],[79.55737,29.65779],[79.55707,29.64764],[79.56229,29.64555],[79.54796,29.64549],[79.54492,29.64837],[79.53995,29.64882],[79.53464,29.64049],[79.52611,29.63847],[79.52305,29.63175],[79.52643,29.63255],[79.52328,29.62426],[79.52469,29.62094],[79.52267,29.61465],[79.52431,29.61391],[79.52854,29.61106],[79.53803,29.59766],[79.54567,29.59327],[79.54249,29.58564],[79.55247,29.57676],[79.54875,29.5732],[79.54929,29.56775],[79.54256,29.55093],[79.55126,29.55071],[79.55048,29.54047],[79.56463,29.53993],[79.56531,29.53981],[79.57409,29.54008],[79.57708,29.54316],[79.58405,29.54505],[79.58972,29.55022],[79.59767,29.55023],[79.61269,29.55689],[79.62643,29.55399],[79.63139,29.54846],[79.6335,29.54193],[79.64776,29.54773],[79.64961,29.54836],[79.64981,29.56033],[79.65393,29.5737],[79.67444,29.59119],[79.69275,29.59563],[79.70396,29.59302],[79.70932,29.597],[79.72714,29.59931],[79.73012,29.60154],[79.72668,29.60873],[79.71563,29.61669],[79.70843,29.62642],[79.6949,29.63266],[79.68886,29.64655],[79.69141,29.65054],[79.70743,29.66042],[79.70756,29.66261],[79.7025,29.67013],[79.69792,29.67258],[79.69204,29.67233],[79.66916,29.68631],[79.66597,29.69007],[79.66491,29.70208],[79.66777,29.71066],[79.66589,29.7154],[79.65249,29.71352],[79.63811,29.7203],[79.62633,29.719],[79.60656,29.70911],[79.59013,29.7038],[79.57028,29.71205],[79.56799,29.71295],[79.55736,29.71099],[79.55659,29.71076]]]},"properties":{"bpcode":940,"bpname":"Hawalbag","dtcode":64,"dtname":"Almora","stcode":5,"stname":"Uttarakhand"}},
{"type":"Feature","geometry":{"type":"Polygon","coordinates":[[[79.52431,29.61391],[79.51863,29.60868],[79.50458,29.61309],[79.50163,29.61529],[79.47916,29.63638],[79.47221,29.64757],[79.46593,29.66514],[79.46822,29.67119],[79.47344,29.6752],[79.49313,29.6832],[79.49722,29.69669],[79.49624,29.71622],[79.49284,29.71828],[79.48774,29.71667],[79.4839,29.70922],[79.47576,29.70253],[79.47481,29.7016],[79.474,29.69761],[79.46571,29.69669],[79.46158,29.69303],[79.4564,29.69094],[79.45166,29.69141],[79.44397,29.68856],[79.44345,29.69029],[79.44055,29.6892],[79.43809,29.69114],[79.43581,29.68938],[79.42517,29.69443],[79.41883,29.69404],[79.41459,29.69814],[79.41015,29.69713],[79.40914,29.69702],[79.39871,29.69201],[79.39361,29.69232],[79.38882,29.68913],[79.38323,29.68984],[79.37317,29.68186],[79.37104,29.69203],[79.36544,29.69654],[79.36057,29.70912],[79.35725,29.71007],[79.34954,29.7065],[79.34329,29.70708],[79.34127,29.70279],[79.33441,29.70108],[79.33071,29.70452],[79.32458,29.70338],[79.31759,29.70669],[79.31227,29.70268],[79.30482,29.70281],[79.30259,29.69842],[79.29726,29.69946],[79.29268,29.69611],[79.27838,29.69432],[79.27781,29.68868],[79.28304,29.68108],[79.2917,29.67716],[79.30102,29.66988],[79.30298,29.66547],[79.31328,29.66016],[79.31736,29.65068],[79.31679,29.64292],[79.32112,29.63556],[79.3525,29.61578],[79.35217,29.61047],[79.3369,29.61074],[79.3406,29.6069],[79.34209,29.60652],[79.34855,29.60666],[79.35374,29.59989],[79.34892,29.59533],[79.34969,29.59461],[79.35856,29.598],[79.36724,29.59086],[79.37896,29.58873],[79.38045,29.58801],[79.38572,29.58234],[79.38758,29.57656],[79.3892,29.57489],[79.39193,29.5754],[79.39758,29.5684],[79.3991,29.56378],[79.4032,29.56395],[79.40376,29.56187],[79.40936,29.56235],[79.41188,29.55709],[79.41464,29.55664],[79.41482,29.55659],[79.41642,29.55522],[79.41744,29.55436],[79.41824,29.55436],[79.43154,29.54467],[79.43445,29.53945],[79.43893,29.53846],[79.44166,29.53322],[79.4441,29.5233],[79.4507,29.51668],[79.45298,29.51674],[79.45464,29.51705],[79.46039,29.51734],[79.46479,29.51467],[79.46695,29.51019],[79.47319,29.51078],[79.47542,29.50937],[79.48027,29.50434],[79.48191,29.49665],[79.4942,29.50288],[79.50007,29.49688],[79.5024,29.49726],[79.50435,29.50171],[79.51081,29.50544],[79.51963,29.51657],[79.52452,29.52806],[79.52739,29.54909],[79.5349,29.54551],[79.54256,29.55093],[79.54929,29.56775],[79.54875,29.5732],[79.55247,29.57676],[79.54249,29.58564],[79.54567,29.59327],[79.53803,29.59766],[79.52854,29.61106],[79.52431,29.61391]]]},"properties":{"bpcode":945,"bpname":"Tarikhet","dtcode":64,"dtname":"Almora","stcode":5,"stname":"Uttarakhand"}},
{"type":"Feature","geometry":{"type":"Polygon","coordinates":[[[79.84676,29.6548],[79.87147,29.65183],[79.87338,29.65165],[79.89118,29.65395],[79.89858,29.66359],[79.90294,29.66216],[79.90578,29.66483],[79.91043,29.66345],[79.91029,29.66024],[79.91284,29.65767],[79.91669,29.66071],[79.91985,29.65711],[79.9216,29.66048],[79.9241,29.65656],[79.93417,29.65604],[79.93526,29.64956],[79.94127,29.64292],[79.94176,29.63697],[79.94459,29.63921],[79.94757,29.63582],[79.94904,29.64223],[79.95544,29.64272],[79.96051,29.64061],[79.96556,29.64082],[79.96718,29.64341],[79.97039,29.64254],[79.96867,29.64973],[79.959,29.65674],[79.96349,29.66381],[79.95795,29.66934],[79.95817,29.67235],[79.95863,29.67407],[79.95641,29.67898],[79.94735,29.68505],[79.94565,29.6854],[79.94375,29.68189],[79.94193,29.68218],[79.94046,29.68673],[79.92726,29.69511],[79.92479,29.69881],[79.91786,29.69593],[79.91456,29.69795],[79.90269,29.69768],[79.89619,29.70388],[79.88941,29.70399],[79.89399,29.71221],[79.87404,29.71521],[79.86759,29.71419],[79.86477,29.71088],[79.86152,29.71455],[79.84031,29.71716],[79.8335,29.71028],[79.82849,29.70978],[79.8237,29.71301],[79.82252,29.71055],[79.82078,29.71268],[79.81936,29.71091],[79.81685,29.7139],[79.81468,29.71156],[79.80699,29.71228],[79.80458,29.71598],[79.7939,29.70701],[79.7803,29.71151],[79.77287,29.70605],[79.76739,29.70531],[79.76007,29.70131],[79.75937,29.69849],[79.75729,29.69767],[79.74618,29.69435],[79.73645,29.68348],[79.72675,29.67972],[79.71712,29.66986],[79.71059,29.66597],[79.71021,29.66295],[79.70756,29.66261],[79.70743,29.66042],[79.69141,29.65054],[79.68886,29.64655],[79.6949,29.63266],[79.70843,29.62642],[79.71563,29.61669],[79.72668,29.60873],[79.73012,29.60154],[79.74074,29.59734],[79.74593,29.58959],[79.7587,29.592],[79.76131,29.5938],[79.76694,29.59136],[79.76982,29.59402],[79.77225,29.59092],[79.77436,29.59103],[79.77746,29.59324],[79.77547,29.59822],[79.76861,29.6043],[79.76846,29.60796],[79.77436,29.6116],[79.7737,29.61503],[79.76971,29.61846],[79.7773,29.62454],[79.78282,29.63657],[79.79779,29.64187],[79.8054,29.63981],[79.81149,29.64174],[79.82126,29.64054],[79.8311,29.64422],[79.83408,29.64853],[79.84391,29.65512],[79.84676,29.6548]]]},"properties":{"bpcode":935,"bpname":"Bhisiyachana","dtcode":64,"dtname":"Almora","stcode":5,"stname":"Uttarakhand"}},
{"type":"Feature","geometry":{"type":"Polygon","coordinates":[[[79.84676,29.6548],[79.84391,29.65512],[79.83408,29.64853],[79.8311,29.64422],[79.82126,29.64054],[79.81149,29.64174],[79.8054,29.63981],[79.79779,29.64187],[79.78282,29.63657],[79.7773,29.62454],[79.76971,29.61846],[79.7737,29.61503],[79.77436,29.6116],[79.76846,29.60796],[79.76861,29.6043],[79.77547,29.59822],[79.77746,29.59324],[79.77436,29.59103],[79.77225,29.59092],[79.76982,29.59402],[79.76694,29.59136],[79.76131,29.5938],[79.7587,29.592],[79.76804,29.57817],[79.76968,29.56847],[79.77317,29.56663],[79.77976,29.56837],[79.78278,29.56737],[79.79973,29.55308],[79.81063,29.54998],[79.81794,29.53572],[79.85259,29.52225],[79.87465,29.5204],[79.88493,29.51597],[79.89951,29.50509],[79.90529,29.49566],[79.90752,29.49326],[79.90601,29.48893],[79.90972,29.48983],[79.91084,29.48666],[79.91523,29.48773],[79.91379,29.48322],[79.91725,29.48287],[79.91876,29.47458],[79.92622,29.47236],[79.93101,29.47648],[79.93444,29.47631],[79.93505,29.47926],[79.93769,29.47621],[79.94466,29.47882],[79.94586,29.47695],[79.94721,29.49994],[79.95378,29.49894],[79.96101,29.49435],[79.95159,29.47826],[79.95344,29.47479],[79.95527,29.47593],[79.95688,29.47408],[79.96058,29.4774],[79.96591,29.47591],[79.96851,29.47824],[79.97229,29.4774],[79.97649,29.48206],[79.97652,29.48519],[79.98158,29.48527],[79.98263,29.48496],[79.98362,29.48478],[79.98618,29.48505],[79.98942,29.48925],[79.99238,29.48619],[79.99505,29.48772],[80.0007,29.4852],[80.0032,29.48977],[80.00525,29.48974],[80.00631,29.48957],[80.01263,29.49276],[80.01956,29.49316],[80.02346,29.49852],[80.02979,29.49977],[80.03079,29.50822],[80.04486,29.5095],[80.04544,29.50972],[80.06361,29.51561],[80.06507,29.51611],[80.07791,29.52092],[80.0662,29.52688],[80.06523,29.53224],[80.06593,29.53321],[80.06688,29.53736],[80.05048,29.54486],[80.03643,29.54792],[80.03012,29.55118],[80.01876,29.54984],[80.0111,29.55121],[80.00316,29.55865],[80.00097,29.55893],[79.99894,29.56028],[79.99697,29.58016],[79.99289,29.58849],[79.994,29.59379],[79.99155,29.59733],[79.98929,29.6099],[79.98923,29.61062],[79.98784,29.61445],[79.98685,29.61498],[79.98484,29.61591],[79.98371,29.61668],[79.97341,29.63821],[79.97224,29.64032],[79.97039,29.64254],[79.96718,29.64341],[79.96556,29.64082],[79.96051,29.64061],[79.95544,29.64272],[79.94904,29.64223],[79.94757,29.63582],[79.94459,29.63921],[79.94176,29.63697],[79.94127,29.64292],[79.93526,29.64956],[79.93417,29.65604],[79.9241,29.65656],[79.9216,29.66048],[79.91985,29.65711],[79.91669,29.66071],[79.91284,29.65767],[79.91029,29.66024],[79.91043,29.66345],[79.90578,29.66483],[79.90294,29.66216],[79.89858,29.66359],[79.89118,29.65395],[79.87338,29.65165],[79.87147,29.65183],[79.84676,29.6548]]]},"properties":{"bpcode":938,"bpname":"Dhauladevi","dtcode":64,"dtname":"Almora","stcode":5,"stname":"Uttarakhand"}},
{"type":"Feature","geometry":{"type":"Polygon","coordinates":[[[80.10432,29.52355],[80.10703,29.5222],[80.10811,29.52111],[80.10984,29.51778],[80.11202,29.51505],[80.1239,29.50982],[80.12982,29.50429],[80.13007,29.50323],[80.12542,29.49547],[80.13261,29.48898],[80.13984,29.48738],[80.14073,29.4858],[80.14753,29.48019],[80.14988,29.47122],[80.15996,29.47477],[80.1627,29.47377],[80.16266,29.4719],[80.16168,29.47081],[80.16692,29.46486],[80.18145,29.46478],[80.18205,29.46689],[80.18327,29.46999],[80.18781,29.47912],[80.18574,29.49056],[80.18708,29.49243],[80.1963,29.49952],[80.20606,29.50373],[80.21589,29.5145],[80.21883,29.53422],[80.21448,29.54106],[80.21147,29.55203],[80.21175,29.55782],[80.21612,29.56399],[80.23387,29.56156],[80.23936,29.56241],[80.24757,29.56444],[80.25899,29.57325],[80.26499,29.57198],[80.26701,29.56767],[80.27537,29.56307],[80.28959,29.56612],[80.28871,29.57159],[80.28145,29.58285],[80.28416,29.58754],[80.28523,29.59649],[80.2785,29.60602],[80.26092,29.61127],[80.24245,29.60856],[80.22121,29.6083],[80.2264,29.61706],[80.22623,29.62132],[80.23018,29.63],[80.22718,29.64626],[80.2281,29.64896],[80.22964,29.65936],[80.22594,29.66352],[80.22502,29.66377],[80.21642,29.66828],[80.22001,29.66424],[80.21439,29.66289],[80.21393,29.66258],[80.21021,29.66413],[80.20877,29.66735],[80.20816,29.66904],[80.19414,29.6689],[80.19266,29.66554],[80.19264,29.66337],[80.19056,29.6621],[80.1898,29.66221],[80.18338,29.66114],[80.18235,29.66099],[80.17174,29.65616],[80.16695,29.65692],[80.16651,29.65494],[80.16575,29.65428],[80.16401,29.65487],[80.16322,29.65465],[80.1611,29.65421],[80.16045,29.65451],[80.16049,29.65534],[80.16092,29.65577],[80.16133,29.6575],[80.16008,29.6573],[80.15889,29.65711],[80.15802,29.65697],[80.14922,29.65505],[80.14865,29.65506],[80.14607,29.66179],[80.14078,29.65631],[80.14014,29.64906],[80.13579,29.64744],[80.13467,29.64374],[80.12806,29.64161],[80.12015,29.63426],[80.12319,29.6264],[80.12158,29.62592],[80.1213,29.62594],[80.11245,29.6267],[80.10827,29.61692],[80.10753,29.6164],[80.10404,29.61125],[80.10308,29.60992],[80.10007,29.60216],[80.10272,29.59777],[80.10309,29.5857],[80.10582,29.579],[80.0978,29.56688],[80.09948,29.55626],[80.09715,29.54987],[80.10574,29.54131],[80.1064,29.53606],[80.10905,29.53394],[80.10852,29.53129],[80.10298,29.52803],[80.10432,29.52355]]]},"properties":{"bpcode":1004,"bpname":"Pithoragarh(Bin)","dtcode":62,"dtname":"Pithoragarh","stcode":5,"stname":"Uttarakhand"}},
{"type":"Feature","geometry":{"type":"Polygon","coordinates":[[[80.40933,29.61964],[80.40395,29.62059],[80.39816,29.62443],[80.37738,29.62013],[80.36991,29.62187],[80.36915,29.62717],[80.37355,29.63347],[80.36434,29.64348],[80.35967,29.65503],[80.34866,29.65521],[80.33008,29.65899],[80.31984,29.64771],[80.31488,29.64682],[80.31229,29.65054],[80.30114,29.64438],[80.28756,29.64842],[80.27597,29.65522],[80.26981,29.65597],[80.24862,29.66711],[80.24333,29.66611],[80.23845,29.65758],[80.23601,29.66042],[80.23054,29.65756],[80.22964,29.65936],[80.2281,29.64896],[80.22718,29.64626],[80.23018,29.63],[80.22623,29.62132],[80.2264,29.61706],[80.22121,29.6083],[80.24245,29.60856],[80.26092,29.61127],[80.2785,29.60602],[80.28523,29.59649],[80.28416,29.58754],[80.28145,29.58285],[80.28871,29.57159],[80.28959,29.56612],[80.27537,29.56307],[80.26701,29.56767],[80.26499,29.57198],[80.25899,29.57325],[80.24757,29.56444],[80.23936,29.56241],[80.23387,29.56156],[80.21612,29.56399],[80.21175,29.55782],[80.21147,29.55203],[80.21448,29.54106],[80.21883,29.53422],[80.21589,29.5145],[80.20606,29.50373],[80.1963,29.49952],[80.18708,29.49243],[80.18574,29.49056],[80.18781,29.47912],[80.18327,29.46999],[80.18205,29.46689],[80.18145,29.46478],[80.18258,29.45885],[80.18271,29.45845],[80.18394,29.4575],[80.1958,29.4591],[80.20503,29.45183],[80.21106,29.45322],[80.21943,29.45228],[80.24291,29.44359],[80.2449,29.44783],[80.25276,29.44701],[80.25587,29.45007],[80.26388,29.44781],[80.27213,29.44855],[80.27301,29.4509],[80.26781,29.45427],[80.2752,29.45698],[80.28061,29.4554],[80.27887,29.44979],[80.28576,29.4493],[80.29316,29.45217],[80.29608,29.44988],[80.30042,29.45038],[80.29936,29.45522],[80.29201,29.46285],[80.28544,29.47523],[80.2928,29.47766],[80.29721,29.48809],[80.29977,29.48802],[80.30382,29.48354],[80.31254,29.48278],[80.31389,29.48763],[80.31197,29.49438],[80.31514,29.50008],[80.32914,29.50558],[80.33276,29.51156],[80.34065,29.5104],[80.34393,29.51274],[80.34812,29.51839],[80.34917,29.52377],[80.354,29.52599],[80.35776,29.53138],[80.34886,29.54108],[80.34164,29.54108],[80.34521,29.54767],[80.34482,29.55213],[80.34973,29.55477],[80.36066,29.55601],[80.36441,29.5637],[80.3794,29.56113],[80.38073,29.57137],[80.39034,29.57312],[80.39254,29.58136],[80.4046,29.59003],[80.40862,29.59599],[80.40946,29.60678],[80.40595,29.61263],[80.40933,29.61964]]]},"properties":{"bpcode":1002,"bpname":"Munakot","dtcode":62,"dtname":"Pithoragarh","stcode":5,"stname":"Uttarakhand"}},
{"type":"Feature","geometry":{"type":"Polygon","coordinates":[[[79.4578,29.40228],[79.46885,29.40492],[79.48196,29.40296],[79.49197,29.39972],[79.50343,29.38804],[79.50794,29.38669],[79.51339,29.38985],[79.52384,29.39588],[79.52505,29.40401],[79.52972,29.4068],[79.53408,29.41298],[79.53536,29.42036],[79.53213,29.42729],[79.5218,29.43972],[79.52218,29.44604],[79.51924,29.45184],[79.51924,29.45554],[79.52783,29.45787],[79.52987,29.46405],[79.53813,29.47356],[79.53114,29.48702],[79.53062,29.50194],[79.52254,29.51457],[79.51963,29.51657],[79.51081,29.50544],[79.50435,29.50171],[79.5024,29.49726],[79.50007,29.49688],[79.4942,29.50288],[79.48191,29.49665],[79.48027,29.50434],[79.47542,29.50937],[79.47319,29.51078],[79.46695,29.51019],[79.46479,29.51467],[79.46039,29.51734],[79.45464,29.51705],[79.45298,29.51674],[79.4507,29.51668],[79.4441,29.5233],[79.44166,29.53322],[79.43893,29.53846],[79.43445,29.53945],[79.43154,29.54467],[79.41824,29.55436],[79.41744,29.55436],[79.41642,29.55522],[79.41482,29.55659],[79.41464,29.55664],[79.41188,29.55709],[79.40936,29.56235],[79.40376,29.56187],[79.4032,29.56395],[79.3991,29.56378],[79.39758,29.5684],[79.39193,29.5754],[79.3892,29.57489],[79.38758,29.57656],[79.38572,29.58234],[79.38045,29.58801],[79.37896,29.58873],[79.36724,29.59086],[79.35856,29.598],[79.34969,29.59461],[79.34892,29.59533],[79.35374,29.59989],[79.34855,29.60666],[79.34209,29.60652],[79.3406,29.6069],[79.3369,29.61074],[79.33216,29.61186],[79.32273,29.60381],[79.30783,29.60117],[79.29967,29.59052],[79.29322,29.5891],[79.28714,29.59007],[79.28664,29.57827],[79.27486,29.57379],[79.25866,29.55819],[79.25009,29.5498],[79.24686,29.54907],[79.2454,29.54218],[79.24057,29.53638],[79.23307,29.53752],[79.23313,29.53139],[79.22721,29.52565],[79.23806,29.52449],[79.24214,29.52207],[79.25295,29.50616],[79.26226,29.50012],[79.28278,29.501],[79.2911,29.50494],[79.29235,29.5033],[79.30093,29.50459],[79.31364,29.50356],[79.31597,29.50526],[79.32042,29.5058],[79.33466,29.49593],[79.33948,29.49661],[79.34961,29.48603],[79.36893,29.48951],[79.37794,29.48226],[79.38016,29.47766],[79.39728,29.46567],[79.42052,29.45631],[79.42267,29.4501],[79.42086,29.43786],[79.42435,29.425],[79.4322,29.41643],[79.4328,29.41018],[79.44151,29.40807],[79.44412,29.40355],[79.44775,29.40228],[79.45217,29.40014],[79.4578,29.40228]]]},"properties":{"bpcode":974,"bpname":"Betalghat","dtcode":66,"dtname":"Nainital","stcode":5,"stname":"Uttarakhand"}},
{"type":"Feature","geometry":{"type":"Polygon","coordinates":[[[79.67269,29.53004],[79.67657,29.52862],[79.6798,29.52728],[79.68242,29.52357],[79.68152,29.52181],[79.68367,29.52159],[79.68099,29.51663],[79.6816,29.51472],[79.6812,29.50745],[79.68363,29.50633],[79.67937,29.49997],[79.68097,29.49197],[79.69187,29.472],[79.69175,29.47022],[79.69593,29.46986],[79.69875,29.46915],[79.70138,29.46786],[79.71001,29.45963],[79.71479,29.46228],[79.71594,29.45827],[79.72411,29.45758],[79.73381,29.46141],[79.72674,29.44673],[79.73501,29.43284],[79.73704,29.43136],[79.73842,29.43369],[79.74169,29.42983],[79.74564,29.43053],[79.74996,29.43427],[79.75776,29.43304],[79.75926,29.43499],[79.7639,29.43339],[79.76719,29.43721],[79.76792,29.44759],[79.77811,29.45135],[79.7808,29.44904],[79.78769,29.44891],[79.79156,29.44271],[79.7984,29.43723],[79.81039,29.43865],[79.81578,29.43511],[79.82322,29.43286],[79.82528,29.42657],[79.82859,29.4255],[79.84082,29.42719],[79.8486,29.43207],[79.85026,29.43616],[79.8461,29.44456],[79.84874,29.4441],[79.85088,29.45275],[79.8527,29.4515],[79.85675,29.456],[79.85711,29.45047],[79.86059,29.44792],[79.86734,29.45449],[79.86613,29.45665],[79.87001,29.45943],[79.87173,29.46517],[79.87508,29.46807],[79.87543,29.46928],[79.87651,29.47299],[79.88429,29.47865],[79.88683,29.48357],[79.89104,29.48252],[79.89426,29.48603],[79.89737,29.4845],[79.90601,29.48893],[79.90752,29.49326],[79.90529,29.49566],[79.89951,29.50509],[79.88493,29.51597],[79.87465,29.5204],[79.85259,29.52225],[79.81794,29.53572],[79.81063,29.54998],[79.79973,29.55308],[79.78278,29.56737],[79.77976,29.56837],[79.77317,29.56663],[79.76968,29.56847],[79.76804,29.57817],[79.7587,29.592],[79.74593,29.58959],[79.74074,29.59734],[79.73012,29.60154],[79.72714,29.59931],[79.70932,29.597],[79.70396,29.59302],[79.69275,29.59563],[79.67444,29.59119],[79.65393,29.5737],[79.64981,29.56033],[79.64961,29.54836],[79.64776,29.54773],[79.6565,29.54174],[79.6654,29.54124],[79.66508,29.53424],[79.67278,29.53207],[79.67131,29.53095],[79.67269,29.53004]]]},"properties":{"bpcode":941,"bpname":"Lamgara","dtcode":64,"dtname":"Almora","stcode":5,"stname":"Uttarakhand"}},
{"type":"Feature","geometry":{"type":"Polygon","coordinates":[[[79.10859,29.5441],[79.10802,29.54603],[79.10829,29.54711],[79.1093,29.5534],[79.11137,29.5549],[79.10765,29.55948],[79.10571,29.55971],[79.10491,29.55987],[79.10391,29.56021],[79.09736,29.56396],[79.09533,29.56582],[79.0905,29.56816],[79.09062,29.57295],[79.08339,29.57829],[79.08296,29.57829],[79.07688,29.58223],[79.07192,29.57984],[79.06365,29.58004],[79.05978,29.58195],[79.05777,29.58031],[79.05778,29.57998],[79.05035,29.58091],[79.04123,29.58491],[79.0371,29.58454],[79.03617,29.58466],[79.03464,29.58514],[79.02647,29.58923],[79.02177,29.58362],[79.00898,29.58605],[79.00927,29.58183],[79.00811,29.57152],[78.99845,29.56234],[78.99995,29.55943],[79.00639,29.55639],[79.00613,29.55444],[79.00216,29.55162],[78.99301,29.55269],[78.9693,29.53664],[78.96665,29.52776],[78.97085,29.52236],[78.96906,29.52001],[78.96352,29.52095],[78.96253,29.51905],[78.96314,29.5051],[78.96239,29.49969],[78.95968,29.49688],[78.96304,29.49325],[78.95035,29.46412],[78.94979,29.46157],[78.95233,29.45856],[78.94734,29.45883],[78.94271,29.45216],[78.93814,29.44851],[78.93546,29.44907],[78.93346,29.44527],[78.92313,29.44222],[78.92101,29.43427],[78.92534,29.43383],[78.94167,29.43868],[78.94024,29.43526],[78.94312,29.43469],[78.93831,29.43401],[78.92571,29.42595],[78.91875,29.40988],[78.91838,29.40351],[78.91256,29.40117],[78.91221,29.39422],[78.90507,29.38951],[78.90219,29.38495],[78.8925,29.38125],[78.88734,29.37305],[78.87774,29.37497],[78.87595,29.37105],[78.87977,29.36755],[78.8717,29.36221],[78.86032,29.3582],[78.85193,29.36033],[78.85113,29.35552],[78.85598,29.34972],[78.86477,29.34949],[78.86968,29.34505],[78.87575,29.34677],[78.87911,29.35164],[78.88622,29.34182],[78.89286,29.34554],[78.9146,29.34337],[78.91559,29.34287],[78.92786,29.34098],[78.93036,29.33556],[78.94817,29.3291],[78.95819,29.32118],[78.95639,29.31792],[78.97379,29.31693],[78.98587,29.31651],[78.98904,29.31962],[78.98814,29.32113],[78.99293,29.32352],[78.99948,29.31844],[79.00859,29.32516],[79.01445,29.32262],[79.01866,29.32541],[79.02228,29.32254],[79.02675,29.31817],[79.0285,29.31316],[79.02295,29.30855],[79.02954,29.30539],[79.01239,29.29001],[79.02225,29.2821],[79.02251,29.2755],[79.03,29.26521],[79.03564,29.26349],[79.03605,29.26348],[79.04049,29.26396],[79.03909,29.26271],[79.04181,29.25931],[79.04177,29.25417],[79.04946,29.26166],[79.05522,29.26191],[79.06142,29.26937],[79.06235,29.26965],[79.0628,29.2698],[79.06439,29.2715],[79.06906,29.26992],[79.07593,29.27791],[79.09037,29.27499],[79.09165,29.26815],[79.09594,29.26301],[79.09341,29.2594],[79.10795,29.25519],[79.11938,29.26838],[79.12204,29.27042],[79.13586,29.27498],[79.14829,29.27129],[79.16833,29.26185],[79.23157,29.24571],[79.23534,29.24496],[79.2764,29.23961],[79.27597,29.24283],[79.28097,29.25254],[79.28455,29.25514],[79.28349,29.26065],[79.28635,29.27132],[79.28468,29.27331],[79.27905,29.26998],[79.2679,29.27502],[79.26607,29.28025],[79.27467,29.29599],[79.25976,29.30012],[79.25167,29.30929],[79.22687,29.31288],[79.2222,29.31522],[79.21716,29.32223],[79.22399,29.33337],[79.23757,29.34534],[79.24156,29.3643],[79.23943,29.36558],[79.22281,29.35804],[79.20048,29.35963],[79.19898,29.35948],[79.19492,29.36508],[79.19404,29.37204],[79.19781,29.37519],[79.21246,29.37934],[79.20933,29.38829],[79.21373,29.39436],[79.22088,29.39426],[79.22195,29.39675],[79.21885,29.40266],[79.22209,29.40675],[79.22729,29.40816],[79.2437,29.40238],[79.24567,29.40384],[79.25683,29.40338],[79.26234,29.41169],[79.26268,29.41726],[79.26444,29.41928],[79.27323,29.43054],[79.27042,29.43923],[79.26792,29.44001],[79.27852,29.44493],[79.27517,29.44813],[79.27502,29.44926],[79.27025,29.46317],[79.2615,29.46311],[79.25592,29.4662],[79.25269,29.47082],[79.24965,29.47114],[79.24403,29.46795],[79.2422,29.46591],[79.2409,29.46352],[79.23852,29.45848],[79.23221,29.45377],[79.21984,29.45071],[79.20976,29.45225],[79.19614,29.46324],[79.17298,29.47486],[79.16202,29.47371],[79.1542,29.46669],[79.15426,29.47216],[79.14929,29.4835],[79.14169,29.48851],[79.14253,29.4931],[79.13644,29.4993],[79.13528,29.50003],[79.11736,29.51273],[79.11037,29.52075],[79.11259,29.52384],[79.11354,29.53275],[79.10859,29.5441]]]},"properties":{"bpcode":981,"bpname":"Ramnagar","dtcode":66,"dtname":"Nainital","stcode":5,"stname":"Uttarakhand"}},
{"type":"Feature","geometry":{"type":"Polygon","coordinates":[[[79.69593,29.46986],[79.69175,29.47022],[79.69187,29.472],[79.68097,29.49197],[79.67937,29.49997],[79.68363,29.50633],[79.6812,29.50745],[79.6816,29.51472],[79.68099,29.51663],[79.68367,29.52159],[79.68152,29.52181],[79.68242,29.52357],[79.6798,29.52728],[79.67657,29.52862],[79.67269,29.53004],[79.67131,29.53095],[79.67278,29.53207],[79.66508,29.53424],[79.6654,29.54124],[79.6565,29.54174],[79.64776,29.54773],[79.6335,29.54193],[79.63139,29.54846],[79.62643,29.55399],[79.61269,29.55689],[79.59767,29.55023],[79.58972,29.55022],[79.58405,29.54505],[79.57708,29.54316],[79.57409,29.54008],[79.56531,29.53981],[79.56463,29.53993],[79.55048,29.54047],[79.55126,29.55071],[79.54256,29.55093],[79.5349,29.54551],[79.52739,29.54909],[79.52452,29.52806],[79.51963,29.51657],[79.52254,29.51457],[79.53062,29.50194],[79.53114,29.48702],[79.53813,29.47356],[79.52987,29.46405],[79.52783,29.45787],[79.51924,29.45554],[79.51924,29.45184],[79.52218,29.44604],[79.5218,29.43972],[79.53213,29.42729],[79.53536,29.42036],[79.53408,29.41298],[79.52972,29.4068],[79.52505,29.40401],[79.52384,29.39588],[79.51339,29.38985],[79.52035,29.38292],[79.52955,29.38572],[79.54423,29.38082],[79.55705,29.38059],[79.56332,29.37751],[79.56766,29.37546],[79.57642,29.37127],[79.57864,29.37682],[79.58361,29.379],[79.58595,29.38067],[79.58535,29.38341],[79.57737,29.39059],[79.57362,29.40166],[79.58528,29.40508],[79.58857,29.41225],[79.5934,29.41634],[79.6106,29.42082],[79.61499,29.42439],[79.61526,29.42794],[79.61982,29.4492],[79.62579,29.45329],[79.63357,29.45464],[79.63848,29.44984],[79.64141,29.44156],[79.65415,29.43934],[79.66709,29.42973],[79.67634,29.4197],[79.68529,29.42033],[79.68841,29.42466],[79.68854,29.4347],[79.68384,29.44205],[79.68092,29.44091],[79.67918,29.45161],[79.68644,29.46232],[79.69716,29.46781],[79.69687,29.46874],[79.69593,29.46986]]]},"properties":{"bpcode":980,"bpname":"Ramgarh","dtcode":66,"dtname":"Nainital","stcode":5,"stname":"Uttarakhand"}},
{"type":"Feature","geometry":{"type":"Polygon","coordinates":[[[79.44412,29.40355],[79.44151,29.40807],[79.4328,29.41018],[79.4322,29.41643],[79.42435,29.425],[79.42086,29.43786],[79.42267,29.4501],[79.42052,29.45631],[79.39728,29.46567],[79.38016,29.47766],[79.37794,29.48226],[79.36893,29.48951],[79.34961,29.48603],[79.33948,29.49661],[79.33466,29.49593],[79.32042,29.5058],[79.31597,29.50526],[79.31364,29.50356],[79.30093,29.50459],[79.29235,29.5033],[79.2911,29.50494],[79.28278,29.501],[79.26226,29.50012],[79.25295,29.50616],[79.24214,29.52207],[79.23806,29.52449],[79.22721,29.52565],[79.22306,29.5221],[79.21769,29.52158],[79.21349,29.5255],[79.20305,29.52279],[79.1975,29.52369],[79.17865,29.53461],[79.16786,29.53463],[79.14607,29.54015],[79.14372,29.54178],[79.14545,29.54466],[79.14076,29.55265],[79.13801,29.55269],[79.13283,29.5484],[79.12621,29.54904],[79.12577,29.54926],[79.11849,29.5484],[79.10859,29.5441],[79.11354,29.53275],[79.11259,29.52384],[79.11037,29.52075],[79.11736,29.51273],[79.13528,29.50003],[79.13644,29.4993],[79.14253,29.4931],[79.14169,29.48851],[79.14929,29.4835],[79.15426,29.47216],[79.1542,29.46669],[79.16202,29.47371],[79.17298,29.47486],[79.19614,29.46324],[79.20976,29.45225],[79.21984,29.45071],[79.23221,29.45377],[79.23852,29.45848],[79.2409,29.46352],[79.2422,29.46591],[79.24403,29.46795],[79.24965,29.47114],[79.25269,29.47082],[79.25592,29.4662],[79.2615,29.46311],[79.27025,29.46317],[79.27502,29.44926],[79.27517,29.44813],[79.27852,29.44493],[79.26792,29.44001],[79.27042,29.43923],[79.27323,29.43054],[79.26444,29.41928],[79.26268,29.41726],[79.26234,29.41169],[79.25683,29.40338],[79.24567,29.40384],[79.2437,29.40238],[79.22729,29.40816],[79.22209,29.40675],[79.21885,29.40266],[79.22195,29.39675],[79.22088,29.39426],[79.21373,29.39436],[79.20933,29.38829],[79.21246,29.37934],[79.19781,29.37519],[79.19404,29.37204],[79.19492,29.36508],[79.19898,29.35948],[79.20048,29.35963],[79.22281,29.35804],[79.23943,29.36558],[79.24156,29.3643],[79.23757,29.34534],[79.22399,29.33337],[79.21716,29.32223],[79.2222,29.31522],[79.22687,29.31288],[79.25167,29.30929],[79.25976,29.30012],[79.27467,29.29599],[79.26607,29.28025],[79.2679,29.27502],[79.27905,29.26998],[79.28468,29.27331],[79.28635,29.27132],[79.28349,29.26065],[79.28455,29.25514],[79.28097,29.25254],[79.27597,29.24283],[79.2764,29.23961],[79.36073,29.15907],[79.3632,29.15619],[79.3657,29.15517],[79.36626,29.15497],[79.3677,29.16859],[79.36785,29.17183],[79.3699,29.17728],[79.37226,29.18129],[79.37525,29.18574],[79.37726,29.18768],[79.38452,29.19569],[79.38815,29.19899],[79.4048,29.22383],[79.40492,29.22407],[79.40918,29.23171],[79.40995,29.23316],[79.41376,29.23733],[79.41431,29.23916],[79.41449,29.24392],[79.40991,29.25003],[79.41442,29.25552],[79.4158,29.25692],[79.41516,29.26121],[79.4148,29.26247],[79.41196,29.27083],[79.40525,29.27177],[79.40284,29.27254],[79.39829,29.2779],[79.39854,29.28947],[79.4013,29.30372],[79.41137,29.3202],[79.40975,29.3222],[79.40509,29.32377],[79.39491,29.3113],[79.38417,29.30518],[79.36475,29.29932],[79.35361,29.30332],[79.34174,29.30219],[79.33317,29.31668],[79.33241,29.32894],[79.33247,29.33169],[79.3325,29.35359],[79.33631,29.3596],[79.33551,29.36478],[79.33992,29.36644],[79.34177,29.3667],[79.34545,29.36944],[79.3326,29.37643],[79.33215,29.38295],[79.33429,29.38572],[79.34174,29.38825],[79.36291,29.40123],[79.37109,29.40282],[79.37911,29.40158],[79.38443,29.39776],[79.39142,29.40441],[79.39685,29.40122],[79.40806,29.40354],[79.41775,29.39833],[79.43608,29.39432],[79.44412,29.40355]]]},"properties":{"bpcode":978,"bpname":"Kotabagh","dtcode":66,"dtname":"Nainital","stcode":5,"stname":"Uttarakhand"}},
{"type":"Feature","geometry":{"type":"Polygon","coordinates":[[[79.98488,29.46446],[79.99708,29.45175],[79.99663,29.44898],[79.99358,29.44762],[79.99619,29.44198],[80.00461,29.43539],[80.0119,29.43625],[80.0216,29.42856],[80.0275,29.43118],[80.03692,29.42804],[80.0395,29.42665],[80.04112,29.4262],[80.04946,29.42633],[80.06098,29.43056],[80.08502,29.43029],[80.09073,29.43353],[80.09568,29.43094],[80.10469,29.43124],[80.11034,29.42922],[80.11458,29.43072],[80.11426,29.42956],[80.11803,29.42964],[80.12428,29.43276],[80.13614,29.42818],[80.13472,29.42629],[80.13623,29.41803],[80.14632,29.41603],[80.15577,29.41766],[80.16042,29.41413],[80.16159,29.41606],[80.16759,29.41573],[80.16987,29.418],[80.18566,29.4205],[80.18008,29.43082],[80.18097,29.43512],[80.18405,29.43619],[80.18703,29.44128],[80.1851,29.45321],[80.1825,29.45572],[80.18394,29.4575],[80.18271,29.45845],[80.18258,29.45885],[80.18145,29.46478],[80.16692,29.46486],[80.16168,29.47081],[80.16266,29.4719],[80.1627,29.47377],[80.15996,29.47477],[80.14988,29.47122],[80.14753,29.48019],[80.14073,29.4858],[80.13984,29.48738],[80.13261,29.48898],[80.12542,29.49547],[80.13007,29.50323],[80.12982,29.50429],[80.1239,29.50982],[80.11202,29.51505],[80.10984,29.51778],[80.10811,29.52111],[80.10703,29.5222],[80.10432,29.52355],[80.09404,29.51945],[80.08397,29.5218],[80.07791,29.52092],[80.06507,29.51611],[80.06361,29.51561],[80.04544,29.50972],[80.04486,29.5095],[80.03079,29.50822],[80.02979,29.49977],[80.02346,29.49852],[80.01956,29.49316],[80.01263,29.49276],[80.00631,29.48957],[80.00525,29.48974],[80.0032,29.48977],[80.0007,29.4852],[79.99505,29.48772],[79.99238,29.48619],[79.98942,29.48925],[79.98618,29.48505],[79.98362,29.48478],[79.98184,29.48414],[79.98332,29.48275],[79.98418,29.48194],[79.98084,29.46862],[79.98442,29.46496],[79.98488,29.46446]]]},"properties":{"bpcode":958,"bpname":"Barkot","dtcode":65,"dtname":"Champawat","stcode":5,"stname":"Uttarakhand"}},
{"type":"Feature","geometry":{"type":"Polygon","coordinates":[[[80.03692,29.42804],[80.0275,29.43118],[80.0216,29.42856],[80.0119,29.43625],[80.00461,29.43539],[79.99619,29.44198],[79.99358,29.44762],[79.99663,29.44898],[79.99708,29.45175],[79.98488,29.46446],[79.98442,29.46496],[79.98084,29.46862],[79.98418,29.48194],[79.98332,29.48275],[79.98184,29.48414],[79.98362,29.48478],[79.98263,29.48496],[79.98158,29.48527],[79.97652,29.48519],[79.97649,29.48206],[79.97229,29.4774],[79.96851,29.47824],[79.96591,29.47591],[79.96058,29.4774],[79.95688,29.47408],[79.95527,29.47593],[79.95344,29.47479],[79.95159,29.47826],[79.96101,29.49435],[79.95378,29.49894],[79.94721,29.49994],[79.94586,29.47695],[79.94466,29.47882],[79.93769,29.47621],[79.93505,29.47926],[79.93444,29.47631],[79.93101,29.47648],[79.92622,29.47236],[79.91876,29.47458],[79.91725,29.48287],[79.91379,29.48322],[79.91523,29.48773],[79.91084,29.48666],[79.90972,29.48983],[79.90601,29.48893],[79.89737,29.4845],[79.89426,29.48603],[79.89104,29.48252],[79.88683,29.48357],[79.88429,29.47865],[79.87651,29.47299],[79.87543,29.46928],[79.87508,29.46807],[79.87173,29.46517],[79.87001,29.45943],[79.86613,29.45665],[79.86734,29.45449],[79.86059,29.44792],[79.85711,29.45047],[79.85675,29.456],[79.8527,29.4515],[79.85088,29.45275],[79.84874,29.4441],[79.8461,29.44456],[79.85026,29.43616],[79.8486,29.43207],[79.85631,29.43272],[79.84757,29.41823],[79.83337,29.40587],[79.83282,29.39787],[79.83736,29.3953],[79.84207,29.39733],[79.84779,29.38566],[79.85054,29.3839],[79.85388,29.38212],[79.85954,29.37979],[79.85749,29.37105],[79.86,29.36951],[79.86043,29.36938],[79.87571,29.37087],[79.88205,29.36606],[79.88396,29.36801],[79.88716,29.36631],[79.88921,29.36876],[79.89051,29.36943],[79.89229,29.36949],[79.89616,29.3592],[79.89927,29.35923],[79.90104,29.35668],[79.90203,29.35571],[79.90243,29.35316],[79.89849,29.34737],[79.89402,29.34771],[79.89133,29.35077],[79.8825,29.34964],[79.88044,29.3486],[79.8705,29.34408],[79.86794,29.33215],[79.86326,29.32738],[79.86296,29.31715],[79.86528,29.31553],[79.86255,29.31509],[79.8613,29.31219],[79.858,29.31091],[79.85008,29.31425],[79.84389,29.322],[79.84145,29.32253],[79.83529,29.32199],[79.83046,29.32526],[79.83208,29.33793],[79.81863,29.33813],[79.81681,29.33988],[79.81507,29.33793],[79.80722,29.3404],[79.79982,29.3367],[79.79352,29.33635],[79.80541,29.32808],[79.80627,29.32315],[79.80592,29.32086],[79.80582,29.31474],[79.80722,29.31474],[79.80831,29.31455],[79.81817,29.30797],[79.81743,29.30056],[79.8146,29.29997],[79.8161,29.29759],[79.81577,29.29453],[79.81195,29.29265],[79.81406,29.28828],[79.8177,29.2866],[79.81278,29.28183],[79.81377,29.27813],[79.81902,29.27143],[79.82507,29.26895],[79.82723,29.26927],[79.8399,29.27285],[79.844,29.27086],[79.84715,29.27742],[79.85083,29.27221],[79.8559,29.27681],[79.85939,29.27144],[79.86259,29.27093],[79.86671,29.26639],[79.86844,29.2602],[79.87653,29.25964],[79.88909,29.25342],[79.89022,29.25587],[79.89732,29.25698],[79.90018,29.25195],[79.90334,29.25312],[79.90675,29.25],[79.91095,29.23265],[79.92185,29.22384],[79.92678,29.21501],[79.9251,29.21064],[79.92401,29.20953],[79.918,29.20725],[79.91266,29.20035],[79.90429,29.19525],[79.90138,29.18635],[79.90106,29.18444],[79.90071,29.18202],[79.89105,29.17441],[79.89086,29.17443],[79.88639,29.17506],[79.88551,29.17513],[79.87898,29.17146],[79.87783,29.15877],[79.88171,29.15439],[79.89174,29.15237],[79.89388,29.15035],[79.90191,29.15162],[79.92614,29.15469],[79.95051,29.16264],[79.95929,29.16964],[79.96734,29.20789],[79.96006,29.22464],[79.95072,29.22887],[79.94051,29.23943],[79.93587,29.24022],[79.93807,29.24686],[79.93054,29.24771],[79.9276,29.25518],[79.91295,29.25698],[79.91976,29.26129],[79.91998,29.26573],[79.91929,29.26824],[79.91982,29.28275],[79.92465,29.29346],[79.9353,29.2929],[79.92759,29.2958],[79.93116,29.30149],[79.92811,29.3025],[79.92485,29.30092],[79.92689,29.30361],[79.93515,29.30483],[79.93757,29.30272],[79.93427,29.30113],[79.93478,29.29814],[79.94421,29.29558],[79.94619,29.30085],[79.94444,29.30398],[79.95338,29.30224],[79.95349,29.30251],[79.94647,29.30907],[79.94846,29.3103],[79.94858,29.31541],[79.95806,29.31449],[79.95095,29.32158],[79.95009,29.33101],[79.96102,29.33498],[79.96864,29.34713],[79.97519,29.34958],[79.98315,29.34417],[79.98853,29.34985],[79.99583,29.35107],[79.99864,29.34758],[80.01648,29.36178],[80.02648,29.36091],[80.04492,29.37553],[80.03998,29.37346],[80.03667,29.37419],[80.0307,29.38152],[80.02888,29.3935],[80.03393,29.4114],[80.03847,29.41645],[80.03692,29.42804]]]},"properties":{"bpcode":961,"bpname":"Pati","dtcode":65,"dtname":"Champawat","stcode":5,"stname":"Uttarakhand"}},
{"type":"Feature","geometry":{"type":"Polygon","coordinates":[[[79.69875,29.46915],[79.69593,29.46986],[79.69687,29.46874],[79.69716,29.46781],[79.68644,29.46232],[79.67918,29.45161],[79.68092,29.44091],[79.68384,29.44205],[79.68854,29.4347],[79.68841,29.42466],[79.68529,29.42033],[79.67634,29.4197],[79.66709,29.42973],[79.65415,29.43934],[79.64141,29.44156],[79.63848,29.44984],[79.63357,29.45464],[79.62579,29.45329],[79.61982,29.4492],[79.61526,29.42794],[79.61499,29.42439],[79.6106,29.42082],[79.5934,29.41634],[79.58857,29.41225],[79.58528,29.40508],[79.57362,29.40166],[79.57737,29.39059],[79.58535,29.38341],[79.58595,29.38067],[79.58361,29.379],[79.58313,29.37163],[79.60182,29.35971],[79.60234,29.35876],[79.60192,29.35389],[79.60595,29.34735],[79.62887,29.34432],[79.62581,29.33983],[79.62907,29.33895],[79.63072,29.33539],[79.64734,29.32703],[79.65397,29.31377],[79.65254,29.29629],[79.66033,29.28573],[79.67061,29.28],[79.67172,29.27518],[79.67486,29.27304],[79.68047,29.27825],[79.69087,29.28361],[79.69685,29.28171],[79.70138,29.28442],[79.70361,29.29659],[79.69875,29.30392],[79.70153,29.30973],[79.69497,29.31771],[79.68209,29.32363],[79.66825,29.32687],[79.66429,29.33341],[79.64999,29.34241],[79.64924,29.34513],[79.65622,29.35145],[79.65519,29.35896],[79.66379,29.36847],[79.66509,29.37306],[79.6758,29.37142],[79.69102,29.38217],[79.6934,29.38642],[79.7023,29.38341],[79.70412,29.38513],[79.71136,29.38009],[79.72817,29.38402],[79.72424,29.38835],[79.73048,29.3969],[79.72666,29.40324],[79.73255,29.42175],[79.73391,29.4284],[79.73501,29.43284],[79.72674,29.44673],[79.73381,29.46141],[79.72411,29.45758],[79.71594,29.45827],[79.71479,29.46228],[79.71001,29.45963],[79.70138,29.46786],[79.69875,29.46915]]]},"properties":{"bpcode":976,"bpname":"Dhari","dtcode":66,"dtname":"Nainital","stcode":5,"stname":"Uttarakhand"}},
{"type":"Feature","geometry":{"type":"Polygon","coordinates":[[[80.24291,29.44359],[80.21943,29.45228],[80.21106,29.45322],[80.20503,29.45183],[80.1958,29.4591],[80.18394,29.4575],[80.1825,29.45572],[80.1851,29.45321],[80.18703,29.44128],[80.18405,29.43619],[80.18097,29.43512],[80.18008,29.43082],[80.18566,29.4205],[80.16987,29.418],[80.16759,29.41573],[80.16159,29.41606],[80.16042,29.41413],[80.15577,29.41766],[80.14632,29.41603],[80.13623,29.41803],[80.13472,29.42629],[80.13614,29.42818],[80.12428,29.43276],[80.11803,29.42964],[80.11426,29.42956],[80.11458,29.43072],[80.11034,29.42922],[80.10469,29.43124],[80.09568,29.43094],[80.09073,29.43353],[80.08502,29.43029],[80.06098,29.43056],[80.04946,29.42633],[80.04112,29.4262],[80.0395,29.42665],[80.03692,29.42804],[80.03847,29.41645],[80.03393,29.4114],[80.02888,29.3935],[80.0307,29.38152],[80.03667,29.37419],[80.03998,29.37346],[80.04492,29.37553],[80.04502,29.37555],[80.04767,29.37517],[80.05766,29.36269],[80.06025,29.36075],[80.06336,29.35413],[80.06834,29.35367],[80.07233,29.35003],[80.07615,29.35022],[80.07873,29.35445],[80.07669,29.35798],[80.0846,29.35816],[80.09028,29.3645],[80.10131,29.36572],[80.10609,29.36418],[80.11355,29.36591],[80.12096,29.3742],[80.12361,29.36031],[80.12532,29.36104],[80.12617,29.35773],[80.13116,29.35594],[80.13864,29.35771],[80.13945,29.35351],[80.14528,29.3499],[80.14771,29.34208],[80.15849,29.34584],[80.16953,29.3415],[80.17451,29.34426],[80.17831,29.33875],[80.18487,29.33791],[80.18337,29.33373],[80.19066,29.33431],[80.1936,29.32682],[80.19594,29.32996],[80.1995,29.32531],[80.2094,29.3307],[80.20863,29.32736],[80.21232,29.32575],[80.21301,29.31979],[80.21585,29.32137],[80.22114,29.31877],[80.22241,29.31238],[80.22568,29.31512],[80.22777,29.30803],[80.23306,29.30858],[80.22505,29.29985],[80.22551,29.29726],[80.23297,29.3001],[80.23833,29.29762],[80.24569,29.30298],[80.2523,29.2975],[80.25226,29.29503],[80.25295,29.29428],[80.25463,29.28984],[80.26293,29.29242],[80.26371,29.29479],[80.26415,29.29498],[80.26461,29.29498],[80.26498,29.29462],[80.26659,29.2949],[80.26658,29.29541],[80.26848,29.30004],[80.26872,29.30038],[80.2759,29.31258],[80.28488,29.31252],[80.28833,29.31455],[80.28886,29.31457],[80.29655,29.31855],[80.2962,29.32094],[80.29919,29.31982],[80.3,29.32325],[80.29371,29.32731],[80.29102,29.33687],[80.28091,29.34591],[80.27966,29.35772],[80.27169,29.36283],[80.27203,29.37257],[80.27903,29.378],[80.2728,29.38473],[80.27507,29.39131],[80.26267,29.39659],[80.24294,29.41094],[80.24547,29.41543],[80.24444,29.4244],[80.24737,29.43397],[80.24291,29.44359]]]},"properties":{"bpcode":960,"bpname":"Lohaghat","dtcode":65,"dtname":"Champawat","stcode":5,"stname":"Uttarakhand"}},
{"type":"Feature","geometry":{"type":"Polygon","coordinates":[[[79.66924,29.2252],[79.66573,29.21202],[79.67196,29.20206],[79.67782,29.20291],[79.68041,29.20772],[79.69042,29.21297],[79.70079,29.20079],[79.70229,29.19285],[79.71299,29.18625],[79.71774,29.18691],[79.71962,29.18714],[79.72135,29.1874],[79.73702,29.18291],[79.73817,29.1795],[79.74187,29.17739],[79.74065,29.17537],[79.73219,29.17479],[79.73328,29.17187],[79.7388,29.17022],[79.74607,29.16227],[79.75852,29.15457],[79.75964,29.15176],[79.7766,29.15341],[79.79579,29.15113],[79.80553,29.14478],[79.81377,29.14221],[79.81614,29.13887],[79.82089,29.13974],[79.82341,29.13494],[79.83092,29.13712],[79.83499,29.14086],[79.84076,29.14059],[79.84638,29.1488],[79.8538,29.15331],[79.86426,29.15152],[79.87783,29.15877],[79.87898,29.17146],[79.88551,29.17513],[79.88639,29.17506],[79.89086,29.17443],[79.89105,29.17441],[79.90071,29.18202],[79.90106,29.18444],[79.90138,29.18635],[79.90429,29.19525],[79.91266,29.20035],[79.918,29.20725],[79.92401,29.20953],[79.9251,29.21064],[79.92678,29.21501],[79.92185,29.22384],[79.91095,29.23265],[79.90675,29.25],[79.90334,29.25312],[79.90018,29.25195],[79.89732,29.25698],[79.89022,29.25587],[79.88909,29.25342],[79.87653,29.25964],[79.86844,29.2602],[79.86671,29.26639],[79.86259,29.27093],[79.85939,29.27144],[79.8559,29.27681],[79.85083,29.27221],[79.84715,29.27742],[79.844,29.27086],[79.8399,29.27285],[79.82723,29.26927],[79.82507,29.26895],[79.81902,29.27143],[79.81377,29.27813],[79.81278,29.28183],[79.8177,29.2866],[79.81406,29.28828],[79.81195,29.29265],[79.81577,29.29453],[79.8161,29.29759],[79.8146,29.29997],[79.81743,29.30056],[79.81817,29.30797],[79.80831,29.31455],[79.80722,29.31474],[79.80582,29.31474],[79.80592,29.32086],[79.80627,29.32315],[79.80541,29.32808],[79.79352,29.33635],[79.79982,29.3367],[79.80722,29.3404],[79.81507,29.33793],[79.81681,29.33988],[79.81863,29.33813],[79.83208,29.33793],[79.83046,29.32526],[79.83529,29.32199],[79.84145,29.32253],[79.84389,29.322],[79.85008,29.31425],[79.858,29.31091],[79.8613,29.31219],[79.86255,29.31509],[79.86528,29.31553],[79.86296,29.31715],[79.86326,29.32738],[79.86794,29.33215],[79.8705,29.34408],[79.88044,29.3486],[79.8825,29.34964],[79.89133,29.35077],[79.89402,29.34771],[79.89849,29.34737],[79.90243,29.35316],[79.90203,29.35571],[79.90104,29.35668],[79.89927,29.35923],[79.89616,29.3592],[79.89229,29.36949],[79.89051,29.36943],[79.88921,29.36876],[79.88716,29.36631],[79.88396,29.36801],[79.88205,29.36606],[79.87571,29.37087],[79.86043,29.36938],[79.86,29.36951],[79.85749,29.37105],[79.85954,29.37979],[79.85388,29.38212],[79.85054,29.3839],[79.84779,29.38566],[79.84207,29.39733],[79.83736,29.3953],[79.83282,29.39787],[79.83337,29.40587],[79.84757,29.41823],[79.85631,29.43272],[79.8486,29.43207],[79.84082,29.42719],[79.82859,29.4255],[79.82528,29.42657],[79.82322,29.43286],[79.81578,29.43511],[79.81039,29.43865],[79.7984,29.43723],[79.79156,29.44271],[79.78769,29.44891],[79.7808,29.44904],[79.77811,29.45135],[79.76792,29.44759],[79.76719,29.43721],[79.7639,29.43339],[79.75926,29.43499],[79.75776,29.43304],[79.74996,29.43427],[79.74564,29.43053],[79.74169,29.42983],[79.73842,29.43369],[79.73704,29.43136],[79.73501,29.43284],[79.73391,29.4284],[79.73255,29.42175],[79.72666,29.40324],[79.73048,29.3969],[79.72424,29.38835],[79.72817,29.38402],[79.71136,29.38009],[79.70412,29.38513],[79.7023,29.38341],[79.6934,29.38642],[79.69102,29.38217],[79.6758,29.37142],[79.66509,29.37306],[79.66379,29.36847],[79.65519,29.35896],[79.65622,29.35145],[79.64924,29.34513],[79.64999,29.34241],[79.66429,29.33341],[79.66825,29.32687],[79.68209,29.32363],[79.69497,29.31771],[79.70153,29.30973],[79.69875,29.30392],[79.70361,29.29659],[79.70138,29.28442],[79.69685,29.28171],[79.69087,29.28361],[79.68047,29.27825],[79.67486,29.27304],[79.67547,29.26682],[79.6695,29.2576],[79.6731,29.25345],[79.66915,29.24838],[79.67746,29.23837],[79.66924,29.2252]]]},"properties":{"bpcode":979,"bpname":"Okhalkanda","dtcode":66,"dtname":"Nainital","stcode":5,"stname":"Uttarakhand"}},
{"type":"Feature","geometry":{"type":"Polygon","coordinates":[[[79.58361,29.379],[79.57864,29.37682],[79.57642,29.37127],[79.56766,29.37546],[79.56332,29.37751],[79.55705,29.38059],[79.54423,29.38082],[79.52955,29.38572],[79.52035,29.38292],[79.51339,29.38985],[79.50794,29.38669],[79.50343,29.38804],[79.49197,29.39972],[79.48196,29.40296],[79.46885,29.40492],[79.4578,29.40228],[79.45217,29.40014],[79.44775,29.40228],[79.44412,29.40355],[79.43608,29.39432],[79.41775,29.39833],[79.40806,29.40354],[79.39685,29.40122],[79.39142,29.40441],[79.38443,29.39776],[79.37911,29.40158],[79.37109,29.40282],[79.36291,29.40123],[79.34174,29.38825],[79.33429,29.38572],[79.33215,29.38295],[79.3326,29.37643],[79.34545,29.36944],[79.34177,29.3667],[79.33992,29.36644],[79.33551,29.36478],[79.33631,29.3596],[79.3325,29.35359],[79.33247,29.33169],[79.33241,29.32894],[79.33317,29.31668],[79.34174,29.30219],[79.35361,29.30332],[79.36475,29.29932],[79.38417,29.30518],[79.39491,29.3113],[79.40509,29.32377],[79.40975,29.3222],[79.41137,29.3202],[79.4013,29.30372],[79.39854,29.28947],[79.39829,29.2779],[79.40284,29.27254],[79.40525,29.27177],[79.41196,29.27083],[79.4211,29.27429],[79.42155,29.27475],[79.4223,29.27483],[79.42525,29.27583],[79.42606,29.27773],[79.42761,29.28029],[79.42857,29.28281],[79.43521,29.2944],[79.44126,29.29858],[79.44844,29.29591],[79.44472,29.29157],[79.44758,29.28572],[79.44965,29.27112],[79.44533,29.26129],[79.45341,29.26389],[79.45988,29.26378],[79.45892,29.25008],[79.46616,29.24173],[79.47956,29.24168],[79.48732,29.24433],[79.48958,29.24738],[79.49149,29.23889],[79.49617,29.23851],[79.50806,29.24205],[79.53397,29.25468],[79.53919,29.26679],[79.53995,29.26788],[79.5445,29.27015],[79.54918,29.2688],[79.55476,29.27244],[79.55585,29.27266],[79.5602,29.27365],[79.56176,29.27555],[79.5653,29.27886],[79.5889,29.27072],[79.58902,29.26609],[79.59289,29.2653],[79.59137,29.26137],[79.59345,29.25785],[79.59856,29.25827],[79.60144,29.25528],[79.59745,29.24772],[79.59106,29.24364],[79.5909,29.23948],[79.60315,29.23925],[79.6117,29.23478],[79.61145,29.22719],[79.61401,29.226],[79.61902,29.23181],[79.62415,29.23264],[79.63182,29.22607],[79.63888,29.22764],[79.64436,29.22613],[79.65049,29.23133],[79.65259,29.22656],[79.64851,29.22401],[79.64804,29.21979],[79.65996,29.22245],[79.66155,29.22955],[79.66924,29.2252],[79.67746,29.23837],[79.66915,29.24838],[79.6731,29.25345],[79.6695,29.2576],[79.67547,29.26682],[79.67486,29.27304],[79.67172,29.27518],[79.67061,29.28],[79.66033,29.28573],[79.65254,29.29629],[79.65397,29.31377],[79.64734,29.32703],[79.63072,29.33539],[79.62907,29.33895],[79.62581,29.33983],[79.62887,29.34432],[79.60595,29.34735],[79.60192,29.35389],[79.60234,29.35876],[79.60182,29.35971],[79.58313,29.37163],[79.58361,29.379]]]},"properties":{"bpcode":975,"bpname":"Bhimtal","dtcode":66,"dtname":"Nainital","stcode":5,"stname":"Uttarakhand"}},
{"type":"Feature","geometry":{"type":"Polygon","coordinates":[[[79.91998,29.26573],[79.91976,29.26129],[79.91295,29.25698],[79.9276,29.25518],[79.93054,29.24771],[79.93807,29.24686],[79.93587,29.24022],[79.94051,29.23943],[79.95072,29.22887],[79.96006,29.22464],[79.96734,29.20789],[79.95929,29.16964],[79.95051,29.16264],[79.92614,29.15469],[79.90191,29.15162],[79.89388,29.15035],[79.89689,29.13536],[79.90586,29.13406],[79.90857,29.12981],[79.91344,29.12885],[79.91449,29.12889],[79.9154,29.12893],[79.92031,29.13367],[79.94108,29.13265],[79.95352,29.12686],[79.96613,29.12546],[79.97569,29.11956],[79.97624,29.11663],[79.96181,29.10991],[79.95427,29.08266],[79.95414,29.07976],[79.95412,29.06919],[79.95803,29.06646],[79.96336,29.05767],[79.96843,29.05406],[79.97109,29.05426],[79.97245,29.05476],[79.98227,29.06536],[79.99751,29.06737],[80.00716,29.0739],[80.01488,29.09302],[80.03601,29.04669],[80.03927,29.041],[80.0478,29.02503],[80.05199,29.00855],[80.05828,29.00438],[80.05456,28.99772],[80.05498,28.9944],[80.05041,28.99207],[80.05074,28.98271],[80.05303,28.98264],[80.05309,28.97912],[80.05976,28.96777],[80.05985,28.96014],[80.06563,28.95954],[80.06995,28.95286],[80.074,28.95344],[80.07435,28.9488],[80.07717,28.94682],[80.07278,28.94026],[80.07356,28.93851],[80.09667,28.97566],[80.10085,28.98674],[80.11803,28.98137],[80.12688,29.00548],[80.13584,29.0073],[80.13496,29.00922],[80.12477,29.01146],[80.13133,29.02967],[80.12585,29.0311],[80.13818,29.06003],[80.12959,29.06187],[80.14463,29.10251],[80.16148,29.11339],[80.16586,29.12577],[80.17739,29.12759],[80.18425,29.13641],[80.1936,29.13137],[80.20141,29.12967],[80.20978,29.12067],[80.23378,29.11923],[80.2394,29.12207],[80.24778,29.13152],[80.25469,29.13196],[80.25867,29.1377],[80.27124,29.14031],[80.26902,29.14985],[80.26152,29.15701],[80.25811,29.16586],[80.25794,29.17009],[80.26091,29.17475],[80.25852,29.18777],[80.24104,29.20167],[80.24411,29.21264],[80.24747,29.21526],[80.2471,29.21974],[80.25034,29.22133],[80.25538,29.21989],[80.25538,29.213],[80.25874,29.20698],[80.26359,29.20505],[80.27004,29.20829],[80.27609,29.20703],[80.27914,29.2007],[80.2865,29.19457],[80.29212,29.19692],[80.29788,29.20514],[80.29377,29.21091],[80.29599,29.22151],[80.29115,29.22826],[80.29084,29.23314],[80.29989,29.24192],[80.29712,29.25022],[80.30002,29.25542],[80.29968,29.26205],[80.30451,29.27213],[80.30512,29.28703],[80.31162,29.29096],[80.3184,29.30188],[80.31601,29.30821],[80.31768,29.31208],[80.31645,29.31511],[80.30761,29.32201],[80.3,29.32325],[80.29919,29.31982],[80.2962,29.32094],[80.29655,29.31855],[80.28886,29.31457],[80.28833,29.31455],[80.28488,29.31252],[80.2759,29.31258],[80.26872,29.30038],[80.26848,29.30004],[80.26658,29.29541],[80.26659,29.2949],[80.26498,29.29462],[80.26461,29.29498],[80.26415,29.29498],[80.26371,29.29479],[80.26293,29.29242],[80.25463,29.28984],[80.25295,29.29428],[80.25226,29.29503],[80.2523,29.2975],[80.24569,29.30298],[80.23833,29.29762],[80.23297,29.3001],[80.22551,29.29726],[80.22505,29.29985],[80.23306,29.30858],[80.22777,29.30803],[80.22568,29.31512],[80.22241,29.31238],[80.22114,29.31877],[80.21585,29.32137],[80.21301,29.31979],[80.21232,29.32575],[80.20863,29.32736],[80.2094,29.3307],[80.1995,29.32531],[80.19594,29.32996],[80.1936,29.32682],[80.19066,29.33431],[80.18337,29.33373],[80.18487,29.33791],[80.17831,29.33875],[80.17451,29.34426],[80.16953,29.3415],[80.15849,29.34584],[80.14771,29.34208],[80.14528,29.3499],[80.13945,29.35351],[80.13864,29.35771],[80.13116,29.35594],[80.12617,29.35773],[80.12532,29.36104],[80.12361,29.36031],[80.12096,29.3742],[80.11355,29.36591],[80.10609,29.36418],[80.10131,29.36572],[80.09028,29.3645],[80.0846,29.35816],[80.07669,29.35798],[80.07873,29.35445],[80.07615,29.35022],[80.07233,29.35003],[80.06834,29.35367],[80.06336,29.35413],[80.06025,29.36075],[80.05766,29.36269],[80.04767,29.37517],[80.04502,29.37555],[80.04492,29.37553],[80.02648,29.36091],[80.01648,29.36178],[79.99864,29.34758],[79.99583,29.35107],[79.98853,29.34985],[79.98315,29.34417],[79.97519,29.34958],[79.96864,29.34713],[79.96102,29.33498],[79.95009,29.33101],[79.95095,29.32158],[79.95806,29.31449],[79.94858,29.31541],[79.94846,29.3103],[79.94647,29.30907],[79.95349,29.30251],[79.95338,29.30224],[79.94444,29.30398],[79.94619,29.30085],[79.94421,29.29558],[79.93478,29.29814],[79.93427,29.30113],[79.93757,29.30272],[79.93515,29.30483],[79.92689,29.30361],[79.92485,29.30092],[79.92811,29.3025],[79.93116,29.30149],[79.92759,29.2958],[79.9353,29.2929],[79.92465,29.29346],[79.91982,29.28275],[79.91929,29.26824],[79.91998,29.26573]]]},"properties":{"bpcode":959,"bpname":"Champawat","dtcode":65,"dtname":"Champawat","stcode":5,"stname":"Uttarakhand"}},
{"type":"Feature","geometry":{"type":"Polygon","coordinates":[[[78.97379,29.31693],[78.95639,29.31792],[78.95819,29.32118],[78.94817,29.3291],[78.93036,29.33556],[78.92786,29.34098],[78.91559,29.34287],[78.9146,29.34337],[78.89286,29.34554],[78.88622,29.34182],[78.87911,29.35164],[78.87575,29.34677],[78.86968,29.34505],[78.86477,29.34949],[78.85598,29.34972],[78.84636,29.34412],[78.84024,29.34597],[78.8346,29.35119],[78.83074,29.35149],[78.82718,29.35462],[78.82834,29.35967],[78.82586,29.36555],[78.83026,29.36801],[78.82581,29.36784],[78.81051,29.34012],[78.7999,29.33458],[78.80286,29.33125],[78.8012,29.32524],[78.80472,29.31925],[78.7982,29.31901],[78.79591,29.31177],[78.78955,29.3153],[78.7954,29.32501],[78.79345,29.32817],[78.79052,29.33059],[78.78679,29.32611],[78.77748,29.32573],[78.77333,29.32849],[78.77431,29.33198],[78.76655,29.3374],[78.76081,29.33293],[78.75376,29.33122],[78.75369,29.32732],[78.74955,29.32324],[78.75032,29.31735],[78.74508,29.31794],[78.74068,29.31579],[78.74067,29.32042],[78.73367,29.3219],[78.73577,29.31853],[78.73209,29.31756],[78.73134,29.31352],[78.73518,29.30654],[78.73445,29.30294],[78.72719,29.30551],[78.72299,29.30345],[78.71922,29.30703],[78.71837,29.30342],[78.72675,29.2978],[78.73452,29.29957],[78.73614,29.29676],[78.76502,29.27931],[78.77321,29.27113],[78.77019,29.26704],[78.77383,29.26199],[78.78509,29.25365],[78.78975,29.25496],[78.79189,29.25227],[78.79077,29.2469],[78.79324,29.24453],[78.79841,29.24442],[78.80737,29.23668],[78.82008,29.23214],[78.8199,29.23374],[78.82243,29.23332],[78.82571,29.23611],[78.83231,29.23675],[78.83816,29.24255],[78.8413,29.23969],[78.83946,29.23679],[78.84337,29.23484],[78.84554,29.23677],[78.84954,29.23271],[78.85107,29.23682],[78.85834,29.24184],[78.86209,29.23989],[78.85859,29.23299],[78.87069,29.22725],[78.87448,29.23025],[78.87423,29.22678],[78.87648,29.22553],[78.87176,29.22257],[78.87583,29.21902],[78.87932,29.21896],[78.88052,29.217],[78.87854,29.21426],[78.88321,29.2116],[78.87522,29.20517],[78.88104,29.19992],[78.8855,29.20317],[78.89062,29.20118],[78.89128,29.19808],[78.88675,29.19508],[78.89006,29.19221],[78.89428,29.19189],[78.89636,29.19358],[78.89974,29.18588],[78.89434,29.18608],[78.89998,29.18208],[78.90285,29.18412],[78.9099,29.18264],[78.91649,29.18937],[78.9199,29.18871],[78.91962,29.19096],[78.92462,29.19341],[78.92455,29.19532],[78.93038,29.19597],[78.93487,29.19415],[78.95025,29.2011],[78.9455,29.2033],[78.94446,29.20815],[78.94813,29.21174],[78.9474,29.2195],[78.9559,29.23034],[78.95113,29.23566],[78.94901,29.2505],[78.95029,29.25243],[78.95436,29.25124],[78.956,29.26246],[78.964,29.26735],[78.96444,29.27352],[78.9737,29.27777],[78.96451,29.28359],[78.96431,29.2874],[78.96742,29.29141],[78.97419,29.29307],[78.97459,29.29551],[78.9693,29.30416],[78.97616,29.30853],[78.97156,29.31347],[78.97379,29.31693]]]},"properties":{"bpcode":1019,"bpname":"Jaspur","dtcode":67,"dtname":"Udam singh nagar","stcode":5,"stname":"Uttarakhand"}},
{"type":"Feature","geometry":{"type":"Polygon","coordinates":[[[78.89998,29.18208],[78.90317,29.18091],[78.90347,29.17824],[78.90683,29.18006],[78.90875,29.17856],[78.90167,29.16956],[78.90905,29.16354],[78.90909,29.15732],[78.90637,29.15174],[78.91287,29.15438],[78.91545,29.15245],[78.91105,29.14443],[78.91623,29.14067],[78.91876,29.13553],[78.90718,29.12741],[78.90633,29.12501],[78.9265,29.11807],[78.93464,29.12964],[78.94287,29.12617],[78.94375,29.12751],[78.95645,29.11989],[78.96417,29.1305],[78.97271,29.12677],[78.97468,29.13595],[78.97755,29.1366],[78.97676,29.13855],[78.98234,29.14305],[78.98984,29.13949],[78.99128,29.13068],[78.99665,29.13012],[79.00424,29.1259],[79.00171,29.12226],[79.00625,29.11828],[79.00817,29.11191],[79.01419,29.11662],[79.02767,29.11284],[79.03456,29.1177],[79.04063,29.12767],[79.03175,29.1281],[79.02699,29.13247],[79.01895,29.12933],[79.01494,29.13395],[79.02104,29.14514],[79.018,29.15223],[79.01908,29.15572],[79.02451,29.15507],[79.0311,29.14594],[79.03535,29.14392],[79.0378,29.14546],[79.03595,29.15309],[79.03937,29.15841],[79.03237,29.15913],[79.02912,29.16413],[79.03436,29.16925],[79.036,29.17067],[79.02986,29.17364],[79.03172,29.17732],[79.03936,29.17478],[79.04989,29.19704],[79.05554,29.19942],[79.0593,29.20465],[79.06085,29.20791],[79.07125,29.23206],[79.07355,29.24354],[79.0718,29.24677],[79.07378,29.24903],[79.07147,29.25641],[79.06239,29.26603],[79.0628,29.2698],[79.06235,29.26965],[79.06142,29.26937],[79.05522,29.26191],[79.04946,29.26166],[79.04177,29.25417],[79.04181,29.25931],[79.03909,29.26271],[79.04049,29.26396],[79.03605,29.26348],[79.03564,29.26349],[79.03,29.26521],[79.02251,29.2755],[79.02225,29.2821],[79.01239,29.29001],[79.02954,29.30539],[79.02295,29.30855],[79.0285,29.31316],[79.02675,29.31817],[79.02228,29.32254],[79.01866,29.32541],[79.01445,29.32262],[79.00859,29.32516],[78.99948,29.31844],[78.99293,29.32352],[78.98814,29.32113],[78.98904,29.31962],[78.98587,29.31651],[78.97379,29.31693],[78.97156,29.31347],[78.97616,29.30853],[78.9693,29.30416],[78.97459,29.29551],[78.97419,29.29307],[78.96742,29.29141],[78.96431,29.2874],[78.96451,29.28359],[78.9737,29.27777],[78.96444,29.27352],[78.964,29.26735],[78.956,29.26246],[78.95436,29.25124],[78.95029,29.25243],[78.94901,29.2505],[78.95113,29.23566],[78.9559,29.23034],[78.9474,29.2195],[78.94813,29.21174],[78.94446,29.20815],[78.9455,29.2033],[78.95025,29.2011],[78.93487,29.19415],[78.93038,29.19597],[78.92455,29.19532],[78.92462,29.19341],[78.91962,29.19096],[78.9199,29.18871],[78.91649,29.18937],[78.9099,29.18264],[78.90285,29.18412],[78.89998,29.18208]]]},"properties":{"bpcode":1020,"bpname":"Kasipur","dtcode":67,"dtname":"Udam singh nagar","stcode":5,"stname":"Uttarakhand"}},
{"type":"Feature","geometry":{"type":"Polygon","coordinates":[[[79.03436,29.16925],[79.04282,29.16625],[79.0537,29.15487],[79.06316,29.15473],[79.08405,29.1471],[79.1119,29.12792],[79.11946,29.12577],[79.12273,29.12734],[79.12555,29.13311],[79.14189,29.12433],[79.14082,29.12226],[79.1434,29.12027],[79.15017,29.11867],[79.1535,29.11518],[79.15127,29.11327],[79.15245,29.10712],[79.15084,29.10341],[79.15325,29.102],[79.14832,29.09914],[79.15154,29.09604],[79.14996,29.09176],[79.14327,29.08668],[79.14181,29.07763],[79.14422,29.07203],[79.14263,29.06657],[79.14587,29.06457],[79.14513,29.06296],[79.14876,29.05845],[79.15332,29.05686],[79.16191,29.04896],[79.168,29.04738],[79.17029,29.04861],[79.17511,29.04625],[79.17939,29.05242],[79.17583,29.05373],[79.17501,29.05645],[79.17209,29.05622],[79.1738,29.05916],[79.17863,29.06037],[79.18101,29.07012],[79.1833,29.07107],[79.179,29.07749],[79.18194,29.07881],[79.18018,29.08241],[79.18361,29.08002],[79.19106,29.08218],[79.19256,29.08254],[79.20679,29.10422],[79.20964,29.10142],[79.20872,29.10791],[79.21099,29.11217],[79.22028,29.10849],[79.22681,29.10812],[79.23587,29.11861],[79.23982,29.11729],[79.2468,29.12971],[79.25658,29.13301],[79.25412,29.13969],[79.2638,29.15258],[79.26475,29.1596],[79.26024,29.17625],[79.24937,29.18171],[79.24885,29.19237],[79.24584,29.1999],[79.2504,29.21267],[79.26543,29.22434],[79.2764,29.23961],[79.23534,29.24496],[79.23157,29.24571],[79.16833,29.26185],[79.14829,29.27129],[79.13586,29.27498],[79.12204,29.27042],[79.11938,29.26838],[79.10795,29.25519],[79.09341,29.2594],[79.09594,29.26301],[79.09165,29.26815],[79.09037,29.27499],[79.07593,29.27791],[79.06906,29.26992],[79.06439,29.2715],[79.0628,29.2698],[79.06239,29.26603],[79.07147,29.25641],[79.07378,29.24903],[79.0718,29.24677],[79.07355,29.24354],[79.07125,29.23206],[79.06085,29.20791],[79.0593,29.20465],[79.05554,29.19942],[79.04989,29.19704],[79.03936,29.17478],[79.03172,29.17732],[79.02986,29.17364],[79.036,29.17067],[79.03436,29.16925]]]},"properties":{"bpcode":1017,"bpname":"Bajpur","dtcode":67,"dtname":"Udam singh nagar","stcode":5,"stname":"Uttarakhand"}},
{"type":"Feature","geometry":{"type":"Polygon","coordinates":[[[79.62752,29.05004],[79.63263,29.05467],[79.63409,29.06151],[79.63871,29.06292],[79.64551,29.07025],[79.64865,29.0698],[79.65193,29.07739],[79.65342,29.07421],[79.66482,29.06829],[79.67384,29.06951],[79.6929,29.05314],[79.69321,29.05264],[79.69447,29.04477],[79.70238,29.03922],[79.70573,29.03547],[79.71059,29.03103],[79.72015,29.03098],[79.72479,29.02686],[79.74537,29.02552],[79.75048,29.02633],[79.74744,29.03206],[79.75421,29.03179],[79.75943,29.03473],[79.76117,29.03517],[79.76611,29.03649],[79.77199,29.03138],[79.77715,29.03028],[79.77646,29.02766],[79.7717,29.02731],[79.7743,29.02497],[79.78857,29.02712],[79.79009,29.02311],[79.80105,29.02443],[79.80626,29.01584],[79.80208,29.01622],[79.79651,29.01352],[79.79324,28.99819],[79.79999,28.99947],[79.80635,28.99288],[79.8066,28.9903],[79.80994,28.99358],[79.81127,28.99307],[79.81304,28.99227],[79.81173,28.98483],[79.82424,28.99014],[79.82744,28.9891],[79.82481,28.99487],[79.82843,28.99584],[79.82941,28.99443],[79.83616,28.99777],[79.83734,29.0005],[79.83951,28.99851],[79.8379,28.99464],[79.84201,28.99613],[79.84638,29.00144],[79.84524,29.00475],[79.84781,29.00391],[79.84979,29.00966],[79.85676,29.01324],[79.86293,29.00979],[79.86443,29.00287],[79.86911,28.99596],[79.87373,28.99196],[79.87551,28.99286],[79.87327,28.98844],[79.8737,28.98354],[79.87021,28.98204],[79.87254,28.97917],[79.87805,28.97903],[79.88053,28.9833],[79.8776,28.98408],[79.87784,28.98553],[79.88126,28.98566],[79.87821,28.98993],[79.87951,28.99355],[79.88622,28.996],[79.88782,28.99325],[79.89129,28.99213],[79.89599,28.99341],[79.89307,28.99454],[79.89617,28.9964],[79.89361,29.001],[79.89661,29.0045],[79.90288,29.0069],[79.89704,29.00903],[79.90106,29.01178],[79.90122,29.01635],[79.90632,29.01984],[79.90677,29.02532],[79.91159,29.02804],[79.91234,29.0333],[79.91468,29.03313],[79.91528,29.03008],[79.92081,29.03091],[79.92589,29.03653],[79.9379,29.04422],[79.94587,29.04328],[79.95694,29.0468],[79.96181,29.04658],[79.97181,29.05408],[79.97109,29.05426],[79.96843,29.05406],[79.96336,29.05767],[79.95803,29.06646],[79.95412,29.06919],[79.95414,29.07976],[79.95427,29.08266],[79.96181,29.10991],[79.97624,29.11663],[79.97569,29.11956],[79.96613,29.12546],[79.95352,29.12686],[79.94108,29.13265],[79.92031,29.13367],[79.9154,29.12893],[79.91449,29.12889],[79.91344,29.12885],[79.90857,29.12981],[79.90586,29.13406],[79.89689,29.13536],[79.89388,29.15035],[79.89174,29.15237],[79.88171,29.15439],[79.87783,29.15877],[79.86426,29.15152],[79.8538,29.15331],[79.84638,29.1488],[79.84076,29.14059],[79.83499,29.14086],[79.83092,29.13712],[79.82341,29.13494],[79.82089,29.13974],[79.81614,29.13887],[79.81377,29.14221],[79.80553,29.14478],[79.79579,29.15113],[79.7766,29.15341],[79.75964,29.15176],[79.75852,29.15457],[79.74607,29.16227],[79.7388,29.17022],[79.73328,29.17187],[79.73219,29.17479],[79.74065,29.17537],[79.74187,29.17739],[79.73817,29.1795],[79.73702,29.18291],[79.72135,29.1874],[79.71962,29.18714],[79.71774,29.18691],[79.71299,29.18625],[79.70229,29.19285],[79.70079,29.20079],[79.69042,29.21297],[79.68041,29.20772],[79.67782,29.20291],[79.67196,29.20206],[79.66573,29.21202],[79.66924,29.2252],[79.66155,29.22955],[79.65996,29.22245],[79.64804,29.21979],[79.64851,29.22401],[79.65259,29.22656],[79.65049,29.23133],[79.64436,29.22613],[79.63888,29.22764],[79.63182,29.22607],[79.62415,29.23264],[79.61902,29.23181],[79.61401,29.226],[79.61145,29.22719],[79.6117,29.23478],[79.60315,29.23925],[79.5909,29.23948],[79.59106,29.24364],[79.59745,29.24772],[79.60144,29.25528],[79.59856,29.25827],[79.59345,29.25785],[79.59137,29.26137],[79.59289,29.2653],[79.58902,29.26609],[79.5889,29.27072],[79.5653,29.27886],[79.56176,29.27555],[79.5602,29.27365],[79.55585,29.27266],[79.55476,29.27244],[79.54918,29.2688],[79.5445,29.27015],[79.53995,29.26788],[79.53919,29.26679],[79.53397,29.25468],[79.50806,29.24205],[79.49617,29.23851],[79.49149,29.23889],[79.48958,29.24738],[79.48732,29.24433],[79.47956,29.24168],[79.46616,29.24173],[79.45892,29.25008],[79.45988,29.26378],[79.45341,29.26389],[79.44533,29.26129],[79.44965,29.27112],[79.44758,29.28572],[79.44472,29.29157],[79.44844,29.29591],[79.44126,29.29858],[79.43521,29.2944],[79.42857,29.28281],[79.42761,29.28029],[79.42606,29.27773],[79.42525,29.27583],[79.4223,29.27483],[79.42155,29.27475],[79.4211,29.27429],[79.41196,29.27083],[79.4148,29.26247],[79.41516,29.26121],[79.4158,29.25692],[79.41442,29.25552],[79.40991,29.25003],[79.41449,29.24392],[79.41431,29.23916],[79.41376,29.23733],[79.40995,29.23316],[79.40918,29.23171],[79.40492,29.22407],[79.4048,29.22383],[79.38815,29.19899],[79.38452,29.19569],[79.37726,29.18768],[79.37525,29.18574],[79.37226,29.18129],[79.3699,29.17728],[79.36785,29.17183],[79.3677,29.16859],[79.36626,29.15497],[79.37017,29.15363],[79.37535,29.15186],[79.3836,29.14418],[79.40131,29.1146],[79.43563,29.08355],[79.42504,29.06631],[79.42107,29.05953],[79.41595,29.05144],[79.45818,29.05139],[79.46044,29.05128],[79.55926,29.05283],[79.62752,29.05004]]]},"properties":{"bpcode":977,"bpname":"Haldwani","dtcode":66,"dtname":"Nainital","stcode":5,"stname":"Uttarakhand"}},
{"type":"Feature","geometry":{"type":"Polygon","coordinates":[[[79.31341,28.9768],[79.31613,28.9796],[79.32136,28.97818],[79.322,28.98471],[79.32516,28.98398],[79.32612,28.98577],[79.32977,28.98504],[79.33225,28.98797],[79.33425,28.98712],[79.33322,28.99161],[79.33521,28.99476],[79.34447,28.99526],[79.35695,29.00348],[79.37074,29.01957],[79.37411,29.03453],[79.37148,29.04158],[79.37299,29.0444],[79.37821,29.05028],[79.38815,29.05546],[79.39724,29.06947],[79.38348,29.08129],[79.35387,29.10156],[79.355,29.10618],[79.35182,29.11332],[79.35683,29.11942],[79.3616,29.13072],[79.35949,29.14194],[79.36778,29.14917],[79.36859,29.15182],[79.3657,29.15517],[79.3632,29.15619],[79.36073,29.15907],[79.2764,29.23961],[79.26543,29.22434],[79.2504,29.21267],[79.24584,29.1999],[79.24885,29.19237],[79.24937,29.18171],[79.26024,29.17625],[79.26475,29.1596],[79.2638,29.15258],[79.25412,29.13969],[79.25658,29.13301],[79.2468,29.12971],[79.23982,29.11729],[79.23587,29.11861],[79.22681,29.10812],[79.22028,29.10849],[79.21099,29.11217],[79.20872,29.10791],[79.20964,29.10142],[79.20679,29.10422],[79.19256,29.08254],[79.19106,29.08218],[79.18361,29.08002],[79.18018,29.08241],[79.18194,29.07881],[79.179,29.07749],[79.1833,29.07107],[79.18101,29.07012],[79.17863,29.06037],[79.1738,29.05916],[79.17209,29.05622],[79.17501,29.05645],[79.17583,29.05373],[79.17939,29.05242],[79.17511,29.04625],[79.1718,29.04506],[79.17192,29.04264],[79.16916,29.04238],[79.17085,29.03942],[79.168,29.03826],[79.16751,29.0322],[79.1644,29.03222],[79.16497,29.02884],[79.16235,29.02921],[79.1622,29.02409],[79.16589,29.02024],[79.16528,29.01779],[79.16843,29.01942],[79.17581,29.01574],[79.17106,29.01187],[79.18094,29.01288],[79.18595,29.01764],[79.19384,29.01559],[79.19089,29.01895],[79.19077,29.02318],[79.19426,29.01972],[79.19741,29.02138],[79.20365,29.02074],[79.21173,29.02756],[79.22203,29.01945],[79.23155,29.01512],[79.24495,29.01008],[79.25102,29.01024],[79.24775,29.00334],[79.25757,28.9937],[79.29233,28.97381],[79.29885,28.9728],[79.30727,28.96647],[79.31092,28.96999],[79.31272,28.96915],[79.31249,28.97131],[79.30986,28.97172],[79.31269,28.97512],[79.31094,28.97621],[79.31341,28.9768]]]},"properties":{"bpcode":1018,"bpname":"Gadarpur","dtcode":67,"dtname":"Udam singh nagar","stcode":5,"stname":"Uttarakhand"}},
{"type":"Feature","geometry":{"type":"Polygon","coordinates":[[[79.97181,29.05408],[79.96181,29.04658],[79.95694,29.0468],[79.94587,29.04328],[79.9379,29.04422],[79.92589,29.03653],[79.92081,29.03091],[79.91528,29.03008],[79.91468,29.03313],[79.91234,29.0333],[79.91159,29.02804],[79.90677,29.02532],[79.90632,29.01984],[79.90122,29.01635],[79.90106,29.01178],[79.89704,29.00903],[79.90288,29.0069],[79.89661,29.0045],[79.89361,29.001],[79.89617,28.9964],[79.89307,28.99454],[79.89599,28.99341],[79.89129,28.99213],[79.88782,28.99325],[79.88806,28.99257],[79.88882,28.99046],[79.88793,28.97741],[79.88054,28.96963],[79.87916,28.95447],[79.8743,28.94338],[79.86777,28.93694],[79.84974,28.93566],[79.854,28.92942],[79.85865,28.90971],[79.85162,28.89921],[79.83538,28.89872],[79.83073,28.89555],[79.82581,28.88511],[79.82929,28.88445],[79.82828,28.87828],[79.83253,28.87099],[79.83546,28.87104],[79.83538,28.87489],[79.84468,28.87503],[79.84667,28.86874],[79.84577,28.86354],[79.8496,28.8593],[79.84505,28.85537],[79.84534,28.85111],[79.84063,28.84768],[79.838,28.84832],[79.83288,28.85532],[79.83074,28.85523],[79.83245,28.84584],[79.83634,28.84294],[79.83678,28.83992],[79.83087,28.83778],[79.82727,28.84167],[79.82382,28.83901],[79.8279,28.83695],[79.83131,28.83076],[79.83717,28.83235],[79.83245,28.82354],[79.82915,28.82139],[79.82945,28.81814],[79.82604,28.81493],[79.82429,28.80727],[79.81897,28.80547],[79.8199,28.81216],[79.81645,28.81692],[79.80723,28.80566],[79.80803,28.80091],[79.81394,28.79688],[79.81281,28.80196],[79.81457,28.80261],[79.81995,28.79611],[79.82289,28.79563],[79.82432,28.79829],[79.82693,28.79497],[79.83433,28.79859],[79.83832,28.79753],[79.83986,28.80017],[79.83843,28.80122],[79.84152,28.80427],[79.84609,28.80474],[79.84547,28.80075],[79.84934,28.79964],[79.85237,28.8019],[79.85059,28.80333],[79.85289,28.80613],[79.85031,28.80601],[79.85076,28.81045],[79.84659,28.81044],[79.85294,28.81373],[79.85212,28.81566],[79.84661,28.81744],[79.8463,28.82318],[79.84863,28.82515],[79.85407,28.82411],[79.85102,28.82855],[79.85387,28.82699],[79.85772,28.83064],[79.86142,28.83053],[79.85888,28.8338],[79.86266,28.83706],[79.86319,28.84022],[79.8647,28.83777],[79.87166,28.84014],[79.87461,28.83634],[79.87256,28.83156],[79.87573,28.83311],[79.87847,28.83031],[79.87857,28.83356],[79.8834,28.83398],[79.88212,28.83693],[79.88822,28.83656],[79.88905,28.83405],[79.89391,28.83146],[79.89199,28.82561],[79.89407,28.8204],[79.91453,28.81848],[79.91078,28.8099],[79.91552,28.80427],[79.90554,28.80299],[79.87849,28.81483],[79.87348,28.80939],[79.8696,28.80834],[79.87007,28.80576],[79.87473,28.80236],[79.87226,28.79936],[79.87306,28.79728],[79.8833,28.79454],[79.88426,28.79],[79.89728,28.78623],[79.90136,28.78198],[79.90647,28.78196],[79.90982,28.7854],[79.91781,28.78236],[79.91884,28.7865],[79.92378,28.78671],[79.92652,28.79001],[79.93982,28.78772],[79.92852,28.77902],[79.92408,28.77316],[79.92734,28.76871],[79.93057,28.76802],[79.93258,28.76272],[79.9432,28.75989],[79.93863,28.75038],[79.94359,28.74862],[79.94648,28.74236],[79.94369,28.73511],[79.94549,28.73058],[79.95425,28.72283],[80.03013,28.74863],[80.05227,28.77828],[80.06174,28.7832],[80.05867,28.78839],[80.06488,28.79443],[80.0681,28.80284],[80.05922,28.8168],[80.05179,28.82037],[80.05979,28.82539],[80.06508,28.83667],[80.05891,28.91569],[80.07356,28.93851],[80.07278,28.94026],[80.07717,28.94682],[80.07435,28.9488],[80.074,28.95344],[80.06995,28.95286],[80.06563,28.95954],[80.05985,28.96014],[80.05976,28.96777],[80.05309,28.97912],[80.05303,28.98264],[80.05074,28.98271],[80.05041,28.99207],[80.05498,28.9944],[80.05456,28.99772],[80.05828,29.00438],[80.05199,29.00855],[80.0478,29.02503],[80.03927,29.041],[80.03601,29.04669],[80.01488,29.09302],[80.00716,29.0739],[79.99751,29.06737],[79.98227,29.06536],[79.97245,29.05476],[79.97181,29.05408]]]},"properties":{"bpcode":1021,"bpname":"Khatima","dtcode":67,"dtname":"Udam singh nagar","stcode":5,"stname":"Uttarakhand"}},
{"type":"Feature","geometry":{"type":"Polygon","coordinates":[[[79.62752,29.05004],[79.62783,29.02777],[79.62448,29.02221],[79.62451,29.02137],[79.62854,29.0127],[79.62907,29.01194],[79.62151,29.01013],[79.62015,29.00426],[79.61997,29.00337],[79.61857,28.99962],[79.6138,28.99775],[79.61148,28.99427],[79.60827,28.98249],[79.60455,28.98396],[79.60163,28.98232],[79.60178,28.9814],[79.60634,28.96406],[79.60338,28.96181],[79.59786,28.96266],[79.59726,28.96033],[79.59938,28.95884],[79.5982,28.95548],[79.59992,28.94924],[79.60226,28.94808],[79.60015,28.94597],[79.59654,28.9472],[79.59629,28.95112],[79.59153,28.9542],[79.58941,28.95265],[79.59183,28.94991],[79.59166,28.94774],[79.5865,28.94471],[79.58566,28.94046],[79.57973,28.94228],[79.58078,28.93682],[79.57652,28.93298],[79.57666,28.93025],[79.57213,28.92909],[79.5776,28.9253],[79.57263,28.92415],[79.5768,28.92098],[79.58429,28.92812],[79.59591,28.9233],[79.59581,28.91065],[79.60078,28.91001],[79.5953,28.90157],[79.59307,28.90101],[79.60507,28.89109],[79.60565,28.89051],[79.61222,28.88643],[79.61447,28.87952],[79.61521,28.87875],[79.61621,28.87917],[79.61881,28.87841],[79.62045,28.87965],[79.62093,28.87854],[79.62127,28.87788],[79.62208,28.87951],[79.62302,28.88153],[79.6266,28.88217],[79.63089,28.88248],[79.63108,28.8802],[79.63076,28.879],[79.62818,28.86824],[79.63262,28.86419],[79.63676,28.86621],[79.63681,28.86617],[79.64486,28.86343],[79.65133,28.86859],[79.65557,28.86841],[79.65605,28.86977],[79.66042,28.86835],[79.66571,28.86557],[79.6644,28.86129],[79.67212,28.85801],[79.67738,28.85927],[79.68256,28.85629],[79.68251,28.85063],[79.69169,28.84815],[79.68996,28.84533],[79.69292,28.84591],[79.70667,28.84101],[79.70625,28.84445],[79.70962,28.8511],[79.71855,28.84881],[79.71991,28.84567],[79.72637,28.86097],[79.73652,28.85626],[79.73825,28.85876],[79.74565,28.85992],[79.74907,28.87177],[79.75925,28.87085],[79.76675,28.87493],[79.78082,28.87139],[79.78861,28.87269],[79.79325,28.88287],[79.7998,28.88748],[79.8147,28.88369],[79.81383,28.88656],[79.81802,28.88781],[79.82581,28.88511],[79.83073,28.89555],[79.83538,28.89872],[79.85162,28.89921],[79.85865,28.90971],[79.854,28.92942],[79.84974,28.93566],[79.86777,28.93694],[79.8743,28.94338],[79.87916,28.95447],[79.88054,28.96963],[79.88793,28.97741],[79.88882,28.99046],[79.88806,28.99257],[79.88782,28.99325],[79.88622,28.996],[79.87951,28.99355],[79.87821,28.98993],[79.88126,28.98566],[79.87784,28.98553],[79.8776,28.98408],[79.88053,28.9833],[79.87805,28.97903],[79.87254,28.97917],[79.87021,28.98204],[79.8737,28.98354],[79.87327,28.98844],[79.87551,28.99286],[79.87373,28.99196],[79.86911,28.99596],[79.86443,29.00287],[79.86293,29.00979],[79.85676,29.01324],[79.84979,29.00966],[79.84781,29.00391],[79.84524,29.00475],[79.84638,29.00144],[79.84201,28.99613],[79.8379,28.99464],[79.83951,28.99851],[79.83734,29.0005],[79.83616,28.99777],[79.82941,28.99443],[79.82843,28.99584],[79.82481,28.99487],[79.82744,28.9891],[79.82424,28.99014],[79.81173,28.98483],[79.81304,28.99227],[79.81127,28.99307],[79.80994,28.99358],[79.8066,28.9903],[79.80635,28.99288],[79.79999,28.99947],[79.79324,28.99819],[79.79651,29.01352],[79.80208,29.01622],[79.80626,29.01584],[79.80105,29.02443],[79.79009,29.02311],[79.78857,29.02712],[79.7743,29.02497],[79.7717,29.02731],[79.77646,29.02766],[79.77715,29.03028],[79.77199,29.03138],[79.76611,29.03649],[79.76117,29.03517],[79.75943,29.03473],[79.75421,29.03179],[79.74744,29.03206],[79.75048,29.02633],[79.74537,29.02552],[79.72479,29.02686],[79.72015,29.03098],[79.71059,29.03103],[79.70573,29.03547],[79.70238,29.03922],[79.69447,29.04477],[79.69321,29.05264],[79.6929,29.05314],[79.67384,29.06951],[79.66482,29.06829],[79.65342,29.07421],[79.65193,29.07739],[79.64865,29.0698],[79.64551,29.07025],[79.63871,29.06292],[79.63409,29.06151],[79.63263,29.05467],[79.62752,29.05004]]]},"properties":{"bpcode":1023,"bpname":"Sitarganj","dtcode":67,"dtname":"Udam singh nagar","stcode":5,"stname":"Uttarakhand"}},
{"type":"Feature","geometry":{"type":"Polygon","coordinates":[[[79.62752,29.05004],[79.55926,29.05283],[79.46044,29.05128],[79.45818,29.05139],[79.41595,29.05144],[79.42107,29.05953],[79.42504,29.06631],[79.43563,29.08355],[79.40131,29.1146],[79.3836,29.14418],[79.37535,29.15186],[79.37017,29.15363],[79.36626,29.15497],[79.3657,29.15517],[79.36859,29.15182],[79.36778,29.14917],[79.35949,29.14194],[79.3616,29.13072],[79.35683,29.11942],[79.35182,29.11332],[79.355,29.10618],[79.35387,29.10156],[79.38348,29.08129],[79.39724,29.06947],[79.38815,29.05546],[79.37821,29.05028],[79.37299,29.0444],[79.37148,29.04158],[79.37411,29.03453],[79.37074,29.01957],[79.35695,29.00348],[79.34447,28.99526],[79.33521,28.99476],[79.33322,28.99161],[79.33425,28.98712],[79.33225,28.98797],[79.32977,28.98504],[79.32612,28.98577],[79.32516,28.98398],[79.322,28.98471],[79.32136,28.97818],[79.31613,28.9796],[79.31341,28.9768],[79.32146,28.9718],[79.33722,28.97213],[79.35627,28.9677],[79.3647,28.96807],[79.36517,28.97074],[79.36099,28.97193],[79.36309,28.97798],[79.36211,28.98144],[79.36763,28.98664],[79.37236,28.98747],[79.37769,28.9757],[79.37714,28.97139],[79.38175,28.9698],[79.3853,28.95177],[79.39065,28.94739],[79.40471,28.94921],[79.40615,28.95222],[79.40803,28.95193],[79.41583,28.94382],[79.41558,28.94137],[79.41901,28.94003],[79.41889,28.93298],[79.41584,28.92787],[79.42795,28.91978],[79.42689,28.91618],[79.42487,28.91675],[79.427,28.91533],[79.42479,28.91545],[79.42692,28.91442],[79.42539,28.91324],[79.42764,28.91269],[79.42511,28.91213],[79.42692,28.91128],[79.42428,28.90841],[79.42532,28.90522],[79.4222,28.90134],[79.42466,28.89743],[79.42294,28.89349],[79.42773,28.89298],[79.43099,28.8868],[79.42787,28.87653],[79.42501,28.87366],[79.42557,28.86642],[79.44172,28.86166],[79.44518,28.86383],[79.44584,28.8675],[79.45019,28.86772],[79.44979,28.87079],[79.45164,28.87163],[79.46194,28.86676],[79.46611,28.86777],[79.47722,28.86457],[79.47873,28.87114],[79.49683,28.87289],[79.50992,28.86453],[79.5114,28.86722],[79.52178,28.86474],[79.52351,28.86712],[79.53304,28.86971],[79.53716,28.87694],[79.54166,28.88043],[79.54046,28.88193],[79.54219,28.88453],[79.54595,28.88558],[79.54791,28.89097],[79.54945,28.89008],[79.55494,28.89376],[79.55275,28.8958],[79.55648,28.89926],[79.57062,28.89253],[79.57124,28.88646],[79.57755,28.88864],[79.57835,28.88349],[79.58427,28.87918],[79.58019,28.87115],[79.58097,28.86616],[79.57351,28.85514],[79.57565,28.85045],[79.58252,28.847],[79.58436,28.84627],[79.58751,28.84999],[79.59155,28.8495],[79.5936,28.85204],[79.59712,28.85125],[79.60339,28.85472],[79.6039,28.85683],[79.61331,28.85283],[79.62188,28.86463],[79.62659,28.86664],[79.63092,28.86112],[79.63262,28.86419],[79.62818,28.86824],[79.63076,28.879],[79.63108,28.8802],[79.63089,28.88248],[79.6266,28.88217],[79.62302,28.88153],[79.62208,28.87951],[79.62127,28.87788],[79.62093,28.87854],[79.62045,28.87965],[79.61881,28.87841],[79.61621,28.87917],[79.61521,28.87875],[79.61447,28.87952],[79.61222,28.88643],[79.60565,28.89051],[79.60507,28.89109],[79.59307,28.90101],[79.5953,28.90157],[79.60078,28.91001],[79.59581,28.91065],[79.59591,28.9233],[79.58429,28.92812],[79.5768,28.92098],[79.57263,28.92415],[79.5776,28.9253],[79.57213,28.92909],[79.57666,28.93025],[79.57652,28.93298],[79.58078,28.93682],[79.57973,28.94228],[79.58566,28.94046],[79.5865,28.94471],[79.59166,28.94774],[79.59183,28.94991],[79.58941,28.95265],[79.59153,28.9542],[79.59629,28.95112],[79.59654,28.9472],[79.60015,28.94597],[79.60226,28.94808],[79.59992,28.94924],[79.5982,28.95548],[79.59938,28.95884],[79.59726,28.96033],[79.59786,28.96266],[79.60338,28.96181],[79.60634,28.96406],[79.60178,28.9814],[79.60163,28.98232],[79.60455,28.98396],[79.60827,28.98249],[79.61148,28.99427],[79.6138,28.99775],[79.61857,28.99962],[79.61997,29.00337],[79.62015,29.00426],[79.62151,29.01013],[79.62907,29.01194],[79.62854,29.0127],[79.62451,29.02137],[79.62448,29.02221],[79.62783,29.02777],[79.62752,29.05004]]]},"properties":{"bpcode":1022,"bpname":"Rudrapur","dtcode":67,"dtname":"Udam singh nagar","stcode":5,"stname":"Uttarakhand"}},
{"type":"Feature","geometry":{"type":"Polygon","coordinates":[[[78.03664,30.10478],[78.03577,30.11073],[78.03313,30.11066],[78.03275,30.11971],[78.02962,30.12192],[78.02683,30.13335],[78.01475,30.14721],[78.00827,30.16956],[77.99101,30.1947],[77.98672,30.19965],[77.9859,30.20431],[77.98367,30.20394],[77.98128,30.2073],[77.9808,30.20798],[77.97425,30.21318],[77.97519,30.21839],[77.97328,30.22062],[77.96888,30.2202],[77.95625,30.23006],[77.95578,30.23057],[77.9617,30.24237],[77.958,30.24224],[77.94692,30.23406],[77.94602,30.23036],[77.94116,30.22788],[77.93213,30.21439],[77.91894,30.21128],[77.91802,30.20307],[77.91393,30.19647],[77.91483,30.19156],[77.91175,30.18665],[77.91202,30.18253],[77.90028,30.17259],[77.88893,30.15732],[77.88118,30.15073],[77.86609,30.11914],[77.86042,30.11319],[77.84936,30.1047],[77.84161,30.10265],[77.83682,30.10352],[77.83661,30.09844],[77.83303,30.09458],[77.83428,30.09052],[77.82805,30.08592],[77.82167,30.08568],[77.81045,30.09272],[77.80119,30.09548],[77.7997,30.08719],[77.79675,30.08528],[77.79845,30.08355],[77.79477,30.08125],[77.79582,30.07986],[77.78113,30.06048],[77.77482,30.05522],[77.77114,30.04802],[77.77005,30.04255],[77.78137,30.0335],[77.77938,30.03067],[77.78549,30.02789],[77.78198,30.01863],[77.77581,30.01797],[77.77391,30.01475],[77.76196,30.0093],[77.76423,30.00445],[77.75538,29.999],[77.76038,29.99511],[77.75034,29.98587],[77.74371,29.98336],[77.74603,29.98055],[77.7402,29.97529],[77.74062,29.96956],[77.7333,29.95593],[77.74836,29.95164],[77.74492,29.94784],[77.74723,29.94664],[77.743,29.94381],[77.74299,29.94094],[77.74062,29.94219],[77.73047,29.93169],[77.74289,29.92493],[77.74298,29.9181],[77.74778,29.91117],[77.73653,29.90666],[77.7386,29.90321],[77.73367,29.90157],[77.73392,29.89964],[77.72927,29.90051],[77.72856,29.89755],[77.73186,29.8928],[77.72507,29.89031],[77.72275,29.88442],[77.71735,29.88746],[77.71471,29.88408],[77.71767,29.87734],[77.72077,29.87616],[77.71417,29.87045],[77.71864,29.86545],[77.71652,29.86319],[77.72344,29.85505],[77.72567,29.85613],[77.72657,29.85424],[77.74189,29.85185],[77.74404,29.83988],[77.74022,29.83473],[77.7557,29.8253],[77.75399,29.8208],[77.75831,29.8188],[77.75826,29.81937],[77.76039,29.82079],[77.7653,29.8221],[77.77463,29.81902],[77.78326,29.84939],[77.78322,29.85692],[77.79411,29.87084],[77.79214,29.87211],[77.79279,29.87469],[77.80083,29.87744],[77.81931,29.91649],[77.81799,29.92402],[77.82436,29.93518],[77.83282,29.93632],[77.83656,29.93246],[77.84988,29.92877],[77.85782,29.92444],[77.86256,29.91625],[77.87597,29.90199],[77.87543,29.89922],[77.88496,29.89493],[77.88589,29.9046],[77.89255,29.91292],[77.88882,29.91918],[77.88724,29.93366],[77.88164,29.94216],[77.88125,29.95413],[77.88697,29.95794],[77.89659,29.9598],[77.89983,29.96383],[77.90457,29.96301],[77.9052,29.9576],[77.90999,29.96593],[77.9028,29.97316],[77.90699,29.97732],[77.90798,29.97837],[77.91275,29.99352],[77.91141,29.99611],[77.90846,29.99432],[77.90674,29.99687],[77.91488,30.00408],[77.91445,30.00749],[77.91693,30.00938],[77.91527,30.01344],[77.93935,30.03395],[77.94477,30.03313],[77.94691,30.03993],[77.94669,30.0404],[77.95318,30.04828],[77.95487,30.05384],[77.96459,30.06281],[77.96685,30.06842],[77.98085,30.07926],[77.99021,30.08348],[77.99768,30.08341],[77.99921,30.08596],[78.00368,30.08246],[78.00931,30.08386],[78.02182,30.10005],[78.03664,30.10478]]]},"properties":{"bpcode":969,"bpname":"Bhagwanpur","dtcode":68,"dtname":"Haridwar","stcode":5,"stname":"Uttarakhand"}}
]}