{"type":"FeatureCollection", "features": [
{"type":"Feature","geometry":{"type":"Polygon","coordinates":[[[78.405781,30.471519],[78.408779,30.476954],[78.410644,30.480337],[78.413155,30.490474],[78.414107,30.501941],[78.419,30.51278],[78.428607,30.521651],[78.437385,30.527817],[78.437462,30.533209],[78.449394,30.538736],[78.454215,30.544182],[78.448819,30.553554],[78.448995,30.565686],[78.439538,30.567598],[78.436551,30.579693],[78.437496,30.590485],[78.437671,30.602617],[78.444128,30.612166],[78.456036,30.614956],[78.461573,30.615018],[78.470333,30.61916],[78.478115,30.625794],[78.481158,30.62443],[78.48318,30.62205],[78.487219,30.62184],[78.493769,30.623835],[78.497695,30.623478],[78.499361,30.621455],[78.501145,30.6186],[78.503287,30.616458],[78.511615,30.609796],[78.513875,30.606822],[78.514589,30.603014],[78.514708,30.598731],[78.513638,30.5954],[78.512091,30.592307],[78.508641,30.588381],[78.507332,30.58731],[78.504477,30.586239],[78.501026,30.582551],[78.499718,30.580291],[78.499123,30.573509],[78.498647,30.57113],[78.498766,30.568393],[78.49829,30.565895],[78.497219,30.56292],[78.49603,30.561017],[78.496149,30.558637],[78.496505,30.555901],[78.497695,30.55257],[78.496981,30.551142],[78.496153,30.548021],[78.496792,30.537921],[78.504604,30.531943],[78.512465,30.529334],[78.522009,30.533481],[78.527571,30.535563],[78.537066,30.536339],[78.541859,30.539759],[78.541215,30.549185],[78.545323,30.559337],[78.545427,30.566077],[78.547145,30.574854],[78.551213,30.58231],[78.556874,30.590456],[78.566511,30.599991],[78.56666,30.609426],[78.573863,30.614891],[78.582734,30.625765],[78.590014,30.635947],[78.592017,30.662247],[78.592201,30.673704],[78.590747,30.681774],[78.582116,30.686401],[78.586963,30.692516],[78.598857,30.693986],[78.610687,30.691411],[78.618613,30.692165],[78.624088,30.688178],[78.640743,30.690365],[78.649495,30.693146],[78.648849,30.7019],[78.656087,30.708708],[78.672825,30.715609],[78.686308,30.717087],[78.700652,30.722612],[78.707871,30.728071],[78.715115,30.734876],[78.719039,30.732891],[78.723674,30.726197],[78.736201,30.718227],[78.746435,30.714951],[78.751328,30.723081],[78.761681,30.726543],[78.797314,30.726858],[78.808413,30.727628],[78.819548,30.730418],[78.827567,30.735876],[78.837987,30.742702],[78.849917,30.745496],[78.850055,30.752908],[78.852584,30.761014],[78.853502,30.767759],[78.849654,30.773792],[78.848183,30.779843],[78.8468,30.790611],[78.854159,30.8028],[78.856701,30.811579],[78.859193,30.817664],[78.859295,30.823054],[78.853937,30.833117],[78.848564,30.842505],[78.851925,30.852638],[78.852819,30.858036],[78.864815,30.863524],[78.873717,30.873028],[78.875393,30.877758],[78.885728,30.879188],[78.897509,30.873218],[78.908663,30.876001],[78.912682,30.878726],[78.914333,30.882108],[78.927737,30.878169],[78.938814,30.876906],[78.941047,30.869512],[78.946412,30.860119],[78.964609,30.858234],[78.973345,30.858972],[78.985254,30.859732],[78.991693,30.864494],[79.001139,30.861193],[79.01209,30.853859],[79.017488,30.846486],[79.016351,30.829635],[79.018577,30.82224],[79.024572,30.805439],[79.040533,30.810937],[79.052309,30.805627],[79.061763,30.802995],[79.068839,30.800348],[79.080469,30.788297],[79.091406,30.780957],[79.111934,30.777718],[79.11905,30.777089],[79.129851,30.763681],[79.139195,30.756328],[79.151796,30.753035],[79.160597,30.757129],[79.167023,30.761209],[79.178009,30.756556],[79.190533,30.749891],[79.196749,30.744537],[79.209392,30.74326],[79.222795,30.740638],[79.236259,30.740711],[79.249645,30.737412],[79.262907,30.728723],[79.273218,30.729449],[79.28272,30.729496],[79.285471,30.745678],[79.288097,30.75647],[79.285039,30.76117],[79.270159,30.768506],[79.268,30.777926],[79.265809,30.786],[79.249308,30.791978],[79.249369,30.794672],[79.244007,30.802729],[79.242576,30.809458],[79.234742,30.813459],[79.229362,30.820841],[79.231862,30.826243],[79.243021,30.828997],[79.245522,30.834399],[79.244945,30.843828],[79.256261,30.853317],[79.263646,30.864133],[79.267767,30.87089],[79.271017,30.874275],[79.283007,30.878377],[79.283957,30.885117],[79.280242,30.895878],[79.274146,30.906626],[79.278285,30.914056],[79.287948,30.920167],[79.28977,30.93028],[79.290784,30.939716],[79.282942,30.943719],[79.273543,30.949063],[79.269669,30.953085],[79.267657,30.957981],[79.29052,30.9682],[79.300986,30.967759],[79.31407,30.959383],[79.321396,30.959824],[79.329769,30.969964],[79.32349,30.981426],[79.330293,30.997297],[79.310406,31.00391],[79.308313,31.012728],[79.318256,31.0189],[79.324536,31.026835],[79.353842,31.032567],[79.367449,31.040061],[79.370065,31.049319],[79.385242,31.059459],[79.387335,31.066513],[79.415071,31.073126],[79.415919,31.089157],[79.412086,31.106404],[79.406976,31.113431],[79.392923,31.115986],[79.382063,31.114708],[79.376314,31.115347],[79.367703,31.11819],[79.366481,31.120403],[79.366572,31.120936],[79.362261,31.122374],[79.355873,31.122374],[79.351736,31.122787],[79.349539,31.124927],[79.347954,31.125521],[79.344375,31.126206],[79.342075,31.126974],[79.338608,31.132787],[79.335405,31.132655],[79.329889,31.132787],[79.322492,31.13784],[79.321237,31.138566],[79.319025,31.142331],[79.318232,31.143454],[79.316908,31.144092],[79.312353,31.148275],[79.311528,31.150554],[79.309447,31.15488],[79.309249,31.156531],[79.308754,31.158777],[79.309018,31.163136],[79.308622,31.164523],[79.305551,31.167264],[79.304725,31.169576],[79.308853,31.172879],[79.308622,31.175223],[79.308468,31.175287],[79.308603,31.175393],[79.306002,31.183906],[79.306574,31.187046],[79.306442,31.187971],[79.306244,31.1884],[79.305517,31.18873],[79.30489,31.189391],[79.304824,31.189985],[79.305616,31.193717],[79.306145,31.194774],[79.306277,31.195566],[79.306079,31.197317],[79.304923,31.198241],[79.304361,31.202171],[79.304064,31.203129],[79.303635,31.20369],[79.30347,31.204153],[79.303899,31.205342],[79.304692,31.206465],[79.304692,31.207059],[79.303932,31.208512],[79.30347,31.209965],[79.303272,31.211947],[79.30281,31.213499],[79.300266,31.215084],[79.300696,31.217032],[79.300861,31.219047],[79.299111,31.219641],[79.297426,31.220467],[79.29627,31.221227],[79.294983,31.222283],[79.293365,31.224364],[79.28884,31.226444],[79.289236,31.22694],[79.289633,31.228459],[79.289401,31.229152],[79.287981,31.230969],[79.287783,31.232059],[79.286264,31.236154],[79.285042,31.23721],[79.282697,31.238895],[79.28032,31.238267],[79.279296,31.238201],[79.278305,31.238201],[79.275993,31.238564],[79.272658,31.238796],[79.270214,31.238333],[79.266284,31.238267],[79.265128,31.238498],[79.262024,31.239522],[79.260604,31.239786],[79.260175,31.240017],[79.258986,31.241537],[79.258292,31.241603],[79.25674,31.242131],[79.25608,31.242593],[79.252678,31.246655],[79.250664,31.247778],[79.249574,31.248901],[79.247196,31.249396],[79.245578,31.250024],[79.244389,31.25075],[79.240954,31.253723],[79.239931,31.254812],[79.239072,31.25544],[79.237619,31.256167],[79.233887,31.257653],[79.230519,31.2597],[79.229759,31.259832],[79.228075,31.259568],[79.226325,31.260592],[79.226721,31.261814],[79.228273,31.265314],[79.229924,31.267032],[79.232203,31.268947],[79.234878,31.270268],[79.235373,31.269607],[79.236001,31.269541],[79.236859,31.269574],[79.237817,31.270103],[79.238544,31.270697],[79.242209,31.272613],[79.24254,31.273075],[79.242771,31.273802],[79.244422,31.275023],[79.245578,31.276212],[79.246569,31.276939],[79.246965,31.277566],[79.247064,31.278095],[79.246569,31.279746],[79.246569,31.280506],[79.247031,31.281265],[79.248517,31.283015],[79.249211,31.284667],[79.24888,31.286318],[79.248913,31.287441],[79.249574,31.29114],[79.250201,31.293253],[79.250069,31.293649],[79.24964,31.294112],[79.248814,31.294607],[79.24713,31.296027],[79.246536,31.296688],[79.244422,31.297381],[79.240228,31.297943],[79.237949,31.300452],[79.236595,31.301245],[79.231774,31.302929],[79.228967,31.303689],[79.22791,31.306034],[79.227282,31.308246],[79.22682,31.308874],[79.225895,31.311119],[79.225367,31.311582],[79.223451,31.312143],[79.222593,31.312969],[79.221008,31.315016],[79.220248,31.316502],[79.220942,31.316899],[79.22147,31.317658],[79.222262,31.319309],[79.22256,31.320399],[79.222659,31.323041],[79.223914,31.326377],[79.225994,31.327698],[79.22715,31.328986],[79.227613,31.329745],[79.22824,31.330175],[79.229957,31.330274],[79.230618,31.330604],[79.231774,31.331694],[79.233986,31.332552],[79.235241,31.33351],[79.236496,31.334996],[79.232863,31.335921],[79.232104,31.33635],[79.231245,31.337242],[79.228867,31.340907],[79.227943,31.341535],[79.226589,31.34279],[79.2254,31.344639],[79.224442,31.345564],[79.223286,31.346191],[79.220512,31.346786],[79.217969,31.347611],[79.215856,31.348833],[79.215294,31.349428],[79.214964,31.350187],[79.214832,31.350914],[79.213412,31.353985],[79.211067,31.353853],[79.208722,31.353259],[79.205916,31.352796],[79.204033,31.352961],[79.202778,31.353226],[79.200103,31.354481],[79.198881,31.35491],[79.19756,31.355174],[79.196503,31.355207],[79.193366,31.354877],[79.192276,31.354877],[79.191121,31.355471],[79.190229,31.356099],[79.18937,31.356462],[79.188082,31.356759],[79.187257,31.357387],[79.183921,31.359005],[79.182699,31.359864],[79.181246,31.36059],[79.180751,31.36026],[79.177613,31.360194],[79.176259,31.360392],[79.174509,31.360953],[79.173882,31.361515],[79.170612,31.363133],[79.17048,31.364586],[79.168961,31.370464],[79.168697,31.372281],[79.168664,31.374394],[79.169423,31.37522],[79.170777,31.377466],[79.172197,31.378919],[79.173584,31.381296],[79.174707,31.38275],[79.176259,31.384203],[79.17725,31.385491],[79.17616,31.387373],[79.175665,31.388628],[79.172693,31.391468],[79.171504,31.393615],[79.171405,31.395002],[79.171603,31.397016],[79.171405,31.397974],[79.170909,31.399064],[79.169027,31.398139],[79.167673,31.397677],[79.165361,31.397445],[79.163248,31.39979],[79.160936,31.402036],[79.159615,31.403819],[79.154661,31.40907],[79.152944,31.411877],[79.152449,31.413198],[79.15192,31.415972],[79.15126,31.417557],[79.150467,31.418581],[79.147726,31.421289],[79.144424,31.423238],[79.14373,31.424261],[79.143004,31.425979],[79.142706,31.427366],[79.142343,31.432088],[79.139965,31.432947],[79.137092,31.434433],[79.1363,31.435424],[79.128737,31.438858],[79.125963,31.439387],[79.123783,31.439486],[79.12167,31.439783],[79.118929,31.440377],[79.117418,31.441175],[79.116287,31.442095],[79.115098,31.442854],[79.114206,31.44325],[79.112027,31.443746],[79.109121,31.444902],[79.108493,31.445397],[79.107832,31.445661],[79.106842,31.447247],[79.100468,31.452696],[79.094326,31.452696],[79.084215,31.450991],[79.078964,31.457563],[79.075166,31.459016],[79.072821,31.454855],[79.068627,31.450165],[79.068,31.439432],[79.064678,31.435072],[79.063781,31.434969],[79.063337,31.434792],[79.062449,31.434037],[79.06205,31.433948],[79.061472,31.431951],[79.060895,31.430752],[79.060767,31.429558],[79.058232,31.429775],[79.054014,31.429331],[79.051129,31.427378],[79.049737,31.425628],[79.044271,31.433286],[79.037122,31.433224],[79.033819,31.431903],[79.032763,31.430978],[79.026983,31.430219],[79.023945,31.428006],[79.018892,31.426718],[79.01625,31.416414],[79.016184,31.403171],[79.017208,31.396203],[79.017076,31.393858],[79.017274,31.393231],[79.017704,31.392967],[79.017968,31.392537],[79.018034,31.390985],[79.016548,31.388575],[79.016283,31.387584],[79.015689,31.386626],[79.01483,31.385767],[79.013741,31.385041],[79.012585,31.38448],[79.011528,31.384149],[79.011297,31.383522],[79.010933,31.383126],[79.010504,31.382993],[79.010108,31.382168],[79.010768,31.376289],[79.011561,31.371105],[79.014005,31.368099],[79.014038,31.366613],[79.014236,31.366085],[79.015062,31.365523],[79.015028,31.365259],[79.015326,31.36483],[79.015491,31.363608],[79.015986,31.362683],[79.017472,31.361329],[79.018265,31.358753],[79.018959,31.357895],[79.01843,31.357003],[79.018133,31.35479],[79.018694,31.349011],[79.017274,31.348549],[79.01635,31.347954],[79.015689,31.347723],[79.014368,31.347525],[79.013278,31.347162],[79.011957,31.346105],[79.009943,31.345544],[79.008225,31.344421],[79.007268,31.343958],[79.002512,31.342637],[79.000465,31.341845],[78.999837,31.342373],[78.99888,31.34277],[78.994223,31.344256],[78.993001,31.345048],[78.99234,31.345279],[78.991746,31.345742],[78.990359,31.346105],[78.989137,31.347129],[78.987651,31.347954],[78.987222,31.348516],[78.986528,31.349969],[78.988873,31.351752],[78.989203,31.352215],[78.989401,31.354956],[78.989203,31.356211],[78.986892,31.357499],[78.985604,31.358423],[78.982499,31.36024],[78.981872,31.361032],[78.981145,31.36156],[78.980188,31.362981],[78.979362,31.363938],[78.978603,31.36341],[78.978074,31.362551],[78.977381,31.361957],[78.97672,31.360768],[78.975729,31.360008],[78.972526,31.358159],[78.969686,31.356904],[78.968266,31.357135],[78.966912,31.357961],[78.96569,31.358522],[78.963048,31.35948],[78.960208,31.360801],[78.958788,31.360966],[78.955122,31.363443],[78.952282,31.364929],[78.950631,31.365457],[78.949079,31.365788],[78.947427,31.365623],[78.946767,31.365689],[78.944818,31.36625],[78.943861,31.365656],[78.94363,31.3645],[78.94353,31.360702],[78.94254,31.359645],[78.942176,31.358952],[78.941747,31.353172],[78.941912,31.351785],[78.941813,31.351257],[78.941318,31.350167],[78.939039,31.346534],[78.938841,31.345742],[78.937916,31.344619],[78.937091,31.343925],[78.936232,31.343562],[78.934416,31.34343],[78.933656,31.343166],[78.93217,31.341944],[78.931939,31.341581],[78.931608,31.33983],[78.931047,31.338146],[78.930189,31.33742],[78.929825,31.336891],[78.929396,31.334084],[78.928834,31.332961],[78.927183,31.33098],[78.926985,31.329461],[78.925796,31.328074],[78.925301,31.327248],[78.922692,31.326356],[78.922065,31.325134],[78.92038,31.324144],[78.919885,31.323318],[78.919323,31.32279],[78.917573,31.321766],[78.917474,31.321271],[78.917144,31.321039],[78.917243,31.319652],[78.917144,31.318662],[78.917804,31.31777],[78.917936,31.317076],[78.917606,31.315689],[78.917144,31.31493],[78.915823,31.313477],[78.914271,31.311429],[78.913214,31.310372],[78.912917,31.31024],[78.912752,31.30991],[78.912322,31.309778],[78.910506,31.308721],[78.909911,31.308655],[78.907996,31.308787],[78.906015,31.309283],[78.904561,31.308556],[78.903174,31.306938],[78.902481,31.306343],[78.901919,31.306013],[78.900697,31.305749],[78.900268,31.305485],[78.899343,31.304362],[78.897494,31.302645],[78.897428,31.30172],[78.898386,31.301126],[78.898881,31.300366],[78.899476,31.300267],[78.900433,31.299375],[78.900962,31.297361],[78.901853,31.29571],[78.90182,31.294389],[78.900235,31.292077],[78.899509,31.289732],[78.895678,31.288774],[78.894819,31.288213],[78.893663,31.287718],[78.89264,31.287453],[78.887983,31.286991],[78.88339,31.286193],[78.881749,31.287079],[78.88756,31.267987],[78.920006,31.248148],[78.921576,31.235363],[78.929949,31.219492],[78.937799,31.217288],[78.949312,31.217288],[78.947219,31.209793],[78.952976,31.196567],[78.959256,31.188191],[78.988562,31.174965],[78.992748,31.164825],[78.988385,31.156627],[78.991701,31.148514],[78.981758,31.14146],[78.969722,31.120739],[78.971292,31.107513],[78.977286,31.103726],[78.974279,31.10286],[78.953556,31.100014],[78.944031,31.100617],[78.931364,31.103216],[78.918725,31.107163],[78.911543,31.10576],[78.90586,31.099653],[78.901,31.094899],[78.884358,31.097464],[78.875743,31.104132],[78.866396,31.114163],[78.852982,31.119444],[78.84671,31.124108],[78.835767,31.134124],[78.829582,31.143504],[78.820376,31.161618],[78.810956,31.168276],[78.808632,31.171624],[78.811976,31.180412],[78.814525,31.189191],[78.813034,31.194568],[78.796299,31.193078],[78.781021,31.184188],[78.76588,31.182708],[78.750763,31.182574],[78.726918,31.183706],[78.71578,31.183604],[78.701517,31.186841],[78.688845,31.190091],[78.676137,31.191318],[78.666555,31.189205],[78.664076,31.183791],[78.657723,31.184404],[78.656211,31.189106],[78.649186,31.197122],[78.648537,31.205875],[78.641431,31.209175],[78.629517,31.210405],[78.620033,31.214353],[78.606592,31.219609],[78.593901,31.222176],[78.584295,31.218709],[78.569893,31.213845],[78.566625,31.208421],[78.55614,31.199554],[78.55127,31.193438],[78.547365,31.198114],[78.539398,31.197356],[78.531336,31.190533],[78.521809,31.191779],[78.500325,31.191547],[78.488411,31.192765],[78.48685,31.194769],[78.493307,31.200903],[78.492634,31.208981],[78.474422,31.214844],[78.471339,31.221549],[78.46349,31.228872],[78.460395,31.234901],[78.45166,31.236151],[78.443768,31.240778],[78.441498,31.248839],[78.437527,31.249468],[78.43105,31.241982],[78.424525,31.231127],[78.416595,31.233057],[78.412663,31.236381],[78.408837,31.247117],[78.404204,31.257169],[78.403494,31.263226],[78.399513,31.263179],[78.393172,31.265126],[78.391674,31.271847],[78.382981,31.276461],[78.37661,31.276386],[78.362238,31.27352],[78.358209,31.270104],[78.346256,31.269286],[78.33194,31.27046],[78.321571,31.268985],[78.298896,31.269635],[78.298576,31.266999],[78.294644,31.265665],[78.292044,31.267271],[78.287089,31.268439],[78.283687,31.268008],[78.280527,31.265308],[78.275238,31.258085],[78.273126,31.255604],[78.270242,31.254489],[78.26602,31.249754],[78.265982,31.245218],[78.263088,31.242969],[78.258103,31.240507],[78.254165,31.238264],[78.252572,31.235326],[78.247082,31.234908],[78.240568,31.236992],[78.236404,31.23906],[78.224919,31.240494],[78.223328,31.237556],[78.223047,31.235062],[78.219645,31.234403],[78.217805,31.233054],[78.219095,31.231004],[78.220116,31.228049],[78.219059,31.226468],[78.213575,31.226729],[78.207844,31.228806],[78.196105,31.231147],[78.185407,31.2328],[78.177567,31.23262],[78.168927,31.230176],[78.154998,31.218916],[78.14922,31.21464],[78.137417,31.207902],[78.12589,31.202977],[78.1091,31.192181],[78.105171,31.190388],[78.08743,31.192978],[78.078292,31.193252],[78.07358,31.191689],[78.063886,31.186748],[78.059688,31.183594],[78.055499,31.181801],[78.05003,31.184096],[78.046627,31.182752],[78.043206,31.178459],[78.042403,31.175288],[78.039514,31.17258],[78.035054,31.168972],[78.032935,31.163992],[78.030283,31.1572],[78.028438,31.154261],[78.022691,31.153608],[78.012295,31.161369],[78.007354,31.164794],[78.001355,31.165729],[77.996397,31.166206],[77.988294,31.164428],[77.983842,31.161953],[77.981232,31.162191],[77.977595,31.165383],[77.967189,31.172233],[77.963027,31.1752],[77.959632,31.174988],[77.953346,31.171385],[77.951765,31.168443],[77.947827,31.164377],[77.945739,31.164386],[77.938949,31.16396],[77.936329,31.162156],[77.932657,31.158769],[77.930817,31.156281],[77.927417,31.154934],[77.92324,31.154951],[77.921145,31.153598],[77.918796,31.153607],[77.917241,31.155882],[77.915164,31.158385],[77.912032,31.158397],[77.906286,31.157739],[77.901578,31.155943],[77.897398,31.155278],[77.897389,31.153237],[77.898411,31.148469],[77.898397,31.145521],[77.898123,31.1428],[77.894449,31.138504],[77.890524,31.13625],[77.888673,31.13104],[77.889436,31.126501],[77.888898,31.1231],[77.885495,31.120618],[77.876355,31.119291],[77.869823,31.117273],[77.864323,31.112529],[77.861693,31.107775],[77.861673,31.103012],[77.863217,31.098016],[77.85822,31.088507],[77.851915,31.077868],[77.848256,31.076065],[77.841735,31.076088],[77.837816,31.074286],[77.83493,31.070213],[77.831781,31.065233],[77.830462,31.061381],[77.825236,31.058903],[77.820288,31.060507],[77.8169,31.061198],[77.816884,31.057115],[77.817657,31.054618],[77.821302,31.053018],[77.82234,31.051654],[77.822062,31.047345],[77.825943,31.039393],[77.827751,31.035078],[77.828523,31.03258],[77.82253,31.03328],[77.81732,31.034658],[77.811061,31.033997],[77.809227,31.031508],[77.807644,31.026522],[77.809449,31.021073],[77.809693,31.016762],[77.810988,31.01449],[77.816201,31.014473],[77.821934,31.014001],[77.824537,31.013086],[77.825307,31.010134],[77.825809,31.005142],[77.827186,31.00159],[77.839926,30.999823],[77.840196,30.996819],[77.841024,30.995617],[77.841992,30.994535],[77.842405,30.993334],[77.841985,30.991772],[77.841289,30.99045],[77.840731,30.988888],[77.840727,30.987206],[77.841135,30.984442],[77.841403,30.980476],[77.842232,30.979635],[77.844166,30.977231],[77.84568,30.973144],[77.851346,30.967254],[77.853276,30.963168],[77.853266,30.959563],[77.852844,30.956919],[77.852284,30.954877],[77.853662,30.952112],[77.85602,30.953073],[77.857272,30.955115],[77.858937,30.956076],[77.864201,30.955473],[77.865301,30.952468],[77.865707,30.948863],[77.866808,30.946218],[77.868467,30.945136],[77.872487,30.945975],[77.876093,30.947415],[77.879004,30.948255],[77.883993,30.948612],[77.887596,30.949211],[77.894675,30.953412],[77.896614,30.95329],[77.900214,30.952687],[77.906041,30.955086],[77.914655,30.962529],[77.923683,30.96901],[77.92951,30.971047],[77.942957,30.972716],[77.958767,30.976183],[77.964726,30.976296],[77.968464,30.97545],[77.972195,30.972681],[77.975375,30.970754],[77.97842,30.969909],[77.986989,30.96437],[77.988228,30.962445],[77.988222,30.960763],[77.989741,30.959679],[77.994032,30.958591],[77.996936,30.957265],[77.998039,30.955942],[77.998572,30.950773],[77.998448,30.950606],[78.012453,30.933298],[78.017857,30.918553],[78.016981,30.910453],[78.002524,30.907098],[77.998422,30.905122],[77.996416,30.903472],[77.99298,30.901329],[77.990404,30.899928],[77.98802,30.899023],[77.984689,30.899275],[77.980025,30.899365],[77.979255,30.897217],[77.978959,30.894657],[77.976272,30.889125],[77.976077,30.888051],[77.976263,30.886811],[77.97759,30.885405],[77.97911,30.884577],[77.983754,30.879613],[77.984511,30.878456],[77.983362,30.87664],[77.982401,30.874493],[77.982964,30.872344],[77.986369,30.867051],[77.986553,30.865399],[77.986547,30.863912],[77.986922,30.862589],[77.989483,30.860602],[77.989192,30.859033],[77.989077,30.854159],[77.989451,30.852588],[77.991054,30.848868],[77.992093,30.847049],[77.992368,30.844322],[77.991689,30.841184],[77.991778,30.839696],[77.994142,30.83614],[77.995084,30.833825],[77.995362,30.83209],[77.99602,30.830189],[77.997046,30.828976],[77.99866,30.822581],[78.004913,30.813913],[78.023065,30.806768],[78.026159,30.7994],[78.025278,30.790627],[78.027558,30.781226],[78.043318,30.773369],[78.059826,30.761477],[78.064486,30.752784],[78.066719,30.739339],[78.072211,30.7347],[78.077732,30.732757],[78.080028,30.725377],[78.083065,30.713291],[78.075896,30.709146],[78.067901,30.701618],[78.069334,30.687488],[78.068406,30.674671],[78.061976,30.665145],[78.047685,30.660221],[78.04127,30.652042],[78.034872,30.64521],[78.024588,30.645059],[78.019876,30.648359],[78.011166,30.647557],[78.010294,30.639458],[78.011774,30.629371],[78.009294,30.618552],[78.018031,30.613188],[78.024569,30.610801],[78.029775,30.608124],[78.036318,30.605447],[78.041226,30.602621],[78.046282,30.602473],[78.052231,30.603811],[78.055998,30.604241],[78.058972,30.605126],[78.066921,30.609283],[78.066188,30.614664],[78.067072,30.623437],[78.079799,30.630357],[78.096447,30.633963],[78.11626,30.63761],[78.126514,30.635058],[78.137557,30.632515],[78.147849,30.633331],[78.153394,30.63408],[78.159613,30.624731],[78.165016,30.613349],[78.164829,30.597174],[78.165495,30.5864],[78.194701,30.58275],[78.206527,30.580213],[78.23032,30.586591],[78.236745,30.594762],[78.240857,30.607618],[78.248008,30.610406],[78.25828,30.609865],[78.265449,30.614],[78.272601,30.616788],[78.279625,30.609465],[78.29061,30.602865],[78.293659,30.594143],[78.299116,30.588147],[78.28955,30.581962],[78.290184,30.569841],[78.301911,30.559881],[78.317667,30.556033],[78.324026,30.558808],[78.334337,30.561631],[78.349801,30.536213],[78.360736,30.526912],[78.375611,30.516984],[78.377261,30.514773],[78.384668,30.511677],[78.388535,30.509149],[78.393145,30.50677],[78.393889,30.504241],[78.393889,30.500672],[78.394632,30.498888],[78.39497,30.491472],[78.39968,30.486946],[78.400328,30.476846],[78.405781,30.471519]]]},"properties":{"ID":"05056","NAME":"Uttarkashi","TOTPOP_CY":406373,"AREA":7993.24}},
{"type":"Feature","geometry":{"type":"Polygon","coordinates":[[[79.237116,29.973696],[79.244461,29.972037],[79.254312,29.964058],[79.265093,29.960725],[79.279279,29.958669],[79.288154,29.950261],[79.286335,29.93675],[79.286912,29.92789],[79.304954,29.930488],[79.317645,29.930954],[79.329823,29.933951],[79.332189,29.941977],[79.336047,29.947054],[79.331564,29.956323],[79.327035,29.970234],[79.335808,29.972374],[79.34414,29.969448],[79.353011,29.961037],[79.360431,29.950932],[79.367373,29.939559],[79.383049,29.934121],[79.399137,29.937121],[79.410782,29.945595],[79.420543,29.946466],[79.429868,29.941004],[79.434234,29.944392],[79.43859,29.949045],[79.443898,29.956654],[79.451172,29.963002],[79.461345,29.973155],[79.472509,29.982043],[79.475772,30.001462],[79.480078,30.012866],[79.489765,30.023858],[79.499576,30.019238],[79.516701,30.01674],[79.528452,30.013808],[79.538308,30.002855],[79.549562,30.000764],[79.555392,30.005416],[79.560257,30.008377],[79.584193,30.009681],[79.601745,30.015612],[79.621231,30.02492],[79.643733,30.021989],[79.660886,30.01441],[79.675078,30.011045],[79.689235,30.013587],[79.694628,30.010637],[79.70977,30.011911],[79.714663,30.010647],[79.733231,30.011076],[79.750815,30.012768],[79.767424,30.014035],[79.787949,30.014035],[79.792817,30.017831],[79.809891,30.024579],[79.818658,30.030905],[79.82055,30.044828],[79.827354,30.053686],[79.838581,30.057478],[79.830224,30.067609],[79.820901,30.074785],[79.809633,30.079431],[79.796911,30.081121],[79.786595,30.090406],[79.785538,30.10644],[79.783513,30.120363],[79.77907,30.128381],[79.769762,30.130913],[79.76924,30.137242],[79.773604,30.145259],[79.784821,30.152852],[79.787739,30.156649],[79.790143,30.165509],[79.786161,30.179012],[79.794438,30.188293],[79.802716,30.197995],[79.806085,30.21023],[79.816824,30.21782],[79.825597,30.227099],[79.822612,30.237647],[79.823063,30.246086],[79.819616,30.250307],[79.818142,30.251151],[79.812713,30.260014],[79.804323,30.273097],[79.805257,30.283223],[79.819935,30.28828],[79.834134,30.291225],[79.850308,30.290794],[79.86553,30.283188],[79.877327,30.273896],[79.904747,30.27893],[79.927736,30.291138],[79.933597,30.297037],[79.954172,30.299961],[79.96546,30.294459],[79.977701,30.298657],[79.98846,30.306655],[79.997738,30.319717],[79.998703,30.325621],[80.003579,30.335737],[80.005028,30.344172],[80.008876,30.373697],[80.018169,30.384647],[80.028948,30.390109],[80.034316,30.402754],[80.044097,30.417076],[80.042127,30.420877],[80.039646,30.433539],[80.043558,30.439859],[80.043061,30.443234],[80.045985,30.453352],[80.04401,30.458419],[80.032223,30.460976],[80.028765,30.470686],[80.019418,30.478723],[80.022342,30.487998],[80.021827,30.498545],[80.019834,30.510783],[80.016361,30.525556],[80.008485,30.532322],[80.006498,30.541607],[80.019252,30.550441],[80.021678,30.563512],[80.028043,30.574467],[80.038831,30.585833],[80.045702,30.591302],[80.049245,30.596376],[80.044631,30.596553],[80.043061,30.60537],[80.037305,30.616392],[80.036258,30.63579],[80.016371,30.649016],[80.020558,30.655629],[80.017941,30.664887],[80.006428,30.66621],[80.001718,30.6715],[80.000148,30.677672],[79.993345,30.676349],[79.990205,30.680317],[79.971889,30.682081],[79.960899,30.693543],[79.963516,30.704124],[79.973982,30.705005],[79.978947,30.710314],[79.993521,30.71775],[80.0076,30.724369],[80.019695,30.73054],[80.025347,30.734704],[80.039623,30.732919],[80.045572,30.732324],[80.057172,30.72935],[80.064905,30.726971],[80.073531,30.726376],[80.079777,30.72816],[80.091674,30.72816],[80.088402,30.734704],[80.089592,30.748088],[80.088997,30.755524],[80.086023,30.762068],[80.086023,30.767421],[80.087807,30.79538],[80.086431,30.798154],[80.084545,30.803717],[80.084252,30.804985],[80.083504,30.806481],[80.080577,30.809767],[80.079601,30.81123],[80.078072,30.814808],[80.077617,30.815329],[80.076478,30.815947],[80.074006,30.820566],[80.070168,30.822452],[80.067988,30.824469],[80.063955,30.827819],[80.057287,30.833707],[80.057287,30.834617],[80.057124,30.835073],[80.055595,30.836146],[80.054945,30.837024],[80.054002,30.838813],[80.051465,30.840537],[80.050229,30.84122],[80.049285,30.84122],[80.048732,30.840993],[80.047724,30.839464],[80.043008,30.836894],[80.042194,30.836927],[80.041251,30.837187],[80.039007,30.83826],[80.037966,30.838944],[80.035168,30.841383],[80.03364,30.840505],[80.032956,30.84044],[80.031916,30.84083],[80.029574,30.842554],[80.028891,30.843432],[80.027199,30.846848],[80.025833,30.849157],[80.024285,30.849317],[80.021621,30.850726],[80.020124,30.851738],[80.015898,30.85559],[80.015325,30.856669],[80.013653,30.858276],[80.012662,30.860235],[80.009118,30.864109],[80.008171,30.866245],[80.00689,30.865506],[80.006304,30.865506],[80.003051,30.866417],[80.000514,30.866287],[79.999311,30.865929],[79.998107,30.865734],[79.996644,30.865864],[79.99531,30.867003],[79.994985,30.867621],[79.99492,30.868726],[79.995115,30.869605],[79.993358,30.873475],[79.992122,30.874614],[79.988707,30.876923],[79.984901,30.878127],[79.982364,30.878322],[79.980543,30.878062],[79.97781,30.87855],[79.976346,30.879135],[79.97485,30.879395],[79.972867,30.879434],[79.968964,30.880605],[79.964508,30.883532],[79.962361,30.887468],[79.961515,30.888541],[79.957189,30.886004],[79.950196,30.883142],[79.948081,30.882751],[79.945252,30.88363],[79.943333,30.883825],[79.942032,30.884215],[79.939787,30.883988],[79.938811,30.882784],[79.935103,30.879629],[79.93403,30.879206],[79.930972,30.88054],[79.928858,30.882589],[79.927459,30.886329],[79.926484,30.889647],[79.92502,30.891144],[79.924369,30.892054],[79.923296,30.894071],[79.921149,30.895665],[79.920401,30.896543],[79.919848,30.897551],[79.91949,30.898657],[79.918905,30.899373],[79.917961,30.900088],[79.917018,30.901097],[79.916335,30.902138],[79.914221,30.906204],[79.91292,30.907797],[79.911879,30.91105],[79.910805,30.912026],[79.908398,30.914693],[79.905048,30.914531],[79.902966,30.915181],[79.90095,30.916287],[79.898543,30.916352],[79.897469,30.91671],[79.895843,30.916645],[79.895095,30.916873],[79.894444,30.91736],[79.891419,30.916905],[79.890281,30.916938],[79.888784,30.917653],[79.888134,30.922825],[79.887191,30.926175],[79.886605,30.930014],[79.886996,30.933299],[79.887353,30.934372],[79.888427,30.936649],[79.888589,30.937365],[79.888404,30.937885],[79.886924,30.93909],[79.885609,30.939602],[79.883782,30.939803],[79.884275,30.94247],[79.88422,30.943876],[79.883946,30.944863],[79.883398,30.945922],[79.8817,30.948662],[79.882668,30.950251],[79.882905,30.951292],[79.882851,30.952297],[79.882613,30.952918],[79.882311,30.953198],[79.882148,30.955117],[79.88101,30.956549],[79.879839,30.956516],[79.878824,30.957208],[79.878399,30.957876],[79.877973,30.960723],[79.877939,30.962572],[79.877267,30.96432],[79.876393,30.965766],[79.875014,30.966942],[79.873939,30.967615],[79.870779,30.968959],[79.866039,30.971783],[79.864694,30.97222],[79.862778,30.97259],[79.862139,30.972892],[79.861635,30.973464],[79.860996,30.973598],[79.858811,30.974472],[79.857231,30.975582],[79.855718,30.975884],[79.854844,30.975683],[79.850507,30.97296],[79.849903,30.972825],[79.847314,30.973195],[79.845297,30.973968],[79.844524,30.973901],[79.841162,30.972724],[79.839515,30.971682],[79.837733,30.971144],[79.834607,30.972321],[79.833531,30.972321],[79.832926,30.972455],[79.831884,30.973397],[79.830942,30.973094],[79.827413,30.972623],[79.826404,30.972086],[79.824622,30.972186],[79.821361,30.971548],[79.819714,30.97148],[79.818168,30.971447],[79.816588,30.971682],[79.814739,30.97259],[79.814134,30.973262],[79.813562,30.974136],[79.81326,30.974909],[79.813125,30.97575],[79.812554,30.976859],[79.811411,30.977834],[79.8101,30.978271],[79.809091,30.978809],[79.808217,30.980288],[79.807141,30.979683],[79.806099,30.979347],[79.803712,30.977901],[79.801931,30.9777],[79.799914,30.977666],[79.797392,30.97854],[79.795274,30.980019],[79.794468,30.980793],[79.79393,30.981667],[79.793022,30.985633],[79.792081,30.986171],[79.789627,30.986642],[79.786265,30.98681],[79.780617,30.986642],[79.779777,30.986306],[79.778802,30.986272],[79.776213,30.986239],[79.775642,30.986541],[79.775003,30.987079],[79.774264,30.988356],[79.772583,30.988827],[79.77023,30.990037],[79.768784,30.990911],[79.767406,30.992088],[79.76596,30.99387],[79.764918,30.995954],[79.763405,30.996929],[79.762968,30.9975],[79.762666,30.998206],[79.762531,30.999887],[79.760346,30.999786],[79.758934,31.000055],[79.757993,31.000425],[79.757052,31.000996],[79.754833,31.003047],[79.752312,31.005804],[79.749488,31.003585],[79.748479,31.00261],[79.748177,31.002106],[79.747874,30.99982],[79.746664,30.996828],[79.745454,30.994744],[79.744008,30.992827],[79.743168,30.992054],[79.742159,30.990474],[79.741655,30.988894],[79.740008,30.985566],[79.738764,30.982574],[79.73826,30.981902],[79.737016,30.980759],[79.735974,30.980019],[79.734932,30.979515],[79.733015,30.978977],[79.725687,30.977901],[79.723872,30.976926],[79.722627,30.976523],[79.720342,30.976321],[79.716577,30.974674],[79.714552,30.975585],[79.713068,30.976042],[79.710865,30.977071],[79.706915,30.975981],[79.703584,30.974078],[79.700283,30.969523],[79.668884,30.983189],[79.668282,30.982728],[79.665555,30.982895],[79.663849,30.979334],[79.663127,30.978781],[79.663421,30.977931],[79.663099,30.976499],[79.662985,30.971874],[79.663499,30.970846],[79.664241,30.969818],[79.66544,30.968733],[79.665783,30.968047],[79.665783,30.967248],[79.662963,30.96448],[79.660986,30.964792],[79.658073,30.963193],[79.656417,30.962565],[79.65419,30.962108],[79.649051,30.960452],[79.647908,30.959938],[79.646138,30.958282],[79.645225,30.957711],[79.643283,30.957254],[79.641969,30.957083],[79.640999,30.956683],[79.637287,30.954113],[79.635117,30.953085],[79.630548,30.951886],[79.628378,30.9516],[79.625808,30.951087],[79.623923,30.950915],[79.620155,30.950915],[79.617699,30.948745],[79.616899,30.947603],[79.61674,30.946776],[79.609226,30.942394],[79.608272,30.94229],[79.607296,30.941867],[79.605897,30.940794],[79.604679,30.940236],[79.603136,30.939882],[79.602289,30.940546],[79.601176,30.941016],[79.598313,30.941355],[79.598235,30.941748],[79.580965,30.947921],[79.568929,30.94748],[79.565265,30.954093],[79.555322,30.956297],[79.549566,30.964673],[79.539622,30.972168],[79.53541,30.98238],[79.527063,30.988039],[79.516073,30.996415],[79.519736,31.006555],[79.5077,31.016254],[79.50927,31.025513],[79.504037,31.030803],[79.490954,31.031244],[79.473161,31.033889],[79.454844,31.029921],[79.436528,31.022868],[79.427631,31.022868],[79.415071,31.073126],[79.387335,31.066513],[79.385242,31.059459],[79.370065,31.049319],[79.367449,31.040061],[79.353842,31.032567],[79.324536,31.026835],[79.318256,31.0189],[79.308313,31.012728],[79.310406,31.00391],[79.330293,30.997297],[79.32349,30.981426],[79.329769,30.969964],[79.321396,30.959824],[79.31407,30.959383],[79.300986,30.967759],[79.29052,30.9682],[79.267657,30.957981],[79.269669,30.953085],[79.273543,30.949063],[79.282942,30.943719],[79.290784,30.939716],[79.28977,30.93028],[79.287948,30.920167],[79.278285,30.914056],[79.274146,30.906626],[79.280242,30.895878],[79.283957,30.885117],[79.283007,30.878377],[79.271017,30.874275],[79.267767,30.87089],[79.263646,30.864133],[79.256261,30.853317],[79.244945,30.843828],[79.245522,30.834399],[79.243021,30.828997],[79.231862,30.826243],[79.229362,30.820841],[79.234742,30.813459],[79.242576,30.809458],[79.244007,30.802729],[79.249369,30.794672],[79.249308,30.791978],[79.265809,30.786],[79.268,30.777926],[79.270159,30.768506],[79.285039,30.76117],[79.288097,30.75647],[79.285471,30.745678],[79.28272,30.729496],[79.284495,30.726964],[79.285416,30.724737],[79.287112,30.722244],[79.292511,30.71529],[79.292807,30.712279],[79.292642,30.710316],[79.293411,30.708874],[79.294646,30.70743],[79.29507,30.698791],[79.294903,30.696436],[79.294423,30.693558],[79.295035,30.691724],[79.297811,30.688181],[79.298733,30.686345],[79.299496,30.683594],[79.300098,30.679797],[79.298534,30.677315],[79.29976,30.674301],[79.30084,30.672989],[79.302539,30.671543],[79.304086,30.670622],[79.306256,30.670222],[79.309514,30.670211],[79.313232,30.669152],[79.315248,30.669145],[79.317418,30.668614],[79.321131,30.666769],[79.323443,30.663881],[79.32467,30.660998],[79.32636,30.657851],[79.329606,30.655614],[79.333327,30.655339],[79.337046,30.654803],[79.339215,30.654271],[79.341845,30.652953],[79.343851,30.650983],[79.345695,30.647835],[79.347397,30.647043],[79.349087,30.644027],[79.351404,30.642317],[79.35196,30.630405],[79.351786,30.626872],[79.349641,30.62314],[79.347007,30.623526],[79.344523,30.623006],[79.342345,30.621579],[79.34202,30.6186],[79.341387,30.61588],[79.341064,30.613289],[79.341674,30.611218],[79.341348,30.60798],[79.339787,30.605777],[79.336528,30.605256],[79.335277,30.602923],[79.333866,30.599814],[79.330587,30.594759],[79.327323,30.593072],[79.324532,30.59281],[79.316784,30.593449],[79.313993,30.593316],[79.304521,30.589808],[79.300328,30.588119],[79.299232,30.585657],[79.298752,30.582289],[79.296258,30.579178],[79.296241,30.575422],[79.295147,30.573348],[79.294206,30.570757],[79.293573,30.567907],[79.292013,30.565574],[79.289679,30.563369],[79.287964,30.561035],[79.285329,30.560902],[79.282078,30.561675],[79.278977,30.561282],[79.276345,30.561666],[79.274797,30.562182],[79.270768,30.562176],[79.268134,30.562301],[79.264729,30.563332],[79.261944,30.564494],[79.259312,30.565007],[79.254044,30.565258],[79.249548,30.564862],[79.246287,30.563173],[79.243179,30.560966],[79.239916,30.558629],[79.237893,30.556553],[79.237419,30.554221],[79.237255,30.55176],[79.23616,30.549168],[79.233674,30.547221],[79.233512,30.545407],[79.234745,30.543596],[79.234879,30.538157],[79.233625,30.534399],[79.230054,30.532191],[79.227413,30.530372],[79.225702,30.528297],[79.223371,30.52648],[79.218863,30.521938],[79.217754,30.515201],[79.217433,30.512092],[79.216802,30.508983],[79.21523,30.502633],[79.216003,30.501987],[79.216926,30.500435],[79.216919,30.498363],[79.216132,30.494735],[79.214571,30.491494],[79.212395,30.489029],[79.205414,30.485388],[79.194403,30.480314],[79.192314,30.478551],[79.189286,30.478102],[79.185409,30.47628],[79.182925,30.474202],[79.180595,30.471736],[79.177165,30.464346],[79.176072,30.461494],[79.166442,30.450981],[79.163495,30.448902],[79.159616,30.445914],[79.156353,30.441761],[79.156191,30.439171],[79.157112,30.436453],[79.158653,30.434384],[79.162046,30.430507],[79.162969,30.428437],[79.163572,30.423387],[79.164185,30.421187],[79.164792,30.417303],[79.163376,30.409658],[79.162131,30.407194],[79.159181,30.40356],[79.157625,30.400837],[79.156843,30.397726],[79.15605,30.391378],[79.156045,30.389435],[79.156496,30.384903],[79.15587,30.38257],[79.154318,30.380753],[79.15184,30.379841],[79.145494,30.37827],[79.142552,30.377097],[79.140074,30.375925],[79.137752,30.375142],[79.133889,30.376557],[79.132188,30.376941],[79.130331,30.376288],[79.128164,30.376024],[79.125226,30.376145],[79.122132,30.376007],[79.11981,30.375224],[79.11718,30.375087],[79.114554,30.376116],[79.113476,30.378056],[79.111781,30.380642],[79.109617,30.381283],[79.105904,30.381273],[79.102655,30.380746],[79.099095,30.379829],[79.094606,30.378391],[79.092591,30.376572],[79.092433,30.375017],[79.093821,30.373337],[79.094282,30.371914],[79.094432,30.369972],[79.095066,30.367993],[79.096881,30.365749],[79.099756,30.363548],[79.107317,30.356446],[79.108087,30.355153],[79.110246,30.352569],[79.112097,30.350631],[79.1141,30.347787],[79.115799,30.347015],[79.116878,30.345852],[79.118884,30.344044],[79.120428,30.343142],[79.121662,30.342109],[79.125367,30.339917],[79.128915,30.336559],[79.130148,30.335138],[79.131379,30.333198],[79.132612,30.331647],[79.134305,30.328673],[79.135538,30.32751],[79.13739,30.32622],[79.140942,30.324804],[79.141868,30.324289],[79.146334,30.318213],[79.145405,30.317563],[79.144318,30.315876],[79.143694,30.313932],[79.142764,30.312764],[79.14106,30.311593],[79.139048,30.310423],[79.137499,30.309253],[79.138411,30.303815],[79.140407,30.298769],[79.141487,30.298124],[79.143342,30.298259],[79.149993,30.300089],[79.152159,30.301001],[79.15386,30.301394],[79.156178,30.30127],[79.15803,30.300497],[79.159264,30.299335],[79.160029,30.296876],[79.160179,30.295192],[79.160012,30.291177],[79.15908,30.289491],[79.158293,30.290157],[79.156147,30.290923],[79.152467,30.291557],[79.149246,30.291677],[79.14541,30.291539],[79.142185,30.290502],[79.138652,30.288821],[79.136499,30.286887],[79.134805,30.284697],[79.133114,30.283406],[79.131119,30.283144],[79.12744,30.283905],[79.125294,30.284671],[79.122533,30.285178],[79.119681,30.285199],[79.118044,30.282813],[79.115919,30.281333],[79.113915,30.281162],[79.111872,30.282427],[79.109207,30.283812],[79.107319,30.28508],[79.104981,30.285818],[79.099107,30.285829],[79.097741,30.284887],[79.097073,30.280952],[79.097013,30.277421],[79.09453,30.272012],[79.093048,30.269629],[79.091542,30.26816],[79.089232,30.267852],[79.088341,30.266527],[79.088038,30.260508],[79.089217,30.256872],[79.089772,30.253484],[79.089413,30.249556],[79.087156,30.241536],[79.084787,30.237697],[79.083913,30.235719],[79.079712,30.231058],[79.077962,30.227231],[79.076993,30.223029],[79.076955,30.218714],[79.076415,30.215828],[79.076531,30.213525],[79.083303,30.212697],[79.093621,30.209796],[79.098607,30.202224],[79.091343,30.195435],[79.099276,30.187035],[79.110619,30.179918],[79.121946,30.174065],[79.123018,30.166051],[79.135321,30.160203],[79.141281,30.152635],[79.133505,30.147955],[79.131198,30.135705],[79.133761,30.125589],[79.134913,30.110401],[79.144232,30.108335],[79.149689,30.101609],[79.155169,30.092772],[79.163022,30.090276],[79.182604,30.088676],[79.190484,30.083647],[79.196498,30.070169],[79.20147,30.062594],[79.201031,30.057949],[79.188896,30.049878],[79.185576,30.040579],[79.188127,30.030883],[79.202813,30.028837],[79.212628,30.025082],[79.214714,30.012851],[79.217243,30.004844],[79.222716,29.995582],[79.222802,29.987564],[79.225365,29.97618],[79.23029,29.972402],[79.237116,29.973696]]]},"properties":{"ID":"05057","NAME":"Chamoli","TOTPOP_CY":464356,"AREA":7853.22}},
{"type":"Feature","geometry":{"type":"Polygon","coordinates":[[[78.876601,30.166103],[78.885021,30.166986],[78.893497,30.168839],[78.90132,30.170289],[78.904975,30.170814],[78.906783,30.170613],[78.918142,30.172796],[78.931224,30.174045],[78.94153,30.175284],[78.987203,30.181183],[78.993778,30.18348],[79.00183,30.188194],[79.007013,30.190621],[79.012034,30.193316],[79.016768,30.195205],[79.023089,30.195489],[79.027385,30.196438],[79.03072,30.198725],[79.039016,30.205985],[79.042568,30.209895],[79.043676,30.209531],[79.057366,30.211294],[79.070062,30.214316],[79.076531,30.213525],[79.076415,30.215828],[79.076955,30.218714],[79.076993,30.223029],[79.077962,30.227231],[79.079712,30.231058],[79.083913,30.235719],[79.084787,30.237697],[79.087156,30.241536],[79.089413,30.249556],[79.089772,30.253484],[79.089217,30.256872],[79.088038,30.260508],[79.088341,30.266527],[79.089232,30.267852],[79.091542,30.26816],[79.093048,30.269629],[79.09453,30.272012],[79.097013,30.277421],[79.097073,30.280952],[79.097741,30.284887],[79.099107,30.285829],[79.104981,30.285818],[79.107319,30.28508],[79.109207,30.283812],[79.111872,30.282427],[79.113915,30.281162],[79.115919,30.281333],[79.118044,30.282813],[79.119681,30.285199],[79.122533,30.285178],[79.125294,30.284671],[79.12744,30.283905],[79.131119,30.283144],[79.133114,30.283406],[79.134805,30.284697],[79.136499,30.286887],[79.138652,30.288821],[79.142185,30.290502],[79.14541,30.291539],[79.149246,30.291677],[79.152467,30.291557],[79.156147,30.290923],[79.158293,30.290157],[79.15908,30.289491],[79.160012,30.291177],[79.160179,30.295192],[79.160029,30.296876],[79.159264,30.299335],[79.15803,30.300497],[79.156178,30.30127],[79.15386,30.301394],[79.152159,30.301001],[79.149993,30.300089],[79.143342,30.298259],[79.141487,30.298124],[79.140407,30.298769],[79.138411,30.303815],[79.137499,30.309253],[79.139048,30.310423],[79.14106,30.311593],[79.142764,30.312764],[79.143694,30.313932],[79.144318,30.315876],[79.145405,30.317563],[79.146334,30.318213],[79.141868,30.324289],[79.140942,30.324804],[79.13739,30.32622],[79.135538,30.32751],[79.134305,30.328673],[79.132612,30.331647],[79.131379,30.333198],[79.130148,30.335138],[79.128915,30.336559],[79.125367,30.339917],[79.121662,30.342109],[79.120428,30.343142],[79.118884,30.344044],[79.116878,30.345852],[79.115799,30.347015],[79.1141,30.347787],[79.112097,30.350631],[79.110246,30.352569],[79.108087,30.355153],[79.107317,30.356446],[79.099756,30.363548],[79.096881,30.365749],[79.095066,30.367993],[79.094432,30.369972],[79.094282,30.371914],[79.093821,30.373337],[79.092433,30.375017],[79.092591,30.376572],[79.094606,30.378391],[79.099095,30.379829],[79.102655,30.380746],[79.105904,30.381273],[79.109617,30.381283],[79.111781,30.380642],[79.113476,30.378056],[79.114554,30.376116],[79.11718,30.375087],[79.11981,30.375224],[79.122132,30.376007],[79.125226,30.376145],[79.128164,30.376024],[79.130331,30.376288],[79.132188,30.376941],[79.133889,30.376557],[79.137752,30.375142],[79.140074,30.375925],[79.142552,30.377097],[79.145494,30.37827],[79.15184,30.379841],[79.154318,30.380753],[79.15587,30.38257],[79.156496,30.384903],[79.156045,30.389435],[79.15605,30.391378],[79.156843,30.397726],[79.157625,30.400837],[79.159181,30.40356],[79.162131,30.407194],[79.163376,30.409658],[79.164792,30.417303],[79.164185,30.421187],[79.163572,30.423387],[79.162969,30.428437],[79.162046,30.430507],[79.158653,30.434384],[79.157112,30.436453],[79.156191,30.439171],[79.156353,30.441761],[79.159616,30.445914],[79.163495,30.448902],[79.166442,30.450981],[79.176072,30.461494],[79.177165,30.464346],[79.180595,30.471736],[79.182925,30.474202],[79.185409,30.47628],[79.189286,30.478102],[79.192314,30.478551],[79.194403,30.480314],[79.205414,30.485388],[79.212395,30.489029],[79.214571,30.491494],[79.216132,30.494735],[79.216919,30.498363],[79.216926,30.500435],[79.216003,30.501987],[79.21523,30.502633],[79.216802,30.508983],[79.217433,30.512092],[79.217754,30.515201],[79.218863,30.521938],[79.223371,30.52648],[79.225702,30.528297],[79.227413,30.530372],[79.230054,30.532191],[79.233625,30.534399],[79.234879,30.538157],[79.234745,30.543596],[79.233512,30.545407],[79.233674,30.547221],[79.23616,30.549168],[79.237255,30.55176],[79.237419,30.554221],[79.237893,30.556553],[79.239916,30.558629],[79.243179,30.560966],[79.246287,30.563173],[79.249548,30.564862],[79.254044,30.565258],[79.259312,30.565007],[79.261944,30.564494],[79.264729,30.563332],[79.268134,30.562301],[79.270768,30.562176],[79.274797,30.562182],[79.276345,30.561666],[79.278977,30.561282],[79.282078,30.561675],[79.285329,30.560902],[79.287964,30.561035],[79.289679,30.563369],[79.292013,30.565574],[79.293573,30.567907],[79.294206,30.570757],[79.295147,30.573348],[79.296241,30.575422],[79.296258,30.579178],[79.298752,30.582289],[79.299232,30.585657],[79.300328,30.588119],[79.304521,30.589808],[79.313993,30.593316],[79.316784,30.593449],[79.324532,30.59281],[79.327323,30.593072],[79.330587,30.594759],[79.333866,30.599814],[79.335277,30.602923],[79.336528,30.605256],[79.339787,30.605777],[79.341348,30.60798],[79.341674,30.611218],[79.341064,30.613289],[79.341387,30.61588],[79.34202,30.6186],[79.342345,30.621579],[79.344523,30.623006],[79.347007,30.623526],[79.349641,30.62314],[79.351786,30.626872],[79.35196,30.630405],[79.351404,30.642317],[79.349087,30.644027],[79.347397,30.647043],[79.345695,30.647835],[79.343851,30.650983],[79.341845,30.652953],[79.339215,30.654271],[79.337046,30.654803],[79.333327,30.655339],[79.329606,30.655614],[79.32636,30.657851],[79.32467,30.660998],[79.323443,30.663881],[79.321131,30.666769],[79.317418,30.668614],[79.315248,30.669145],[79.313232,30.669152],[79.309514,30.670211],[79.306256,30.670222],[79.304086,30.670622],[79.302539,30.671543],[79.30084,30.672989],[79.29976,30.674301],[79.298534,30.677315],[79.300098,30.679797],[79.299496,30.683594],[79.298733,30.686345],[79.297811,30.688181],[79.295035,30.691724],[79.294423,30.693558],[79.294903,30.696436],[79.29507,30.698791],[79.294646,30.70743],[79.293411,30.708874],[79.292642,30.710316],[79.292807,30.712279],[79.292511,30.71529],[79.287112,30.722244],[79.285416,30.724737],[79.284495,30.726964],[79.28272,30.729496],[79.273218,30.729449],[79.262907,30.728723],[79.249645,30.737412],[79.236259,30.740711],[79.222795,30.740638],[79.209392,30.74326],[79.196749,30.744537],[79.190533,30.749891],[79.178009,30.756556],[79.167023,30.761209],[79.160597,30.757129],[79.151796,30.753035],[79.139195,30.756328],[79.129851,30.763681],[79.11905,30.777089],[79.111934,30.777718],[79.091406,30.780957],[79.080469,30.788297],[79.068839,30.800348],[79.061763,30.802995],[79.052309,30.805627],[79.040533,30.810937],[79.024572,30.805439],[79.024523,30.799096],[79.02404,30.793224],[79.020128,30.776042],[79.023584,30.770982],[79.023101,30.76553],[79.018946,30.758814],[79.013768,30.752161],[78.994087,30.744735],[78.994103,30.73676],[78.984261,30.734725],[78.973431,30.734375],[78.949312,30.732847],[78.939982,30.72367],[78.928671,30.719541],[78.913946,30.704938],[78.912024,30.68858],[78.906177,30.668467],[78.907704,30.65083],[78.910693,30.6378],[78.911344,30.637112],[78.9087,30.63302],[78.906042,30.629369],[78.904833,30.626938],[78.90278,30.625076],[78.901823,30.619937],[78.899996,30.617211],[78.896434,30.615868],[78.894581,30.614986],[78.89132,30.610693],[78.886726,30.607444],[78.885398,30.606192],[78.88597,30.604432],[78.887243,30.602829],[78.887993,30.601596],[78.888411,30.599762],[78.889517,30.598433],[78.889639,30.596105],[78.888691,30.594063],[78.888421,30.591724],[78.888376,30.58967],[78.887487,30.588186],[78.885232,30.586493],[78.879783,30.58531],[78.872852,30.581653],[78.871025,30.580075],[78.868813,30.573894],[78.864138,30.57193],[78.862608,30.570847],[78.862565,30.567645],[78.863505,30.56659],[78.864942,30.565861],[78.864754,30.564534],[78.863049,30.561776],[78.862043,30.559176],[78.860396,30.556976],[78.857954,30.555103],[78.857721,30.551722],[78.858865,30.549351],[78.859556,30.547559],[78.861174,30.54506],[78.860908,30.540425],[78.861125,30.538761],[78.86171,30.536653],[78.861394,30.533409],[78.861373,30.531808],[78.863087,30.528824],[78.863719,30.526474],[78.864362,30.524925],[78.865279,30.523417],[78.866978,30.52193],[78.867359,30.521139],[78.865782,30.520299],[78.865356,30.519035],[78.866701,30.516494],[78.866313,30.514188],[78.864881,30.511472],[78.863391,30.508197],[78.861259,30.505324],[78.85448,30.49979],[78.851612,30.497803],[78.84407,30.494998],[78.841959,30.494874],[78.838814,30.49514],[78.836192,30.495037],[78.833928,30.493691],[78.832295,30.491143],[78.831231,30.489132],[78.829299,30.488386],[78.825692,30.488432],[78.821698,30.488844],[78.847104,30.470922],[78.849171,30.469081],[78.850416,30.467401],[78.851238,30.464971],[78.85178,30.462043],[78.850053,30.455735],[78.848425,30.444093],[78.845053,30.431295],[78.839455,30.422971],[78.836847,30.42093],[78.832273,30.415396],[78.829405,30.409973],[78.826216,30.405278],[78.825695,30.403054],[78.82736,30.402122],[78.830589,30.401053],[78.833959,30.400233],[78.836386,30.398711],[78.838592,30.39712],[78.840658,30.39528],[78.841981,30.393418],[78.842984,30.390012],[78.843886,30.382862],[78.842943,30.370811],[78.84224,30.365024],[78.843624,30.361323],[78.843446,30.361223],[78.845188,30.360947],[78.849971,30.36102],[78.854776,30.3604],[78.859966,30.360831],[78.863548,30.3617],[78.870075,30.362309],[78.87581,30.361508],[78.882449,30.358652],[78.882426,30.356779],[78.880182,30.356089],[78.877914,30.353525],[78.875579,30.350475],[78.871451,30.343141],[78.87324,30.339726],[78.875189,30.33916],[78.879064,30.338719],[78.881646,30.336715],[78.883843,30.333659],[78.885744,30.329346],[78.88896,30.325904],[78.900374,30.317988],[78.90146,30.315523],[78.899466,30.31491],[78.896113,30.314811],[78.892715,30.316098],[78.888118,30.318182],[78.885377,30.319905],[78.882773,30.322602],[78.871674,30.331081],[78.868615,30.332239],[78.867029,30.331984],[78.866915,30.330316],[78.86988,30.3191],[78.874476,30.30932],[78.877102,30.30593],[78.880204,30.303386],[78.883126,30.301253],[78.887406,30.298605],[78.889217,30.297064],[78.890779,30.295446],[78.893881,30.292902],[78.897481,30.290511],[78.900809,30.288736],[78.902325,30.285938],[78.9054,30.278955],[78.907096,30.275745],[78.909677,30.27374],[78.91339,30.273017],[78.916129,30.271294],[78.915765,30.26955],[78.911208,30.262551],[78.901711,30.254197],[78.901338,30.250014],[78.90157,30.247039],[78.901312,30.245615],[78.900461,30.24406],[78.899008,30.242761],[78.897252,30.241591],[78.894926,30.239512],[78.894214,30.238346],[78.894232,30.237699],[78.895003,30.236796],[78.896678,30.235508],[78.897739,30.234865],[78.900828,30.236298],[78.906348,30.236058],[78.907557,30.235415],[78.908186,30.234253],[78.908222,30.232959],[78.909152,30.231668],[78.909482,30.230505],[78.909064,30.229469],[78.908664,30.227785],[78.909899,30.226237],[78.911145,30.2243],[78.911784,30.22275],[78.912569,30.221329],[78.913695,30.218357],[78.914097,30.214607],[78.915368,30.211765],[78.915429,30.209565],[78.916732,30.205559],[78.91695,30.203101],[78.91578,30.202321],[78.91012,30.202303],[78.909092,30.201782],[78.908856,30.204886],[78.907567,30.208375],[78.906376,30.208371],[78.902223,30.20771],[78.901206,30.206801],[78.901242,30.205507],[78.90203,30.203957],[78.902208,30.202923],[78.901801,30.201498],[78.901224,30.20085],[78.899909,30.199939],[78.898873,30.199677],[78.897075,30.200059],[78.894514,30.201085],[78.894075,30.200825],[78.89426,30.199532],[78.893842,30.198496],[78.893268,30.197717],[78.893301,30.196553],[78.895887,30.194621],[78.898055,30.191653],[78.898233,30.190618],[78.896918,30.189708],[78.89366,30.18905],[78.891597,30.188267],[78.889694,30.187096],[78.890482,30.185546],[78.892291,30.184776],[78.895135,30.184268],[78.89767,30.184147],[78.902882,30.184165],[78.903797,30.183392],[78.904567,30.182489],[78.90133,30.17575],[78.899445,30.173933],[78.896638,30.173147],[78.891281,30.172999],[78.888619,30.172342],[78.885213,30.171684],[78.881197,30.17154],[78.880147,30.171795],[78.878063,30.171788],[78.87539,30.171519],[78.873614,30.171125],[78.874526,30.170481],[78.875881,30.169969],[78.876048,30.169322],[78.873564,30.167631],[78.873128,30.166692],[78.874897,30.166097],[78.876601,30.166103]]]},"properties":{"ID":"05058","NAME":"Rudraprayag","TOTPOP_CY":287993,"AREA":1948.69}},
{"type":"Feature","geometry":{"type":"Polygon","coordinates":[[[78.605851,30.136347],[78.606868,30.1449],[78.607248,30.148096],[78.608224,30.148632],[78.615099,30.148611],[78.619165,30.152783],[78.61988,30.156861],[78.618755,30.160799],[78.618568,30.163143],[78.620162,30.1668],[78.620912,30.16905],[78.620912,30.171112],[78.621287,30.17505],[78.620724,30.177863],[78.620818,30.180769],[78.626912,30.183207],[78.632444,30.18452],[78.636878,30.18661],[78.644851,30.195335],[78.64482,30.196989],[78.643038,30.200083],[78.642382,30.202427],[78.642382,30.204302],[78.643882,30.20599],[78.646695,30.206834],[78.648945,30.207115],[78.652007,30.206245],[78.656446,30.204021],[78.663477,30.205615],[78.665165,30.207959],[78.666196,30.210397],[78.668072,30.212084],[78.670415,30.212928],[78.674072,30.212178],[78.677541,30.210678],[78.67876,30.210303],[78.680072,30.211147],[78.679885,30.212928],[78.679322,30.214334],[78.679229,30.217053],[78.680367,30.21837],[78.68209,30.219737],[78.68401,30.220429],[78.683916,30.222116],[78.682698,30.223429],[78.683448,30.225023],[78.683541,30.226804],[78.682237,30.227582],[78.680068,30.231816],[78.680068,30.234228],[78.681274,30.236791],[78.683384,30.238148],[78.686852,30.2386],[78.689415,30.236339],[78.693033,30.234982],[78.699365,30.234982],[78.703587,30.232419],[78.706753,30.231967],[78.712632,30.233022],[78.714592,30.234831],[78.715497,30.236942],[78.717607,30.235283],[78.718964,30.23272],[78.723789,30.228801],[78.73585,30.222167],[78.742634,30.216287],[78.746855,30.213573],[78.750172,30.214327],[78.753338,30.215533],[78.758012,30.216589],[78.761178,30.216438],[78.763217,30.217931],[78.764042,30.221413],[78.765248,30.22473],[78.770676,30.225785],[78.776706,30.226539],[78.781832,30.227896],[78.787411,30.228348],[78.791933,30.227444],[78.798416,30.221865],[78.801431,30.220961],[78.805201,30.220659],[78.807914,30.222921],[78.809874,30.225484],[78.814096,30.227142],[78.817563,30.228197],[78.820277,30.229856],[78.82088,30.231213],[78.820428,30.233625],[78.819674,30.236339],[78.820277,30.239957],[78.825101,30.242218],[78.830378,30.241314],[78.835956,30.238148],[78.839424,30.236791],[78.843494,30.236791],[78.845153,30.237997],[78.84651,30.240409],[78.847716,30.244178],[78.848771,30.246138],[78.852691,30.246289],[78.856309,30.244932],[78.858721,30.244178],[78.867164,30.247043],[78.87033,30.248852],[78.875154,30.25247],[78.876813,30.255335],[78.877717,30.258199],[78.879376,30.260611],[78.882994,30.260008],[78.886009,30.258048],[78.890231,30.253978],[78.894603,30.252621],[78.897467,30.250812],[78.899126,30.247646],[78.900461,30.24406],[78.901312,30.245615],[78.90157,30.247039],[78.901338,30.250014],[78.901711,30.254197],[78.911208,30.262551],[78.915765,30.26955],[78.916129,30.271294],[78.91339,30.273017],[78.909677,30.27374],[78.907096,30.275745],[78.9054,30.278955],[78.902325,30.285938],[78.900809,30.288736],[78.897481,30.290511],[78.893881,30.292902],[78.890779,30.295446],[78.889217,30.297064],[78.887406,30.298605],[78.883126,30.301253],[78.880204,30.303386],[78.877102,30.30593],[78.874476,30.30932],[78.86988,30.3191],[78.866915,30.330316],[78.867029,30.331984],[78.868615,30.332239],[78.871674,30.331081],[78.882773,30.322602],[78.885377,30.319905],[78.888118,30.318182],[78.892715,30.316098],[78.896113,30.314811],[78.899466,30.31491],[78.90146,30.315523],[78.900374,30.317988],[78.88896,30.325904],[78.885744,30.329346],[78.883843,30.333659],[78.881646,30.336715],[78.879064,30.338719],[78.875189,30.33916],[78.87324,30.339726],[78.871451,30.343141],[78.875579,30.350475],[78.877914,30.353525],[78.880182,30.356089],[78.882426,30.356779],[78.882449,30.358652],[78.87581,30.361508],[78.870075,30.362309],[78.863548,30.3617],[78.859966,30.360831],[78.854776,30.3604],[78.849971,30.36102],[78.845188,30.360947],[78.843446,30.361223],[78.843624,30.361323],[78.84224,30.365024],[78.842943,30.370811],[78.843886,30.382862],[78.842984,30.390012],[78.841981,30.393418],[78.840658,30.39528],[78.838592,30.39712],[78.836386,30.398711],[78.833959,30.400233],[78.830589,30.401053],[78.82736,30.402122],[78.825695,30.403054],[78.826216,30.405278],[78.829405,30.409973],[78.832273,30.415396],[78.836847,30.42093],[78.839455,30.422971],[78.845053,30.431295],[78.848425,30.444093],[78.850053,30.455735],[78.85178,30.462043],[78.851238,30.464971],[78.850416,30.467401],[78.849171,30.469081],[78.847104,30.470922],[78.821698,30.488844],[78.825692,30.488432],[78.829299,30.488386],[78.831231,30.489132],[78.832295,30.491143],[78.833928,30.493691],[78.836192,30.495037],[78.838814,30.49514],[78.841959,30.494874],[78.84407,30.494998],[78.851612,30.497803],[78.85448,30.49979],[78.861259,30.505324],[78.863391,30.508197],[78.864881,30.511472],[78.866313,30.514188],[78.866701,30.516494],[78.865356,30.519035],[78.865782,30.520299],[78.867359,30.521139],[78.866978,30.52193],[78.865279,30.523417],[78.864362,30.524925],[78.863719,30.526474],[78.863087,30.528824],[78.861373,30.531808],[78.861394,30.533409],[78.86171,30.536653],[78.861125,30.538761],[78.860908,30.540425],[78.861174,30.54506],[78.859556,30.547559],[78.858865,30.549351],[78.857721,30.551722],[78.857954,30.555103],[78.860396,30.556976],[78.862043,30.559176],[78.863049,30.561776],[78.864754,30.564534],[78.864942,30.565861],[78.863505,30.56659],[78.862565,30.567645],[78.862608,30.570847],[78.864138,30.57193],[78.868813,30.573894],[78.871025,30.580075],[78.872852,30.581653],[78.879783,30.58531],[78.885232,30.586493],[78.887487,30.588186],[78.888376,30.58967],[78.888421,30.591724],[78.888691,30.594063],[78.889639,30.596105],[78.889517,30.598433],[78.888411,30.599762],[78.887993,30.601596],[78.887243,30.602829],[78.88597,30.604432],[78.885398,30.606192],[78.886726,30.607444],[78.89132,30.610693],[78.894581,30.614986],[78.896434,30.615868],[78.899996,30.617211],[78.901823,30.619937],[78.90278,30.625076],[78.904833,30.626938],[78.906042,30.629369],[78.9087,30.63302],[78.911344,30.637112],[78.910693,30.6378],[78.907704,30.65083],[78.906177,30.668467],[78.912024,30.68858],[78.913946,30.704938],[78.928671,30.719541],[78.939982,30.72367],[78.949312,30.732847],[78.973431,30.734375],[78.984261,30.734725],[78.994103,30.73676],[78.994087,30.744735],[79.013768,30.752161],[79.018946,30.758814],[79.023101,30.76553],[79.023584,30.770982],[79.020128,30.776042],[79.02404,30.793224],[79.024523,30.799096],[79.024572,30.805439],[79.018577,30.82224],[79.016351,30.829635],[79.017488,30.846486],[79.01209,30.853859],[79.001139,30.861193],[78.991693,30.864494],[78.985254,30.859732],[78.973345,30.858972],[78.964609,30.858234],[78.946412,30.860119],[78.941047,30.869512],[78.938814,30.876906],[78.927737,30.878169],[78.914333,30.882108],[78.912682,30.878726],[78.908663,30.876001],[78.897509,30.873218],[78.885728,30.879188],[78.875393,30.877758],[78.873717,30.873028],[78.864815,30.863524],[78.852819,30.858036],[78.851925,30.852638],[78.848564,30.842505],[78.853937,30.833117],[78.859295,30.823054],[78.859193,30.817664],[78.856701,30.811579],[78.854159,30.8028],[78.8468,30.790611],[78.848183,30.779843],[78.849654,30.773792],[78.853502,30.767759],[78.852584,30.761014],[78.850055,30.752908],[78.849917,30.745496],[78.837987,30.742702],[78.827567,30.735876],[78.819548,30.730418],[78.808413,30.727628],[78.797314,30.726858],[78.761681,30.726543],[78.751328,30.723081],[78.746435,30.714951],[78.736201,30.718227],[78.723674,30.726197],[78.719039,30.732891],[78.715115,30.734876],[78.707871,30.728071],[78.700652,30.722612],[78.686308,30.717087],[78.672825,30.715609],[78.656087,30.708708],[78.648849,30.7019],[78.649495,30.693146],[78.640743,30.690365],[78.624088,30.688178],[78.618613,30.692165],[78.610687,30.691411],[78.598857,30.693986],[78.586963,30.692516],[78.582116,30.686401],[78.590747,30.681774],[78.592201,30.673704],[78.592017,30.662247],[78.590014,30.635947],[78.582734,30.625765],[78.573863,30.614891],[78.56666,30.609426],[78.566511,30.599991],[78.556874,30.590456],[78.551213,30.58231],[78.547145,30.574854],[78.545427,30.566077],[78.545323,30.559337],[78.541215,30.549185],[78.541859,30.539759],[78.537066,30.536339],[78.527571,30.535563],[78.522009,30.533481],[78.512465,30.529334],[78.504604,30.531943],[78.496792,30.537921],[78.496153,30.548021],[78.496981,30.551142],[78.497695,30.55257],[78.496505,30.555901],[78.496149,30.558637],[78.49603,30.561017],[78.497219,30.56292],[78.49829,30.565895],[78.498766,30.568393],[78.498647,30.57113],[78.499123,30.573509],[78.499718,30.580291],[78.501026,30.582551],[78.504477,30.586239],[78.507332,30.58731],[78.508641,30.588381],[78.512091,30.592307],[78.513638,30.5954],[78.514708,30.598731],[78.514589,30.603014],[78.513875,30.606822],[78.511615,30.609796],[78.503287,30.616458],[78.501145,30.6186],[78.499361,30.621455],[78.497695,30.623478],[78.493769,30.623835],[78.487219,30.62184],[78.48318,30.62205],[78.481158,30.62443],[78.478115,30.625794],[78.470333,30.61916],[78.461573,30.615018],[78.456036,30.614956],[78.444128,30.612166],[78.437671,30.602617],[78.437496,30.590485],[78.436551,30.579693],[78.439538,30.567598],[78.448995,30.565686],[78.448819,30.553554],[78.454215,30.544182],[78.449394,30.538736],[78.437462,30.533209],[78.437385,30.527817],[78.428607,30.521651],[78.419,30.51278],[78.414107,30.501941],[78.413155,30.490474],[78.410644,30.480337],[78.405781,30.471519],[78.400328,30.476846],[78.39968,30.486946],[78.39497,30.491472],[78.394632,30.498888],[78.393889,30.500672],[78.393889,30.504241],[78.393145,30.50677],[78.388535,30.509149],[78.384668,30.511677],[78.377261,30.514773],[78.375611,30.516984],[78.360736,30.526912],[78.349801,30.536213],[78.334337,30.561631],[78.324026,30.558808],[78.317667,30.556033],[78.301911,30.559881],[78.290184,30.569841],[78.28955,30.581962],[78.299116,30.588147],[78.293659,30.594143],[78.29061,30.602865],[78.279625,30.609465],[78.272601,30.616788],[78.265449,30.614],[78.25828,30.609865],[78.248008,30.610406],[78.240857,30.607618],[78.236745,30.594762],[78.23032,30.586591],[78.206527,30.580213],[78.194701,30.58275],[78.165495,30.5864],[78.164829,30.597174],[78.165016,30.613349],[78.159613,30.624731],[78.153394,30.63408],[78.147849,30.633331],[78.137557,30.632515],[78.126514,30.635058],[78.11626,30.63761],[78.096447,30.633963],[78.079799,30.630357],[78.067072,30.623437],[78.066188,30.614664],[78.066921,30.609283],[78.058972,30.605126],[78.055998,30.604241],[78.052231,30.603811],[78.046282,30.602473],[78.041226,30.602621],[78.036318,30.605447],[78.029775,30.608124],[78.024569,30.610801],[78.018031,30.613188],[78.015963,30.614457],[78.015226,30.596924],[78.010792,30.583998],[78.004885,30.571887],[77.997996,30.562311],[77.997413,30.561284],[77.993028,30.560673],[77.990289,30.5598],[77.986964,30.556544],[77.985809,30.555793],[77.982211,30.556049],[77.979759,30.555049],[77.980326,30.552666],[77.98176,30.551159],[77.98319,30.548775],[77.98289,30.545765],[77.981155,30.543761],[77.981146,30.541504],[77.980417,30.539123],[77.976813,30.537748],[77.9745,30.535243],[77.974201,30.532234],[77.974484,30.53098],[77.977504,30.530474],[77.980242,30.531223],[77.982685,30.530216],[77.983252,30.527958],[77.98195,30.52633],[77.978063,30.526084],[77.975181,30.525336],[77.97431,30.523331],[77.975597,30.521072],[77.978037,30.519564],[77.981057,30.518807],[77.982637,30.518178],[77.983927,30.516797],[77.984785,30.515416],[77.984203,30.513787],[77.983043,30.511531],[77.981024,30.510531],[77.977575,30.51179],[77.974417,30.5138],[77.971824,30.513051],[77.970091,30.511549],[77.967931,30.511175],[77.964768,30.511806],[77.960747,30.514194],[77.957302,30.516455],[77.954573,30.517963],[77.951698,30.518844],[77.949682,30.518721],[77.948669,30.517218],[77.948513,30.513832],[77.947069,30.512454],[77.944047,30.512332],[77.940885,30.51359],[77.938291,30.512464],[77.9367,30.510334],[77.93669,30.507449],[77.94027,30.502179],[77.94285,30.499417],[77.950799,30.492306],[77.956336,30.488743],[77.961654,30.487106],[77.968555,30.485969],[77.97071,30.485089],[77.971434,30.484322],[77.969253,30.480325],[77.969246,30.478444],[77.970535,30.477063],[77.972977,30.476057],[77.976285,30.475802],[77.979157,30.474669],[77.981748,30.472643],[77.98302,30.469397],[77.984021,30.467765],[77.986167,30.46721],[77.98963,30.467632],[77.992647,30.466624],[77.994228,30.466246],[77.998114,30.466867],[77.998982,30.468245],[78.000418,30.479545],[78.014175,30.482046],[78.021542,30.479253],[78.028907,30.473469],[78.034759,30.468541],[78.038727,30.469459],[78.039961,30.470034],[78.0409,30.480035],[78.039859,30.482712],[78.036587,30.484348],[78.033051,30.482455],[78.031107,30.485105],[78.033456,30.488665],[78.034237,30.491545],[78.033872,30.492047],[78.032701,30.491922],[78.031392,30.492517],[78.030203,30.494302],[78.030678,30.496919],[78.029251,30.498109],[78.028061,30.498704],[78.028061,30.500369],[78.027704,30.502392],[78.026157,30.503819],[78.026157,30.506318],[78.026395,30.508102],[78.027228,30.510601],[78.029013,30.512148],[78.030084,30.513575],[78.03163,30.513099],[78.033177,30.513813],[78.036032,30.513218],[78.039363,30.510839],[78.040553,30.508935],[78.043052,30.50727],[78.045312,30.506675],[78.047692,30.506794],[78.049833,30.506437],[78.053878,30.504414],[78.05602,30.502035],[78.057566,30.498942],[78.060065,30.497633],[78.063872,30.497633],[78.065656,30.496681],[78.068155,30.49454],[78.070534,30.491684],[78.072795,30.490138],[78.076126,30.489186],[78.0806,30.489227],[78.08217,30.489085],[78.08374,30.489299],[78.085596,30.48987],[78.08731,30.490227],[78.088166,30.490798],[78.089522,30.492011],[78.089665,30.493439],[78.090736,30.494296],[78.091378,30.495224],[78.091735,30.496223],[78.092949,30.496865],[78.094448,30.498079],[78.095661,30.498864],[78.096732,30.499293],[78.097803,30.500149],[78.098802,30.500149],[78.099588,30.499649],[78.100658,30.500649],[78.101444,30.501077],[78.102871,30.501505],[78.103942,30.501291],[78.105584,30.50122],[78.106869,30.501363],[78.108296,30.500506],[78.110438,30.499507],[78.111723,30.497365],[78.113793,30.496009],[78.117499,30.494908],[78.123002,30.494908],[78.127546,30.488633],[78.128308,30.485777],[78.129259,30.480257],[78.128879,30.474356],[78.125742,30.469019],[78.124987,30.467407],[78.129096,30.465066],[78.135972,30.460455],[78.149227,30.456951],[78.157075,30.452027],[78.166397,30.447567],[78.178189,30.45],[78.189973,30.449017],[78.202738,30.447203],[78.220894,30.441679],[78.233146,30.433019],[78.243418,30.419185],[78.237014,30.411768],[78.224243,30.409316],[78.208518,30.403373],[78.189836,30.391377],[78.167242,30.383547],[78.152992,30.375073],[78.141679,30.361549],[78.138219,30.347799],[78.141131,30.330794],[78.148958,30.319893],[78.165124,30.310913],[78.184234,30.303711],[78.195009,30.298006],[78.198745,30.29517],[78.202956,30.293301],[78.20775,30.29491],[78.214156,30.306598],[78.228372,30.304819],[78.236687,30.296914],[78.242062,30.290643],[78.247954,30.293351],[78.25827,30.299584],[78.272013,30.303337],[78.28376,30.296794],[78.285206,30.289145],[78.277302,30.27102],[78.286579,30.260147],[78.298311,30.250615],[78.297776,30.237793],[78.28843,30.227318],[78.278123,30.222369],[78.26586,30.217798],[78.252106,30.206358],[78.24423,30.193354],[78.235381,30.182033],[78.239268,30.171029],[78.250029,30.166599],[78.259806,30.161291],[78.257826,30.153985],[78.258279,30.142041],[78.264132,30.134928],[78.269508,30.132072],[78.284663,30.125613],[78.294434,30.120302],[78.304213,30.117126],[78.306628,30.107792],[78.315942,30.108062],[78.318837,30.112675],[78.321188,30.123167],[78.32994,30.129453],[78.339693,30.133218],[78.348942,30.138661],[78.362186,30.134863],[78.373501,30.127708],[78.384761,30.126849],[78.39212,30.127437],[78.391639,30.130303],[78.391068,30.131445],[78.391258,30.134681],[78.394113,30.136204],[78.397921,30.136965],[78.403631,30.136965],[78.410103,30.135823],[78.414482,30.132778],[78.417908,30.130113],[78.423238,30.115455],[78.427236,30.113552],[78.430472,30.113552],[78.435421,30.112981],[78.437324,30.112029],[78.438276,30.110125],[78.436182,30.10727],[78.43504,30.103272],[78.434279,30.099084],[78.434088,30.095277],[78.434469,30.088234],[78.434469,30.084427],[78.434279,30.081572],[78.437134,30.078907],[78.439609,30.077384],[78.442845,30.0751],[78.447413,30.072244],[78.450269,30.069579],[78.452743,30.068247],[78.459215,30.067485],[78.462261,30.065962],[78.465497,30.065011],[78.470256,30.065011],[78.474063,30.065772],[78.47749,30.065962],[78.479013,30.064059],[78.478822,30.061394],[78.478251,30.058158],[78.479774,30.055683],[78.4832,30.056635],[78.486437,30.058538],[78.488721,30.062726],[78.491386,30.070912],[78.49348,30.074719],[78.497287,30.075671],[78.499571,30.074719],[78.499952,30.071292],[78.497858,30.066724],[78.497858,30.063297],[78.501665,30.05911],[78.510421,30.055493],[78.512515,30.056254],[78.514434,30.061838],[78.512896,30.063678],[78.514038,30.066533],[78.517274,30.066343],[78.521462,30.066343],[78.522329,30.06652],[78.52193,30.068422],[78.521868,30.071074],[78.522626,30.073889],[78.524089,30.076371],[78.52546,30.0751],[78.528886,30.07548],[78.532313,30.075671],[78.535807,30.074861],[78.538594,30.073767],[78.541259,30.073577],[78.544495,30.072815],[78.550396,30.070531],[78.561056,30.06977],[78.56296,30.068818],[78.564292,30.066153],[78.564292,30.063868],[78.565244,30.061775],[78.571145,30.062536],[78.57362,30.063488],[78.576666,30.063107],[78.57876,30.061775],[78.581044,30.058348],[78.581615,30.055493],[78.584661,30.053208],[78.587326,30.052447],[78.5898,30.05416],[78.58961,30.062346],[78.590752,30.065011],[78.593798,30.065582],[78.596082,30.065391],[78.600842,30.062154],[78.605293,30.067085],[78.607705,30.072533],[78.601811,30.076752],[78.596401,30.081807],[78.597343,30.087682],[78.592897,30.094833],[78.587945,30.104504],[78.589382,30.109537],[78.590237,30.110737],[78.590592,30.110748],[78.5926,30.110153],[78.594901,30.107988],[78.598168,30.110001],[78.598841,30.111207],[78.599669,30.114788],[78.60023,30.118064],[78.600204,30.11994],[78.599841,30.123483],[78.600203,30.124481],[78.603687,30.126007],[78.605787,30.127324],[78.607362,30.129206],[78.605851,30.136347]]]},"properties":{"ID":"05059","NAME":"Tehri Garhwal","TOTPOP_CY":752783,"AREA":3937.8}},
{"type":"Feature","geometry":{"type":"Polygon","coordinates":[[[78.200774,29.965471],[78.202848,29.968322],[78.204967,29.970375],[78.207624,29.9733],[78.212708,29.981143],[78.215773,29.984616],[78.218858,29.986275],[78.223813,29.987407],[78.228978,29.988178],[78.231027,29.990009],[78.233269,29.993111],[78.237461,30.002927],[78.241251,30.009263],[78.249616,30.026976],[78.25063,30.038956],[78.259955,30.049861],[78.276607,30.056249],[78.284972,30.071398],[78.294314,30.084863],[78.301683,30.093582],[78.306628,30.107792],[78.304213,30.117126],[78.294434,30.120302],[78.284663,30.125613],[78.269508,30.132072],[78.264132,30.134928],[78.258279,30.142041],[78.257826,30.153985],[78.259806,30.161291],[78.250029,30.166599],[78.239268,30.171029],[78.235381,30.182033],[78.24423,30.193354],[78.252106,30.206358],[78.26586,30.217798],[78.278123,30.222369],[78.28843,30.227318],[78.297776,30.237793],[78.298311,30.250615],[78.286579,30.260147],[78.277302,30.27102],[78.285206,30.289145],[78.28376,30.296794],[78.272013,30.303337],[78.25827,30.299584],[78.247954,30.293351],[78.242062,30.290643],[78.236687,30.296914],[78.228372,30.304819],[78.214156,30.306598],[78.20775,30.29491],[78.202956,30.293301],[78.198745,30.29517],[78.195009,30.298006],[78.184234,30.303711],[78.165124,30.310913],[78.148958,30.319893],[78.141131,30.330794],[78.138219,30.347799],[78.141679,30.361549],[78.152992,30.375073],[78.167242,30.383547],[78.189836,30.391377],[78.208518,30.403373],[78.224243,30.409316],[78.237014,30.411768],[78.243418,30.419185],[78.233146,30.433019],[78.220894,30.441679],[78.202738,30.447203],[78.189973,30.449017],[78.178189,30.45],[78.166397,30.447567],[78.157075,30.452027],[78.149227,30.456951],[78.135972,30.460455],[78.129096,30.465066],[78.124987,30.467407],[78.125742,30.469019],[78.128879,30.474356],[78.129259,30.480257],[78.128308,30.485777],[78.127546,30.488633],[78.123002,30.494908],[78.117499,30.494908],[78.113793,30.496009],[78.111723,30.497365],[78.110438,30.499507],[78.108296,30.500506],[78.106869,30.501363],[78.105584,30.50122],[78.103942,30.501291],[78.102871,30.501505],[78.101444,30.501077],[78.100658,30.500649],[78.099588,30.499649],[78.098802,30.500149],[78.097803,30.500149],[78.096732,30.499293],[78.095661,30.498864],[78.094448,30.498079],[78.092949,30.496865],[78.091735,30.496223],[78.091378,30.495224],[78.090736,30.494296],[78.089665,30.493439],[78.089522,30.492011],[78.088166,30.490798],[78.08731,30.490227],[78.085596,30.48987],[78.08374,30.489299],[78.08217,30.489085],[78.0806,30.489227],[78.076126,30.489186],[78.072795,30.490138],[78.070534,30.491684],[78.068155,30.49454],[78.065656,30.496681],[78.063872,30.497633],[78.060065,30.497633],[78.057566,30.498942],[78.05602,30.502035],[78.053878,30.504414],[78.049833,30.506437],[78.047692,30.506794],[78.045312,30.506675],[78.043052,30.50727],[78.040553,30.508935],[78.039363,30.510839],[78.036032,30.513218],[78.033177,30.513813],[78.03163,30.513099],[78.030084,30.513575],[78.029013,30.512148],[78.027228,30.510601],[78.026395,30.508102],[78.026157,30.506318],[78.026157,30.503819],[78.027704,30.502392],[78.028061,30.500369],[78.028061,30.498704],[78.029251,30.498109],[78.030678,30.496919],[78.030203,30.494302],[78.031392,30.492517],[78.032701,30.491922],[78.033872,30.492047],[78.034237,30.491545],[78.033456,30.488665],[78.031107,30.485105],[78.033051,30.482455],[78.036587,30.484348],[78.039859,30.482712],[78.0409,30.480035],[78.039961,30.470034],[78.038727,30.469459],[78.034759,30.468541],[78.028907,30.473469],[78.021542,30.479253],[78.014175,30.482046],[78.000418,30.479545],[77.998982,30.468245],[77.998114,30.466867],[77.994228,30.466246],[77.992647,30.466624],[77.98963,30.467632],[77.986167,30.46721],[77.984021,30.467765],[77.98302,30.469397],[77.981748,30.472643],[77.979157,30.474669],[77.976285,30.475802],[77.972977,30.476057],[77.970535,30.477063],[77.969246,30.478444],[77.969253,30.480325],[77.971434,30.484322],[77.97071,30.485089],[77.968555,30.485969],[77.961654,30.487106],[77.956336,30.488743],[77.950799,30.492306],[77.94285,30.499417],[77.94027,30.502179],[77.93669,30.507449],[77.9367,30.510334],[77.938291,30.512464],[77.940885,30.51359],[77.944047,30.512332],[77.947069,30.512454],[77.948513,30.513832],[77.948669,30.517218],[77.949682,30.518721],[77.951698,30.518844],[77.954573,30.517963],[77.957302,30.516455],[77.960747,30.514194],[77.964768,30.511806],[77.967931,30.511175],[77.970091,30.511549],[77.971824,30.513051],[77.974417,30.5138],[77.977575,30.51179],[77.981024,30.510531],[77.983043,30.511531],[77.984203,30.513787],[77.984785,30.515416],[77.983927,30.516797],[77.982637,30.518178],[77.981057,30.518807],[77.978037,30.519564],[77.975597,30.521072],[77.97431,30.523331],[77.975181,30.525336],[77.978063,30.526084],[77.98195,30.52633],[77.983252,30.527958],[77.982685,30.530216],[77.980242,30.531223],[77.977504,30.530474],[77.974484,30.53098],[77.974201,30.532234],[77.9745,30.535243],[77.976813,30.537748],[77.980417,30.539123],[77.981146,30.541504],[77.981155,30.543761],[77.98289,30.545765],[77.98319,30.548775],[77.98176,30.551159],[77.980326,30.552666],[77.979759,30.555049],[77.982211,30.556049],[77.985809,30.555793],[77.986964,30.556544],[77.990289,30.5598],[77.993028,30.560673],[77.997413,30.561284],[77.997996,30.562311],[78.004885,30.571887],[78.010792,30.583998],[78.015226,30.596924],[78.015963,30.614457],[78.009294,30.618552],[78.011774,30.629371],[78.010294,30.639458],[78.011166,30.647557],[78.019876,30.648359],[78.024588,30.645059],[78.034872,30.64521],[78.04127,30.652042],[78.047685,30.660221],[78.061976,30.665145],[78.068406,30.674671],[78.069334,30.687488],[78.067901,30.701618],[78.075896,30.709146],[78.083065,30.713291],[78.080028,30.725377],[78.077732,30.732757],[78.072211,30.7347],[78.066719,30.739339],[78.064486,30.752784],[78.059826,30.761477],[78.043318,30.773369],[78.027558,30.781226],[78.025278,30.790627],[78.026159,30.7994],[78.023065,30.806768],[78.004913,30.813913],[77.99866,30.822581],[77.997046,30.828976],[77.99602,30.830189],[77.995362,30.83209],[77.995084,30.833825],[77.994142,30.83614],[77.991778,30.839696],[77.991689,30.841184],[77.992368,30.844322],[77.992093,30.847049],[77.991054,30.848868],[77.989451,30.852588],[77.989077,30.854159],[77.989192,30.859033],[77.989483,30.860602],[77.986922,30.862589],[77.986547,30.863912],[77.986553,30.865399],[77.986369,30.867051],[77.982964,30.872344],[77.982401,30.874493],[77.983362,30.87664],[77.984511,30.878456],[77.983754,30.879613],[77.97911,30.884577],[77.97759,30.885405],[77.976263,30.886811],[77.976077,30.888051],[77.976272,30.889125],[77.978959,30.894657],[77.979255,30.897217],[77.980025,30.899365],[77.984689,30.899275],[77.98802,30.899023],[77.990404,30.899928],[77.99298,30.901329],[77.996416,30.903472],[77.998422,30.905122],[78.002524,30.907098],[78.016981,30.910453],[78.017857,30.918553],[78.012453,30.933298],[77.998448,30.950606],[77.998572,30.950773],[77.998039,30.955942],[77.996936,30.957265],[77.994032,30.958591],[77.989741,30.959679],[77.988222,30.960763],[77.988228,30.962445],[77.986989,30.96437],[77.97842,30.969909],[77.975375,30.970754],[77.972195,30.972681],[77.968464,30.97545],[77.964726,30.976296],[77.958767,30.976183],[77.942957,30.972716],[77.92951,30.971047],[77.923683,30.96901],[77.914655,30.962529],[77.906041,30.955086],[77.900214,30.952687],[77.896614,30.95329],[77.894675,30.953412],[77.887596,30.949211],[77.883993,30.948612],[77.879004,30.948255],[77.876093,30.947415],[77.872487,30.945975],[77.868467,30.945136],[77.866808,30.946218],[77.865707,30.948863],[77.865301,30.952468],[77.864201,30.955473],[77.858937,30.956076],[77.857272,30.955115],[77.85602,30.953073],[77.853662,30.952112],[77.852284,30.954877],[77.852844,30.956919],[77.853266,30.959563],[77.853276,30.963168],[77.851346,30.967254],[77.84568,30.973144],[77.844166,30.977231],[77.842232,30.979635],[77.841403,30.980476],[77.841135,30.984442],[77.840727,30.987206],[77.840731,30.988888],[77.841289,30.99045],[77.841985,30.991772],[77.842405,30.993334],[77.841992,30.994535],[77.841024,30.995617],[77.840196,30.996819],[77.839926,30.999823],[77.827186,31.00159],[77.826442,31.000177],[77.826609,30.997782],[77.828675,30.995388],[77.828842,30.992993],[77.823653,30.988354],[77.822609,30.984912],[77.82381,30.981619],[77.823804,30.979075],[77.821381,30.976232],[77.818788,30.974586],[77.81533,30.971443],[77.814113,30.967702],[77.814276,30.963212],[77.815306,30.960817],[77.819786,30.957823],[77.823925,30.956626],[77.82812,30.957498],[77.83031,30.955667],[77.835547,30.954784],[77.83617,30.954079],[77.836338,30.952133],[77.834781,30.950637],[77.832535,30.94944],[77.829947,30.949441],[77.82094,30.949003],[77.803146,30.962594],[77.795235,30.969631],[77.784862,30.971474],[77.77633,30.973386],[77.769943,30.972637],[77.764413,30.968744],[77.759747,30.964701],[77.753529,30.961107],[77.752145,30.958562],[77.750751,30.950031],[77.750397,30.944643],[77.750737,30.941051],[77.752456,30.936861],[77.752969,30.933868],[77.755209,30.932223],[77.760211,30.932225],[77.762971,30.931627],[77.763476,30.924593],[77.761745,30.920551],[77.762087,30.918756],[77.764673,30.918307],[77.768292,30.916363],[77.77174,30.915615],[77.780366,30.916515],[77.78261,30.917413],[77.785202,30.919809],[77.790035,30.921306],[77.806252,30.922953],[77.809528,30.921905],[77.810215,30.920708],[77.810207,30.917116],[77.810889,30.913224],[77.814331,30.909782],[77.815702,30.90619],[77.814143,30.902897],[77.80913,30.897659],[77.803258,30.893469],[77.801184,30.891074],[77.800991,30.881346],[77.799248,30.871767],[77.798726,30.869672],[77.804576,30.864134],[77.805431,30.860692],[77.806111,30.856651],[77.805418,30.854556],[77.802144,30.855005],[77.794906,30.856352],[77.785773,30.857698],[77.781294,30.859044],[77.778195,30.861288],[77.777167,30.864581],[77.776832,30.870118],[77.775803,30.872962],[77.772361,30.876403],[77.768399,30.878647],[77.76478,30.879245],[77.760293,30.877298],[77.755284,30.871609],[77.756302,30.861282],[77.753365,30.856791],[77.746458,30.849155],[77.745593,30.84706],[77.746969,30.845115],[77.754715,30.838533],[77.757982,30.834193],[77.759701,30.83135],[77.760212,30.827908],[77.759174,30.825364],[77.754001,30.823416],[77.749001,30.821319],[77.746238,30.817725],[77.745199,30.814283],[77.73847,30.807395],[77.733123,30.803052],[77.731738,30.798411],[77.731215,30.793472],[77.728451,30.787334],[77.724312,30.78344],[77.719135,30.776403],[77.715687,30.772809],[77.71155,30.769812],[77.706208,30.767564],[77.702933,30.764268],[77.703273,30.759928],[77.704991,30.756936],[77.706884,30.755591],[77.706881,30.752897],[77.70464,30.75065],[77.703777,30.748404],[77.704976,30.742718],[77.709623,30.741374],[77.720645,30.744076],[77.72271,30.74258],[77.725633,30.739738],[77.727179,30.737345],[77.730104,30.735999],[77.733375,30.735851],[77.733891,30.735253],[77.735093,30.733158],[77.735775,30.728519],[77.736459,30.725376],[77.740072,30.724031],[77.744029,30.722237],[77.746264,30.720442],[77.746944,30.714904],[77.749523,30.713409],[77.754507,30.708172],[77.755021,30.706825],[77.752779,30.70443],[77.749332,30.701136],[77.751047,30.697395],[77.748807,30.695298],[77.747772,30.693502],[77.74793,30.684372],[77.748442,30.681828],[77.750848,30.679883],[77.755147,30.678239],[77.759617,30.676145],[77.762194,30.673901],[77.765804,30.672255],[77.768384,30.671508],[77.773542,30.669713],[77.776289,30.66687],[77.778004,30.663877],[77.78041,30.662231],[77.783849,30.661633],[77.790217,30.66313],[77.793653,30.660885],[77.792272,30.658041],[77.787966,30.655646],[77.784862,30.651455],[77.783136,30.648611],[77.783648,30.646067],[77.785364,30.644421],[77.786048,30.642026],[77.786559,30.639482],[77.787586,30.637237],[77.789131,30.63574],[77.789299,30.633495],[77.787059,30.631399],[77.785508,30.629603],[77.786187,30.624963],[77.787733,30.623916],[77.789449,30.622419],[77.791511,30.621671],[77.793057,30.620624],[77.794943,30.618079],[77.795627,30.616283],[77.795108,30.614637],[77.79184,30.614188],[77.784621,30.615684],[77.779634,30.615084],[77.775337,30.616131],[77.77276,30.617328],[77.770354,30.617776],[77.769148,30.616878],[77.769489,30.614932],[77.771033,30.613287],[77.771372,30.610592],[77.770337,30.608497],[77.770677,30.606402],[77.77136,30.603857],[77.771699,30.600864],[77.770146,30.59772],[77.767565,30.596522],[77.764645,30.597569],[77.760009,30.60101],[77.759667,30.602507],[77.755717,30.6052],[77.751934,30.604899],[77.749527,30.604449],[77.746262,30.605795],[77.744542,30.605644],[77.743681,30.604147],[77.744366,30.602351],[77.746255,30.601155],[77.746595,30.59876],[77.744359,30.598011],[77.743497,30.596364],[77.744353,30.594269],[77.747617,30.592325],[77.752427,30.590082],[77.756203,30.586491],[77.758949,30.584247],[77.761862,30.57871],[77.764094,30.577214],[77.765122,30.575268],[77.76546,30.571676],[77.765447,30.564043],[77.771453,30.559255],[77.774374,30.559106],[77.779187,30.559556],[77.78125,30.560305],[77.784515,30.560156],[77.787432,30.557911],[77.789834,30.555666],[77.793438,30.55372],[77.796705,30.554619],[77.799461,30.557462],[77.803241,30.557463],[77.805642,30.555217],[77.809079,30.555367],[77.811492,30.55866],[77.81459,30.560755],[77.817854,30.560156],[77.82077,30.55791],[77.82179,30.552671],[77.820579,30.549229],[77.821595,30.542793],[77.824336,30.5392],[77.825526,30.533812],[77.825174,30.53037],[77.821388,30.527377],[77.818286,30.523037],[77.817763,30.519894],[77.815857,30.51256],[77.813962,30.510016],[77.811554,30.508519],[77.807946,30.507921],[77.80376,30.508042],[77.803127,30.507456],[77.799796,30.507983],[77.797641,30.507921],[77.790593,30.505226],[77.783543,30.500885],[77.781134,30.49834],[77.780273,30.497142],[77.763604,30.491451],[77.755183,30.487557],[77.747793,30.483214],[77.74023,30.478421],[77.732841,30.474376],[77.727175,30.474672],[77.721509,30.47407],[77.717212,30.470775],[77.71343,30.466881],[77.701575,30.45864],[77.696593,30.455643],[77.693329,30.452796],[77.691783,30.451149],[77.686802,30.4486],[77.679591,30.446797],[77.672381,30.446341],[77.65951,30.449621],[77.65642,30.450216],[77.651785,30.448864],[77.648694,30.446465],[77.6456,30.437332],[77.642852,30.433736],[77.639934,30.432984],[77.634957,30.434026],[77.622772,30.435656],[77.616421,30.435198],[77.602691,30.431885],[77.588961,30.425727],[77.579351,30.42182],[77.575749,30.417024],[77.573862,30.413279],[77.57352,30.408189],[77.575409,30.401158],[77.578326,30.395475],[77.579379,30.395209],[77.57937,30.399115],[77.580351,30.401971],[77.584611,30.404349],[77.588372,30.405781],[77.593606,30.406646],[77.59655,30.404938],[77.598677,30.402089],[77.599985,30.40152],[77.601456,30.401237],[77.604892,30.401956],[77.60947,30.401534],[77.613069,30.402395],[77.619121,30.403546],[77.623046,30.405121],[77.625826,30.403127],[77.626316,30.399988],[77.628113,30.397708],[77.632856,30.397286],[77.6376,30.39929],[77.64169,30.402719],[77.647415,30.404438],[77.651994,30.402731],[77.656244,30.39974],[77.657877,30.396745],[77.659183,30.392466],[77.661307,30.389758],[77.666376,30.389193],[77.669321,30.390622],[77.67488,30.389772],[77.67798,30.380358],[77.677978,30.378218],[77.682881,30.376653],[77.685827,30.378653],[77.687788,30.378655],[77.689586,30.377515],[77.691218,30.374091],[77.69236,30.371239],[77.697583,30.362826],[77.7015,30.357121],[77.704274,30.352701],[77.709006,30.344715],[77.712433,30.340436],[77.717004,30.335731],[77.722555,30.331597],[77.742319,30.32433],[77.749832,30.321337],[77.757672,30.3192],[77.765676,30.317205],[77.773347,30.31207],[77.780369,30.309789],[77.78771,30.304082],[77.793745,30.298946],[77.799293,30.295522],[77.806474,30.29167],[77.815122,30.287531],[77.832422,30.280822],[77.836823,30.276826],[77.840899,30.273971],[77.844823,30.27554],[77.847272,30.274968],[77.848084,30.273113],[77.850857,30.271685],[77.854285,30.271255],[77.858042,30.270968],[77.862608,30.268541],[77.867336,30.265114],[77.875004,30.262827],[77.880228,30.261682],[77.882356,30.263536],[77.883178,30.26539],[77.886121,30.266387],[77.892161,30.265384],[77.898195,30.262526],[77.906346,30.257811],[77.913196,30.255094],[77.919722,30.253235],[77.925594,30.250946],[77.931303,30.249228],[77.935049,30.24637],[77.940576,30.239516],[77.942955,30.238769],[77.944477,30.238142],[77.944978,30.237063],[77.944693,30.2356],[77.945637,30.237343],[77.946767,30.238728],[77.949122,30.241134],[77.957459,30.242657],[77.959144,30.240617],[77.95456,30.229249],[77.96702,30.219654],[77.970311,30.220608],[77.973373,30.21888],[77.971822,30.214284],[77.972248,30.211026],[77.9758,30.207762],[77.983395,30.203156],[77.997835,30.180171],[78.006153,30.165876],[78.011044,30.153624],[78.014463,30.140479],[78.023754,30.123646],[78.028153,30.113942],[78.037928,30.097122],[78.048683,30.086304],[78.061887,30.078966],[78.069215,30.068911],[78.070671,30.059556],[78.069681,30.048428],[78.067716,30.041118],[78.071622,30.034815],[78.078953,30.031165],[78.093617,30.025996],[78.097032,30.020962],[78.094091,30.014908],[78.092127,30.009733],[78.098476,30.004774],[78.110209,30.003798],[78.119929,30.003135],[78.127393,30.002118],[78.131147,29.999796],[78.132218,29.996905],[78.134525,29.994388],[78.136421,29.991686],[78.136445,29.989691],[78.137315,29.986254],[78.13941,29.984098],[78.141304,29.981577],[78.143802,29.980331],[78.145889,29.9789],[78.14719,29.974016],[78.149518,29.969686],[78.15366,29.969362],[78.157374,29.970303],[78.159458,29.969053],[78.162995,29.967454],[78.167355,29.966225],[78.17046,29.966072],[78.172278,29.969897],[78.175326,29.97464],[78.177935,29.981555],[78.180969,29.987567],[78.185443,29.994317],[78.188934,29.996706],[78.19207,29.994014],[78.193776,29.989678],[78.193413,29.985322],[78.190577,29.980038],[78.188151,29.97512],[78.18641,29.9657],[78.19281,29.965913],[78.200774,29.965471]]]},"properties":{"ID":"05060","NAME":"Dehradun","TOTPOP_CY":2062878,"AREA":3136.74}},
{"type":"Feature","geometry":{"type":"Polygon","coordinates":[[[78.937714,29.447776],[78.939522,29.449726],[78.940766,29.451067],[78.943821,29.453778],[78.94731,29.457456],[78.950809,29.458818],[78.951022,29.460362],[78.950795,29.462098],[78.951224,29.464414],[78.955991,29.477163],[78.957946,29.481221],[78.960559,29.485281],[78.962724,29.491848],[78.962718,29.493391],[78.960512,29.497049],[78.961154,29.500717],[78.962234,29.504771],[78.962212,29.510173],[78.963054,29.518857],[78.964569,29.523685],[78.966743,29.528322],[78.969563,29.535662],[78.971965,29.538178],[78.977872,29.541091],[78.984214,29.545162],[78.988583,29.547205],[78.993616,29.55175],[78.996465,29.552145],[79.003482,29.55178],[79.010901,29.550341],[79.008851,29.555111],[79.002843,29.562854],[79.008434,29.574365],[79.016087,29.580667],[79.025387,29.578251],[79.03788,29.585975],[79.046517,29.59186],[79.056145,29.590526],[79.059327,29.603584],[79.087433,29.61643],[79.093766,29.658998],[79.097697,29.659325],[79.097834,29.6586],[79.105869,29.660005],[79.109007,29.660266],[79.115789,29.684815],[79.11339,29.705203],[79.119049,29.713832],[79.11525,29.721049],[79.114036,29.722119],[79.11578,29.75082],[79.128629,29.764705],[79.124417,29.779856],[79.125373,29.78349],[79.121126,29.791689],[79.116047,29.814488],[79.109404,29.828074],[79.099291,29.837834],[79.089722,29.851842],[79.078073,29.856503],[79.070654,29.857694],[79.072801,29.868395],[79.071989,29.87014],[79.072822,29.8724],[79.076273,29.877397],[79.077819,29.880252],[79.078771,29.883703],[79.080793,29.885844],[79.083292,29.887034],[79.086266,29.887034],[79.089241,29.886796],[79.092572,29.885487],[79.097569,29.888461],[79.101852,29.890722],[79.105897,29.893815],[79.109823,29.894529],[79.112797,29.894529],[79.115058,29.894886],[79.117199,29.895719],[79.122627,29.896657],[79.13351,29.905838],[79.143118,29.908617],[79.171036,29.908615],[79.171536,29.907951],[79.176864,29.904979],[79.185801,29.915174],[79.194288,29.927916],[79.195105,29.931259],[79.224336,29.938898],[79.226144,29.944627],[79.231678,29.946176],[79.234235,29.95382],[79.235854,29.964012],[79.233423,29.967678],[79.235162,29.973326],[79.23029,29.972402],[79.225365,29.97618],[79.222802,29.987564],[79.222716,29.995582],[79.217243,30.004844],[79.214714,30.012851],[79.212628,30.025082],[79.202813,30.028837],[79.188127,30.030883],[79.185576,30.040579],[79.188896,30.049878],[79.201031,30.057949],[79.20147,30.062594],[79.196498,30.070169],[79.190484,30.083647],[79.182604,30.088676],[79.163022,30.090276],[79.155169,30.092772],[79.149689,30.101609],[79.144232,30.108335],[79.134913,30.110401],[79.133761,30.125589],[79.131198,30.135705],[79.133505,30.147955],[79.141281,30.152635],[79.135321,30.160203],[79.123018,30.166051],[79.121946,30.174065],[79.110619,30.179918],[79.099276,30.187035],[79.091343,30.195435],[79.098607,30.202224],[79.093621,30.209796],[79.083303,30.212697],[79.070062,30.214316],[79.057366,30.211294],[79.043676,30.209531],[79.042568,30.209895],[79.039016,30.205985],[79.03072,30.198725],[79.027385,30.196438],[79.023089,30.195489],[79.016768,30.195205],[79.012034,30.193316],[79.007013,30.190621],[79.00183,30.188194],[78.993778,30.18348],[78.987203,30.181183],[78.94153,30.175284],[78.931224,30.174045],[78.918142,30.172796],[78.906783,30.170613],[78.904975,30.170814],[78.90132,30.170289],[78.893497,30.168839],[78.88503,30.166987],[78.876601,30.166103],[78.874897,30.166097],[78.873128,30.166692],[78.873564,30.167631],[78.876048,30.169322],[78.875881,30.169969],[78.874526,30.170481],[78.873614,30.171125],[78.87539,30.171519],[78.878063,30.171788],[78.880147,30.171795],[78.881197,30.17154],[78.885213,30.171684],[78.888619,30.172342],[78.891281,30.172999],[78.896638,30.173147],[78.899445,30.173933],[78.90133,30.17575],[78.904567,30.182489],[78.903797,30.183392],[78.902882,30.184165],[78.89767,30.184147],[78.895135,30.184268],[78.892291,30.184776],[78.890482,30.185546],[78.889694,30.187096],[78.891597,30.188267],[78.89366,30.18905],[78.896918,30.189708],[78.898233,30.190618],[78.898055,30.191653],[78.895887,30.194621],[78.893301,30.196553],[78.893268,30.197717],[78.893842,30.198496],[78.89426,30.199532],[78.894075,30.200825],[78.894514,30.201085],[78.897075,30.200059],[78.898873,30.199677],[78.899909,30.199939],[78.901224,30.20085],[78.901801,30.201498],[78.902208,30.202923],[78.90203,30.203957],[78.901242,30.205507],[78.901206,30.206801],[78.902223,30.20771],[78.906376,30.208371],[78.907567,30.208375],[78.908856,30.204886],[78.909092,30.201782],[78.91012,30.202303],[78.91578,30.202321],[78.91695,30.203101],[78.916732,30.205559],[78.915429,30.209565],[78.915368,30.211765],[78.914097,30.214607],[78.913695,30.218357],[78.912569,30.221329],[78.911784,30.22275],[78.911145,30.2243],[78.909899,30.226237],[78.908664,30.227785],[78.909064,30.229469],[78.909482,30.230505],[78.909152,30.231668],[78.908222,30.232959],[78.908186,30.234253],[78.907557,30.235415],[78.906348,30.236058],[78.900828,30.236298],[78.897739,30.234865],[78.896678,30.235508],[78.895003,30.236796],[78.894232,30.237699],[78.894214,30.238346],[78.894926,30.239512],[78.897252,30.241591],[78.899008,30.242761],[78.900461,30.24406],[78.899126,30.247646],[78.897467,30.250812],[78.894603,30.252621],[78.890231,30.253978],[78.886009,30.258048],[78.882994,30.260008],[78.879376,30.260611],[78.877717,30.258199],[78.876813,30.255335],[78.875154,30.25247],[78.87033,30.248852],[78.867164,30.247043],[78.858721,30.244178],[78.856309,30.244932],[78.852691,30.246289],[78.848771,30.246138],[78.847716,30.244178],[78.84651,30.240409],[78.845153,30.237997],[78.843494,30.236791],[78.839424,30.236791],[78.835956,30.238148],[78.830378,30.241314],[78.825101,30.242218],[78.820277,30.239957],[78.819674,30.236339],[78.820428,30.233625],[78.82088,30.231213],[78.820277,30.229856],[78.817563,30.228197],[78.814096,30.227142],[78.809874,30.225484],[78.807914,30.222921],[78.805201,30.220659],[78.801431,30.220961],[78.798416,30.221865],[78.791933,30.227444],[78.787411,30.228348],[78.781832,30.227896],[78.776706,30.226539],[78.770676,30.225785],[78.765248,30.22473],[78.764042,30.221413],[78.763217,30.217931],[78.761178,30.216438],[78.758012,30.216589],[78.753338,30.215533],[78.750172,30.214327],[78.746855,30.213573],[78.742634,30.216287],[78.73585,30.222167],[78.723789,30.228801],[78.718964,30.23272],[78.717607,30.235283],[78.715497,30.236942],[78.714592,30.234831],[78.712632,30.233022],[78.706753,30.231967],[78.703587,30.232419],[78.699365,30.234982],[78.693033,30.234982],[78.689415,30.236339],[78.686852,30.2386],[78.683384,30.238148],[78.681274,30.236791],[78.680068,30.234228],[78.680068,30.231816],[78.682237,30.227582],[78.683541,30.226804],[78.683448,30.225023],[78.682698,30.223429],[78.683916,30.222116],[78.68401,30.220429],[78.68209,30.219737],[78.680367,30.21837],[78.679229,30.217053],[78.679322,30.214334],[78.679885,30.212928],[78.680072,30.211147],[78.67876,30.210303],[78.677541,30.210678],[78.674072,30.212178],[78.670415,30.212928],[78.668072,30.212084],[78.666196,30.210397],[78.665165,30.207959],[78.663477,30.205615],[78.656446,30.204021],[78.652007,30.206245],[78.648945,30.207115],[78.646695,30.206834],[78.643882,30.20599],[78.642382,30.204302],[78.642382,30.202427],[78.643038,30.200083],[78.64482,30.196989],[78.644851,30.195335],[78.636878,30.18661],[78.632444,30.18452],[78.626912,30.183207],[78.620818,30.180769],[78.620724,30.177863],[78.621287,30.17505],[78.620912,30.171112],[78.620912,30.16905],[78.620162,30.1668],[78.618568,30.163143],[78.618755,30.160799],[78.61988,30.156861],[78.619165,30.152783],[78.615099,30.148611],[78.608224,30.148632],[78.607248,30.148096],[78.605851,30.136347],[78.607362,30.129206],[78.605787,30.127324],[78.603687,30.126007],[78.600203,30.124481],[78.599841,30.123483],[78.600204,30.11994],[78.60023,30.118064],[78.599669,30.114788],[78.598841,30.111207],[78.598168,30.110001],[78.594901,30.107988],[78.5926,30.110153],[78.590592,30.110748],[78.590237,30.110737],[78.589382,30.109537],[78.587945,30.104504],[78.592897,30.094833],[78.597343,30.087682],[78.596401,30.081807],[78.601811,30.076752],[78.607705,30.072533],[78.605293,30.067085],[78.600842,30.062154],[78.596082,30.065391],[78.593798,30.065582],[78.590752,30.065011],[78.58961,30.062346],[78.5898,30.05416],[78.587326,30.052447],[78.584661,30.053208],[78.581615,30.055493],[78.581044,30.058348],[78.57876,30.061775],[78.576666,30.063107],[78.57362,30.063488],[78.571145,30.062536],[78.565244,30.061775],[78.564292,30.063868],[78.564292,30.066153],[78.56296,30.068818],[78.561056,30.06977],[78.550396,30.070531],[78.544495,30.072815],[78.541259,30.073577],[78.538594,30.073767],[78.535807,30.074861],[78.532313,30.075671],[78.528886,30.07548],[78.52546,30.0751],[78.524089,30.076371],[78.522626,30.073889],[78.521868,30.071074],[78.52193,30.068422],[78.522329,30.06652],[78.521462,30.066343],[78.517274,30.066343],[78.514038,30.066533],[78.512896,30.063678],[78.514434,30.061838],[78.512515,30.056254],[78.510421,30.055493],[78.501665,30.05911],[78.497858,30.063297],[78.497858,30.066724],[78.499952,30.071292],[78.499571,30.074719],[78.497287,30.075671],[78.49348,30.074719],[78.491386,30.070912],[78.488721,30.062726],[78.486437,30.058538],[78.4832,30.056635],[78.479774,30.055683],[78.478251,30.058158],[78.478822,30.061394],[78.479013,30.064059],[78.47749,30.065962],[78.474063,30.065772],[78.470256,30.065011],[78.465497,30.065011],[78.462261,30.065962],[78.459215,30.067485],[78.452743,30.068247],[78.450269,30.069579],[78.447413,30.072244],[78.442845,30.0751],[78.439609,30.077384],[78.437134,30.078907],[78.434279,30.081572],[78.434469,30.084427],[78.434469,30.088234],[78.434088,30.095277],[78.434279,30.099084],[78.43504,30.103272],[78.436182,30.10727],[78.438276,30.110125],[78.437324,30.112029],[78.435421,30.112981],[78.430472,30.113552],[78.427236,30.113552],[78.423238,30.115455],[78.417908,30.130113],[78.414482,30.132778],[78.410103,30.135823],[78.403631,30.136965],[78.397921,30.136965],[78.394113,30.136204],[78.391258,30.134681],[78.391068,30.131445],[78.391639,30.130303],[78.39212,30.127437],[78.384761,30.126849],[78.373501,30.127708],[78.362186,30.134863],[78.348942,30.138661],[78.339693,30.133218],[78.32994,30.129453],[78.321188,30.123167],[78.318837,30.112675],[78.315942,30.108062],[78.306628,30.107792],[78.301683,30.093582],[78.294314,30.084863],[78.284972,30.071398],[78.276607,30.056249],[78.259955,30.049861],[78.25063,30.038956],[78.249616,30.026976],[78.241251,30.009263],[78.237461,30.002927],[78.233269,29.993111],[78.231027,29.990009],[78.228978,29.988178],[78.223813,29.987407],[78.218858,29.986275],[78.215773,29.984616],[78.212708,29.981143],[78.207624,29.9733],[78.204967,29.970375],[78.202848,29.968322],[78.200774,29.965471],[78.202748,29.965406],[78.206013,29.964723],[78.209122,29.963323],[78.213716,29.960367],[78.225395,29.949767],[78.235072,29.94343],[78.239515,29.939187],[78.245262,29.934814],[78.248888,29.930706],[78.251829,29.929732],[78.270238,29.92832],[78.273344,29.927062],[78.276462,29.924804],[78.276971,29.922811],[78.276668,29.920811],[78.275232,29.918087],[78.272671,29.91407],[78.271089,29.909918],[78.270168,29.904773],[78.272166,29.900508],[78.276747,29.898264],[78.281855,29.892312],[78.28959,29.8841],[78.297622,29.878459],[78.308447,29.870128],[78.314029,29.865178],[78.318797,29.860223],[78.320306,29.855953],[78.320975,29.838406],[78.323336,29.830148],[78.324864,29.823881],[78.328371,29.814919],[78.329907,29.807796],[78.330773,29.802523],[78.333745,29.798122],[78.342252,29.792768],[78.351077,29.788128],[78.358429,29.784333],[78.366102,29.780967],[78.389135,29.769013],[78.399237,29.766236],[78.408196,29.764019],[78.425919,29.763008],[78.430313,29.762327],[78.437352,29.756669],[78.444571,29.749015],[78.455977,29.745529],[78.467383,29.741756],[78.477143,29.74054],[78.486085,29.739887],[78.495535,29.73667],[78.503367,29.732727],[78.510076,29.727064],[78.514673,29.721243],[78.518658,29.710852],[78.521,29.702591],[78.52218,29.697462],[78.522391,29.691612],[78.521599,29.689181],[78.520985,29.684896],[78.521186,29.68033],[78.52238,29.673345],[78.521611,29.668345],[78.52151,29.660924],[78.524157,29.654805],[78.528772,29.646416],[78.53486,29.636324],[78.540276,29.629081],[78.544843,29.626256],[78.55237,29.618456],[78.570392,29.596592],[78.58233,29.584251],[78.597656,29.574069],[78.60645,29.569413],[78.612652,29.56417],[78.623064,29.559807],[78.62812,29.555842],[78.633346,29.550877],[78.638552,29.548623],[78.644884,29.547519],[78.64862,29.546684],[78.655297,29.542582],[78.662628,29.537629],[78.671581,29.532398],[78.68234,29.523752],[78.68805,29.518503],[78.690332,29.51666],[78.693589,29.514394],[78.699603,29.511999],[78.707067,29.510898],[78.710978,29.507636],[78.715539,29.504234],[78.724474,29.501141],[78.729175,29.50088],[78.732093,29.500894],[78.741165,29.501511],[78.745699,29.502389],[78.751225,29.499848],[78.756612,29.493453],[78.76395,29.485925],[78.770787,29.480677],[78.775176,29.478415],[78.781837,29.475592],[78.790463,29.468926],[78.797771,29.465962],[78.805227,29.465425],[78.816742,29.463478],[78.824213,29.460087],[78.831027,29.458261],[78.837027,29.457431],[78.842049,29.457452],[78.857296,29.453949],[78.868497,29.449284],[78.889261,29.443374],[78.898343,29.441268],[78.913919,29.435619],[78.920401,29.434929],[78.922641,29.438848],[78.923507,29.441166],[78.926128,29.442719],[78.930941,29.443894],[78.935753,29.445262],[78.937714,29.447776]]]},"properties":{"ID":"05061","NAME":"Pauri Garhwal","TOTPOP_CY":814701,"AREA":5266.43}},
{"type":"Feature","geometry":{"type":"Polygon","coordinates":[[[80.2433,29.444635],[80.244312,29.446293],[80.244982,29.446714],[80.245516,29.446889],[80.248085,29.446889],[80.251571,29.447208],[80.254691,29.447847],[80.255608,29.448806],[80.256709,29.450564],[80.258361,29.451523],[80.260012,29.451523],[80.26148,29.450883],[80.264143,29.449246],[80.266778,29.448673],[80.268014,29.448673],[80.268775,29.449997],[80.270011,29.450329],[80.273623,29.449749],[80.274479,29.450246],[80.274574,29.451819],[80.273623,29.452895],[80.272387,29.453474],[80.270296,29.453806],[80.269155,29.454385],[80.269155,29.455213],[80.271571,29.457342],[80.276159,29.458301],[80.277924,29.458301],[80.279423,29.45811],[80.279898,29.457282],[80.279898,29.455958],[80.279328,29.454799],[80.279138,29.45306],[80.279993,29.451901],[80.280944,29.451074],[80.28218,29.451074],[80.284271,29.451405],[80.285602,29.451405],[80.287124,29.451074],[80.28874,29.450908],[80.291117,29.451984],[80.292733,29.453309],[80.294064,29.453392],[80.295542,29.453153],[80.297628,29.450951],[80.300014,29.45111],[80.301115,29.451909],[80.301849,29.453347],[80.301849,29.454945],[80.300931,29.457022],[80.299645,29.458329],[80.295965,29.461339],[80.293018,29.464815],[80.291022,29.468043],[80.290166,29.47003],[80.288169,29.472016],[80.286838,29.474003],[80.286458,29.475079],[80.287135,29.477475],[80.287753,29.478072],[80.28856,29.478411],[80.290451,29.478141],[80.292828,29.478803],[80.294159,29.480624],[80.295793,29.483798],[80.295793,29.484078],[80.296631,29.485341],[80.296527,29.488813],[80.297445,29.490091],[80.299117,29.490819],[80.300381,29.49057],[80.30189,29.489416],[80.302525,29.48799],[80.303381,29.486583],[80.304807,29.485672],[80.306994,29.485424],[80.309465,29.485507],[80.311082,29.485341],[80.312032,29.484514],[80.313363,29.485176],[80.314124,29.487162],[80.314687,29.490838],[80.313359,29.494838],[80.313225,29.495681],[80.313281,29.498175],[80.313828,29.49927],[80.318298,29.501834],[80.32192,29.502885],[80.327814,29.50487],[80.330001,29.506525],[80.330952,29.510083],[80.331405,29.512689],[80.331573,29.512858],[80.333043,29.51331],[80.334571,29.51294],[80.338938,29.510166],[80.340934,29.509918],[80.343596,29.512152],[80.349301,29.518687],[80.349776,29.519928],[80.34835,29.522328],[80.34797,29.524148],[80.349396,29.525223],[80.351487,29.52605],[80.353484,29.526547],[80.3551,29.527787],[80.356621,29.529359],[80.357816,29.532131],[80.357816,29.533048],[80.357449,29.533686],[80.352311,29.536241],[80.35121,29.537518],[80.350109,29.539274],[80.347723,29.540072],[80.342402,29.540072],[80.340934,29.540871],[80.341885,29.543008],[80.343881,29.545406],[80.345755,29.548794],[80.345665,29.549576],[80.344787,29.550449],[80.342585,29.551885],[80.342438,29.552938],[80.343443,29.554094],[80.347906,29.555389],[80.348824,29.555557],[80.35855,29.555876],[80.359918,29.556233],[80.36223,29.556323],[80.363847,29.55715],[80.364037,29.558804],[80.362248,29.561437],[80.362036,29.562101],[80.362587,29.564176],[80.363887,29.564606],[80.367269,29.562939],[80.368505,29.562525],[80.370311,29.563518],[80.371642,29.563683],[80.373259,29.563104],[80.37516,29.561533],[80.377157,29.561202],[80.378773,29.562029],[80.379343,29.564097],[80.378773,29.569554],[80.378773,29.571208],[80.379724,29.571622],[80.386664,29.571704],[80.38809,29.572366],[80.389326,29.573854],[80.390467,29.576169],[80.390372,29.580029],[80.391358,29.58167],[80.394579,29.584376],[80.396266,29.585016],[80.398209,29.587336],[80.399879,29.588323],[80.401556,29.588701],[80.404252,29.591299],[80.407009,29.595433],[80.408625,29.59907],[80.408721,29.602459],[80.408245,29.605105],[80.407485,29.607336],[80.40749,29.608969],[80.406206,29.610724],[80.405655,29.612],[80.405839,29.613276],[80.407674,29.615669],[80.407674,29.619173],[80.409334,29.623646],[80.411378,29.626036],[80.412143,29.62659],[80.415366,29.62692],[80.417838,29.62692],[80.419455,29.628242],[80.420881,29.62973],[80.421071,29.631382],[80.420323,29.632545],[80.419495,29.634812],[80.419689,29.635948],[80.420441,29.63794],[80.419557,29.639609],[80.417268,29.640637],[80.414891,29.642373],[80.414035,29.64386],[80.414321,29.647826],[80.415652,29.649479],[80.416226,29.650676],[80.416298,29.652937],[80.414511,29.654519],[80.413655,29.654684],[80.412134,29.654023],[80.410137,29.65394],[80.409187,29.654684],[80.408141,29.657575],[80.406962,29.659948],[80.405289,29.66055],[80.403482,29.659971],[80.402247,29.65898],[80.400535,29.658649],[80.39827,29.658572],[80.397581,29.659051],[80.397581,29.660167],[80.398022,29.661222],[80.398539,29.661706],[80.397778,29.662945],[80.390792,29.664313],[80.389874,29.665429],[80.38914,29.666864],[80.38914,29.668255],[80.38996,29.670547],[80.3897,29.671204],[80.385267,29.67386],[80.384665,29.674549],[80.383254,29.678028],[80.383305,29.679894],[80.385103,29.683445],[80.384977,29.684577],[80.383327,29.686653],[80.381747,29.687547],[80.380699,29.688387],[80.379782,29.689822],[80.379782,29.697995],[80.379475,29.700188],[80.377052,29.704078],[80.375056,29.707712],[80.37401,29.710849],[80.37382,29.713327],[80.372204,29.715473],[80.372679,29.716795],[80.374486,29.717703],[80.376387,29.718941],[80.376102,29.720428],[80.375151,29.721418],[80.372679,29.721501],[80.370112,29.721336],[80.367832,29.722102],[80.366792,29.723317],[80.365469,29.726831],[80.365469,29.727435],[80.36602,29.729347],[80.366754,29.730303],[80.368038,29.731578],[80.369506,29.733968],[80.369506,29.734446],[80.36943,29.734843],[80.368496,29.735949],[80.365454,29.738178],[80.364598,29.739498],[80.364788,29.741975],[80.365264,29.744286],[80.365549,29.747258],[80.366293,29.749182],[80.368591,29.750972],[80.369827,29.75089],[80.370683,29.749817],[80.373059,29.749817],[80.381521,29.750725],[80.385609,29.750642],[80.386179,29.75155],[80.385989,29.753448],[80.385,29.755786],[80.384736,29.757388],[80.384954,29.758331],[80.385619,29.759198],[80.387232,29.760169],[80.389497,29.760417],[80.394278,29.758663],[80.395196,29.758503],[80.397214,29.7593],[80.397765,29.760256],[80.397581,29.761849],[80.396456,29.763942],[80.396923,29.765746],[80.398539,29.767974],[80.399372,29.771498],[80.400743,29.774754],[80.401251,29.775547],[80.4017,29.775985],[80.403863,29.777299],[80.404915,29.778735],[80.40505,29.779379],[80.404649,29.780119],[80.403768,29.781095],[80.403958,29.782498],[80.405479,29.78324],[80.407285,29.783735],[80.40738,29.785386],[80.406144,29.787613],[80.405954,29.789181],[80.407571,29.792151],[80.407285,29.793719],[80.406905,29.794544],[80.407761,29.795039],[80.409282,29.794709],[80.410042,29.792894],[80.410898,29.791904],[80.411849,29.791739],[80.41318,29.791739],[80.414796,29.794957],[80.416412,29.796029],[80.418599,29.796277],[80.420772,29.796008],[80.423088,29.79641],[80.425043,29.797278],[80.428106,29.798009],[80.430103,29.799577],[80.430483,29.801062],[80.432289,29.801887],[80.433715,29.805104],[80.434951,29.805599],[80.436092,29.805269],[80.437803,29.804114],[80.439229,29.801639],[80.441416,29.799659],[80.444554,29.798834],[80.447311,29.798752],[80.449402,29.799247],[80.451399,29.800402],[80.452254,29.801722],[80.453871,29.802217],[80.456152,29.802464],[80.457483,29.802382],[80.4591,29.801722],[80.461001,29.801804],[80.462522,29.802134],[80.464138,29.802217],[80.46642,29.801557],[80.470128,29.799742],[80.47336,29.798587],[80.476212,29.798092],[80.478019,29.797184],[80.479048,29.795972],[80.479844,29.795617],[80.480301,29.795617],[80.481727,29.796112],[80.484549,29.796529],[80.487862,29.79625],[80.491165,29.795773],[80.492083,29.795773],[80.493551,29.796091],[80.494101,29.797365],[80.494101,29.799117],[80.492375,29.801392],[80.492755,29.801804],[80.493991,29.801557],[80.494561,29.801804],[80.494942,29.802794],[80.495322,29.804774],[80.497509,29.806177],[80.498744,29.807166],[80.499505,29.808156],[80.499315,29.808981],[80.498649,29.809971],[80.498459,29.811044],[80.498649,29.812693],[80.499315,29.813931],[80.499695,29.815003],[80.500076,29.817065],[80.500931,29.817725],[80.503878,29.81888],[80.505304,29.819622],[80.50597,29.821602],[80.506826,29.822674],[80.508727,29.823664],[80.511009,29.824654],[80.51253,29.825066],[80.521752,29.827128],[80.523273,29.828283],[80.523843,29.829602],[80.523843,29.830427],[80.523273,29.831417],[80.523368,29.832324],[80.524224,29.832736],[80.526315,29.832736],[80.527932,29.833066],[80.528692,29.833726],[80.528977,29.83587],[80.529548,29.836942],[80.532685,29.837355],[80.534587,29.838179],[80.536203,29.840076],[80.537534,29.845849],[80.538062,29.846794],[80.539609,29.847353],[80.540893,29.847353],[80.541317,29.847327],[80.543238,29.846673],[80.544759,29.846591],[80.545995,29.847168],[80.548277,29.850054],[80.549418,29.850137],[80.551217,29.849865],[80.552365,29.850384],[80.553126,29.851621],[80.553411,29.852693],[80.552745,29.853847],[80.551353,29.855311],[80.551353,29.856266],[80.551903,29.857539],[80.553371,29.858812],[80.553922,29.860244],[80.553922,29.861478],[80.555502,29.86267],[80.558259,29.863577],[80.561017,29.865143],[80.561112,29.86671],[80.559971,29.867452],[80.557404,29.868441],[80.556738,29.86976],[80.556833,29.870997],[80.560066,29.874129],[80.563488,29.877097],[80.564915,29.878498],[80.566055,29.8799],[80.567767,29.886412],[80.569288,29.888638],[80.569763,29.890863],[80.571094,29.892512],[80.572425,29.89449],[80.571189,29.898363],[80.570904,29.903308],[80.570334,29.905451],[80.569573,29.907347],[80.569193,29.90883],[80.570334,29.91155],[80.571189,29.915505],[80.574041,29.923663],[80.574802,29.924816],[80.577722,29.927429],[80.577948,29.927829],[80.578034,29.93009],[80.57832,29.932149],[80.579936,29.93388],[80.580792,29.93561],[80.581267,29.93734],[80.584404,29.939811],[80.586505,29.941842],[80.589063,29.946155],[80.591059,29.948956],[80.592676,29.950768],[80.594862,29.952745],[80.59895,29.95604],[80.600566,29.957687],[80.602278,29.958593],[80.604464,29.95917],[80.606081,29.95917],[80.607412,29.958429],[80.610169,29.959005],[80.613401,29.96057],[80.616919,29.962053],[80.619391,29.963535],[80.621387,29.964112],[80.623289,29.964441],[80.624525,29.964277],[80.62557,29.964441],[80.628232,29.96543],[80.632321,29.965512],[80.633556,29.964689],[80.635268,29.964359],[80.636599,29.963947],[80.63831,29.963124],[80.640211,29.96057],[80.641733,29.959829],[80.642873,29.959582],[80.644395,29.958511],[80.647722,29.956699],[80.649433,29.956122],[80.65086,29.95604],[80.652951,29.956122],[80.655898,29.955381],[80.65856,29.955628],[80.660557,29.956617],[80.662553,29.956699],[80.66436,29.957193],[80.67187,29.957275],[80.674152,29.957028],[80.675863,29.957193],[80.679571,29.959829],[80.680798,29.960396],[80.684705,29.965924],[80.685751,29.967818],[80.688413,29.970866],[80.689269,29.97243],[80.690409,29.973995],[80.692216,29.975642],[80.694688,29.976878],[80.696304,29.977454],[80.69716,29.978689],[80.6983,29.97976],[80.699822,29.979678],[80.701057,29.980419],[80.701913,29.981654],[80.705811,29.985442],[80.706762,29.986018],[80.708093,29.986513],[80.709804,29.988489],[80.71142,29.989065],[80.713037,29.989889],[80.714272,29.991124],[80.715603,29.993923],[80.715699,29.995159],[80.71779,29.997711],[80.719121,29.999934],[80.719787,30.000593],[80.722068,29.999852],[80.723685,29.999769],[80.724825,29.999522],[80.726537,29.999522],[80.727583,29.999687],[80.730435,29.999687],[80.733382,29.998781],[80.735664,29.998946],[80.738326,29.998946],[80.739847,29.999111],[80.740227,30.000099],[80.742414,30.002075],[80.745266,30.003145],[80.746217,30.003968],[80.746787,30.005039],[80.747738,30.006356],[80.75002,30.008743],[80.75078,30.010637],[80.751636,30.011707],[80.752111,30.012777],[80.752682,30.014589],[80.753727,30.016976],[80.754108,30.018622],[80.754678,30.019939],[80.755534,30.021256],[80.756675,30.021915],[80.757815,30.022244],[80.758576,30.024137],[80.758386,30.027101],[80.756484,30.029899],[80.756009,30.031134],[80.756009,30.03278],[80.756579,30.034426],[80.756579,30.036319],[80.756199,30.037801],[80.756199,30.039035],[80.756605,30.039855],[80.758861,30.040599],[80.759907,30.041998],[80.759907,30.043315],[80.759051,30.043891],[80.759146,30.044714],[80.760287,30.045372],[80.761143,30.046854],[80.761523,30.047841],[80.761523,30.048417],[80.762094,30.048911],[80.765516,30.05031],[80.765992,30.050886],[80.768178,30.051627],[80.771411,30.053026],[80.772361,30.053684],[80.773407,30.053766],[80.774643,30.053519],[80.777495,30.055001],[80.777876,30.055577],[80.778826,30.05607],[80.779302,30.056482],[80.780633,30.058045],[80.781774,30.059856],[80.782819,30.060267],[80.783865,30.061501],[80.78415,30.062571],[80.784721,30.063229],[80.784911,30.06397],[80.785291,30.06471],[80.788809,30.068742],[80.788999,30.071457],[80.789379,30.072527],[80.79014,30.072938],[80.7909,30.072938],[80.791661,30.073514],[80.794038,30.0759],[80.794418,30.076969],[80.795179,30.07771],[80.79632,30.078533],[80.796985,30.079355],[80.79746,30.079684],[80.798791,30.08026],[80.799891,30.081099],[80.800122,30.082152],[80.801263,30.084209],[80.801358,30.085278],[80.803735,30.087253],[80.806397,30.09005],[80.808394,30.090296],[80.809915,30.09079],[80.811151,30.091695],[80.813718,30.092682],[80.814098,30.093587],[80.814288,30.094574],[80.814859,30.095479],[80.815809,30.096219],[80.817045,30.096795],[80.819707,30.096712],[80.820658,30.098851],[80.821228,30.099509],[80.822654,30.099756],[80.82389,30.099756],[80.824556,30.099427],[80.825507,30.099509],[80.826267,30.099427],[80.826933,30.098769],[80.827313,30.097864],[80.827883,30.097206],[80.829119,30.09663],[80.830165,30.09663],[80.831401,30.096877],[80.832257,30.097288],[80.833683,30.097453],[80.83606,30.096877],[80.836915,30.096877],[80.837961,30.09737],[80.839577,30.09844],[80.840813,30.098851],[80.842144,30.100249],[80.84319,30.100743],[80.844521,30.101154],[80.844996,30.101648],[80.845852,30.103951],[80.846042,30.105184],[80.846042,30.106336],[80.845662,30.107076],[80.844236,30.107652],[80.84319,30.10831],[80.841479,30.110612],[80.842715,30.112833],[80.84338,30.114889],[80.844616,30.115629],[80.847468,30.117027],[80.85077,30.117553],[80.852759,30.118191],[80.854504,30.119494],[80.8565,30.120399],[80.858877,30.121139],[80.860093,30.121263],[80.860257,30.120912],[80.860793,30.121104],[80.862473,30.120894],[80.862978,30.121267],[80.863213,30.121714],[80.863464,30.121892],[80.864733,30.122292],[80.86557,30.123131],[80.866511,30.123681],[80.86716,30.124791],[80.867601,30.125273],[80.868942,30.125597],[80.871321,30.125887],[80.872477,30.125714],[80.873189,30.12614],[80.87394,30.126082],[80.874668,30.126938],[80.87555,30.127243],[80.875759,30.127211],[80.876392,30.127855],[80.87767,30.128691],[80.877725,30.12907],[80.877381,30.129684],[80.877404,30.129893],[80.878329,30.130843],[80.878732,30.132295],[80.878265,30.133303],[80.877583,30.133856],[80.877101,30.135763],[80.876837,30.136024],[80.876256,30.136267],[80.876091,30.13662],[80.875991,30.137867],[80.876097,30.138127],[80.875592,30.139038],[80.876021,30.139819],[80.875852,30.140625],[80.875926,30.141318],[80.875202,30.142239],[80.874609,30.142368],[80.874487,30.142517],[80.874272,30.143336],[80.873373,30.144608],[80.873283,30.144856],[80.873667,30.146341],[80.873587,30.146634],[80.873065,30.147107],[80.872623,30.148017],[80.872419,30.148884],[80.871776,30.149645],[80.871912,30.150138],[80.871515,30.151899],[80.871494,30.152572],[80.87136,30.152758],[80.870911,30.152798],[80.871537,30.154229],[80.871322,30.154863],[80.871126,30.157088],[80.871184,30.157485],[80.871575,30.158112],[80.871131,30.159076],[80.87148,30.16091],[80.871207,30.16124],[80.870569,30.161576],[80.870363,30.1624],[80.86914,30.163002],[80.868271,30.163272],[80.86755,30.16424],[80.867284,30.165015],[80.866777,30.165587],[80.865441,30.166618],[80.864286,30.167187],[80.863383,30.167939],[80.862967,30.168478],[80.862564,30.169459],[80.863115,30.169896],[80.863323,30.170326],[80.864435,30.171365],[80.865216,30.171705],[80.866292,30.174248],[80.867814,30.175481],[80.872757,30.176467],[80.874944,30.178522],[80.876655,30.179837],[80.879317,30.180905],[80.881409,30.182466],[80.8835,30.185425],[80.885117,30.188712],[80.884927,30.190109],[80.884927,30.191424],[80.884356,30.194711],[80.885592,30.196354],[80.886923,30.197669],[80.888349,30.199641],[80.89006,30.201695],[80.891677,30.204407],[80.893103,30.205639],[80.894148,30.2072],[80.895479,30.210898],[80.898142,30.214266],[80.900138,30.21517],[80.903561,30.217141],[80.904797,30.218374],[80.906983,30.221085],[80.910406,30.223467],[80.911832,30.22396],[80.914494,30.224453],[80.916776,30.225767],[80.919343,30.227821],[80.920293,30.229217],[80.920674,30.23045],[80.921814,30.231846],[80.92286,30.232749],[80.923716,30.234146],[80.924762,30.235296],[80.926093,30.236199],[80.927709,30.236528],[80.92942,30.236692],[80.930561,30.236692],[80.932748,30.236035],[80.934174,30.235789],[80.937501,30.23546],[80.939498,30.235953],[80.941304,30.235953],[80.944822,30.23661],[80.945868,30.236199],[80.947389,30.236117],[80.94929,30.236446],[80.950621,30.237185],[80.953759,30.237103],[80.957371,30.237185],[80.959463,30.237596],[80.96184,30.237842],[80.965262,30.237431],[80.966878,30.237924],[80.968305,30.238171],[80.969826,30.238006],[80.974199,30.238335],[80.976386,30.237924],[80.977527,30.238006],[80.978667,30.240635],[80.979903,30.241538],[80.981234,30.242195],[80.981805,30.243427],[80.983041,30.244331],[80.984277,30.244906],[80.985227,30.245809],[80.986558,30.246466],[80.990361,30.246712],[80.992928,30.246548],[80.997206,30.245398],[80.999583,30.24507],[81.002435,30.243181],[81.005192,30.241127],[81.006809,30.240635],[81.010992,30.24006],[81.012988,30.239238],[81.0147,30.238253],[81.016221,30.23776],[81.017932,30.237021],[81.019548,30.236117],[81.021393,30.234856],[81.022395,30.234944],[81.023187,30.234632],[81.024089,30.234674],[81.024844,30.234482],[81.025737,30.234504],[81.026926,30.2348],[81.027247,30.234178],[81.027552,30.233078],[81.028109,30.232945],[81.028519,30.232563],[81.028638,30.233802],[81.029364,30.236022],[81.029322,30.237004],[81.028083,30.238543],[81.028296,30.241192],[81.03086,30.247088],[81.030433,30.247601],[81.029492,30.247986],[81.028125,30.248328],[81.022186,30.24914],[81.021587,30.249524],[81.02069,30.250763],[81.019707,30.251831],[81.015648,30.252985],[81.012358,30.253711],[81.010734,30.25478],[81.009581,30.255891],[81.00894,30.257002],[81.008513,30.260078],[81.006889,30.261915],[81.005906,30.262471],[81.004624,30.263625],[81.002103,30.264778],[80.995095,30.266445],[80.993386,30.267342],[80.990831,30.267944],[80.989379,30.268114],[80.989032,30.268005],[80.981042,30.270109],[80.948337,30.269146],[80.935758,30.263362],[80.926534,30.267218],[80.925416,30.271555],[80.931286,30.275893],[80.925975,30.282882],[80.915073,30.286737],[80.906966,30.296858],[80.908644,30.302883],[80.883486,30.300232],[80.872304,30.300955],[80.871466,30.306016],[80.861682,30.31445],[80.847426,30.317342],[80.834288,30.313004],[80.824504,30.316137],[80.819193,30.322402],[80.802421,30.323125],[80.800744,30.327945],[80.802701,30.332524],[80.787606,30.341199],[80.78481,30.347705],[80.786208,30.35373],[80.781176,30.354212],[80.776704,30.359513],[80.775306,30.362887],[80.751546,30.380238],[80.750707,30.383852],[80.734215,30.401203],[80.729184,30.401444],[80.717164,30.411806],[80.705423,30.417831],[80.697876,30.41277],[80.689769,30.413734],[80.684738,30.42024],[80.678588,30.421445],[80.677749,30.428193],[80.64141,30.44964],[80.63526,30.451568],[80.624918,30.461448],[80.614016,30.458556],[80.609264,30.463376],[80.607307,30.470365],[80.59976,30.47157],[80.596126,30.46675],[80.591374,30.468196],[80.581311,30.467714],[80.57572,30.464341],[80.565657,30.463859],[80.565098,30.45928],[80.546369,30.447954],[80.52764,30.459039],[80.526243,30.465063],[80.520931,30.471329],[80.514782,30.471811],[80.507514,30.475908],[80.504439,30.481691],[80.49773,30.486993],[80.49158,30.485065],[80.487108,30.485547],[80.483474,30.490125],[80.475088,30.488921],[80.471175,30.490848],[80.464745,30.490607],[80.457011,30.496036],[80.444451,30.496918],[80.442358,30.503972],[80.432938,30.506617],[80.428751,30.512789],[80.415668,30.51808],[80.417238,30.522929],[80.409388,30.525133],[80.40019,30.519202],[80.381652,30.51808],[80.376942,30.523811],[80.364906,30.527779],[80.345019,30.520284],[80.336123,30.526897],[80.335076,30.535273],[80.31833,30.546294],[80.31676,30.563047],[80.295827,30.567897],[80.274894,30.567456],[80.255008,30.56437],[80.238261,30.578477],[80.219421,30.579359],[80.210002,30.586854],[80.207352,30.587463],[80.211837,30.596993],[80.212729,30.601157],[80.213027,30.605023],[80.215703,30.612162],[80.213621,30.619597],[80.211242,30.624951],[80.212134,30.626736],[80.21957,30.634767],[80.218678,30.6425],[80.216596,30.644284],[80.213027,30.646069],[80.210945,30.647259],[80.206186,30.650828],[80.203806,30.654695],[80.197263,30.659453],[80.192206,30.665105],[80.192801,30.668079],[80.195181,30.67492],[80.195478,30.677002],[80.196965,30.68414],[80.197858,30.687115],[80.205888,30.688304],[80.209457,30.687115],[80.211837,30.686817],[80.222247,30.688899],[80.224626,30.688304],[80.233549,30.690386],[80.23117,30.707043],[80.232955,30.709422],[80.237416,30.710612],[80.243662,30.713586],[80.247529,30.718345],[80.246934,30.721617],[80.246934,30.723699],[80.248421,30.729648],[80.249313,30.737976],[80.247231,30.743329],[80.245149,30.744817],[80.241283,30.749873],[80.239796,30.759391],[80.235929,30.762068],[80.232062,30.759986],[80.226114,30.757309],[80.220165,30.752847],[80.212729,30.752847],[80.208565,30.756119],[80.203806,30.759093],[80.201427,30.76177],[80.200534,30.762068],[80.196965,30.764745],[80.196073,30.768909],[80.19637,30.77337],[80.19875,30.776047],[80.197858,30.778724],[80.194586,30.782888],[80.186258,30.791216],[80.183283,30.794785],[80.182094,30.798057],[80.180904,30.802221],[80.179119,30.804303],[80.17793,30.806683],[80.174658,30.808467],[80.170196,30.80817],[80.165735,30.806088],[80.162463,30.806683],[80.158299,30.807872],[80.155622,30.804303],[80.156514,30.800437],[80.154135,30.794785],[80.155325,30.793001],[80.152053,30.790324],[80.149079,30.791216],[80.146402,30.791811],[80.141643,30.790026],[80.137181,30.787647],[80.132422,30.787349],[80.129151,30.78616],[80.126771,30.781401],[80.124392,30.780211],[80.122012,30.780509],[80.117848,30.780806],[80.113089,30.780211],[80.107141,30.781103],[80.105951,30.782591],[80.104166,30.78616],[80.103274,30.788539],[80.096136,30.793001],[80.087807,30.79538],[80.086023,30.767421],[80.086023,30.762068],[80.088997,30.755524],[80.089592,30.748088],[80.088402,30.734704],[80.091674,30.72816],[80.079777,30.72816],[80.073531,30.726376],[80.064905,30.726971],[80.057172,30.72935],[80.045572,30.732324],[80.039623,30.732919],[80.025347,30.734704],[80.019695,30.73054],[80.0076,30.724369],[79.993521,30.71775],[79.978947,30.710314],[79.973982,30.705005],[79.963516,30.704124],[79.960899,30.693543],[79.971889,30.682081],[79.990205,30.680317],[79.993345,30.676349],[80.000148,30.677672],[80.001718,30.6715],[80.006428,30.66621],[80.017941,30.664887],[80.020558,30.655629],[80.016371,30.649016],[80.036258,30.63579],[80.037305,30.616392],[80.043061,30.60537],[80.044631,30.596553],[80.049245,30.596376],[80.045702,30.591302],[80.038831,30.585833],[80.028043,30.574467],[80.021678,30.563512],[80.019252,30.550441],[80.006498,30.541607],[80.008485,30.532322],[80.016361,30.525556],[80.019834,30.510783],[80.021827,30.498545],[80.022342,30.487998],[80.019418,30.478723],[80.028765,30.470686],[80.032223,30.460976],[80.04401,30.458419],[80.045985,30.453352],[80.043061,30.443234],[80.043558,30.439859],[80.039646,30.433539],[80.042127,30.420877],[80.044097,30.417076],[80.034316,30.402754],[80.028948,30.390109],[80.018169,30.384647],[80.008876,30.373697],[80.005028,30.344172],[80.003579,30.335737],[79.998703,30.325621],[79.997738,30.319717],[80.020822,30.31727],[80.03205,30.315076],[80.038744,30.307815],[80.044358,30.296316],[80.056983,30.291138],[80.069636,30.287233],[80.070875,30.27746],[80.069304,30.273225],[80.073984,30.263853],[80.078121,30.252362],[80.080839,30.243004],[80.093813,30.232301],[80.110427,30.230489],[80.120694,30.229567],[80.12151,30.222769],[80.117865,30.213878],[80.114131,30.201169],[80.116895,30.193931],[80.111693,30.181232],[80.109337,30.16469],[80.107941,30.147294],[80.09683,30.132935],[80.086579,30.113475],[80.085587,30.092254],[80.089759,30.082461],[80.088277,30.061243],[80.077119,30.044335],[80.075158,30.041874],[80.07473,30.040089],[80.073516,30.036591],[80.071803,30.035021],[80.071803,30.032023],[80.070661,30.031309],[80.071375,30.029739],[80.070447,30.028811],[80.069305,30.025313],[80.06959,30.022814],[80.069162,30.021315],[80.06959,30.020173],[80.068519,30.019959],[80.067806,30.020102],[80.067163,30.019531],[80.067306,30.01846],[80.068163,30.016818],[80.069376,30.016104],[80.071018,30.014462],[80.070804,30.013249],[80.070161,30.012464],[80.070375,30.011607],[80.071589,30.010536],[80.072588,30.010037],[80.072588,30.006039],[80.071803,30.00404],[80.071589,30.002541],[80.070947,30.001328],[80.071232,30.0004],[80.07266,30.000043],[80.074658,29.999829],[80.076229,30.000043],[80.076229,29.999115],[80.075658,29.998544],[80.075372,29.997616],[80.075515,29.996902],[80.076729,29.995617],[80.078299,29.99319],[80.078727,29.991477],[80.079941,29.99062],[80.08119,29.99052],[80.082047,29.986666],[80.082761,29.984952],[80.086901,29.980812],[80.088186,29.978242],[80.089042,29.976101],[80.091612,29.97196],[80.095752,29.968677],[80.09718,29.965393],[80.101463,29.962823],[80.103319,29.962109],[80.105696,29.962773],[80.108841,29.959632],[80.122296,29.950198],[80.139696,29.942434],[80.153439,29.924929],[80.156412,29.915441],[80.157598,29.914099],[80.157598,29.912957],[80.158027,29.911672],[80.158741,29.910744],[80.159454,29.909388],[80.159597,29.908174],[80.15924,29.90589],[80.157527,29.904177],[80.152459,29.90025],[80.149675,29.899965],[80.14789,29.899394],[80.14425,29.899537],[80.142608,29.899465],[80.140966,29.899679],[80.140038,29.89918],[80.138682,29.899108],[80.135469,29.899965],[80.131258,29.90025],[80.128688,29.901178],[80.124905,29.901821],[80.113198,29.90539],[80.105274,29.907532],[80.102205,29.90746],[80.096494,29.909031],[80.094638,29.908745],[80.093853,29.907603],[80.092853,29.906746],[80.088428,29.903606],[80.087357,29.902463],[80.086286,29.900822],[80.085287,29.897966],[80.084359,29.896467],[80.083359,29.895396],[80.081075,29.894397],[80.076029,29.894721],[80.073657,29.898412],[80.069231,29.902695],[80.067375,29.901696],[80.064663,29.901839],[80.062807,29.902838],[80.059951,29.902267],[80.056953,29.901982],[80.053955,29.902838],[80.051385,29.903409],[80.050814,29.901553],[80.048815,29.898841],[80.047388,29.897413],[80.045675,29.896271],[80.044139,29.896254],[80.041712,29.896896],[80.040285,29.897467],[80.038714,29.897681],[80.036216,29.897539],[80.034645,29.897325],[80.033218,29.896682],[80.029393,29.895279],[80.026248,29.894788],[80.021905,29.88446],[80.019797,29.882976],[80.018441,29.881834],[80.015086,29.878122],[80.014015,29.876623],[80.012374,29.873697],[80.012231,29.871769],[80.012588,29.871198],[80.014015,29.870627],[80.016429,29.871071],[80.016053,29.854515],[80.006128,29.847357],[79.991968,29.847017],[79.983089,29.842823],[79.990323,29.83896],[79.999107,29.839458],[80.003917,29.835906],[80.011149,29.832042],[80.019911,29.831139],[80.023524,29.818379],[80.023301,29.808615],[80.036667,29.795795],[80.045221,29.785975],[80.040656,29.778361],[80.026505,29.778024],[80.022508,29.773804],[80.018033,29.770009],[80.007745,29.767949],[80.000821,29.763632],[80.001164,29.760199],[80.000041,29.760086],[79.998673,29.75967],[79.997602,29.758778],[79.996234,29.758123],[79.994688,29.757588],[79.992487,29.757588],[79.991551,29.758362],[79.990643,29.760443],[79.988382,29.761871],[79.986716,29.76199],[79.986359,29.76318],[79.984456,29.76318],[79.981482,29.762585],[79.977674,29.759967],[79.9747,29.759135],[79.967681,29.762942],[79.964706,29.764131],[79.960661,29.764131],[79.958282,29.763418],[79.955426,29.762942],[79.952095,29.763418],[79.949835,29.764012],[79.947693,29.765321],[79.947931,29.767225],[79.947931,29.773411],[79.948169,29.780669],[79.947336,29.783286],[79.944957,29.784595],[79.942458,29.784714],[79.941031,29.785309],[79.938294,29.785428],[79.935796,29.784952],[79.932584,29.784],[79.928895,29.785904],[79.92705,29.787057],[79.923773,29.785837],[79.92235,29.786421],[79.920734,29.786194],[79.919877,29.786241],[79.918212,29.78705],[79.917641,29.786479],[79.917165,29.786337],[79.916165,29.786622],[79.915832,29.786194],[79.915356,29.786194],[79.914309,29.787241],[79.913215,29.787812],[79.912215,29.787764],[79.911216,29.787384],[79.909598,29.787669],[79.908289,29.787645],[79.906862,29.788645],[79.906576,29.789644],[79.905363,29.791286],[79.904506,29.791214],[79.903221,29.789287],[79.901579,29.789287],[79.90058,29.789644],[79.899537,29.791098],[79.897986,29.791357],[79.896844,29.791928],[79.895369,29.793261],[79.89475,29.793404],[79.89437,29.793879],[79.893418,29.794213],[79.892799,29.793879],[79.892942,29.793213],[79.892894,29.792452],[79.892228,29.790596],[79.892561,29.790025],[79.893323,29.789549],[79.893227,29.788026],[79.892656,29.788407],[79.891467,29.788407],[79.890658,29.787788],[79.890229,29.785837],[79.889182,29.784219],[79.889182,29.7836],[79.889658,29.78341],[79.890134,29.782744],[79.889611,29.782648],[79.889753,29.781792],[79.889373,29.781316],[79.888278,29.781078],[79.887993,29.780269],[79.888278,29.779508],[79.889135,29.778223],[79.88923,29.777509],[79.888944,29.776985],[79.888135,29.776129],[79.887755,29.775177],[79.886993,29.774606],[79.884471,29.77532],[79.883519,29.774939],[79.883043,29.774368],[79.88271,29.773559],[79.880997,29.773131],[79.879427,29.773131],[79.879331,29.773749],[79.878855,29.774368],[79.878237,29.774368],[79.877523,29.773892],[79.876762,29.772845],[79.876,29.772607],[79.874477,29.772797],[79.874001,29.772179],[79.872716,29.771227],[79.872526,29.76999],[79.872145,29.769466],[79.871527,29.769419],[79.871003,29.768895],[79.870813,29.767705],[79.870337,29.766849],[79.869718,29.766611],[79.868957,29.766658],[79.868243,29.766992],[79.867624,29.767658],[79.865864,29.767372],[79.865007,29.767658],[79.864103,29.767134],[79.863151,29.767087],[79.862675,29.767182],[79.860772,29.768419],[79.859963,29.768467],[79.857535,29.76742],[79.85706,29.767467],[79.856203,29.767991],[79.853966,29.767943],[79.853252,29.768134],[79.852396,29.769228],[79.851349,29.769942],[79.851301,29.770275],[79.851539,29.770561],[79.852396,29.770941],[79.852301,29.771227],[79.851777,29.771703],[79.850778,29.771988],[79.849826,29.771655],[79.849731,29.770799],[79.84935,29.770561],[79.848922,29.770656],[79.848684,29.770989],[79.849112,29.772108],[79.848823,29.772956],[79.847633,29.773729],[79.846979,29.774324],[79.846681,29.775276],[79.845492,29.77593],[79.84335,29.77593],[79.842279,29.775514],[79.841328,29.773551],[79.835855,29.773373],[79.834487,29.773432],[79.832762,29.773789],[79.831691,29.774443],[79.829549,29.775395],[79.825564,29.776763],[79.823065,29.776478],[79.82278,29.774764],[79.821638,29.772766],[79.82278,29.771624],[79.825492,29.770767],[79.827777,29.769197],[79.827777,29.764057],[79.827919,29.762344],[79.827063,29.760773],[79.827634,29.758203],[79.828348,29.756776],[79.829633,29.755348],[79.831489,29.753778],[79.832488,29.750922],[79.834629,29.749352],[79.839769,29.749209],[79.841768,29.748067],[79.843481,29.745925],[79.847308,29.744614],[79.876863,29.735977],[79.895923,29.715499],[79.893286,29.706171],[79.907721,29.697603],[79.927119,29.693254],[79.939554,29.682571],[79.950253,29.681663],[79.961861,29.677776],[79.964109,29.669272],[79.959931,29.656557],[79.965082,29.647187],[79.974709,29.642037],[79.981082,29.622044],[79.988999,29.605862],[79.999196,29.582874],[80.001828,29.561084],[80.004881,29.55864],[80.006841,29.557283],[80.008349,29.555625],[80.009253,29.552459],[80.01061,29.552006],[80.017394,29.550951],[80.022219,29.550951],[80.024028,29.551252],[80.027495,29.551102],[80.029154,29.551554],[80.031868,29.551554],[80.034129,29.550348],[80.035335,29.548539],[80.035938,29.546277],[80.037295,29.54281],[80.039858,29.541001],[80.047848,29.539945],[80.051768,29.538739],[80.05599,29.536327],[80.059758,29.533937],[80.066519,29.525989],[80.066801,29.517071],[80.074698,29.51989],[80.079569,29.520735],[80.103281,29.518194],[80.107161,29.516598],[80.114657,29.512487],[80.12138,29.509293],[80.125518,29.507698],[80.127585,29.506326],[80.127576,29.504487],[80.129369,29.500357],[80.130644,29.496225],[80.132443,29.493244],[80.135802,29.491416],[80.143041,29.488222],[80.145355,29.484782],[80.147421,29.48341],[80.149475,29.47974],[80.150491,29.475837],[80.151246,29.471473],[80.152281,29.471246],[80.155653,29.472176],[80.15981,29.474486],[80.162142,29.474494],[80.163169,29.472658],[80.163418,29.470821],[80.164702,29.468757],[80.166254,29.468302],[80.168572,29.465781],[80.169864,29.465095],[80.171936,29.465101],[80.180747,29.465816],[80.182547,29.463294],[80.184078,29.459162],[80.186138,29.45687],[80.188469,29.456877],[80.193396,29.45781],[80.197282,29.45805],[80.199093,29.457596],[80.201929,29.455306],[80.205019,29.452097],[80.208907,29.452567],[80.219009,29.452594],[80.22185,29.451222],[80.231944,29.450099],[80.2433,29.444635]]]},"properties":{"ID":"05062","NAME":"Pithoragarh","TOTPOP_CY":578485,"AREA":7099.15}},
{"type":"Feature","geometry":{"type":"Polygon","coordinates":[[[79.472509,29.982043],[79.475771,29.978252],[79.479628,29.97694],[79.484754,29.973777],[79.48939,29.972191],[79.492753,29.971958],[79.493742,29.969254],[79.492905,29.965878],[79.491025,29.962054],[79.490427,29.957552],[79.491639,29.952821],[79.493401,29.94989],[79.49672,29.94718],[79.500573,29.94537],[79.504422,29.943335],[79.51106,29.937916],[79.515115,29.932953],[79.516115,29.930924],[79.512226,29.930708],[79.507573,29.931169],[79.504697,29.929599],[79.506438,29.925542],[79.506792,29.916309],[79.507465,29.910453],[79.507381,29.905725],[79.505736,29.90055],[79.504397,29.898076],[79.504083,29.894924],[79.500403,29.89178],[79.497771,29.889309],[79.497994,29.887282],[79.500276,29.884575],[79.504907,29.882988],[79.50771,29.880505],[79.50916,29.874647],[79.510915,29.871491],[79.511114,29.868113],[79.512619,29.865407],[79.512954,29.863584],[79.513502,29.862],[79.516513,29.861631],[79.519483,29.860552],[79.522608,29.858721],[79.525316,29.856735],[79.528301,29.854894],[79.532813,29.853916],[79.537723,29.854109],[79.541752,29.856153],[79.545374,29.857535],[79.545828,29.85591],[79.545173,29.853577],[79.54632,29.852379],[79.549812,29.853243],[79.555326,29.851312],[79.557569,29.851458],[79.560849,29.848872],[79.562434,29.846812],[79.564707,29.845433],[79.567353,29.846496],[79.569278,29.848529],[79.571098,29.848775],[79.572537,29.84696],[79.573039,29.842921],[79.574616,29.841242],[79.578434,29.839836],[79.583062,29.840009],[79.587117,29.840781],[79.593149,29.840918],[79.598641,29.840001],[79.602712,29.840011],[79.60492,29.841935],[79.604867,29.844604],[79.607513,29.845666],[79.612154,29.845202],[79.61457,29.843705],[79.617991,29.840999],[79.622961,29.838012],[79.626471,29.837985],[79.630115,29.83822],[79.63237,29.837729],[79.646935,29.832052],[79.652433,29.830753],[79.656515,29.830125],[79.669587,29.829057],[79.67479,29.828501],[79.678731,29.827863],[79.680594,29.82582],[79.682321,29.823513],[79.683486,29.821298],[79.684113,29.817776],[79.687995,29.805302],[79.692782,29.796958],[79.694791,29.794542],[79.698472,29.792742],[79.702569,29.791224],[79.704425,29.789434],[79.704872,29.788063],[79.702834,29.784498],[79.7004,29.779635],[79.698248,29.774662],[79.697906,29.770442],[79.698554,29.765776],[79.700031,29.761799],[79.700874,29.759928],[79.707236,29.76322],[79.708878,29.764362],[79.711804,29.764933],[79.713161,29.765433],[79.714303,29.76686],[79.716944,29.767431],[79.721798,29.76786],[79.728294,29.767717],[79.729579,29.76529],[79.729079,29.764433],[79.724368,29.761364],[79.722441,29.75965],[79.720228,29.759222],[79.71623,29.757723],[79.713874,29.756295],[79.713232,29.753868],[79.712304,29.752798],[79.710234,29.752441],[79.706522,29.75294],[79.704236,29.752808],[79.708936,29.742904],[79.710674,29.739962],[79.716384,29.734476],[79.718825,29.731324],[79.722049,29.732064],[79.723667,29.731112],[79.726522,29.730255],[79.72814,29.730065],[79.728997,29.728828],[79.730139,29.729018],[79.731281,29.730731],[79.732994,29.732064],[79.735183,29.733016],[79.738419,29.735871],[79.741655,29.736252],[79.748699,29.735871],[79.751649,29.735014],[79.753553,29.733682],[79.752839,29.728649],[79.752839,29.725378],[79.754772,29.721511],[79.755367,29.717347],[79.754921,29.714819],[79.753582,29.710357],[79.753582,29.707234],[79.755962,29.703665],[79.758788,29.701137],[79.763993,29.69608],[79.767859,29.696229],[79.773908,29.694173],[79.774536,29.694573],[79.775735,29.694002],[79.776934,29.693659],[79.778305,29.694515],[79.779733,29.694801],[79.780875,29.696172],[79.783959,29.699084],[79.785558,29.699941],[79.787214,29.700569],[79.788641,29.701311],[79.789784,29.702225],[79.789841,29.703082],[79.788299,29.704338],[79.784815,29.707821],[79.783045,29.708735],[79.781789,29.709763],[79.780361,29.712047],[79.780818,29.713532],[79.781846,29.71496],[79.782588,29.716673],[79.784929,29.719814],[79.7867,29.720671],[79.789684,29.721456],[79.790576,29.722134],[79.791147,29.722883],[79.791397,29.723562],[79.791433,29.724347],[79.794169,29.727274],[79.797215,29.727274],[79.798833,29.726417],[79.801498,29.724323],[79.803021,29.723562],[79.809207,29.721944],[79.813966,29.720326],[79.815965,29.719183],[79.816917,29.717851],[79.81882,29.716423],[79.822913,29.716042],[79.82672,29.715281],[79.828433,29.713853],[79.829439,29.711579],[79.831535,29.711568],[79.833821,29.70949],[79.835291,29.706512],[79.83771,29.704692],[79.840926,29.704545],[79.844973,29.704653],[79.850433,29.704107],[79.852991,29.702285],[79.855864,29.699041],[79.858235,29.693476],[79.860593,29.694109],[79.863053,29.69629],[79.870078,29.700254],[79.872544,29.702177],[79.875551,29.704871],[79.886468,29.715396],[79.889855,29.722019],[79.876863,29.735977],[79.847308,29.744614],[79.843481,29.745925],[79.841768,29.748067],[79.839769,29.749209],[79.834629,29.749352],[79.832488,29.750922],[79.831489,29.753778],[79.829633,29.755348],[79.828348,29.756776],[79.827634,29.758203],[79.827063,29.760773],[79.827919,29.762344],[79.827777,29.764057],[79.827777,29.769197],[79.825492,29.770767],[79.82278,29.771624],[79.821638,29.772766],[79.82278,29.774764],[79.823065,29.776478],[79.825564,29.776763],[79.829549,29.775395],[79.831691,29.774443],[79.832762,29.773789],[79.834487,29.773432],[79.835855,29.773373],[79.841328,29.773551],[79.842279,29.775514],[79.84335,29.77593],[79.845492,29.77593],[79.846681,29.775276],[79.846979,29.774324],[79.847633,29.773729],[79.848823,29.772956],[79.849112,29.772108],[79.848684,29.770989],[79.848922,29.770656],[79.84935,29.770561],[79.849731,29.770799],[79.849826,29.771655],[79.850778,29.771988],[79.851777,29.771703],[79.852301,29.771227],[79.852396,29.770941],[79.851539,29.770561],[79.851301,29.770275],[79.851349,29.769942],[79.852396,29.769228],[79.853252,29.768134],[79.853966,29.767943],[79.856203,29.767991],[79.85706,29.767467],[79.857535,29.76742],[79.859963,29.768467],[79.860772,29.768419],[79.862675,29.767182],[79.863151,29.767087],[79.864103,29.767134],[79.865007,29.767658],[79.865864,29.767372],[79.867624,29.767658],[79.868243,29.766992],[79.868957,29.766658],[79.869718,29.766611],[79.870337,29.766849],[79.870813,29.767705],[79.871003,29.768895],[79.871527,29.769419],[79.872145,29.769466],[79.872526,29.76999],[79.872716,29.771227],[79.874001,29.772179],[79.874477,29.772797],[79.876,29.772607],[79.876762,29.772845],[79.877523,29.773892],[79.878237,29.774368],[79.878855,29.774368],[79.879331,29.773749],[79.879427,29.773131],[79.880997,29.773131],[79.88271,29.773559],[79.883043,29.774368],[79.883519,29.774939],[79.884471,29.77532],[79.886993,29.774606],[79.887755,29.775177],[79.888135,29.776129],[79.888944,29.776985],[79.88923,29.777509],[79.889135,29.778223],[79.888278,29.779508],[79.887993,29.780269],[79.888278,29.781078],[79.889373,29.781316],[79.889753,29.781792],[79.889611,29.782648],[79.890134,29.782744],[79.889658,29.78341],[79.889182,29.7836],[79.889182,29.784219],[79.890229,29.785837],[79.890658,29.787788],[79.891467,29.788407],[79.892656,29.788407],[79.893227,29.788026],[79.893323,29.789549],[79.892561,29.790025],[79.892228,29.790596],[79.892894,29.792452],[79.892942,29.793213],[79.892799,29.793879],[79.893418,29.794213],[79.89437,29.793879],[79.89475,29.793404],[79.895369,29.793261],[79.896844,29.791928],[79.897986,29.791357],[79.899537,29.791098],[79.90058,29.789644],[79.901579,29.789287],[79.903221,29.789287],[79.904506,29.791214],[79.905363,29.791286],[79.906576,29.789644],[79.906862,29.788645],[79.908289,29.787645],[79.909598,29.787669],[79.911216,29.787384],[79.912215,29.787764],[79.913215,29.787812],[79.914309,29.787241],[79.915356,29.786194],[79.915832,29.786194],[79.916165,29.786622],[79.917165,29.786337],[79.917641,29.786479],[79.918212,29.78705],[79.919877,29.786241],[79.920734,29.786194],[79.92235,29.786421],[79.923773,29.785837],[79.92705,29.787057],[79.928895,29.785904],[79.932584,29.784],[79.935796,29.784952],[79.938294,29.785428],[79.941031,29.785309],[79.942458,29.784714],[79.944957,29.784595],[79.947336,29.783286],[79.948169,29.780669],[79.947931,29.773411],[79.947931,29.767225],[79.947693,29.765321],[79.949835,29.764012],[79.952095,29.763418],[79.955426,29.762942],[79.958282,29.763418],[79.960661,29.764131],[79.964706,29.764131],[79.967681,29.762942],[79.9747,29.759135],[79.977674,29.759967],[79.981482,29.762585],[79.984456,29.76318],[79.986359,29.76318],[79.986716,29.76199],[79.988382,29.761871],[79.990643,29.760443],[79.991551,29.758362],[79.992487,29.757588],[79.994688,29.757588],[79.996234,29.758123],[79.997602,29.758778],[79.998673,29.75967],[80.000041,29.760086],[80.001164,29.760199],[80.000821,29.763632],[80.007745,29.767949],[80.018033,29.770009],[80.022508,29.773804],[80.026505,29.778024],[80.040656,29.778361],[80.045221,29.785975],[80.036667,29.795795],[80.023301,29.808615],[80.023524,29.818379],[80.019911,29.831139],[80.011149,29.832042],[80.003917,29.835906],[79.999107,29.839458],[79.990323,29.83896],[79.983089,29.842823],[79.991968,29.847017],[80.006128,29.847357],[80.016053,29.854515],[80.016429,29.871071],[80.014015,29.870627],[80.012588,29.871198],[80.012231,29.871769],[80.012374,29.873697],[80.014015,29.876623],[80.015086,29.878122],[80.018441,29.881834],[80.019797,29.882976],[80.021905,29.88446],[80.026248,29.894788],[80.029393,29.895279],[80.033218,29.896682],[80.034645,29.897325],[80.036216,29.897539],[80.038714,29.897681],[80.040285,29.897467],[80.041712,29.896896],[80.044139,29.896254],[80.045675,29.896271],[80.047388,29.897413],[80.048815,29.898841],[80.050814,29.901553],[80.051385,29.903409],[80.053955,29.902838],[80.056953,29.901982],[80.059951,29.902267],[80.062807,29.902838],[80.064663,29.901839],[80.067375,29.901696],[80.069231,29.902695],[80.073657,29.898412],[80.076029,29.894721],[80.081075,29.894397],[80.083359,29.895396],[80.084359,29.896467],[80.085287,29.897966],[80.086286,29.900822],[80.087357,29.902463],[80.088428,29.903606],[80.092853,29.906746],[80.093853,29.907603],[80.094638,29.908745],[80.096494,29.909031],[80.102205,29.90746],[80.105274,29.907532],[80.113198,29.90539],[80.124905,29.901821],[80.128688,29.901178],[80.131258,29.90025],[80.135469,29.899965],[80.138682,29.899108],[80.140038,29.89918],[80.140966,29.899679],[80.142608,29.899465],[80.14425,29.899537],[80.14789,29.899394],[80.149675,29.899965],[80.152459,29.90025],[80.157527,29.904177],[80.15924,29.90589],[80.159597,29.908174],[80.159454,29.909388],[80.158741,29.910744],[80.158027,29.911672],[80.157598,29.912957],[80.157598,29.914099],[80.156412,29.915441],[80.153439,29.924929],[80.139696,29.942434],[80.122296,29.950198],[80.108841,29.959632],[80.105696,29.962773],[80.103319,29.962109],[80.101463,29.962823],[80.09718,29.965393],[80.095752,29.968677],[80.091612,29.97196],[80.089042,29.976101],[80.088186,29.978242],[80.086901,29.980812],[80.082761,29.984952],[80.082047,29.986666],[80.08119,29.99052],[80.079941,29.99062],[80.078727,29.991477],[80.078299,29.99319],[80.076729,29.995617],[80.075515,29.996902],[80.075372,29.997616],[80.075658,29.998544],[80.076229,29.999115],[80.076229,30.000043],[80.074658,29.999829],[80.07266,30.000043],[80.071232,30.0004],[80.070947,30.001328],[80.071589,30.002541],[80.071803,30.00404],[80.072588,30.006039],[80.072588,30.010037],[80.071589,30.010536],[80.070375,30.011607],[80.070161,30.012464],[80.070804,30.013249],[80.071018,30.014462],[80.069376,30.016104],[80.068163,30.016818],[80.067306,30.01846],[80.067163,30.019531],[80.067806,30.020102],[80.068519,30.019959],[80.06959,30.020173],[80.069162,30.021315],[80.06959,30.022814],[80.069305,30.025313],[80.070447,30.028811],[80.071375,30.029739],[80.070661,30.031309],[80.071803,30.032023],[80.071803,30.035021],[80.073516,30.036591],[80.07473,30.040089],[80.075158,30.041874],[80.077119,30.044335],[80.088277,30.061243],[80.089759,30.082461],[80.085587,30.092254],[80.086579,30.113475],[80.09683,30.132935],[80.107941,30.147294],[80.109337,30.16469],[80.111693,30.181232],[80.116895,30.193931],[80.114131,30.201169],[80.117865,30.213878],[80.12151,30.222769],[80.120694,30.229567],[80.110427,30.230489],[80.093813,30.232301],[80.080839,30.243004],[80.078121,30.252362],[80.073984,30.263853],[80.069304,30.273225],[80.070875,30.27746],[80.069636,30.287233],[80.056983,30.291138],[80.044358,30.296316],[80.038744,30.307815],[80.03205,30.315076],[80.020822,30.31727],[79.997738,30.319717],[79.98846,30.306655],[79.977701,30.298657],[79.96546,30.294459],[79.954172,30.299961],[79.933597,30.297037],[79.927736,30.291138],[79.904747,30.27893],[79.877327,30.273896],[79.86553,30.283188],[79.850308,30.290794],[79.834134,30.291225],[79.819935,30.28828],[79.805257,30.283223],[79.804323,30.273097],[79.812713,30.260014],[79.818142,30.251151],[79.819616,30.250307],[79.823063,30.246086],[79.822612,30.237647],[79.825597,30.227099],[79.816824,30.21782],[79.806085,30.21023],[79.802716,30.197995],[79.794438,30.188293],[79.786161,30.179012],[79.790143,30.165509],[79.787739,30.156649],[79.784821,30.152852],[79.773604,30.145259],[79.76924,30.137242],[79.769762,30.130913],[79.77907,30.128381],[79.783513,30.120363],[79.785538,30.10644],[79.786595,30.090406],[79.796911,30.081121],[79.809633,30.079431],[79.820901,30.074785],[79.830224,30.067609],[79.838581,30.057478],[79.827354,30.053686],[79.82055,30.044828],[79.818658,30.030905],[79.809891,30.024579],[79.792817,30.017831],[79.787949,30.014035],[79.767424,30.014035],[79.750815,30.012768],[79.733231,30.011076],[79.714663,30.010647],[79.70977,30.011911],[79.694628,30.010637],[79.689235,30.013587],[79.675078,30.011045],[79.660886,30.01441],[79.643733,30.021989],[79.621231,30.02492],[79.601745,30.015612],[79.584193,30.009681],[79.560257,30.008377],[79.555392,30.005416],[79.549562,30.000764],[79.538308,30.002855],[79.528452,30.013808],[79.516701,30.01674],[79.499576,30.019238],[79.489765,30.023858],[79.480078,30.012866],[79.475772,30.001462],[79.472509,29.982043]]]},"properties":{"ID":"05063","NAME":"Bageshwar","TOTPOP_CY":310723,"AREA":2274.58}},
{"type":"Feature","geometry":{"type":"Polygon","coordinates":[[[79.05649,29.588476],[79.054689,29.584903],[79.051947,29.573852],[79.058695,29.571064],[79.066487,29.571498],[79.083513,29.571091],[79.095085,29.563033],[79.105171,29.553273],[79.106487,29.542655],[79.118644,29.54224],[79.126985,29.547344],[79.138661,29.547351],[79.143888,29.538435],[79.152526,29.529945],[79.17148,29.528678],[79.18991,29.524862],[79.210192,29.514671],[79.227763,29.518919],[79.248662,29.550345],[79.264411,29.562232],[79.273741,29.567749],[79.282144,29.576241],[79.291606,29.590251],[79.310668,29.595335],[79.325391,29.602969],[79.337594,29.605082],[79.352989,29.5936],[79.371814,29.583811],[79.383905,29.579125],[79.391004,29.5668],[79.440067,29.532751],[79.445182,29.518727],[79.463455,29.50638],[79.47689,29.495737],[79.495324,29.493152],[79.510039,29.500341],[79.520026,29.515182],[79.528109,29.532151],[79.540483,29.544013],[79.547309,29.544846],[79.547248,29.541448],[79.560299,29.536744],[79.581743,29.538811],[79.595898,29.541319],[79.606782,29.551055],[79.618036,29.554419],[79.634188,29.533561],[79.645425,29.536074],[79.653816,29.542416],[79.662476,29.537292],[79.673957,29.527061],[79.682014,29.515992],[79.683188,29.501125],[79.681905,29.484992],[79.689885,29.470101],[79.700886,29.46072],[79.719266,29.45598],[79.728511,29.456371],[79.732342,29.453383],[79.727591,29.434292],[79.734748,29.42747],[79.747375,29.426997],[79.759054,29.427799],[79.767417,29.432861],[79.769054,29.441772],[79.778833,29.444704],[79.792322,29.438702],[79.808248,29.433113],[79.819313,29.427543],[79.830905,29.424094],[79.842577,29.424465],[79.849928,29.427403],[79.849688,29.439294],[79.854285,29.449888],[79.865606,29.456628],[79.878504,29.468879],[79.891369,29.479431],[79.90122,29.485326],[79.915825,29.4861],[79.920569,29.480554],[79.91845,29.472498],[79.923184,29.466528],[79.937291,29.466878],[79.955848,29.470599],[79.958195,29.475387],[79.95948,29.477385],[79.960907,29.478099],[79.964619,29.476957],[79.966618,29.4771],[79.967618,29.478242],[79.969474,29.478527],[79.971901,29.478385],[79.972757,29.479098],[79.974328,29.481668],[79.97547,29.483096],[79.977754,29.484952],[79.981038,29.485237],[79.983465,29.485237],[79.985749,29.485523],[79.987034,29.487522],[79.987605,29.489521],[79.990746,29.489378],[79.991745,29.486665],[79.993316,29.48638],[79.994172,29.487522],[79.996457,29.487379],[79.998598,29.485237],[79.999455,29.484809],[80.003024,29.486237],[80.00488,29.487236],[80.011733,29.490234],[80.015445,29.492233],[80.020048,29.492739],[80.03025,29.501649],[80.029393,29.504281],[80.029393,29.506565],[80.031296,29.508469],[80.032819,29.508469],[80.036245,29.507898],[80.041575,29.508088],[80.044621,29.509802],[80.048238,29.510373],[80.051093,29.510373],[80.052807,29.511895],[80.055662,29.513228],[80.056994,29.513228],[80.058708,29.516083],[80.061563,29.517225],[80.064989,29.517606],[80.066801,29.517071],[80.066519,29.525989],[80.059758,29.533937],[80.05599,29.536327],[80.051768,29.538739],[80.047848,29.539945],[80.039858,29.541001],[80.037295,29.54281],[80.035938,29.546277],[80.035335,29.548539],[80.034129,29.550348],[80.031868,29.551554],[80.029154,29.551554],[80.027495,29.551102],[80.024028,29.551252],[80.022219,29.550951],[80.017394,29.550951],[80.01061,29.552006],[80.009253,29.552459],[80.008349,29.555625],[80.006841,29.557283],[80.004881,29.55864],[80.001828,29.561084],[79.999196,29.582874],[79.988999,29.605862],[79.981082,29.622044],[79.974709,29.642037],[79.965082,29.647187],[79.959931,29.656557],[79.964109,29.669272],[79.961861,29.677776],[79.950253,29.681663],[79.939554,29.682571],[79.927119,29.693254],[79.907721,29.697603],[79.893286,29.706171],[79.895923,29.715499],[79.889855,29.722019],[79.886468,29.715396],[79.875551,29.704871],[79.872544,29.702177],[79.870078,29.700254],[79.863053,29.69629],[79.860593,29.694109],[79.858235,29.693476],[79.855864,29.699041],[79.852991,29.702285],[79.850433,29.704107],[79.844973,29.704653],[79.840926,29.704545],[79.83771,29.704692],[79.835291,29.706512],[79.833821,29.70949],[79.831535,29.711568],[79.829439,29.711579],[79.828433,29.713853],[79.82672,29.715281],[79.822913,29.716042],[79.81882,29.716423],[79.816917,29.717851],[79.815965,29.719183],[79.813966,29.720326],[79.809207,29.721944],[79.803021,29.723562],[79.801498,29.724323],[79.798833,29.726417],[79.797215,29.727274],[79.794169,29.727274],[79.791433,29.724347],[79.791397,29.723562],[79.791147,29.722883],[79.790576,29.722134],[79.789684,29.721456],[79.7867,29.720671],[79.784929,29.719814],[79.782588,29.716673],[79.781846,29.71496],[79.780818,29.713532],[79.780361,29.712047],[79.781789,29.709763],[79.783045,29.708735],[79.784815,29.707821],[79.788299,29.704338],[79.789841,29.703082],[79.789784,29.702225],[79.788641,29.701311],[79.787214,29.700569],[79.785558,29.699941],[79.783959,29.699084],[79.780875,29.696172],[79.779733,29.694801],[79.778305,29.694515],[79.776934,29.693659],[79.775735,29.694002],[79.774536,29.694573],[79.773908,29.694173],[79.767859,29.696229],[79.763993,29.69608],[79.758788,29.701137],[79.755962,29.703665],[79.753582,29.707234],[79.753582,29.710357],[79.754921,29.714819],[79.755367,29.717347],[79.754772,29.721511],[79.752839,29.725378],[79.752839,29.728649],[79.753553,29.733682],[79.751649,29.735014],[79.748699,29.735871],[79.741655,29.736252],[79.738419,29.735871],[79.735183,29.733016],[79.732994,29.732064],[79.731281,29.730731],[79.730139,29.729018],[79.728997,29.728828],[79.72814,29.730065],[79.726522,29.730255],[79.723667,29.731112],[79.722049,29.732064],[79.718825,29.731324],[79.716384,29.734476],[79.710674,29.739962],[79.708936,29.742904],[79.704236,29.752808],[79.706522,29.75294],[79.710234,29.752441],[79.712304,29.752798],[79.713232,29.753868],[79.713874,29.756295],[79.71623,29.757723],[79.720228,29.759222],[79.722441,29.75965],[79.724368,29.761364],[79.729079,29.764433],[79.729579,29.76529],[79.728294,29.767717],[79.721798,29.76786],[79.716944,29.767431],[79.714303,29.76686],[79.713161,29.765433],[79.711804,29.764933],[79.708878,29.764362],[79.707236,29.76322],[79.700874,29.759928],[79.700031,29.761799],[79.698554,29.765776],[79.697906,29.770442],[79.698248,29.774662],[79.7004,29.779635],[79.702834,29.784498],[79.704872,29.788063],[79.704425,29.789434],[79.702569,29.791224],[79.698472,29.792742],[79.694791,29.794542],[79.692782,29.796958],[79.687995,29.805302],[79.684113,29.817776],[79.683486,29.821298],[79.682321,29.823513],[79.680594,29.82582],[79.678731,29.827863],[79.67479,29.828501],[79.669587,29.829057],[79.656515,29.830125],[79.652433,29.830753],[79.646935,29.832052],[79.63237,29.837729],[79.630115,29.83822],[79.626471,29.837985],[79.622961,29.838012],[79.617991,29.840999],[79.61457,29.843705],[79.612154,29.845202],[79.607513,29.845666],[79.604867,29.844604],[79.60492,29.841935],[79.602712,29.840011],[79.598641,29.840001],[79.593149,29.840918],[79.587117,29.840781],[79.583062,29.840009],[79.578434,29.839836],[79.574616,29.841242],[79.573039,29.842921],[79.572537,29.84696],[79.571098,29.848775],[79.569278,29.848529],[79.567353,29.846496],[79.564707,29.845433],[79.562434,29.846812],[79.560849,29.848872],[79.557569,29.851458],[79.555326,29.851312],[79.549812,29.853243],[79.54632,29.852379],[79.545173,29.853577],[79.545828,29.85591],[79.545374,29.857535],[79.541752,29.856153],[79.537723,29.854109],[79.532813,29.853916],[79.528301,29.854894],[79.525316,29.856735],[79.522608,29.858721],[79.519483,29.860552],[79.516513,29.861631],[79.513502,29.862],[79.512954,29.863584],[79.512619,29.865407],[79.511114,29.868113],[79.510915,29.871491],[79.50916,29.874647],[79.50771,29.880505],[79.504907,29.882988],[79.500276,29.884575],[79.497994,29.887282],[79.497771,29.889309],[79.500403,29.89178],[79.504083,29.894924],[79.504397,29.898076],[79.505736,29.90055],[79.507381,29.905725],[79.507465,29.910453],[79.506792,29.916309],[79.506438,29.925542],[79.504697,29.929599],[79.507573,29.931169],[79.512226,29.930708],[79.516115,29.930924],[79.515115,29.932953],[79.51106,29.937916],[79.504422,29.943335],[79.500573,29.94537],[79.49672,29.94718],[79.493401,29.94989],[79.491639,29.952821],[79.490427,29.957552],[79.491025,29.962054],[79.492905,29.965878],[79.493742,29.969254],[79.492753,29.971958],[79.48939,29.972191],[79.484754,29.973777],[79.479628,29.97694],[79.475771,29.978252],[79.472509,29.982043],[79.461345,29.973155],[79.451172,29.963002],[79.443898,29.956654],[79.43859,29.949045],[79.434234,29.944392],[79.429868,29.941004],[79.420543,29.946466],[79.410782,29.945595],[79.399137,29.937121],[79.383049,29.934121],[79.367373,29.939559],[79.360431,29.950932],[79.353011,29.961037],[79.34414,29.969448],[79.335808,29.972374],[79.327035,29.970234],[79.331564,29.956323],[79.336047,29.947054],[79.332189,29.941977],[79.329823,29.933951],[79.317645,29.930954],[79.304954,29.930488],[79.286912,29.92789],[79.286335,29.93675],[79.288154,29.950261],[79.279279,29.958669],[79.265093,29.960725],[79.254312,29.964058],[79.244461,29.972037],[79.237116,29.973696],[79.235162,29.973326],[79.233423,29.967678],[79.235854,29.964012],[79.234235,29.95382],[79.231678,29.946176],[79.226144,29.944627],[79.224336,29.938898],[79.195105,29.931259],[79.194288,29.927916],[79.185801,29.915174],[79.176864,29.904979],[79.171536,29.907951],[79.171036,29.908615],[79.143118,29.908617],[79.13351,29.905838],[79.122627,29.896657],[79.117199,29.895719],[79.115058,29.894886],[79.112797,29.894529],[79.109823,29.894529],[79.105897,29.893815],[79.101852,29.890722],[79.097569,29.888461],[79.092572,29.885487],[79.089241,29.886796],[79.086266,29.887034],[79.083292,29.887034],[79.080793,29.885844],[79.078771,29.883703],[79.077819,29.880252],[79.076273,29.877397],[79.072822,29.8724],[79.071989,29.87014],[79.072801,29.868395],[79.070654,29.857694],[79.078073,29.856503],[79.089722,29.851842],[79.099291,29.837834],[79.109404,29.828074],[79.116047,29.814488],[79.121126,29.791689],[79.125373,29.78349],[79.124417,29.779856],[79.128629,29.764705],[79.11578,29.75082],[79.114036,29.722119],[79.11525,29.721049],[79.119049,29.713832],[79.11339,29.705203],[79.115789,29.684815],[79.109007,29.660266],[79.105869,29.660005],[79.097834,29.6586],[79.097697,29.659325],[79.093766,29.658998],[79.087433,29.61643],[79.059327,29.603584],[79.056121,29.59067],[79.05649,29.588476]]]},"properties":{"ID":"05064","NAME":"Almora","TOTPOP_CY":743233,"AREA":3171.97}},
{"type":"Feature","geometry":{"type":"Polygon","coordinates":[[[80.078032,28.947635],[80.08098,28.952225],[80.090107,28.965701],[80.096002,28.975017],[80.101896,28.977429],[80.102942,28.981504],[80.10335,28.984884],[80.11504,28.981541],[80.128781,29.011795],[80.125474,29.012936],[80.127185,29.016761],[80.129752,29.017509],[80.130608,29.018922],[80.130513,29.021001],[80.129657,29.022331],[80.129467,29.024908],[80.131368,29.030727],[80.130037,29.031725],[80.128896,29.035465],[80.13013,29.039492],[80.131083,29.042032],[80.132129,29.046852],[80.133175,29.050177],[80.134981,29.054166],[80.136217,29.05882],[80.127946,29.061812],[80.131653,29.069125],[80.131178,29.071524],[80.13075,29.078878],[80.134601,29.088598],[80.140162,29.098069],[80.148196,29.106096],[80.152284,29.109169],[80.155421,29.110997],[80.158179,29.112907],[80.160841,29.114236],[80.16118,29.114618],[80.162742,29.115316],[80.165024,29.116728],[80.166165,29.11897],[80.166735,29.121379],[80.16664,29.125033],[80.167305,29.126445],[80.169682,29.127442],[80.171964,29.127026],[80.174531,29.126777],[80.178049,29.128355],[80.178999,29.129933],[80.17938,29.132923],[80.180711,29.135331],[80.183182,29.137324],[80.184977,29.137407],[80.18687,29.136393],[80.192974,29.13199],[80.195678,29.130995],[80.196682,29.130995],[80.197467,29.130604],[80.202316,29.129856],[80.203742,29.129026],[80.204816,29.127471],[80.205682,29.124916],[80.207422,29.123206],[80.210249,29.122066],[80.213076,29.122066],[80.220688,29.120547],[80.223515,29.120357],[80.22656,29.119407],[80.23178,29.116557],[80.233302,29.116367],[80.235477,29.117127],[80.236564,29.118267],[80.241131,29.125866],[80.243306,29.128146],[80.245263,29.128146],[80.247221,29.127386],[80.248743,29.127386],[80.250265,29.128716],[80.250918,29.130426],[80.251135,29.135175],[80.252223,29.138214],[80.253745,29.139544],[80.256355,29.140304],[80.257877,29.140304],[80.269838,29.138024],[80.271796,29.138784],[80.272231,29.139354],[80.272666,29.140873],[80.272666,29.142393],[80.271578,29.146002],[80.266359,29.1517],[80.257007,29.165754],[80.25679,29.168033],[80.257007,29.169362],[80.259182,29.172021],[80.259834,29.17354],[80.260052,29.174679],[80.259834,29.177528],[80.259399,29.180186],[80.258095,29.182465],[80.257877,29.184363],[80.257442,29.186072],[80.256572,29.187971],[80.254832,29.190249],[80.251135,29.194616],[80.247438,29.197843],[80.242653,29.201071],[80.241131,29.203159],[80.241131,29.204678],[80.241784,29.206007],[80.243088,29.208095],[80.243523,29.209423],[80.243523,29.212081],[80.244176,29.2136],[80.245916,29.214928],[80.246568,29.216067],[80.246786,29.217965],[80.246786,29.219674],[80.247655,29.221002],[80.248525,29.221572],[80.250483,29.221951],[80.252875,29.221951],[80.254615,29.221761],[80.256137,29.220243],[80.256355,29.218914],[80.256355,29.215118],[80.256572,29.212461],[80.25766,29.210183],[80.259834,29.207905],[80.261792,29.206766],[80.262444,29.206196],[80.264836,29.206196],[80.271578,29.208095],[80.274188,29.208095],[80.27658,29.207335],[80.277668,29.206196],[80.28093,29.200881],[80.28441,29.196704],[80.285497,29.195945],[80.286584,29.195375],[80.288324,29.194806],[80.290281,29.195186],[80.292456,29.196514],[80.297807,29.205154],[80.297807,29.206293],[80.297372,29.207432],[80.296502,29.208571],[80.294762,29.210216],[80.293602,29.212747],[80.293747,29.214139],[80.294182,29.215658],[80.295922,29.219834],[80.295922,29.221226],[80.295777,29.222238],[80.292297,29.228564],[80.291428,29.231095],[80.291283,29.233752],[80.292732,29.235397],[80.293312,29.236409],[80.294037,29.237294],[80.294907,29.237927],[80.296792,29.238686],[80.298387,29.239698],[80.299402,29.240963],[80.300417,29.242608],[80.300707,29.243999],[80.300707,29.245265],[80.300127,29.24653],[80.299112,29.249439],[80.298967,29.250957],[80.299982,29.25627],[80.299982,29.257788],[80.298967,29.260444],[80.298822,29.261835],[80.298967,29.262847],[80.300997,29.264998],[80.302156,29.266515],[80.302156,29.26816],[80.302446,29.269677],[80.303896,29.27246],[80.304041,29.286118],[80.305201,29.287888],[80.306506,29.289532],[80.307521,29.290291],[80.309696,29.291176],[80.311581,29.292188],[80.313175,29.293958],[80.3168,29.300153],[80.318105,29.303188],[80.318105,29.304579],[80.317265,29.307194],[80.316685,29.310734],[80.316685,29.314274],[80.316395,29.315538],[80.31567,29.316296],[80.313206,29.317813],[80.312191,29.31933],[80.310161,29.321227],[80.306826,29.322996],[80.304941,29.323249],[80.303781,29.323249],[80.299867,29.322996],[80.297402,29.323376],[80.295952,29.32464],[80.291893,29.329317],[80.290733,29.331466],[80.290339,29.33318],[80.290831,29.334444],[80.291022,29.33577],[80.290546,29.336516],[80.28836,29.338007],[80.284462,29.339997],[80.283683,29.34115],[80.282903,29.34183],[80.280149,29.345621],[80.279279,29.347391],[80.278989,29.349286],[80.279569,29.355099],[80.279569,29.359017],[80.277829,29.36066],[80.272174,29.363187],[80.27145,29.363945],[80.271015,29.364829],[80.27145,29.366093],[80.271843,29.366693],[80.271912,29.369165],[80.271247,29.37339],[80.271912,29.37455],[80.278567,29.378527],[80.278399,29.380216],[80.278219,29.380516],[80.276666,29.381344],[80.274859,29.382586],[80.273044,29.386182],[80.273143,29.388273],[80.274384,29.389876],[80.275145,29.39203],[80.274859,29.392941],[80.273243,29.394349],[80.271437,29.395177],[80.269345,29.395426],[80.267158,29.396089],[80.261058,29.399311],[80.260037,29.400023],[80.257841,29.400893],[80.25632,29.401969],[80.254989,29.403295],[80.252803,29.40462],[80.248715,29.406028],[80.246797,29.407171],[80.244772,29.408035],[80.243612,29.410435],[80.241872,29.411571],[80.241727,29.412455],[80.242307,29.413339],[80.244192,29.414602],[80.245207,29.415992],[80.245642,29.417507],[80.245062,29.41978],[80.244047,29.422559],[80.244337,29.424453],[80.245642,29.42761],[80.246512,29.430388],[80.247092,29.43304],[80.247092,29.436449],[80.246947,29.437838],[80.245102,29.439731],[80.24301,29.441387],[80.242725,29.441884],[80.24263,29.44354],[80.2433,29.444635],[80.231944,29.450099],[80.22185,29.451222],[80.219009,29.452594],[80.208907,29.452567],[80.205019,29.452097],[80.201929,29.455306],[80.199093,29.457596],[80.197282,29.45805],[80.193396,29.45781],[80.188469,29.456877],[80.186138,29.45687],[80.184078,29.459162],[80.182547,29.463294],[80.180747,29.465816],[80.171936,29.465101],[80.169864,29.465095],[80.168572,29.465781],[80.166254,29.468302],[80.164702,29.468757],[80.163418,29.470821],[80.163169,29.472658],[80.162142,29.474494],[80.15981,29.474486],[80.155653,29.472176],[80.152281,29.471246],[80.151246,29.471473],[80.150491,29.475837],[80.149475,29.47974],[80.147421,29.48341],[80.145355,29.484782],[80.143041,29.488222],[80.135802,29.491416],[80.132443,29.493244],[80.130644,29.496225],[80.129369,29.500357],[80.127576,29.504487],[80.127585,29.506326],[80.125518,29.507698],[80.12138,29.509293],[80.114657,29.512487],[80.107161,29.516598],[80.103281,29.518194],[80.079569,29.520735],[80.074698,29.51989],[80.066801,29.517071],[80.064989,29.517606],[80.061563,29.517225],[80.058708,29.516083],[80.056994,29.513228],[80.055662,29.513228],[80.052807,29.511895],[80.051093,29.510373],[80.048238,29.510373],[80.044621,29.509802],[80.041575,29.508088],[80.036245,29.507898],[80.032819,29.508469],[80.031296,29.508469],[80.029393,29.506565],[80.029393,29.504281],[80.03025,29.501649],[80.020048,29.492739],[80.015445,29.492233],[80.011733,29.490234],[80.00488,29.487236],[80.003024,29.486237],[79.999455,29.484809],[79.998598,29.485237],[79.996457,29.487379],[79.994172,29.487522],[79.993316,29.48638],[79.991745,29.486665],[79.990746,29.489378],[79.987605,29.489521],[79.987034,29.487522],[79.985749,29.485523],[79.983465,29.485237],[79.981038,29.485237],[79.977754,29.484952],[79.97547,29.483096],[79.974328,29.481668],[79.972757,29.479098],[79.971901,29.478385],[79.969474,29.478527],[79.967618,29.478242],[79.966618,29.4771],[79.964619,29.476957],[79.960907,29.478099],[79.95948,29.477385],[79.958195,29.475387],[79.955848,29.470599],[79.937291,29.466878],[79.923184,29.466528],[79.91845,29.472498],[79.920569,29.480554],[79.915825,29.4861],[79.90122,29.485326],[79.891369,29.479431],[79.878504,29.468879],[79.865606,29.456628],[79.854285,29.449888],[79.849688,29.439294],[79.849928,29.427403],[79.860132,29.432024],[79.862066,29.427721],[79.853782,29.417757],[79.843062,29.403466],[79.842563,29.396993],[79.850815,29.394019],[79.854197,29.385411],[79.864383,29.378994],[79.867768,29.372543],[79.876018,29.369567],[79.888155,29.367473],[79.900285,29.36279],[79.904142,29.352458],[79.90267,29.346413],[79.897326,29.345954],[79.884707,29.348047],[79.877894,29.341973],[79.869587,29.319069],[79.865201,29.311714],[79.850161,29.315515],[79.839992,29.327536],[79.838552,29.335723],[79.820107,29.33864],[79.808938,29.337714],[79.811837,29.329967],[79.814742,29.325238],[79.814245,29.318766],[79.820055,29.310173],[79.826352,29.302875],[79.825851,29.295108],[79.822913,29.280426],[79.825325,29.273108],[79.83211,29.268402],[79.845708,29.274515],[79.857355,29.275009],[79.867536,29.271183],[79.875762,29.261306],[79.889336,29.257063],[79.904363,29.251964],[79.915984,29.244259],[79.919349,29.233061],[79.932881,29.215875],[79.93092,29.208103],[79.919749,29.202009],[79.910508,29.19118],[79.902234,29.179061],[79.888157,29.171225],[79.890061,29.157001],[79.898771,29.151008],[79.901166,29.139806],[79.906961,29.132072],[79.912769,29.129081],[79.921492,29.129988],[79.937493,29.133517],[79.949593,29.128831],[79.970904,29.125481],[79.98106,29.119921],[79.981046,29.115607],[79.972797,29.111687],[79.963089,29.105604],[79.959651,29.090061],[79.961059,29.075403],[79.965861,29.062055],[79.970687,29.056901],[79.977483,29.062109],[79.997359,29.068669],[80.014334,29.076075],[80.017269,29.083851],[80.025031,29.087334],[80.028896,29.084764],[80.033223,29.076155],[80.042894,29.072314],[80.047115,29.072888],[80.048299,29.07124],[80.048793,29.069274],[80.048798,29.067524],[80.048563,29.064897],[80.047843,29.061174],[80.046632,29.058541],[80.045908,29.05613],[80.046401,29.054601],[80.047627,29.052421],[80.047633,29.050452],[80.048368,29.049363],[80.049834,29.048278],[80.050084,29.046311],[80.052785,29.040201],[80.053036,29.038015],[80.053312,29.027734],[80.051138,29.021595],[80.049194,29.019614],[80.046772,29.015005],[80.0446,29.008428],[80.043877,29.005798],[80.042668,29.002946],[80.040737,28.997246],[80.041233,28.994843],[80.041238,28.993311],[80.041733,28.990689],[80.043205,28.987854],[80.04565,28.985244],[80.047363,28.982848],[80.052249,28.978721],[80.052985,28.977194],[80.054939,28.975456],[80.05665,28.973716],[80.059093,28.971762],[80.060806,28.969147],[80.063739,28.965884],[80.064719,28.964358],[80.065944,28.961959],[80.066436,28.96043],[80.067662,28.957813],[80.068641,28.956287],[80.068887,28.955195],[80.069544,28.953952],[80.078032,28.947635]]]},"properties":{"ID":"05065","NAME":"Champawat","TOTPOP_CY":310587,"AREA":1726.08}},
{"type":"Feature","geometry":{"type":"Polygon","coordinates":[[[79.289558,29.153972],[79.292613,29.153219],[79.299638,29.148077],[79.307425,29.142085],[79.317961,29.134509],[79.3288,29.127484],[79.33948,29.115868],[79.348026,29.109302],[79.358248,29.101034],[79.365115,29.096587],[79.369235,29.094559],[79.373964,29.090988],[79.380066,29.086973],[79.384796,29.084237],[79.387541,29.082235],[79.390589,29.078835],[79.397603,29.072853],[79.400958,29.070422],[79.404006,29.0673],[79.413457,29.059043],[79.416352,29.056202],[79.419248,29.05364],[79.422147,29.052887],[79.427642,29.052779],[79.43161,29.052561],[79.434511,29.052782],[79.467178,29.053106],[79.493433,29.052995],[79.521214,29.052708],[79.53419,29.052999],[79.541061,29.053414],[79.559991,29.053997],[79.5693,29.053386],[79.572351,29.052766],[79.582883,29.052546],[79.604408,29.053069],[79.62532,29.052627],[79.63484,29.052119],[79.636081,29.054632],[79.63655,29.056021],[79.639176,29.059812],[79.641477,29.060977],[79.642404,29.062242],[79.644097,29.063804],[79.645938,29.064819],[79.648235,29.065433],[79.649006,29.066281],[79.64871,29.067511],[79.650244,29.06838],[79.650714,29.069908],[79.650578,29.071969],[79.650744,29.073763],[79.654729,29.075251],[79.655498,29.075823],[79.657786,29.075198],[79.662503,29.072576],[79.665401,29.07183],[79.669815,29.069612],[79.671801,29.06953],[79.674852,29.068788],[79.67698,29.067333],[79.679104,29.065464],[79.681384,29.063875],[79.687634,29.061983],[79.692204,29.060182],[79.694934,29.057641],[79.69614,29.055609],[79.697959,29.05387],[79.698859,29.05183],[79.698197,29.045479],[79.700017,29.043877],[79.702299,29.042701],[79.707621,29.039544],[79.709887,29.036439],[79.713669,29.032],[79.715502,29.031913],[79.722684,29.03211],[79.724362,29.03188],[79.725733,29.031367],[79.727706,29.029907],[79.728918,29.028701],[79.729981,29.027904],[79.731356,29.027941],[79.741892,29.027402],[79.747693,29.026872],[79.751358,29.026833],[79.753045,29.027568],[79.753665,29.028548],[79.752758,29.029625],[79.7508,29.032875],[79.750963,29.034118],[79.753256,29.034318],[79.755848,29.0337],[79.75738,29.034155],[79.759069,29.035164],[79.762146,29.037587],[79.767658,29.038975],[79.770703,29.037818],[79.772828,29.036224],[79.774494,29.034617],[79.776928,29.033444],[79.780283,29.032708],[79.780883,29.031485],[79.780719,29.030242],[79.778271,29.029763],[79.776589,29.02958],[79.77597,29.028738],[79.776266,29.027645],[79.777638,29.027406],[79.779014,29.027443],[79.780703,29.028452],[79.782695,29.029056],[79.785141,29.02926],[79.787279,29.02918],[79.789414,29.028824],[79.791554,29.029019],[79.792932,29.029331],[79.794152,29.029089],[79.793991,29.028121],[79.793213,29.026586],[79.793818,29.025914],[79.79626,29.025704],[79.801163,29.027349],[79.803612,29.027828],[79.805591,29.027055],[79.806494,29.025565],[79.806475,29.0235],[79.806917,29.021722],[79.80827,29.019418],[79.808568,29.0186],[79.80199,29.017461],[79.800761,29.016739],[79.799981,29.014929],[79.800111,29.012455],[79.799013,29.00926],[79.80068,29.00779],[79.803267,29.006758],[79.807683,29.005362],[79.809046,29.004022],[79.809184,29.002511],[79.808859,29.0003],[79.808388,28.998911],[79.808219,28.997117],[79.808952,28.993833],[79.810163,28.992627],[79.811232,28.992655],[79.812777,28.994624],[79.814917,28.994818],[79.816731,28.992802],[79.816395,28.989489],[79.817297,28.987999],[79.818519,28.988032],[79.820208,28.989041],[79.82496,28.990956],[79.827405,28.991159],[79.828784,28.991609],[79.828789,28.992159],[79.825449,28.994273],[79.825309,28.995646],[79.827756,28.995986],[79.830206,28.996739],[79.831443,28.998286],[79.832376,29.000101],[79.833915,29.00138],[79.834983,29.001271],[79.83635,29.000481],[79.838486,29.000263],[79.839874,29.001676],[79.840957,29.003081],[79.842174,29.002563],[79.841851,29.000765],[79.840767,28.999222],[79.840599,28.997566],[79.842124,28.997331],[79.843821,28.999165],[79.84522,29.00168],[79.845985,29.001838],[79.847522,29.002842],[79.848449,29.003967],[79.848487,29.00796],[79.850011,29.007587],[79.850775,29.007608],[79.850945,29.009401],[79.852049,29.013009],[79.85343,29.013734],[79.856029,29.01394],[79.857879,29.015778],[79.858808,29.017042],[79.860332,29.016669],[79.861853,29.016021],[79.864129,29.014429],[79.866411,29.013525],[79.866236,29.011181],[79.866974,29.008585],[79.867868,29.006268],[79.869969,29.002469],[79.871325,29.000578],[79.872389,29.000055],[79.87346,29.000221],[79.875578,28.998212],[79.877096,28.997288],[79.878003,28.996348],[79.878141,28.994838],[79.877057,28.993296],[79.875673,28.992296],[79.876412,28.989838],[79.875939,28.988311],[79.875163,28.987052],[79.875286,28.984027],[79.876036,28.98267],[79.877103,28.982423],[79.880134,28.982774],[79.882679,28.98436],[79.883627,28.990643],[79.884384,28.991882],[79.888802,28.993285],[79.891389,28.994674],[79.893058,28.996604],[79.893051,28.998248],[79.892281,28.999749],[79.890897,29.001931],[79.890733,29.004396],[79.891184,29.005769],[79.89392,29.008118],[79.898334,29.010479],[79.898176,29.011711],[79.897256,29.012664],[79.896188,29.012519],[79.894513,29.011822],[79.89375,29.011816],[79.892979,29.013454],[79.896014,29.017039],[79.896764,29.019921],[79.897522,29.021023],[79.901481,29.022832],[79.901623,29.0253],[79.902377,29.027223],[79.903897,29.028467],[79.905416,29.030122],[79.906627,29.032323],[79.906766,29.035338],[79.907525,29.036302],[79.910131,29.033855],[79.912577,29.033051],[79.915168,29.033754],[79.916997,29.034452],[79.919278,29.036249],[79.921251,29.038866],[79.922467,29.040108],[79.925968,29.042188],[79.927487,29.043979],[79.929162,29.04495],[79.930686,29.045509],[79.932053,29.047163],[79.933727,29.048133],[79.93556,29.047872],[79.937701,29.047202],[79.941208,29.047912],[79.943494,29.048886],[79.944713,29.04958],[79.949448,29.048927],[79.950971,29.049623],[79.952494,29.050592],[79.958445,29.051181],[79.95951,29.052147],[79.961645,29.05271],[79.962556,29.053949],[79.96316,29.05546],[79.964835,29.056704],[79.966662,29.057813],[79.96826,29.059493],[79.965861,29.062055],[79.961059,29.075403],[79.959651,29.090061],[79.963089,29.105604],[79.972797,29.111687],[79.981046,29.115607],[79.98106,29.119921],[79.970904,29.125481],[79.949593,29.128831],[79.937493,29.133517],[79.921492,29.129988],[79.912769,29.129081],[79.906961,29.132072],[79.901166,29.139806],[79.898771,29.151008],[79.890061,29.157001],[79.888157,29.171225],[79.902234,29.179061],[79.910508,29.19118],[79.919749,29.202009],[79.93092,29.208103],[79.932881,29.215875],[79.919349,29.233061],[79.915984,29.244259],[79.904363,29.251964],[79.889336,29.257063],[79.875762,29.261306],[79.867536,29.271183],[79.857355,29.275009],[79.845708,29.274515],[79.83211,29.268402],[79.825325,29.273108],[79.822913,29.280426],[79.825851,29.295108],[79.826352,29.302875],[79.820055,29.310173],[79.814245,29.318766],[79.814742,29.325238],[79.811837,29.329967],[79.808938,29.337714],[79.820107,29.33864],[79.838552,29.335723],[79.839992,29.327536],[79.850161,29.315515],[79.865201,29.311714],[79.869587,29.319069],[79.877894,29.341973],[79.884707,29.348047],[79.897326,29.345954],[79.90267,29.346413],[79.904142,29.352458],[79.900285,29.36279],[79.888155,29.367473],[79.876018,29.369567],[79.867768,29.372543],[79.864383,29.378994],[79.854197,29.385411],[79.850815,29.394019],[79.842563,29.396993],[79.843062,29.403466],[79.853782,29.417757],[79.862066,29.427721],[79.860132,29.432024],[79.849928,29.427403],[79.842577,29.424465],[79.830905,29.424094],[79.819313,29.427543],[79.808248,29.433113],[79.792322,29.438702],[79.778833,29.444704],[79.769054,29.441772],[79.767417,29.432861],[79.759054,29.427799],[79.747375,29.426997],[79.734748,29.42747],[79.727591,29.434292],[79.732342,29.453383],[79.728511,29.456371],[79.719266,29.45598],[79.700886,29.46072],[79.689885,29.470101],[79.681905,29.484992],[79.683188,29.501125],[79.682014,29.515992],[79.673957,29.527061],[79.662476,29.537292],[79.653816,29.542416],[79.645425,29.536074],[79.634188,29.533561],[79.618036,29.554419],[79.606782,29.551055],[79.595898,29.541319],[79.581743,29.538811],[79.560299,29.536744],[79.547248,29.541448],[79.547309,29.544846],[79.540483,29.544013],[79.528109,29.532151],[79.520026,29.515182],[79.510039,29.500341],[79.495324,29.493152],[79.47689,29.495737],[79.463455,29.50638],[79.445182,29.518727],[79.440067,29.532751],[79.391004,29.5668],[79.383905,29.579125],[79.371814,29.583811],[79.352989,29.5936],[79.337594,29.605082],[79.325391,29.602969],[79.310668,29.595335],[79.291606,29.590251],[79.282144,29.576241],[79.273741,29.567749],[79.264411,29.562232],[79.248662,29.550345],[79.227763,29.518919],[79.210192,29.514671],[79.18991,29.524862],[79.17148,29.528678],[79.152526,29.529945],[79.143888,29.538435],[79.138661,29.547351],[79.126985,29.547344],[79.118644,29.54224],[79.106487,29.542655],[79.105171,29.553273],[79.095085,29.563033],[79.083513,29.571091],[79.066487,29.571498],[79.058695,29.571064],[79.051947,29.573852],[79.054689,29.584903],[79.05649,29.588476],[79.056145,29.590526],[79.046517,29.59186],[79.03788,29.585975],[79.025387,29.578251],[79.016087,29.580667],[79.008434,29.574365],[79.002843,29.562854],[79.008851,29.555111],[79.010901,29.550341],[79.003482,29.55178],[78.996465,29.552145],[78.993616,29.55175],[78.988583,29.547205],[78.984214,29.545162],[78.977872,29.541091],[78.971965,29.538178],[78.969563,29.535662],[78.966743,29.528322],[78.964569,29.523685],[78.963054,29.518857],[78.962212,29.510173],[78.962234,29.504771],[78.961154,29.500717],[78.960512,29.497049],[78.962718,29.493391],[78.962724,29.491848],[78.960559,29.485281],[78.957946,29.481221],[78.955991,29.477163],[78.951224,29.464414],[78.950795,29.462098],[78.951022,29.460362],[78.950809,29.458818],[78.94731,29.457456],[78.943821,29.453778],[78.940766,29.451067],[78.937714,29.447776],[78.935753,29.445262],[78.930941,29.443894],[78.926128,29.442719],[78.923507,29.441166],[78.922641,29.438848],[78.920401,29.434929],[78.924612,29.435087],[78.929955,29.435677],[78.93335,29.437116],[78.937394,29.438557],[78.940956,29.438855],[78.94355,29.438293],[78.945336,29.4373],[78.946312,29.436162],[78.945998,29.434021],[78.943573,29.432729],[78.93904,29.432285],[78.933862,29.431125],[78.929176,29.428539],[78.924775,29.423952],[78.922266,29.415957],[78.920338,29.412524],[78.918112,29.403384],[78.915528,29.401804],[78.911658,29.398366],[78.909091,29.392933],[78.906191,29.390068],[78.902641,29.387201],[78.897635,29.384471],[78.892626,29.382454],[78.888769,29.376303],[78.88619,29.374152],[78.877608,29.374689],[78.875352,29.372397],[78.878293,29.366842],[78.876034,29.365407],[78.869737,29.3621],[78.864242,29.360507],[78.860204,29.358921],[78.856319,29.358905],[78.853886,29.359894],[78.852104,29.360315],[78.849679,29.359591],[78.849043,29.357447],[78.849865,29.354882],[78.852798,29.351185],[78.856203,29.349772],[78.855563,29.348342],[78.852011,29.346757],[78.847485,29.345739],[78.842954,29.345577],[78.845921,29.343621],[78.847405,29.341441],[78.848497,29.340942],[78.849605,29.340938],[78.852056,29.341322],[78.854069,29.341907],[78.858674,29.343863],[78.859792,29.344155],[78.861229,29.344049],[78.862682,29.344438],[78.862945,29.345722],[78.861015,29.347805],[78.859076,29.349593],[78.858128,29.351178],[78.858363,29.35513],[78.859053,29.355917],[78.860072,29.356604],[78.86131,29.357192],[78.864462,29.355202],[78.866321,29.354403],[78.866983,29.354301],[78.868873,29.354491],[78.870169,29.353398],[78.874565,29.352192],[78.876658,29.351788],[78.882636,29.351563],[78.886119,29.353029],[78.890244,29.353801],[78.897426,29.353076],[78.90071,29.351776],[78.903766,29.35028],[78.907547,29.347199],[78.909485,29.345411],[78.90781,29.345023],[78.899854,29.342294],[78.898376,29.341115],[78.897426,29.339143],[78.89668,29.336577],[78.896323,29.33233],[78.89582,29.330455],[78.894625,29.327693],[78.893736,29.32414],[78.892044,29.319701],[78.890778,29.318224],[78.890427,29.317633],[78.891976,29.314069],[78.891944,29.313081],[78.889397,29.309634],[78.889037,29.308746],[78.8852,29.303032],[78.884245,29.300862],[78.883628,29.298889],[78.883471,29.297407],[78.884018,29.297207],[78.885452,29.297003],[78.886876,29.296502],[78.888064,29.295509],[78.888694,29.294419],[78.88865,29.293036],[78.88635,29.290378],[78.885177,29.288308],[78.883099,29.285649],[78.880055,29.283983],[78.878566,29.282409],[78.875652,29.281335],[78.873529,29.280752],[78.872643,29.280755],[78.871735,29.280068],[78.871904,29.278387],[78.870759,29.277206],[78.870506,29.276219],[78.870601,29.275725],[78.870811,29.275329],[78.872004,29.274533],[78.872501,29.272752],[78.872483,29.272159],[78.871815,29.272063],[78.870831,29.272463],[78.870163,29.272367],[78.870259,29.271872],[78.871003,29.270881],[78.871187,29.269694],[78.871235,29.267718],[78.873004,29.267611],[78.877627,29.266701],[78.879706,29.265901],[78.882123,29.265297],[78.88418,29.263806],[78.887193,29.261025],[78.891204,29.261797],[78.90098,29.26274],[78.904678,29.264107],[78.911021,29.265065],[78.916342,29.265237],[78.917684,29.265626],[78.919031,29.266213],[78.919398,29.267298],[78.922122,29.272818],[78.922698,29.273507],[78.925267,29.274187],[78.929947,29.275053],[78.93045,29.276928],[78.930915,29.277618],[78.931488,29.278208],[78.933292,29.279187],[78.934437,29.280367],[78.93446,29.281059],[78.935058,29.28244],[78.935523,29.283129],[78.937564,29.284601],[78.93814,29.28529],[78.939083,29.287064],[78.941337,29.288239],[78.94247,29.289024],[78.943166,29.290008],[78.943249,29.292577],[78.94356,29.295343],[78.943326,29.298407],[78.943912,29.302851],[78.945414,29.30818],[78.94581,29.310154],[78.946532,29.311929],[78.94688,29.312421],[78.948906,29.313399],[78.961799,29.314619],[78.966095,29.310446],[78.969338,29.307959],[78.972493,29.306164],[78.97611,29.304959],[78.977765,29.304753],[78.981877,29.305127],[78.991051,29.307845],[78.999701,29.308095],[79.007997,29.307655],[79.015031,29.305936],[79.021495,29.303726],[79.026265,29.300538],[79.028425,29.298846],[79.030871,29.295769],[79.03177,29.292799],[79.031721,29.291317],[79.03071,29.287568],[79.024475,29.276535],[79.023957,29.274266],[79.022908,29.27269],[79.021934,29.270028],[79.021312,29.267956],[79.021166,29.26687],[79.021127,29.262325],[79.022791,29.259054],[79.024634,29.257858],[79.02694,29.257252],[79.029564,29.25625],[79.035269,29.254636],[79.037555,29.253438],[79.042208,29.25015],[79.045659,29.247364],[79.046542,29.24726],[79.049509,29.249911],[79.054915,29.252646],[79.058732,29.254205],[79.064815,29.253972],[79.067463,29.25366],[79.07208,29.252644],[79.074932,29.251837],[79.077543,29.250438],[79.078965,29.249935],[79.079486,29.248944],[79.080367,29.252101],[79.080977,29.253777],[79.081688,29.255156],[79.081838,29.256341],[79.080885,29.257631],[79.080475,29.258622],[79.080424,29.260401],[79.082536,29.263946],[79.088062,29.266877],[79.090339,29.26874],[79.091792,29.269127],[79.093128,29.269316],[79.094332,29.268914],[79.095302,29.268117],[79.097719,29.264249],[79.098569,29.263156],[79.099056,29.261177],[79.098878,29.259202],[79.098419,29.258711],[79.096731,29.257931],[79.09605,29.257441],[79.096799,29.256646],[79.103479,29.254431],[79.107647,29.253219],[79.110193,29.253203],[79.113189,29.253382],[79.115004,29.254655],[79.115588,29.255541],[79.117141,29.258891],[79.118845,29.263426],[79.119889,29.264803],[79.121154,29.266178],[79.125576,29.269213],[79.127821,29.270089],[79.132066,29.27103],[79.133903,29.270509],[79.143373,29.270038],[79.147026,29.269469],[79.151545,29.267392],[79.157306,29.265852],[79.16113,29.265827],[79.163832,29.264308],[79.177281,29.25944],[79.187296,29.257052],[79.21079,29.250748],[79.218792,29.247689],[79.228967,29.245569],[79.244184,29.243276],[79.253761,29.241569],[79.258344,29.241399],[79.263214,29.24068],[79.269469,29.240225],[79.274754,29.238274],[79.274558,29.237047],[79.273257,29.234873],[79.270087,29.231757],[79.267515,29.228227],[79.26251,29.220756],[79.258099,29.217103],[79.254807,29.214807],[79.250745,29.212379],[79.248987,29.210208],[79.246043,29.200401],[79.24759,29.196568],[79.248698,29.193284],[79.248683,29.188506],[79.249643,29.18536],[79.251376,29.182481],[79.25439,29.18123],[79.262561,29.17885],[79.264214,29.178019],[79.268669,29.1743],[79.274284,29.166505],[79.286503,29.156395],[79.289558,29.153972]]]},"properties":{"ID":"05066","NAME":"Nainital","TOTPOP_CY":1146426,"AREA":4129.25}},
{"type":"Feature","geometry":{"type":"Polygon","coordinates":[[[78.842954,29.345577],[78.838739,29.347129],[78.829976,29.351372],[78.828017,29.354503],[78.82703,29.357496],[78.826526,29.360918],[78.82635,29.363629],[78.829094,29.365068],[78.832327,29.366081],[78.832319,29.367223],[78.831668,29.368076],[78.830048,29.368355],[78.826487,29.368197],[78.824071,29.366045],[78.822161,29.360043],[78.820081,29.355468],[78.815428,29.348026],[78.811089,29.342584],[78.806748,29.337426],[78.801414,29.336262],[78.799965,29.334971],[78.801626,29.327414],[78.803096,29.324853],[78.80845,29.322308],[78.807173,29.319305],[78.802645,29.318714],[78.798936,29.316556],[78.798142,29.313984],[78.795725,29.312118],[78.791197,29.311812],[78.789572,29.313089],[78.789071,29.315797],[78.791153,29.319517],[78.793241,29.322239],[78.794359,29.324812],[78.794341,29.327952],[78.793523,29.329518],[78.791576,29.330508],[78.789157,29.329069],[78.786095,29.326914],[78.78157,29.325894],[78.77785,29.325734],[78.774448,29.326288],[78.773143,29.328138],[78.773291,29.330422],[78.772147,29.332413],[78.769059,29.334825],[78.766785,29.336098],[78.762749,29.334652],[78.757744,29.332629],[78.754672,29.332329],[78.752579,29.330463],[78.752435,29.327466],[78.749377,29.325025],[78.748748,29.321882],[78.748606,29.318742],[78.746026,29.317302],[78.743602,29.316719],[78.741004,29.318276],[78.739698,29.320124],[78.737911,29.321257],[78.734194,29.320667],[78.732423,29.319231],[78.732345,29.30596],[78.731222,29.304384],[78.727828,29.303938],[78.725718,29.304927],[78.719892,29.305325],[78.718766,29.30432],[78.719259,29.303181],[78.72089,29.301048],[78.722036,29.298913],[78.725448,29.296506],[78.729647,29.297668],[78.733364,29.298258],[78.736287,29.296418],[78.740516,29.292586],[78.752686,29.286511],[78.758366,29.283256],[78.764535,29.279433],[78.769413,29.275175],[78.771696,29.271761],[78.772033,29.26948],[78.772116,29.265575],[78.771837,29.263654],[78.771672,29.263653],[78.776735,29.259741],[78.780629,29.257476],[78.786473,29.25365],[78.78841,29.254088],[78.789208,29.255947],[78.790825,29.255954],[78.791971,29.253533],[78.791823,29.251106],[78.790862,29.249533],[78.791199,29.247108],[78.8006,29.243013],[78.807094,29.238048],[78.813902,29.234796],[78.82054,29.233114],[78.826348,29.235137],[78.831348,29.237585],[78.8336,29.23945],[78.83602,29.240603],[78.83893,29.24033],[78.840561,29.237768],[78.839277,29.235908],[78.841389,29.234062],[78.84769,29.234802],[78.854142,29.237541],[78.857031,29.241691],[78.860753,29.240993],[78.861576,29.238],[78.860139,29.234426],[78.862737,29.232296],[78.866465,29.230313],[78.867441,29.229175],[78.873095,29.230055],[78.874718,29.228492],[78.875216,29.225925],[78.872801,29.22406],[78.87167,29.22377],[78.871997,29.223058],[78.872486,29.222204],[78.874917,29.221072],[78.877508,29.220083],[78.878484,29.218661],[78.87833,29.217233],[78.87543,29.215366],[78.875271,29.214795],[78.875922,29.213655],[78.878186,29.213522],[78.881742,29.213679],[78.884167,29.213403],[78.884656,29.212548],[78.884342,29.210549],[78.882255,29.20783],[78.874992,29.205803],[78.874997,29.204804],[78.875813,29.203238],[78.879859,29.201969],[78.888747,29.202147],[78.890374,29.199871],[78.889576,29.197727],[78.888293,29.195724],[78.88879,29.193014],[78.891705,29.191884],[78.899133,29.193055],[78.901401,29.191636],[78.901739,29.188499],[78.90094,29.186498],[78.898841,29.186347],[78.894961,29.186617],[78.893511,29.185755],[78.892714,29.183611],[78.894019,29.181048],[78.900167,29.179217],[78.903884,29.179089],[78.907599,29.179245],[78.909218,29.178538],[78.909547,29.177255],[78.908264,29.175395],[78.905848,29.17353],[78.902144,29.17109],[78.901985,29.170375],[78.902312,29.169521],[78.906365,29.166683],[78.90945,29.163269],[78.909307,29.159273],[78.909648,29.155279],[78.911915,29.154145],[78.915307,29.154158],[78.917255,29.152167],[78.915813,29.149594],[78.913232,29.148585],[78.911953,29.146011],[78.912448,29.143444],[78.916333,29.141604],[78.918447,29.138615],[78.916847,29.135184],[78.912179,29.131884],[78.908311,29.130014],[78.90622,29.128152],[78.906232,29.125726],[78.909313,29.122883],[78.912714,29.120755],[78.917401,29.119916],[78.923217,29.119225],[78.926769,29.119381],[78.93047,29.122248],[78.933039,29.125825],[78.935287,29.128545],[78.938194,29.128698],[78.941751,29.127855],[78.954853,29.122621],[78.955662,29.122481],[78.957276,29.122487],[78.961141,29.125068],[78.963712,29.128217],[78.966132,29.128796],[78.970169,29.129095],[78.973883,29.129107],[78.975818,29.129827],[78.977104,29.131401],[78.977738,29.134257],[78.977724,29.137824],[78.979329,29.140398],[78.983199,29.142124],[78.986107,29.141848],[78.988861,29.139859],[78.990808,29.137582],[78.991951,29.134161],[78.991799,29.131877],[78.993093,29.131025],[78.995196,29.130175],[78.996489,29.129894],[78.998432,29.128615],[79.001988,29.127628],[79.000214,29.125968],[79.001568,29.120257],[79.001987,29.114143],[79.003325,29.106395],[79.00563,29.103534],[79.019101,29.101045],[79.026535,29.099798],[79.032126,29.101003],[79.026186,29.11488],[79.021084,29.116935],[79.014121,29.118995],[79.009486,29.121455],[79.012781,29.126336],[79.015597,29.129588],[79.015625,29.133255],[79.01194,29.138159],[79.013382,29.144267],[79.017552,29.141808],[79.022146,29.134049],[79.026303,29.12996],[79.030952,29.129537],[79.032833,29.131977],[79.032883,29.138497],[79.02967,29.144214],[79.025058,29.149528],[79.023832,29.152738],[79.027434,29.156041],[79.036255,29.153159],[79.042247,29.145802],[79.046382,29.138859],[79.058483,29.139224],[79.066388,29.13838],[79.074721,29.133051],[79.087243,29.128114],[79.095081,29.119524],[79.105283,29.11541],[79.115511,29.114554],[79.120181,29.116573],[79.130857,29.113677],[79.14103,29.106706],[79.147016,29.099752],[79.147427,29.093636],[79.144496,29.077754],[79.139337,29.072884],[79.136958,29.06678],[79.136912,29.061482],[79.140084,29.052094],[79.145141,29.045552],[79.153005,29.041036],[79.161801,29.036922],[79.164562,29.033649],[79.164038,29.027131],[79.158841,29.017779],[79.160623,29.009212],[79.166149,29.003482],[79.169841,29.000613],[79.175908,29.003439],[79.181054,29.007085],[79.185214,29.00462],[79.18942,29.007047],[79.185731,29.010325],[79.195945,29.009056],[79.202002,29.010658],[79.206207,29.013085],[79.212665,29.007756],[79.225166,29.002806],[79.235808,28.997864],[79.240883,28.994171],[79.240359,28.98806],[79.257888,28.974931],[79.269894,28.967534],[79.28053,28.962588],[79.291633,28.958047],[79.300902,28.95596],[79.303246,28.957986],[79.300945,28.960036],[79.304677,28.961647],[79.311152,28.958758],[79.33529,28.956996],[79.346404,28.953673],[79.352438,28.953231],[79.353402,28.956486],[79.352074,28.962607],[79.35307,28.968715],[79.356356,28.971956],[79.36145,28.970297],[79.364617,28.962535],[79.367324,28.955183],[79.371879,28.947005],[79.378311,28.940447],[79.388947,28.936308],[79.399165,28.936246],[79.403758,28.931736],[79.405055,28.923169],[79.404513,28.916243],[79.407736,28.913779],[79.414654,28.909661],[79.415527,28.904765],[79.421458,28.90533],[79.426334,28.903048],[79.429434,28.897669],[79.427652,28.888785],[79.424095,28.878733],[79.423202,28.872556],[79.42719,28.869497],[79.434283,28.868002],[79.441823,28.870753],[79.447148,28.87426],[79.452025,28.874678],[79.46089,28.87165],[79.469755,28.869779],[79.475078,28.871742],[79.480404,28.875248],[79.486173,28.877985],[79.49238,28.877253],[79.499912,28.873829],[79.50966,28.870419],[79.518084,28.870085],[79.524737,28.871282],[79.532282,28.8748],[79.536281,28.879066],[79.540728,28.885264],[79.545177,28.892232],[79.54785,28.898034],[79.554513,28.902701],[79.56471,28.901217],[79.571354,28.897785],[79.573561,28.893169],[79.581543,28.892828],[79.582865,28.889365],[79.585964,28.886682],[79.583733,28.881271],[79.581051,28.87277],[79.577042,28.864648],[79.575701,28.859626],[79.580563,28.853868],[79.586769,28.853517],[79.596975,28.857432],[79.607623,28.860576],[79.616035,28.856379],[79.620042,28.862572],[79.624936,28.868769],[79.63158,28.866105],[79.637338,28.864206],[79.641332,28.86577],[79.640018,28.871162],[79.641354,28.873098],[79.645779,28.869649],[79.649333,28.872368],[79.655105,28.874712],[79.666187,28.873611],[79.668838,28.870925],[79.668824,28.866682],[79.672812,28.86593],[79.680786,28.863656],[79.685656,28.861752],[79.687863,28.859063],[79.688295,28.855593],[79.685629,28.854038],[79.683071,28.852914],[79.682715,28.852244],[79.683141,28.85194],[79.682381,28.850634],[79.684417,28.849904],[79.689613,28.848507],[79.691861,28.84802],[79.692043,28.847352],[79.689856,28.845347],[79.691588,28.844921],[79.691952,28.845347],[79.692621,28.845225],[79.692894,28.845742],[79.70046,28.842946],[79.70675,28.841032],[79.707601,28.844101],[79.706264,28.844405],[79.708725,28.849783],[79.709636,28.851029],[79.71073,28.850573],[79.71146,28.850694],[79.716078,28.849297],[79.718205,28.848932],[79.718722,28.848598],[79.718904,28.848051],[79.718904,28.845863],[79.719755,28.84562],[79.72015,28.846288],[79.720028,28.846623],[79.72097,28.849297],[79.720757,28.850239],[79.720909,28.850664],[79.723492,28.852791],[79.723553,28.853277],[79.722793,28.855191],[79.724221,28.856528],[79.724191,28.857896],[79.726439,28.860873],[79.734218,28.857804],[79.736527,28.856285],[79.738198,28.858807],[79.739019,28.858686],[79.740477,28.858199],[79.741237,28.859111],[79.742543,28.858868],[79.743303,28.859567],[79.745582,28.85984],[79.748043,28.867558],[79.747648,28.868075],[79.747466,28.868591],[79.747648,28.869108],[79.749167,28.870445],[79.749046,28.871538],[79.756581,28.871599],[79.758921,28.87087],[79.759468,28.87087],[79.760076,28.871721],[79.764876,28.874152],[79.76676,28.87482],[79.777927,28.871998],[79.780992,28.871329],[79.783461,28.871271],[79.783539,28.871563],[79.783831,28.871582],[79.78387,28.871913],[79.784686,28.871777],[79.785114,28.872807],[79.785892,28.872749],[79.7863,28.873449],[79.787681,28.87271],[79.787837,28.872943],[79.788556,28.872652],[79.789937,28.875297],[79.790326,28.876755],[79.793282,28.882745],[79.793612,28.883017],[79.795129,28.885234],[79.799835,28.887489],[79.814647,28.883693],[79.814647,28.884755],[79.81385,28.886592],[79.817922,28.887765],[79.827844,28.884516],[79.827856,28.884866],[79.828874,28.884512],[79.828675,28.882078],[79.828719,28.880817],[79.827812,28.879644],[79.827657,28.879025],[79.827745,28.878096],[79.828232,28.877144],[79.829139,28.876392],[79.830423,28.874777],[79.831086,28.873405],[79.83133,28.872476],[79.831816,28.871657],[79.832657,28.870683],[79.833482,28.870574],[79.835448,28.870649],[79.835755,28.871264],[79.835646,28.872013],[79.835467,28.872454],[79.83487,28.873007],[79.834671,28.873538],[79.834671,28.874224],[79.834936,28.874688],[79.838631,28.875064],[79.841587,28.875963],[79.843192,28.876242],[79.844667,28.875504],[79.845404,28.874951],[79.845957,28.873968],[79.846265,28.87194],[79.847248,28.869113],[79.847432,28.8669],[79.847432,28.864626],[79.846695,28.859586],[79.846695,28.855284],[79.846449,28.854055],[79.845834,28.852395],[79.844974,28.851289],[79.843683,28.850306],[79.8427,28.849814],[79.84018,28.849445],[79.838029,28.849322],[79.836185,28.84963],[79.834894,28.853071],[79.831944,28.855653],[79.830575,28.854789],[79.831988,28.849397],[79.831904,28.845353],[79.833252,28.844426],[79.834684,28.843667],[79.836117,28.842319],[79.836032,28.840718],[79.835021,28.83937],[79.833589,28.838528],[79.830809,28.839539],[79.82668,28.842066],[79.825922,28.842319],[79.824995,28.841729],[79.823141,28.839286],[79.822636,28.837517],[79.823141,28.836421],[79.829966,28.83718],[79.830893,28.836084],[79.829797,28.835157],[79.827017,28.835326],[79.825416,28.835242],[79.824742,28.834483],[79.824826,28.832798],[79.826174,28.831029],[79.828197,28.830523],[79.831061,28.830439],[79.832409,28.829175],[79.833505,28.824625],[79.833083,28.822098],[79.83182,28.820497],[79.828871,28.818727],[79.82668,28.816789],[79.826259,28.811903],[79.825753,28.810049],[79.824405,28.807268],[79.82272,28.805499],[79.819939,28.804656],[79.818001,28.804909],[79.818423,28.807016],[79.819771,28.807942],[79.819687,28.809965],[79.816906,28.814177],[79.815305,28.814177],[79.813199,28.81384],[79.80944,28.812528],[79.807982,28.811818],[79.807442,28.810686],[79.807604,28.809338],[79.808575,28.807828],[79.808801,28.805515],[79.80774,28.80324],[79.807497,28.802246],[79.807453,28.801275],[79.810082,28.798668],[79.811606,28.798293],[79.812202,28.798006],[79.813041,28.797211],[79.813682,28.797144],[79.814168,28.797586],[79.814367,28.798514],[79.814102,28.79922],[79.812931,28.800325],[79.812401,28.801429],[79.812577,28.802379],[79.81282,28.802821],[79.813439,28.803064],[79.813903,28.803064],[79.814344,28.802401],[79.814941,28.802224],[79.815118,28.801783],[79.815029,28.801076],[79.815316,28.80059],[79.818166,28.797365],[79.821633,28.795444],[79.822782,28.795797],[79.823202,28.796128],[79.823953,28.797144],[79.823643,28.798028],[79.823842,28.798359],[79.824129,28.798381],[79.824748,28.798138],[79.825079,28.797763],[79.82541,28.796879],[79.82594,28.796482],[79.826183,28.795664],[79.826581,28.795223],[79.827111,28.795178],[79.827553,28.795863],[79.827862,28.796018],[79.828304,28.796128],[79.828768,28.795907],[79.829253,28.795885],[79.829695,28.796261],[79.830623,28.797564],[79.83144,28.797652],[79.83292,28.797122],[79.833428,28.797343],[79.834091,28.798536],[79.834886,28.798558],[79.836079,28.797652],[79.837161,28.797696],[79.837713,28.797387],[79.838177,28.797586],[79.838133,28.798646],[79.838773,28.799463],[79.839237,28.799596],[79.839701,28.799949],[79.839767,28.800413],[79.839657,28.80059],[79.839127,28.800722],[79.838331,28.800568],[79.83842,28.801385],[79.840209,28.801871],[79.840098,28.802158],[79.83937,28.802754],[79.839325,28.803108],[79.839878,28.803108],[79.840695,28.802688],[79.84107,28.802799],[79.841159,28.803461],[79.84096,28.80408],[79.841203,28.804301],[79.841556,28.804345],[79.842153,28.80408],[79.842661,28.804102],[79.843566,28.804367],[79.844229,28.804279],[79.844759,28.804499],[79.845289,28.804919],[79.845753,28.804963],[79.846195,28.804588],[79.846062,28.803859],[79.845664,28.803086],[79.845731,28.802357],[79.845554,28.80154],[79.845156,28.801363],[79.844891,28.80101],[79.845466,28.800457],[79.846305,28.800259],[79.847431,28.800192],[79.848668,28.799596],[79.849198,28.799706],[79.850082,28.80101],[79.850612,28.801407],[79.852004,28.801606],[79.852269,28.802048],[79.851628,28.802865],[79.850634,28.803262],[79.850921,28.803815],[79.852357,28.804742],[79.852755,28.806068],[79.852202,28.806554],[79.851739,28.806598],[79.851451,28.806443],[79.85112,28.806001],[79.850612,28.805825],[79.850325,28.805957],[79.850325,28.806664],[79.85123,28.808122],[79.851518,28.809381],[79.851319,28.809955],[79.850877,28.810375],[79.850237,28.810573],[79.849552,28.810507],[79.849198,28.810286],[79.849154,28.809756],[79.848757,28.809557],[79.848492,28.809579],[79.848249,28.809999],[79.847741,28.810088],[79.84752,28.809977],[79.846592,28.809999],[79.846393,28.810397],[79.846747,28.810883],[79.847299,28.811236],[79.849397,28.811921],[79.850593,28.813],[79.85111,28.813173],[79.852663,28.813207],[79.853147,28.813483],[79.853043,28.814243],[79.85256,28.81476],[79.852249,28.815796],[79.851283,28.815865],[79.850386,28.815554],[79.849695,28.815554],[79.84935,28.816693],[79.847245,28.816935],[79.846555,28.817349],[79.846624,28.818315],[79.847521,28.81935],[79.847625,28.819972],[79.846244,28.822215],[79.846175,28.823112],[79.847255,28.824003],[79.849,28.824754],[79.85059,28.824113],[79.852357,28.824201],[79.853682,28.823936],[79.85408,28.824157],[79.854301,28.825085],[79.854102,28.825482],[79.852865,28.826256],[79.851407,28.826432],[79.850568,28.826741],[79.850126,28.827537],[79.849994,28.82831],[79.850303,28.828773],[79.851341,28.829039],[79.852357,28.828884],[79.853329,28.827647],[79.853881,28.827249],[79.854234,28.827205],[79.855096,28.827581],[79.855825,28.828464],[79.856708,28.829061],[79.857062,28.82948],[79.857194,28.830408],[79.857636,28.83054],[79.859248,28.830629],[79.860132,28.830496],[79.861435,28.830099],[79.862407,28.83001],[79.862848,28.830231],[79.862848,28.830717],[79.862274,28.831225],[79.8617,28.83138],[79.859049,28.831512],[79.858652,28.831822],[79.85863,28.832352],[79.859138,28.832595],[79.859999,28.832595],[79.860485,28.832749],[79.860706,28.833103],[79.860662,28.833544],[79.85969,28.834052],[79.860132,28.834936],[79.862385,28.836946],[79.86265,28.837763],[79.862981,28.838028],[79.863798,28.837653],[79.864262,28.836835],[79.86477,28.836791],[79.865101,28.837233],[79.864991,28.838161],[79.865344,28.838978],[79.866294,28.839398],[79.866382,28.840347],[79.86667,28.841032],[79.867288,28.84101],[79.867288,28.839464],[79.867597,28.838934],[79.868017,28.838647],[79.868657,28.838735],[79.86974,28.839155],[79.869939,28.839353],[79.870049,28.839861],[79.871286,28.840988],[79.872191,28.840988],[79.872412,28.840634],[79.872015,28.839022],[79.873583,28.838956],[79.874378,28.838492],[79.874378,28.838139],[79.874069,28.83794],[79.874157,28.837719],[79.875217,28.837123],[79.874798,28.835996],[79.874069,28.835841],[79.873936,28.835113],[79.874422,28.83487],[79.874842,28.835068],[79.87524,28.835024],[79.87524,28.83434],[79.874908,28.833787],[79.874334,28.833478],[79.873406,28.833412],[79.873009,28.832396],[79.873163,28.831799],[79.873605,28.831822],[79.874842,28.832926],[79.875659,28.833169],[79.875946,28.832926],[79.876432,28.83286],[79.876896,28.83297],[79.877095,28.832573],[79.876896,28.831777],[79.877316,28.831579],[79.878045,28.831954],[79.878597,28.831623],[79.879392,28.831689],[79.879701,28.83244],[79.879547,28.832683],[79.878597,28.832705],[79.877802,28.833147],[79.877868,28.833412],[79.879149,28.8335],[79.879944,28.833743],[79.880055,28.834052],[79.880496,28.834384],[79.881424,28.834494],[79.882042,28.834362],[79.88244,28.8335],[79.882838,28.833257],[79.883434,28.8335],[79.883456,28.833787],[79.883279,28.834052],[79.882926,28.834185],[79.883235,28.834892],[79.881822,28.834825],[79.881292,28.835223],[79.881071,28.835841],[79.881203,28.83646],[79.881579,28.836946],[79.882992,28.837365],[79.883964,28.837056],[79.884406,28.836769],[79.88646,28.837056],[79.887123,28.836968],[79.887123,28.836416],[79.887299,28.835996],[79.888844,28.835523],[79.888451,28.834596],[79.89387,28.831429],[79.892041,28.825563],[79.894181,28.823457],[79.894043,28.820317],[79.907917,28.819281],[79.913818,28.818522],[79.913059,28.816624],[79.911299,28.813829],[79.910677,28.812276],[79.910885,28.809825],[79.912127,28.807513],[79.912852,28.807237],[79.913266,28.806823],[79.913576,28.806271],[79.915406,28.804545],[79.915371,28.804131],[79.90947,28.802888],[79.905708,28.803061],[79.903741,28.803958],[79.902843,28.804683],[79.900082,28.805408],[79.897805,28.805511],[79.896148,28.805891],[79.895596,28.806857],[79.896114,28.808169],[79.882274,28.813104],[79.882274,28.813552],[79.878375,28.814726],[79.877167,28.812483],[79.87513,28.811344],[79.873543,28.809308],[79.869674,28.808321],[79.869983,28.805825],[79.873252,28.803748],[79.872987,28.803395],[79.874268,28.802777],[79.874489,28.802467],[79.874466,28.801959],[79.87429,28.801738],[79.873362,28.80154],[79.872125,28.799552],[79.873318,28.798712],[79.87292,28.797719],[79.873009,28.797211],[79.873406,28.796725],[79.874157,28.796261],[79.876675,28.795355],[79.877007,28.795863],[79.877404,28.795841],[79.877824,28.796062],[79.880982,28.795002],[79.881402,28.795444],[79.883301,28.794715],[79.883169,28.793102],[79.882667,28.792405],[79.883206,28.792136],[79.884069,28.790141],[79.889138,28.787984],[79.889623,28.788361],[79.897218,28.786185],[79.898081,28.785149],[79.900669,28.783803],[79.900842,28.782181],[79.901187,28.782043],[79.901704,28.782112],[79.902981,28.78263],[79.903603,28.782388],[79.906595,28.781933],[79.906648,28.782213],[79.9072,28.782655],[79.90815,28.783052],[79.909122,28.783826],[79.90868,28.784731],[79.90932,28.785327],[79.90932,28.785681],[79.909563,28.785747],[79.909828,28.785747],[79.910049,28.785327],[79.910071,28.784908],[79.914644,28.78275],[79.916329,28.782497],[79.91734,28.782581],[79.918773,28.783508],[79.919026,28.784772],[79.919615,28.786457],[79.924165,28.78671],[79.926356,28.789996],[79.9395,28.787889],[79.939584,28.786962],[79.927451,28.778453],[79.923828,28.773481],[79.925935,28.771712],[79.927198,28.770111],[79.927451,28.768763],[79.930737,28.767078],[79.931748,28.765393],[79.932928,28.763792],[79.932675,28.762696],[79.942603,28.76053],[79.940932,28.757978],[79.937162,28.753197],[79.941817,28.748401],[79.944582,28.744567],[79.949558,28.739799],[79.95398,28.738906],[79.965033,28.74201],[79.977747,28.746598],[79.99046,28.750214],[80.004281,28.754819],[80.017549,28.758926],[80.032484,28.775195],[80.041338,28.786991],[80.049086,28.795371],[80.052963,28.803202],[80.052965,28.804657],[80.061265,28.809649],[80.056844,28.814429],[80.051317,28.81919],[80.052682,28.824971],[80.057413,28.832881],[80.075373,28.832905],[80.074515,28.834444],[80.070047,28.84094],[80.063582,28.845271],[80.060254,28.84602],[80.058733,28.847353],[80.058543,28.849768],[80.058638,28.852183],[80.057212,28.855014],[80.057973,28.856429],[80.062821,28.858178],[80.063202,28.858927],[80.063487,28.861675],[80.062251,28.868586],[80.062061,28.871833],[80.061205,28.874996],[80.06092,28.877993],[80.061015,28.881323],[80.06149,28.883488],[80.062346,28.885236],[80.061681,28.887067],[80.058638,28.888232],[80.056927,28.89306],[80.056737,28.895557],[80.058258,28.897721],[80.061205,28.89897],[80.062916,28.899886],[80.063202,28.90205],[80.062346,28.903464],[80.059684,28.90463],[80.058638,28.906461],[80.058068,28.908042],[80.058543,28.909873],[80.058828,28.916531],[80.069381,28.932923],[80.069667,28.934754],[80.069667,28.936668],[80.072138,28.937916],[80.07385,28.939247],[80.075466,28.940745],[80.077153,28.946266],[80.078032,28.947635],[80.069544,28.953952],[80.068887,28.955195],[80.068641,28.956287],[80.067662,28.957813],[80.066436,28.96043],[80.065944,28.961959],[80.064719,28.964358],[80.063739,28.965884],[80.060806,28.969147],[80.059093,28.971762],[80.05665,28.973716],[80.054939,28.975456],[80.052985,28.977194],[80.052249,28.978721],[80.047363,28.982848],[80.04565,28.985244],[80.043205,28.987854],[80.041733,28.990689],[80.041238,28.993311],[80.041233,28.994843],[80.040737,28.997246],[80.042668,29.002946],[80.043877,29.005798],[80.0446,29.008428],[80.046772,29.015005],[80.049194,29.019614],[80.051138,29.021595],[80.053312,29.027734],[80.053036,29.038015],[80.052785,29.040201],[80.050084,29.046311],[80.049834,29.048278],[80.048368,29.049363],[80.047633,29.050452],[80.047627,29.052421],[80.046401,29.054601],[80.045908,29.05613],[80.046632,29.058541],[80.047843,29.061174],[80.048563,29.064897],[80.048798,29.067524],[80.048793,29.069274],[80.048299,29.07124],[80.047115,29.072888],[80.042894,29.072314],[80.033223,29.076155],[80.028896,29.084764],[80.025031,29.087334],[80.017269,29.083851],[80.014334,29.076075],[79.997359,29.068669],[79.977483,29.062109],[79.970687,29.056901],[79.96826,29.059493],[79.966662,29.057813],[79.964835,29.056704],[79.96316,29.05546],[79.962556,29.053949],[79.961645,29.05271],[79.95951,29.052147],[79.958445,29.051181],[79.952494,29.050592],[79.950971,29.049623],[79.949448,29.048927],[79.944713,29.04958],[79.943494,29.048886],[79.941208,29.047912],[79.937701,29.047202],[79.93556,29.047872],[79.933727,29.048133],[79.932053,29.047163],[79.930686,29.045509],[79.929162,29.04495],[79.927487,29.043979],[79.925968,29.042188],[79.922467,29.040108],[79.921251,29.038866],[79.919278,29.036249],[79.916997,29.034452],[79.915168,29.033754],[79.912577,29.033051],[79.910131,29.033855],[79.907525,29.036302],[79.906766,29.035338],[79.906627,29.032323],[79.905416,29.030122],[79.903897,29.028467],[79.902377,29.027223],[79.901623,29.0253],[79.901481,29.022832],[79.897522,29.021023],[79.896764,29.019921],[79.896014,29.017039],[79.892979,29.013454],[79.89375,29.011816],[79.894513,29.011822],[79.896188,29.012519],[79.897256,29.012664],[79.898176,29.011711],[79.898334,29.010479],[79.89392,29.008118],[79.891184,29.005769],[79.890733,29.004396],[79.890897,29.001931],[79.892281,28.999749],[79.893051,28.998248],[79.893058,28.996604],[79.891389,28.994674],[79.888802,28.993285],[79.884384,28.991882],[79.883627,28.990643],[79.882679,28.98436],[79.880134,28.982774],[79.877103,28.982423],[79.876036,28.98267],[79.875286,28.984027],[79.875163,28.987052],[79.875939,28.988311],[79.876412,28.989838],[79.875673,28.992296],[79.877057,28.993296],[79.878141,28.994838],[79.878003,28.996348],[79.877096,28.997288],[79.875578,28.998212],[79.87346,29.000221],[79.872389,29.000055],[79.871325,29.000578],[79.869969,29.002469],[79.867868,29.006268],[79.866974,29.008585],[79.866236,29.011181],[79.866411,29.013525],[79.864129,29.014429],[79.861853,29.016021],[79.860332,29.016669],[79.858808,29.017042],[79.857879,29.015778],[79.856029,29.01394],[79.85343,29.013734],[79.852049,29.013009],[79.850945,29.009401],[79.850775,29.007608],[79.850011,29.007587],[79.848487,29.00796],[79.848449,29.003967],[79.847522,29.002842],[79.845985,29.001838],[79.84522,29.00168],[79.843821,28.999165],[79.842124,28.997331],[79.840599,28.997566],[79.840767,28.999222],[79.841851,29.000765],[79.842174,29.002563],[79.840957,29.003081],[79.839874,29.001676],[79.838486,29.000263],[79.83635,29.000481],[79.834983,29.001271],[79.833915,29.00138],[79.832376,29.000101],[79.831443,28.998286],[79.830206,28.996739],[79.827756,28.995986],[79.825309,28.995646],[79.825449,28.994273],[79.828789,28.992159],[79.828784,28.991609],[79.827405,28.991159],[79.82496,28.990956],[79.820208,28.989041],[79.818519,28.988032],[79.817297,28.987999],[79.816395,28.989489],[79.816731,28.992802],[79.814917,28.994818],[79.812777,28.994624],[79.811232,28.992655],[79.810163,28.992627],[79.808952,28.993833],[79.808219,28.997117],[79.808388,28.998911],[79.808859,29.0003],[79.809184,29.002511],[79.809046,29.004022],[79.807683,29.005362],[79.803267,29.006758],[79.80068,29.00779],[79.799013,29.00926],[79.800111,29.012455],[79.799981,29.014929],[79.800761,29.016739],[79.80199,29.017461],[79.808568,29.0186],[79.80827,29.019418],[79.806917,29.021722],[79.806475,29.0235],[79.806494,29.025565],[79.805591,29.027055],[79.803612,29.027828],[79.801163,29.027349],[79.79626,29.025704],[79.793818,29.025914],[79.793213,29.026586],[79.793991,29.028121],[79.794152,29.029089],[79.792932,29.029331],[79.791554,29.029019],[79.789414,29.028824],[79.787279,29.02918],[79.785141,29.02926],[79.782695,29.029056],[79.780703,29.028452],[79.779014,29.027443],[79.777638,29.027406],[79.776266,29.027645],[79.77597,29.028738],[79.776589,29.02958],[79.778271,29.029763],[79.780719,29.030242],[79.780883,29.031485],[79.780283,29.032708],[79.776928,29.033444],[79.774494,29.034617],[79.772828,29.036224],[79.770703,29.037818],[79.767658,29.038975],[79.762146,29.037587],[79.759069,29.035164],[79.75738,29.034155],[79.755848,29.0337],[79.753256,29.034318],[79.750963,29.034118],[79.7508,29.032875],[79.752758,29.029625],[79.753665,29.028548],[79.753045,29.027568],[79.751358,29.026833],[79.747693,29.026872],[79.741892,29.027402],[79.731356,29.027941],[79.729981,29.027904],[79.728918,29.028701],[79.727706,29.029907],[79.725733,29.031367],[79.724362,29.03188],[79.722684,29.03211],[79.715502,29.031913],[79.713669,29.032],[79.709887,29.036439],[79.707621,29.039544],[79.702299,29.042701],[79.700017,29.043877],[79.698197,29.045479],[79.698859,29.05183],[79.697959,29.05387],[79.69614,29.055609],[79.694934,29.057641],[79.692204,29.060182],[79.687634,29.061983],[79.681384,29.063875],[79.679104,29.065464],[79.67698,29.067333],[79.674852,29.068788],[79.671801,29.06953],[79.669815,29.069612],[79.665401,29.07183],[79.662503,29.072576],[79.657786,29.075198],[79.655498,29.075823],[79.654729,29.075251],[79.650744,29.073763],[79.650578,29.071969],[79.650714,29.069908],[79.650244,29.06838],[79.64871,29.067511],[79.649006,29.066281],[79.648235,29.065433],[79.645938,29.064819],[79.644097,29.063804],[79.642404,29.062242],[79.641477,29.060977],[79.639176,29.059812],[79.63655,29.056021],[79.636081,29.054632],[79.63484,29.052119],[79.62532,29.052627],[79.604408,29.053069],[79.582883,29.052546],[79.572351,29.052766],[79.5693,29.053386],[79.559991,29.053997],[79.541061,29.053414],[79.53419,29.052999],[79.521214,29.052708],[79.493433,29.052995],[79.467178,29.053106],[79.434511,29.052782],[79.43161,29.052561],[79.427642,29.052779],[79.422147,29.052887],[79.419248,29.05364],[79.416352,29.056202],[79.413457,29.059043],[79.404006,29.0673],[79.400958,29.070422],[79.397603,29.072853],[79.390589,29.078835],[79.387541,29.082235],[79.384796,29.084237],[79.380066,29.086973],[79.373964,29.090988],[79.369235,29.094559],[79.365115,29.096587],[79.358248,29.101034],[79.348026,29.109302],[79.33948,29.115868],[79.3288,29.127484],[79.317961,29.134509],[79.307425,29.142085],[79.299638,29.148077],[79.292613,29.153219],[79.289558,29.153972],[79.274284,29.166505],[79.268669,29.1743],[79.264214,29.178019],[79.262561,29.17885],[79.25439,29.18123],[79.251376,29.182481],[79.249643,29.18536],[79.248683,29.188506],[79.248698,29.193284],[79.24759,29.196568],[79.246043,29.200401],[79.248987,29.210208],[79.250745,29.212379],[79.254807,29.214807],[79.258099,29.217103],[79.26251,29.220756],[79.267515,29.228227],[79.270087,29.231757],[79.273257,29.234873],[79.274558,29.237047],[79.274754,29.238274],[79.269469,29.240225],[79.263214,29.24068],[79.258344,29.241399],[79.253761,29.241569],[79.244184,29.243276],[79.228967,29.245569],[79.218792,29.247689],[79.21079,29.250748],[79.187296,29.257052],[79.177281,29.25944],[79.163832,29.264308],[79.16113,29.265827],[79.157306,29.265852],[79.151545,29.267392],[79.147026,29.269469],[79.143373,29.270038],[79.133903,29.270509],[79.132066,29.27103],[79.127821,29.270089],[79.125576,29.269213],[79.121154,29.266178],[79.119889,29.264803],[79.118845,29.263426],[79.117141,29.258891],[79.115588,29.255541],[79.115004,29.254655],[79.113189,29.253382],[79.110193,29.253203],[79.107647,29.253219],[79.103479,29.254431],[79.096799,29.256646],[79.09605,29.257441],[79.096731,29.257931],[79.098419,29.258711],[79.098878,29.259202],[79.099056,29.261177],[79.098569,29.263156],[79.097719,29.264249],[79.095302,29.268117],[79.094332,29.268914],[79.093128,29.269316],[79.091792,29.269127],[79.090339,29.26874],[79.088062,29.266877],[79.082536,29.263946],[79.080424,29.260401],[79.080475,29.258622],[79.080885,29.257631],[79.081838,29.256341],[79.081688,29.255156],[79.080977,29.253777],[79.080367,29.252101],[79.079486,29.248944],[79.078965,29.249935],[79.077543,29.250438],[79.074932,29.251837],[79.07208,29.252644],[79.067463,29.25366],[79.064815,29.253972],[79.058732,29.254205],[79.054915,29.252646],[79.049509,29.249911],[79.046542,29.24726],[79.045659,29.247364],[79.042208,29.25015],[79.037555,29.253438],[79.035269,29.254636],[79.029564,29.25625],[79.02694,29.257252],[79.024634,29.257858],[79.022791,29.259054],[79.021127,29.262325],[79.021166,29.26687],[79.021312,29.267956],[79.021934,29.270028],[79.022908,29.27269],[79.023957,29.274266],[79.024475,29.276535],[79.03071,29.287568],[79.031721,29.291317],[79.03177,29.292799],[79.030871,29.295769],[79.028425,29.298846],[79.026265,29.300538],[79.021495,29.303726],[79.015031,29.305936],[79.007997,29.307655],[78.999701,29.308095],[78.991051,29.307845],[78.981877,29.305127],[78.977765,29.304753],[78.97611,29.304959],[78.972493,29.306164],[78.969338,29.307959],[78.966095,29.310446],[78.961799,29.314619],[78.948906,29.313399],[78.94688,29.312421],[78.946532,29.311929],[78.94581,29.310154],[78.945414,29.30818],[78.943912,29.302851],[78.943326,29.298407],[78.94356,29.295343],[78.943249,29.292577],[78.943166,29.290008],[78.94247,29.289024],[78.941337,29.288239],[78.939083,29.287064],[78.93814,29.28529],[78.937564,29.284601],[78.935523,29.283129],[78.935058,29.28244],[78.93446,29.281059],[78.934437,29.280367],[78.933292,29.279187],[78.931488,29.278208],[78.930915,29.277618],[78.93045,29.276928],[78.929947,29.275053],[78.925267,29.274187],[78.922698,29.273507],[78.922122,29.272818],[78.919398,29.267298],[78.919031,29.266213],[78.917684,29.265626],[78.916342,29.265237],[78.911021,29.265065],[78.904678,29.264107],[78.90098,29.26274],[78.891204,29.261797],[78.887193,29.261025],[78.88418,29.263806],[78.882123,29.265297],[78.879706,29.265901],[78.877627,29.266701],[78.873004,29.267611],[78.871235,29.267718],[78.871187,29.269694],[78.871003,29.270881],[78.870259,29.271872],[78.870163,29.272367],[78.870831,29.272463],[78.871815,29.272063],[78.872483,29.272159],[78.872501,29.272752],[78.872004,29.274533],[78.870811,29.275329],[78.870601,29.275725],[78.870506,29.276219],[78.870759,29.277206],[78.871904,29.278387],[78.871735,29.280068],[78.872643,29.280755],[78.873529,29.280752],[78.875652,29.281335],[78.878566,29.282409],[78.880055,29.283983],[78.883099,29.285649],[78.885177,29.288308],[78.88635,29.290378],[78.88865,29.293036],[78.888694,29.294419],[78.888064,29.295509],[78.886876,29.296502],[78.885452,29.297003],[78.884018,29.297207],[78.883471,29.297407],[78.883628,29.298889],[78.884245,29.300862],[78.8852,29.303032],[78.889037,29.308746],[78.889397,29.309634],[78.891944,29.313081],[78.891976,29.314069],[78.890427,29.317633],[78.890778,29.318224],[78.892044,29.319701],[78.893736,29.32414],[78.894625,29.327693],[78.89582,29.330455],[78.896323,29.33233],[78.89668,29.336577],[78.897426,29.339143],[78.898376,29.341115],[78.899854,29.342294],[78.90781,29.345023],[78.909485,29.345411],[78.907547,29.347199],[78.903766,29.35028],[78.90071,29.351776],[78.897426,29.353076],[78.890244,29.353801],[78.886119,29.353029],[78.882636,29.351563],[78.876658,29.351788],[78.874565,29.352192],[78.870169,29.353398],[78.868873,29.354491],[78.866983,29.354301],[78.866321,29.354403],[78.864462,29.355202],[78.86131,29.357192],[78.860072,29.356604],[78.859053,29.355917],[78.858363,29.35513],[78.858128,29.351178],[78.859076,29.349593],[78.861015,29.347805],[78.862945,29.345722],[78.862682,29.344438],[78.861229,29.344049],[78.859792,29.344155],[78.858674,29.343863],[78.854069,29.341907],[78.852056,29.341322],[78.849605,29.340938],[78.848497,29.340942],[78.847405,29.341441],[78.845921,29.343621],[78.842954,29.345577]]]},"properties":{"ID":"05067","NAME":"Udham Singh Nagar","TOTPOP_CY":1983383,"AREA":2559.96}},
{"type":"Feature","geometry":{"type":"Polygon","coordinates":[[[77.944693,30.2356],[77.944588,30.235061],[77.94137,30.232502],[77.938421,30.229365],[77.932199,30.224093],[77.929736,30.220243],[77.926951,30.216964],[77.922536,30.21497],[77.91812,30.212407],[77.915161,30.205703],[77.914486,30.198998],[77.914625,30.191721],[77.914281,30.186156],[77.911326,30.181023],[77.905596,30.174892],[77.893496,30.166483],[77.88973,30.162062],[77.881868,30.151366],[77.878922,30.148229],[77.87663,30.145235],[77.870723,30.132967],[77.867446,30.127689],[77.86318,30.118417],[77.856311,30.111144],[77.850267,30.107008],[77.847652,30.104726],[77.841289,30.103159],[77.837372,30.101305],[77.834757,30.099023],[77.833112,30.092888],[77.833267,30.089464],[77.829999,30.086611],[77.825757,30.085185],[77.822169,30.084758],[77.817771,30.086043],[77.81354,30.089324],[77.811587,30.09118],[77.811425,30.091608],[77.810612,30.092607],[77.806706,30.095889],[77.802959,30.097173],[77.800186,30.096603],[77.79839,30.095604],[77.796591,30.09275],[77.794951,30.088326],[77.7925,30.085331],[77.788245,30.077197],[77.784481,30.069492],[77.780065,30.061787],[77.77843,30.058504],[77.773529,30.05194],[77.770911,30.04666],[77.770581,30.044377],[77.773018,30.04024],[77.777901,30.037387],[77.781973,30.036103],[77.784247,30.033108],[77.785056,30.029826],[77.784723,30.026116],[77.782762,30.022977],[77.781943,30.020836],[77.778845,30.019552],[77.774772,30.01898],[77.769226,30.015555],[77.765965,30.01427],[77.761395,30.008562],[77.758616,30.003424],[77.75667,29.996009],[77.756509,29.99362],[77.755432,29.990897],[77.754098,29.988519],[77.751999,29.987399],[77.747263,29.983797],[77.746717,29.981867],[77.747734,29.979809],[77.750819,29.976483],[77.755594,29.972913],[77.758422,29.969817],[77.760069,29.96616],[77.760549,29.962969],[77.760512,29.96001],[77.757594,29.955938],[77.749847,29.95111],[77.748121,29.948507],[77.746801,29.947039],[77.747295,29.944872],[77.748319,29.943497],[77.748158,29.940995],[77.746576,29.939528],[77.743582,29.939668],[77.741231,29.939118],[77.736619,29.934833],[77.734253,29.933032],[77.733845,29.931669],[77.734744,29.930637],[77.737985,29.929471],[77.740444,29.928199],[77.744175,29.924639],[77.745706,29.922122],[77.74606,29.91916],[77.745363,29.915524],[77.745987,29.913356],[77.748694,29.91117],[77.74894,29.91003],[77.748009,29.908444],[77.74043,29.906233],[77.73998,29.901456],[77.737744,29.899653],[77.735381,29.89808],[77.733646,29.894679],[77.731929,29.892646],[77.729956,29.890955],[77.728119,29.889832],[77.726383,29.886204],[77.724164,29.885767],[77.72078,29.885795],[77.71895,29.885127],[77.717101,29.882981],[77.717052,29.878997],[77.718329,29.876938],[77.718424,29.874091],[77.719559,29.871123],[77.719389,29.867824],[77.718984,29.866689],[77.719468,29.863611],[77.722113,29.856533],[77.729758,29.853851],[77.735605,29.85312],[77.739232,29.851724],[77.743369,29.849526],[77.745676,29.846775],[77.746127,29.841195],[77.744477,29.834037],[77.744711,29.831874],[77.746122,29.830382],[77.749093,29.828649],[77.752465,29.82771],[77.754795,29.826894],[77.75699,29.82551],[77.757099,29.823802],[77.756681,29.821642],[77.757309,29.819816],[77.75885,29.818209],[77.759071,29.815134],[77.757334,29.811507],[77.757043,29.809005],[77.758958,29.806143],[77.762952,29.803151],[77.766547,29.799044],[77.76438,29.797795],[77.762417,29.795796],[77.764915,29.794618],[77.763416,29.792976],[77.773122,29.791688],[77.774236,29.79042],[77.774579,29.78666],[77.774162,29.784616],[77.775703,29.783009],[77.776336,29.781638],[77.774883,29.779943],[77.774858,29.777894],[77.77601,29.776518],[77.778456,29.774563],[77.779345,29.772962],[77.778543,29.771148],[77.775779,29.768554],[77.775508,29.767645],[77.776012,29.766389],[77.779118,29.765338],[77.780674,29.764983],[77.780921,29.763957],[77.780118,29.762142],[77.77508,29.754447],[77.772925,29.748432],[77.77276,29.745702],[77.773625,29.742167],[77.775029,29.740106],[77.777602,29.738035],[77.780063,29.737331],[77.781861,29.735607],[77.782492,29.734123],[77.78141,29.730832],[77.778785,29.728805],[77.776665,29.725637],[77.774426,29.723266],[77.770167,29.715335],[77.768845,29.713412],[77.769474,29.711813],[77.771415,29.711227],[77.776088,29.710732],[77.778418,29.710143],[77.781781,29.708862],[77.790092,29.708448],[77.793722,29.707847],[77.79902,29.705525],[77.808301,29.699866],[77.809716,29.698715],[77.809825,29.697121],[77.809151,29.695192],[77.807039,29.692593],[77.804402,29.689657],[77.80242,29.687056],[77.801228,29.685246],[77.801475,29.68422],[77.802624,29.68273],[77.807267,29.680071],[77.811793,29.678551],[77.817987,29.675424],[77.8203,29.673468],[77.822915,29.67096],[77.824534,29.670661],[77.82807,29.667926],[77.832276,29.666751],[77.838301,29.668118],[77.846645,29.67288],[77.853357,29.676945],[77.863213,29.685391],[77.869586,29.68832],[77.875271,29.688409],[77.880323,29.689785],[77.882796,29.692465],[77.883322,29.695304],[77.882534,29.697019],[77.880438,29.698177],[77.880939,29.699169],[77.882915,29.701142],[77.885678,29.701258],[77.891479,29.697931],[77.895389,29.69889],[77.897857,29.701143],[77.902724,29.700812],[77.907718,29.697918],[77.912402,29.696024],[77.916136,29.695989],[77.919406,29.697521],[77.921374,29.698925],[77.919486,29.703212],[77.92526,29.709557],[77.929859,29.713212],[77.936035,29.713436],[77.942031,29.712523],[77.944618,29.711644],[77.948008,29.713873],[77.948114,29.711918],[77.94785,29.710659],[77.946557,29.708337],[77.94476,29.707053],[77.9422,29.706176],[77.934783,29.704593],[77.933248,29.704151],[77.932221,29.703297],[77.932472,29.702674],[77.934253,29.701656],[77.935523,29.70063],[77.936788,29.698977],[77.937808,29.698784],[77.939579,29.696301],[77.939318,29.69546],[77.935977,29.692478],[77.935714,29.691219],[77.936986,29.690611],[77.937999,29.689372],[77.939765,29.686262],[77.942573,29.686097],[77.946921,29.687212],[77.948707,29.687031],[77.949469,29.686416],[77.949459,29.684951],[77.949958,29.683285],[77.951482,29.682263],[77.953509,29.679994],[77.954007,29.678119],[77.954764,29.676876],[77.955776,29.675636],[77.958076,29.675882],[77.962175,29.677829],[77.967284,29.678328],[77.968815,29.678143],[77.970069,29.675024],[77.969806,29.673974],[77.968265,29.672694],[77.967493,29.671846],[77.966459,29.669946],[77.964913,29.668039],[77.9649,29.666156],[77.965151,29.665532],[77.963873,29.665303],[77.962344,29.665698],[77.96133,29.666728],[77.958011,29.666676],[77.958771,29.665851],[77.960297,29.665038],[77.961566,29.664012],[77.961297,29.662125],[77.96027,29.661272],[77.959494,29.659795],[77.959999,29.658966],[77.960759,29.658141],[77.961504,29.655224],[77.96633,29.651952],[77.968361,29.65031],[77.97091,29.649932],[77.976517,29.648764],[77.980846,29.647367],[77.979046,29.645456],[77.978524,29.643984],[77.975952,29.641224],[77.975939,29.639341],[77.975676,29.638291],[77.97438,29.635551],[77.973093,29.634066],[77.974091,29.630943],[77.974298,29.624252],[77.974268,29.620067],[77.97578,29.617371],[77.976538,29.616337],[77.977805,29.615101],[77.979322,29.613242],[77.977792,29.613428],[77.976776,29.614039],[77.975503,29.614438],[77.971164,29.614161],[77.969119,29.61371],[77.96809,29.612439],[77.966026,29.609268],[77.964744,29.608411],[77.962957,29.608174],[77.96092,29.60877],[77.959142,29.609997],[77.955328,29.61182],[77.953042,29.613248],[77.950244,29.614459],[77.948205,29.614846],[77.946419,29.614817],[77.94386,29.613731],[77.934603,29.603332],[77.936639,29.602528],[77.937651,29.601289],[77.938147,29.599204],[77.939412,29.59776],[77.939916,29.596722],[77.939904,29.595048],[77.940146,29.593169],[77.941158,29.59193],[77.942174,29.591318],[77.947014,29.590349],[77.951851,29.588961],[77.955927,29.588188],[77.958465,29.586345],[77.960239,29.5847],[77.961509,29.583883],[77.964819,29.583098],[77.967119,29.582188],[77.967539,29.582951],[77.970702,29.58573],[77.974125,29.588282],[77.976337,29.588757],[77.980332,29.586949],[77.983964,29.588353],[77.987166,29.591821],[77.989731,29.593677],[77.99336,29.590258],[78.000062,29.582942],[78.002528,29.585907],[78.006567,29.587091],[78.013359,29.585764],[78.01563,29.587666],[78.018135,29.590534],[78.019726,29.594345],[78.021132,29.598787],[78.025029,29.607521],[78.026617,29.611806],[78.027671,29.615138],[78.029983,29.619428],[78.035715,29.625644],[78.039136,29.62741],[78.043651,29.628234],[78.049625,29.627804],[78.057603,29.625804],[78.060486,29.627091],[78.063169,29.630592],[78.066949,29.632677],[78.071098,29.634131],[78.072726,29.634143],[78.075267,29.633211],[78.079431,29.632924],[78.082498,29.633896],[78.084831,29.636128],[78.090084,29.635373],[78.095694,29.635254],[78.099847,29.636233],[78.102365,29.637991],[78.103789,29.640692],[78.104127,29.643543],[78.105727,29.646878],[78.106064,29.649729],[78.108406,29.651011],[78.119317,29.644596],[78.119829,29.643468],[78.121538,29.644051],[78.125222,29.648081],[78.125169,29.652505],[78.124461,29.657209],[78.124897,29.661351],[78.128731,29.666526],[78.135324,29.671726],[78.139508,29.674834],[78.146291,29.677896],[78.15338,29.682529],[78.15775,29.683711],[78.164738,29.683206],[78.17094,29.680552],[78.177443,29.679899],[78.18213,29.681797],[78.184703,29.68396],[78.186601,29.688259],[78.187181,29.694259],[78.190038,29.699993],[78.196008,29.70333],[78.198056,29.708914],[78.196753,29.723174],[78.200551,29.732056],[78.202915,29.731891],[78.208659,29.735223],[78.211372,29.735644],[78.212714,29.735472],[78.214992,29.736269],[78.217931,29.736693],[78.22063,29.736731],[78.223089,29.736384],[78.225317,29.735842],[78.232972,29.73614],[78.235185,29.735216],[78.236745,29.734855],[78.23877,29.734883],[78.241076,29.736445],[78.243572,29.737054],[78.247941,29.733673],[78.251075,29.733334],[78.255138,29.733773],[78.258766,29.734588],[78.262654,29.736363],[78.264569,29.739448],[78.266652,29.741006],[78.270265,29.741438],[78.272957,29.741284],[78.276367,29.742287],[78.279125,29.743854],[78.280801,29.746554],[78.282651,29.747917],[78.285169,29.749099],[78.293137,29.751693],[78.297724,29.754049],[78.301912,29.757738],[78.30274,29.761765],[78.303735,29.764263],[78.307603,29.765463],[78.311269,29.767233],[78.312634,29.767633],[78.314035,29.768991],[78.315945,29.771884],[78.317397,29.77458],[78.319503,29.776711],[78.325718,29.780427],[78.329894,29.783732],[78.331746,29.785095],[78.333357,29.786073],[78.336342,29.787642],[78.339529,29.78864],[78.341817,29.789626],[78.344119,29.790994],[78.344668,29.791497],[78.342252,29.792768],[78.333745,29.798122],[78.330773,29.802523],[78.329907,29.807796],[78.328371,29.814919],[78.324864,29.823881],[78.323336,29.830148],[78.320975,29.838406],[78.320306,29.855953],[78.318797,29.860223],[78.314029,29.865178],[78.308447,29.870128],[78.297622,29.878459],[78.28959,29.8841],[78.281855,29.892312],[78.276747,29.898264],[78.272166,29.900508],[78.270168,29.904773],[78.271089,29.909918],[78.272671,29.91407],[78.275232,29.918087],[78.276668,29.920811],[78.276971,29.922811],[78.276462,29.924804],[78.273344,29.927062],[78.270238,29.92832],[78.251829,29.929732],[78.248888,29.930706],[78.245262,29.934814],[78.239515,29.939187],[78.235072,29.94343],[78.225395,29.949767],[78.213716,29.960367],[78.209122,29.963323],[78.206013,29.964723],[78.202748,29.965406],[78.19281,29.965913],[78.18641,29.9657],[78.188151,29.97512],[78.190577,29.980038],[78.193413,29.985322],[78.193776,29.989678],[78.19207,29.994014],[78.188934,29.996706],[78.185443,29.994317],[78.180969,29.987567],[78.177935,29.981555],[78.175326,29.97464],[78.172278,29.969897],[78.17046,29.966072],[78.167355,29.966225],[78.162995,29.967454],[78.159458,29.969053],[78.157374,29.970303],[78.15366,29.969362],[78.149518,29.969686],[78.14719,29.974016],[78.145889,29.9789],[78.143802,29.980331],[78.141304,29.981577],[78.13941,29.984098],[78.137315,29.986254],[78.136445,29.989691],[78.136421,29.991686],[78.134525,29.994388],[78.132218,29.996905],[78.131147,29.999796],[78.127393,30.002118],[78.119929,30.003135],[78.110209,30.003798],[78.098476,30.004774],[78.092127,30.009733],[78.094091,30.014908],[78.097032,30.020962],[78.093617,30.025996],[78.078953,30.031165],[78.071622,30.034815],[78.067716,30.041118],[78.069681,30.048428],[78.070671,30.059556],[78.069215,30.068911],[78.061887,30.078966],[78.048683,30.086304],[78.037928,30.097122],[78.028153,30.113942],[78.023754,30.123646],[78.014463,30.140479],[78.011044,30.153624],[78.006153,30.165876],[77.997835,30.180171],[77.983395,30.203156],[77.9758,30.207762],[77.972248,30.211026],[77.971822,30.214284],[77.973373,30.21888],[77.970311,30.220608],[77.96702,30.219654],[77.95456,30.229249],[77.959144,30.240617],[77.957459,30.242657],[77.949122,30.241134],[77.946767,30.238728],[77.945637,30.237343],[77.944693,30.2356]]]},"properties":{"ID":"05068","NAME":"Haridwar","TOTPOP_CY":2243188,"AREA":2288.28}}
]}