{"type":"FeatureCollection", "features": [
{"type":"Feature","geometry":{"type":"Point","coordinates":[79.93369,28.7711]},"properties":{"bpcode":1021,"bpname":"Khatima","dtname":"Udam singh nagar","capacity_k":100,"discom":"UPCL"}},
{"type":"Feature","geometry":{"type":"Point","coordinates":[79.89957,28.79076]},"properties":{"bpcode":1021,"bpname":"Khatima","dtname":"Udam singh nagar","capacity_k":25,"discom":"UPCL"}},
{"type":"Feature","geometry":{"type":"Point","coordinates":[79.9032,28.79992]},"properties":{"bpcode":1021,"bpname":"Khatima","dtname":"Udam singh nagar","capacity_k":25,"discom":"UPCL"}},
{"type":"Feature","geometry":{"type":"Point","coordinates":[79.9014,28.82941]},"properties":{"bpcode":1021,"bpname":"Khatima","dtname":"Udam singh nagar","capacity_k":25,"discom":"UPCL"}},
{"type":"Feature","geometry":{"type":"Point","coordinates":[79.70018,28.84838]},"properties":{"bpcode":1023,"bpname":"Sitarganj","dtname":"Udam singh nagar","capacity_k":25,"discom":"UPCL"}},
{"type":"Feature","geometry":{"type":"Point","coordinates":[79.59705,28.85719]},"properties":{"bpcode":1022,"bpname":"Rudrapur","dtname":"Udam singh nagar","capacity_k":150,"discom":"UPCL"}},
{"type":"Feature","geometry":{"type":"Point","coordinates":[79.73443,28.85907]},"properties":{"bpcode":1023,"bpname":"Sitarganj","dtname":"Udam singh nagar","capacity_k":175,"discom":"UPCL"}},
{"type":"Feature","geometry":{"type":"Point","coordinates":[79.61103,28.8639]},"properties":{"bpcode":1022,"bpname":"Rudrapur","dtname":"Udam singh nagar","capacity_k":100,"discom":"UPCL"}},
{"type":"Feature","geometry":{"type":"Point","coordinates":[79.74063,28.86441]},"properties":{"bpcode":1023,"bpname":"Sitarganj","dtname":"Udam singh nagar","capacity_k":75,"discom":"UPCL"}},
{"type":"Feature","geometry":{"type":"Point","coordinates":[79.60087,28.86703]},"properties":{"bpcode":1022,"bpname":"Rudrapur","dtname":"Udam singh nagar","capacity_k":150,"discom":"UPCL"}},
{"type":"Feature","geometry":{"type":"Point","coordinates":[79.58224,28.86803]},"properties":{"bpcode":1022,"bpname":"Rudrapur","dtname":"Udam singh nagar","capacity_k":25,"discom":"UPCL"}},
{"type":"Feature","geometry":{"type":"Point","coordinates":[79.70128,28.8694]},"properties":{"bpcode":1023,"bpname":"Sitarganj","dtname":"Udam singh nagar","capacity_k":75,"discom":"UPCL"}},
{"type":"Feature","geometry":{"type":"Point","coordinates":[79.51132,28.87238]},"properties":{"bpcode":1022,"bpname":"Rudrapur","dtname":"Udam singh nagar","capacity_k":50,"discom":"UPCL"}},
{"type":"Feature","geometry":{"type":"Point","coordinates":[79.67213,28.87601]},"properties":{"bpcode":1023,"bpname":"Sitarganj","dtname":"Udam singh nagar","capacity_k":25,"discom":"UPCL"}},
{"type":"Feature","geometry":{"type":"Point","coordinates":[79.66839,28.87636]},"properties":{"bpcode":1023,"bpname":"Sitarganj","dtname":"Udam singh nagar","capacity_k":75,"discom":"UPCL"}},
{"type":"Feature","geometry":{"type":"Point","coordinates":[79.60376,28.87765]},"properties":{"bpcode":1022,"bpname":"Rudrapur","dtname":"Udam singh nagar","capacity_k":25,"discom":"UPCL"}},
{"type":"Feature","geometry":{"type":"Point","coordinates":[79.68145,28.88284]},"properties":{"bpcode":1023,"bpname":"Sitarganj","dtname":"Udam singh nagar","capacity_k":25,"discom":"UPCL"}},
{"type":"Feature","geometry":{"type":"Point","coordinates":[79.65296,28.88315]},"properties":{"bpcode":1023,"bpname":"Sitarganj","dtname":"Udam singh nagar","capacity_k":125,"discom":"UPCL"}},
{"type":"Feature","geometry":{"type":"Point","coordinates":[79.68823,28.88562]},"properties":{"bpcode":1023,"bpname":"Sitarganj","dtname":"Udam singh nagar","capacity_k":25,"discom":"UPCL"}},
{"type":"Feature","geometry":{"type":"Point","coordinates":[79.70452,28.88716]},"properties":{"bpcode":1023,"bpname":"Sitarganj","dtname":"Udam singh nagar","capacity_k":50,"discom":"UPCL"}},
{"type":"Feature","geometry":{"type":"Point","coordinates":[79.46376,28.88723]},"properties":{"bpcode":1022,"bpname":"Rudrapur","dtname":"Udam singh nagar","capacity_k":25,"discom":"UPCL"}},
{"type":"Feature","geometry":{"type":"Point","coordinates":[79.45784,28.88813]},"properties":{"bpcode":1022,"bpname":"Rudrapur","dtname":"Udam singh nagar","capacity_k":75,"discom":"UPCL"}},
{"type":"Feature","geometry":{"type":"Point","coordinates":[79.77756,28.89087]},"properties":{"bpcode":1023,"bpname":"Sitarganj","dtname":"Udam singh nagar","capacity_k":25,"discom":"UPCL"}},
{"type":"Feature","geometry":{"type":"Point","coordinates":[79.58344,28.89151]},"properties":{"bpcode":1022,"bpname":"Rudrapur","dtname":"Udam singh nagar","capacity_k":75,"discom":"UPCL"}},
{"type":"Feature","geometry":{"type":"Point","coordinates":[79.75986,28.89155]},"properties":{"bpcode":1023,"bpname":"Sitarganj","dtname":"Udam singh nagar","capacity_k":25,"discom":"UPCL"}},
{"type":"Feature","geometry":{"type":"Point","coordinates":[79.79789,28.89421]},"properties":{"bpcode":1023,"bpname":"Sitarganj","dtname":"Udam singh nagar","capacity_k":25,"discom":"UPCL"}},
{"type":"Feature","geometry":{"type":"Point","coordinates":[79.67874,28.89689]},"properties":{"bpcode":1023,"bpname":"Sitarganj","dtname":"Udam singh nagar","capacity_k":50,"discom":"UPCL"}},
{"type":"Feature","geometry":{"type":"Point","coordinates":[79.83,28.90042]},"properties":{"bpcode":1023,"bpname":"Sitarganj","dtname":"Udam singh nagar","capacity_k":25,"discom":"UPCL"}},
{"type":"Feature","geometry":{"type":"Point","coordinates":[79.82318,28.9086]},"properties":{"bpcode":1023,"bpname":"Sitarganj","dtname":"Udam singh nagar","capacity_k":25,"discom":"UPCL"}},
{"type":"Feature","geometry":{"type":"Point","coordinates":[79.55121,28.91075]},"properties":{"bpcode":1022,"bpname":"Rudrapur","dtname":"Udam singh nagar","capacity_k":125,"discom":"UPCL"}},
{"type":"Feature","geometry":{"type":"Point","coordinates":[79.56722,28.91353]},"properties":{"bpcode":1022,"bpname":"Rudrapur","dtname":"Udam singh nagar","capacity_k":100,"discom":"UPCL"}},
{"type":"Feature","geometry":{"type":"Point","coordinates":[79.81871,28.91358]},"properties":{"bpcode":1023,"bpname":"Sitarganj","dtname":"Udam singh nagar","capacity_k":25,"discom":"UPCL"}},
{"type":"Feature","geometry":{"type":"Point","coordinates":[79.69659,28.91443]},"properties":{"bpcode":1023,"bpname":"Sitarganj","dtname":"Udam singh nagar","capacity_k":250,"discom":"UPCL"}},
{"type":"Feature","geometry":{"type":"Point","coordinates":[79.80764,28.92225]},"properties":{"bpcode":1023,"bpname":"Sitarganj","dtname":"Udam singh nagar","capacity_k":25,"discom":"UPCL"}},
{"type":"Feature","geometry":{"type":"Point","coordinates":[79.90525,28.92275]},"properties":{"bpcode":1021,"bpname":"Khatima","dtname":"Udam singh nagar","capacity_k":50,"discom":"UPCL"}},
{"type":"Feature","geometry":{"type":"Point","coordinates":[79.79009,28.92975]},"properties":{"bpcode":1023,"bpname":"Sitarganj","dtname":"Udam singh nagar","capacity_k":50,"discom":"UPCL"}},
{"type":"Feature","geometry":{"type":"Point","coordinates":[79.73039,28.93002]},"properties":{"bpcode":1023,"bpname":"Sitarganj","dtname":"Udam singh nagar","capacity_k":25,"discom":"UPCL"}},
{"type":"Feature","geometry":{"type":"Point","coordinates":[79.80057,28.93114]},"properties":{"bpcode":1023,"bpname":"Sitarganj","dtname":"Udam singh nagar","capacity_k":25,"discom":"UPCL"}},
{"type":"Feature","geometry":{"type":"Point","coordinates":[79.82045,28.93503]},"properties":{"bpcode":1023,"bpname":"Sitarganj","dtname":"Udam singh nagar","capacity_k":25,"discom":"UPCL"}},
{"type":"Feature","geometry":{"type":"Point","coordinates":[79.72496,28.93783]},"properties":{"bpcode":1023,"bpname":"Sitarganj","dtname":"Udam singh nagar","capacity_k":200,"discom":"UPCL"}},
{"type":"Feature","geometry":{"type":"Point","coordinates":[79.5629,28.93988]},"properties":{"bpcode":1022,"bpname":"Rudrapur","dtname":"Udam singh nagar","capacity_k":200,"discom":"UPCL"}},
{"type":"Feature","geometry":{"type":"Point","coordinates":[79.6972,28.95468]},"properties":{"bpcode":1023,"bpname":"Sitarganj","dtname":"Udam singh nagar","capacity_k":125,"discom":"UPCL"}},
{"type":"Feature","geometry":{"type":"Point","coordinates":[79.70278,28.95504]},"properties":{"bpcode":1023,"bpname":"Sitarganj","dtname":"Udam singh nagar","capacity_k":25,"discom":"UPCL"}},
{"type":"Feature","geometry":{"type":"Point","coordinates":[79.78608,28.95646]},"properties":{"bpcode":1023,"bpname":"Sitarganj","dtname":"Udam singh nagar","capacity_k":225,"discom":"UPCL"}},
{"type":"Feature","geometry":{"type":"Point","coordinates":[79.80139,28.96462]},"properties":{"bpcode":1023,"bpname":"Sitarganj","dtname":"Udam singh nagar","capacity_k":25,"discom":"UPCL"}},
{"type":"Feature","geometry":{"type":"Point","coordinates":[79.6762,28.97508]},"properties":{"bpcode":1023,"bpname":"Sitarganj","dtname":"Udam singh nagar","capacity_k":100,"discom":"UPCL"}},
{"type":"Feature","geometry":{"type":"Point","coordinates":[79.69886,28.9751]},"properties":{"bpcode":1023,"bpname":"Sitarganj","dtname":"Udam singh nagar","capacity_k":25,"discom":"UPCL"}},
{"type":"Feature","geometry":{"type":"Point","coordinates":[79.80139,28.97671]},"properties":{"bpcode":1023,"bpname":"Sitarganj","dtname":"Udam singh nagar","capacity_k":25,"discom":"UPCL"}},
{"type":"Feature","geometry":{"type":"Point","coordinates":[79.78567,28.9773]},"properties":{"bpcode":1023,"bpname":"Sitarganj","dtname":"Udam singh nagar","capacity_k":100,"discom":"UPCL"}},
{"type":"Feature","geometry":{"type":"Point","coordinates":[79.45528,28.97943]},"properties":{"bpcode":1022,"bpname":"Rudrapur","dtname":"Udam singh nagar","capacity_k":50,"discom":"UPCL"}},
{"type":"Feature","geometry":{"type":"Point","coordinates":[79.75103,28.98137]},"properties":{"bpcode":1023,"bpname":"Sitarganj","dtname":"Udam singh nagar","capacity_k":125,"discom":"UPCL"}},
{"type":"Feature","geometry":{"type":"Point","coordinates":[79.68623,28.9817]},"properties":{"bpcode":1023,"bpname":"Sitarganj","dtname":"Udam singh nagar","capacity_k":25,"discom":"UPCL"}},
{"type":"Feature","geometry":{"type":"Point","coordinates":[79.62369,28.98171]},"properties":{"bpcode":1023,"bpname":"Sitarganj","dtname":"Udam singh nagar","capacity_k":50,"discom":"UPCL"}},
{"type":"Feature","geometry":{"type":"Point","coordinates":[79.79606,28.98233]},"properties":{"bpcode":1023,"bpname":"Sitarganj","dtname":"Udam singh nagar","capacity_k":150,"discom":"UPCL"}},
{"type":"Feature","geometry":{"type":"Point","coordinates":[79.83473,28.98312]},"properties":{"bpcode":1023,"bpname":"Sitarganj","dtname":"Udam singh nagar","capacity_k":350,"discom":"UPCL"}},
{"type":"Feature","geometry":{"type":"Point","coordinates":[79.61417,28.98428]},"properties":{"bpcode":1023,"bpname":"Sitarganj","dtname":"Udam singh nagar","capacity_k":75,"discom":"UPCL"}},
{"type":"Feature","geometry":{"type":"Point","coordinates":[79.69416,28.9851]},"properties":{"bpcode":1023,"bpname":"Sitarganj","dtname":"Udam singh nagar","capacity_k":175,"discom":"UPCL"}},
{"type":"Feature","geometry":{"type":"Point","coordinates":[79.71977,28.98619]},"properties":{"bpcode":1023,"bpname":"Sitarganj","dtname":"Udam singh nagar","capacity_k":50,"discom":"UPCL"}},
{"type":"Feature","geometry":{"type":"Point","coordinates":[80.07342,28.98871]},"properties":{"bpcode":959,"bpname":"Champawat","dtname":"Champawat","capacity_k":100,"discom":"UPCL"}},
{"type":"Feature","geometry":{"type":"Point","coordinates":[79.65473,28.98877]},"properties":{"bpcode":1023,"bpname":"Sitarganj","dtname":"Udam singh nagar","capacity_k":100,"discom":"UPCL"}},
{"type":"Feature","geometry":{"type":"Point","coordinates":[79.63125,28.9903]},"properties":{"bpcode":1023,"bpname":"Sitarganj","dtname":"Udam singh nagar","capacity_k":175,"discom":"UPCL"}},
{"type":"Feature","geometry":{"type":"Point","coordinates":[79.77719,28.99121]},"properties":{"bpcode":1023,"bpname":"Sitarganj","dtname":"Udam singh nagar","capacity_k":75,"discom":"UPCL"}},
{"type":"Feature","geometry":{"type":"Point","coordinates":[79.73542,28.99558]},"properties":{"bpcode":1023,"bpname":"Sitarganj","dtname":"Udam singh nagar","capacity_k":50,"discom":"UPCL"}},
{"type":"Feature","geometry":{"type":"Point","coordinates":[79.32441,28.99638]},"properties":{"bpcode":1018,"bpname":"Gadarpur","dtname":"Udam singh nagar","capacity_k":75,"discom":"UPCL"}},
{"type":"Feature","geometry":{"type":"Point","coordinates":[79.66486,28.99664]},"properties":{"bpcode":1023,"bpname":"Sitarganj","dtname":"Udam singh nagar","capacity_k":25,"discom":"UPCL"}},
{"type":"Feature","geometry":{"type":"Point","coordinates":[79.84914,28.99817]},"properties":{"bpcode":1023,"bpname":"Sitarganj","dtname":"Udam singh nagar","capacity_k":50,"discom":"UPCL"}},
{"type":"Feature","geometry":{"type":"Point","coordinates":[79.70118,28.99821]},"properties":{"bpcode":1023,"bpname":"Sitarganj","dtname":"Udam singh nagar","capacity_k":100,"discom":"UPCL"}},
{"type":"Feature","geometry":{"type":"Point","coordinates":[79.78029,29.00217]},"properties":{"bpcode":1023,"bpname":"Sitarganj","dtname":"Udam singh nagar","capacity_k":100,"discom":"UPCL"}},
{"type":"Feature","geometry":{"type":"Point","coordinates":[79.73375,29.00385]},"properties":{"bpcode":1023,"bpname":"Sitarganj","dtname":"Udam singh nagar","capacity_k":75,"discom":"UPCL"}},
{"type":"Feature","geometry":{"type":"Point","coordinates":[79.26424,29.00602]},"properties":{"bpcode":1018,"bpname":"Gadarpur","dtname":"Udam singh nagar","capacity_k":125,"discom":"UPCL"}},
{"type":"Feature","geometry":{"type":"Point","coordinates":[79.33782,29.00667]},"properties":{"bpcode":1018,"bpname":"Gadarpur","dtname":"Udam singh nagar","capacity_k":25,"discom":"UPCL"}},
{"type":"Feature","geometry":{"type":"Point","coordinates":[79.85557,29.0069]},"properties":{"bpcode":1023,"bpname":"Sitarganj","dtname":"Udam singh nagar","capacity_k":75,"discom":"UPCL"}},
{"type":"Feature","geometry":{"type":"Point","coordinates":[79.28032,29.00774]},"properties":{"bpcode":1018,"bpname":"Gadarpur","dtname":"Udam singh nagar","capacity_k":200,"discom":"UPCL"}},
{"type":"Feature","geometry":{"type":"Point","coordinates":[79.63823,29.01243]},"properties":{"bpcode":1023,"bpname":"Sitarganj","dtname":"Udam singh nagar","capacity_k":25,"discom":"UPCL"}},
{"type":"Feature","geometry":{"type":"Point","coordinates":[79.71617,29.01282]},"properties":{"bpcode":1023,"bpname":"Sitarganj","dtname":"Udam singh nagar","capacity_k":100,"discom":"UPCL"}},
{"type":"Feature","geometry":{"type":"Point","coordinates":[79.64936,29.01496]},"properties":{"bpcode":1023,"bpname":"Sitarganj","dtname":"Udam singh nagar","capacity_k":100,"discom":"UPCL"}},
{"type":"Feature","geometry":{"type":"Point","coordinates":[79.74488,29.01559]},"properties":{"bpcode":1023,"bpname":"Sitarganj","dtname":"Udam singh nagar","capacity_k":100,"discom":"UPCL"}},
{"type":"Feature","geometry":{"type":"Point","coordinates":[79.76084,29.01841]},"properties":{"bpcode":1023,"bpname":"Sitarganj","dtname":"Udam singh nagar","capacity_k":25,"discom":"UPCL"}},
{"type":"Feature","geometry":{"type":"Point","coordinates":[79.73444,29.02]},"properties":{"bpcode":1023,"bpname":"Sitarganj","dtname":"Udam singh nagar","capacity_k":75,"discom":"UPCL"}},
{"type":"Feature","geometry":{"type":"Point","coordinates":[79.77805,29.02088]},"properties":{"bpcode":1023,"bpname":"Sitarganj","dtname":"Udam singh nagar","capacity_k":75,"discom":"UPCL"}},
{"type":"Feature","geometry":{"type":"Point","coordinates":[79.63906,29.02825]},"properties":{"bpcode":1023,"bpname":"Sitarganj","dtname":"Udam singh nagar","capacity_k":200,"discom":"UPCL"}},
{"type":"Feature","geometry":{"type":"Point","coordinates":[79.65783,29.02976]},"properties":{"bpcode":1023,"bpname":"Sitarganj","dtname":"Udam singh nagar","capacity_k":25,"discom":"UPCL"}},
{"type":"Feature","geometry":{"type":"Point","coordinates":[79.31831,29.03088]},"properties":{"bpcode":1018,"bpname":"Gadarpur","dtname":"Udam singh nagar","capacity_k":200,"discom":"UPCL"}},
{"type":"Feature","geometry":{"type":"Point","coordinates":[79.94583,29.03327]},"properties":{"bpcode":1021,"bpname":"Khatima","dtname":"Udam singh nagar","capacity_k":25,"discom":"UPCL"}},
{"type":"Feature","geometry":{"type":"Point","coordinates":[79.23573,29.0353]},"properties":{"bpcode":1018,"bpname":"Gadarpur","dtname":"Udam singh nagar","capacity_k":100,"discom":"UPCL"}},
{"type":"Feature","geometry":{"type":"Point","coordinates":[79.69885,29.03539]},"properties":{"bpcode":1023,"bpname":"Sitarganj","dtname":"Udam singh nagar","capacity_k":25,"discom":"UPCL"}},
{"type":"Feature","geometry":{"type":"Point","coordinates":[79.33753,29.03938]},"properties":{"bpcode":1018,"bpname":"Gadarpur","dtname":"Udam singh nagar","capacity_k":325,"discom":"UPCL"}},
{"type":"Feature","geometry":{"type":"Point","coordinates":[79.3811,29.03972]},"properties":{"bpcode":1022,"bpname":"Rudrapur","dtname":"Udam singh nagar","capacity_k":250,"discom":"UPCL"}},
{"type":"Feature","geometry":{"type":"Point","coordinates":[79.24694,29.04179]},"properties":{"bpcode":1018,"bpname":"Gadarpur","dtname":"Udam singh nagar","capacity_k":100,"discom":"UPCL"}},
{"type":"Feature","geometry":{"type":"Point","coordinates":[79.26116,29.04236]},"properties":{"bpcode":1018,"bpname":"Gadarpur","dtname":"Udam singh nagar","capacity_k":125,"discom":"UPCL"}},
{"type":"Feature","geometry":{"type":"Point","coordinates":[79.32985,29.0479]},"properties":{"bpcode":1018,"bpname":"Gadarpur","dtname":"Udam singh nagar","capacity_k":1678,"discom":"UPCL"}},
{"type":"Feature","geometry":{"type":"Point","coordinates":[79.3202,29.0511]},"properties":{"bpcode":1018,"bpname":"Gadarpur","dtname":"Udam singh nagar","capacity_k":904,"discom":"UPCL"}},
{"type":"Feature","geometry":{"type":"Point","coordinates":[79.66723,29.0517]},"properties":{"bpcode":1023,"bpname":"Sitarganj","dtname":"Udam singh nagar","capacity_k":25,"discom":"UPCL"}},
{"type":"Feature","geometry":{"type":"Point","coordinates":[80.10227,29.05485]},"properties":{"bpcode":959,"bpname":"Champawat","dtname":"Champawat","capacity_k":25,"discom":"UPCL"}},
{"type":"Feature","geometry":{"type":"Point","coordinates":[79.35946,29.06056]},"properties":{"bpcode":1018,"bpname":"Gadarpur","dtname":"Udam singh nagar","capacity_k":225,"discom":"UPCL"}},
{"type":"Feature","geometry":{"type":"Point","coordinates":[79.52412,29.06364]},"properties":{"bpcode":977,"bpname":"Haldwani","dtname":"Nainital","capacity_k":250,"discom":"UPCL"}},
{"type":"Feature","geometry":{"type":"Point","coordinates":[79.31701,29.06373]},"properties":{"bpcode":1018,"bpname":"Gadarpur","dtname":"Udam singh nagar","capacity_k":100,"discom":"UPCL"}},
{"type":"Feature","geometry":{"type":"Point","coordinates":[79.23325,29.0691]},"properties":{"bpcode":1018,"bpname":"Gadarpur","dtname":"Udam singh nagar","capacity_k":25,"discom":"UPCL"}},
{"type":"Feature","geometry":{"type":"Point","coordinates":[79.21411,29.0711]},"properties":{"bpcode":1018,"bpname":"Gadarpur","dtname":"Udam singh nagar","capacity_k":100,"discom":"UPCL"}},
{"type":"Feature","geometry":{"type":"Point","coordinates":[79.3292,29.07327]},"properties":{"bpcode":1018,"bpname":"Gadarpur","dtname":"Udam singh nagar","capacity_k":100,"discom":"UPCL"}},
{"type":"Feature","geometry":{"type":"Point","coordinates":[79.31529,29.07403]},"properties":{"bpcode":1018,"bpname":"Gadarpur","dtname":"Udam singh nagar","capacity_k":100,"discom":"UPCL"}},
{"type":"Feature","geometry":{"type":"Point","coordinates":[79.35358,29.07932]},"properties":{"bpcode":1018,"bpname":"Gadarpur","dtname":"Udam singh nagar","capacity_k":25,"discom":"UPCL"}},
{"type":"Feature","geometry":{"type":"Point","coordinates":[79.19719,29.08086]},"properties":{"bpcode":1018,"bpname":"Gadarpur","dtname":"Udam singh nagar","capacity_k":25,"discom":"UPCL"}},
{"type":"Feature","geometry":{"type":"Point","coordinates":[79.23308,29.08099]},"properties":{"bpcode":1018,"bpname":"Gadarpur","dtname":"Udam singh nagar","capacity_k":75,"discom":"UPCL"}},
{"type":"Feature","geometry":{"type":"Point","coordinates":[79.32607,29.08114]},"properties":{"bpcode":1018,"bpname":"Gadarpur","dtname":"Udam singh nagar","capacity_k":100,"discom":"UPCL"}},
{"type":"Feature","geometry":{"type":"Point","coordinates":[79.32956,29.08448]},"properties":{"bpcode":1018,"bpname":"Gadarpur","dtname":"Udam singh nagar","capacity_k":50,"discom":"UPCL"}},
{"type":"Feature","geometry":{"type":"Point","coordinates":[79.17529,29.08796]},"properties":{"bpcode":1017,"bpname":"Bajpur","dtname":"Udam singh nagar","capacity_k":589,"discom":"UPCL"}},
{"type":"Feature","geometry":{"type":"Point","coordinates":[79.1618,29.09616]},"properties":{"bpcode":1017,"bpname":"Bajpur","dtname":"Udam singh nagar","capacity_k":25,"discom":"UPCL"}},
{"type":"Feature","geometry":{"type":"Point","coordinates":[79.18059,29.0968]},"properties":{"bpcode":1017,"bpname":"Bajpur","dtname":"Udam singh nagar","capacity_k":25,"discom":"UPCL"}},
{"type":"Feature","geometry":{"type":"Point","coordinates":[79.69473,29.09809]},"properties":{"bpcode":977,"bpname":"Haldwani","dtname":"Nainital","capacity_k":25,"discom":"UPCL"}},
{"type":"Feature","geometry":{"type":"Point","coordinates":[79.23107,29.10148]},"properties":{"bpcode":1018,"bpname":"Gadarpur","dtname":"Udam singh nagar","capacity_k":125,"discom":"UPCL"}},
{"type":"Feature","geometry":{"type":"Point","coordinates":[79.33756,29.10652]},"properties":{"bpcode":1018,"bpname":"Gadarpur","dtname":"Udam singh nagar","capacity_k":725,"discom":"UPCL"}},
{"type":"Feature","geometry":{"type":"Point","coordinates":[79.26492,29.10694]},"properties":{"bpcode":1018,"bpname":"Gadarpur","dtname":"Udam singh nagar","capacity_k":25,"discom":"UPCL"}},
{"type":"Feature","geometry":{"type":"Point","coordinates":[79.24441,29.11595]},"properties":{"bpcode":1018,"bpname":"Gadarpur","dtname":"Udam singh nagar","capacity_k":125,"discom":"UPCL"}},
{"type":"Feature","geometry":{"type":"Point","coordinates":[80.1485,29.12479]},"properties":{"bpcode":959,"bpname":"Champawat","dtname":"Champawat","capacity_k":25,"discom":"UPCL"}},
{"type":"Feature","geometry":{"type":"Point","coordinates":[80.16224,29.12495]},"properties":{"bpcode":959,"bpname":"Champawat","dtname":"Champawat","capacity_k":50,"discom":"UPCL"}},
{"type":"Feature","geometry":{"type":"Point","coordinates":[79.0019,29.12923]},"properties":{"bpcode":1020,"bpname":"Kasipur","dtname":"Udam singh nagar","capacity_k":25,"discom":"UPCL"}},
{"type":"Feature","geometry":{"type":"Point","coordinates":[80.12214,29.13447]},"properties":{"bpcode":959,"bpname":"Champawat","dtname":"Champawat","capacity_k":75,"discom":"UPCL"}},
{"type":"Feature","geometry":{"type":"Point","coordinates":[78.92151,29.13514]},"properties":{"bpcode":1020,"bpname":"Kasipur","dtname":"Udam singh nagar","capacity_k":50,"discom":"UPCL"}},
{"type":"Feature","geometry":{"type":"Point","coordinates":[79.24975,29.13586]},"properties":{"bpcode":1017,"bpname":"Bajpur","dtname":"Udam singh nagar","capacity_k":100,"discom":"UPCL"}},
{"type":"Feature","geometry":{"type":"Point","coordinates":[78.96957,29.13594]},"properties":{"bpcode":1020,"bpname":"Kasipur","dtname":"Udam singh nagar","capacity_k":25,"discom":"UPCL"}},
{"type":"Feature","geometry":{"type":"Point","coordinates":[80.13313,29.13661]},"properties":{"bpcode":959,"bpname":"Champawat","dtname":"Champawat","capacity_k":25,"discom":"UPCL"}},
{"type":"Feature","geometry":{"type":"Point","coordinates":[79.00558,29.13666]},"properties":{"bpcode":1020,"bpname":"Kasipur","dtname":"Udam singh nagar","capacity_k":25,"discom":"UPCL"}},
{"type":"Feature","geometry":{"type":"Point","coordinates":[80.1227,29.13844]},"properties":{"bpcode":959,"bpname":"Champawat","dtname":"Champawat","capacity_k":125,"discom":"UPCL"}},
{"type":"Feature","geometry":{"type":"Point","coordinates":[80.14496,29.13925]},"properties":{"bpcode":959,"bpname":"Champawat","dtname":"Champawat","capacity_k":50,"discom":"UPCL"}},
{"type":"Feature","geometry":{"type":"Point","coordinates":[79.1076,29.13963]},"properties":{"bpcode":1017,"bpname":"Bajpur","dtname":"Udam singh nagar","capacity_k":50,"discom":"UPCL"}},
{"type":"Feature","geometry":{"type":"Point","coordinates":[80.16526,29.14082]},"properties":{"bpcode":959,"bpname":"Champawat","dtname":"Champawat","capacity_k":25,"discom":"UPCL"}},
{"type":"Feature","geometry":{"type":"Point","coordinates":[80.16997,29.14173]},"properties":{"bpcode":959,"bpname":"Champawat","dtname":"Champawat","capacity_k":25,"discom":"UPCL"}},
{"type":"Feature","geometry":{"type":"Point","coordinates":[80.1299,29.144]},"properties":{"bpcode":959,"bpname":"Champawat","dtname":"Champawat","capacity_k":25,"discom":"UPCL"}},
{"type":"Feature","geometry":{"type":"Point","coordinates":[80.13606,29.14511]},"properties":{"bpcode":959,"bpname":"Champawat","dtname":"Champawat","capacity_k":25,"discom":"UPCL"}},
{"type":"Feature","geometry":{"type":"Point","coordinates":[80.17123,29.14521]},"properties":{"bpcode":959,"bpname":"Champawat","dtname":"Champawat","capacity_k":50,"discom":"UPCL"}},
{"type":"Feature","geometry":{"type":"Point","coordinates":[79.09987,29.14639]},"properties":{"bpcode":1017,"bpname":"Bajpur","dtname":"Udam singh nagar","capacity_k":50,"discom":"UPCL"}},
{"type":"Feature","geometry":{"type":"Point","coordinates":[79.10904,29.14743]},"properties":{"bpcode":1017,"bpname":"Bajpur","dtname":"Udam singh nagar","capacity_k":25,"discom":"UPCL"}},
{"type":"Feature","geometry":{"type":"Point","coordinates":[80.00556,29.15065]},"properties":{"bpcode":959,"bpname":"Champawat","dtname":"Champawat","capacity_k":125,"discom":"UPCL"}},
{"type":"Feature","geometry":{"type":"Point","coordinates":[80.03943,29.15087]},"properties":{"bpcode":959,"bpname":"Champawat","dtname":"Champawat","capacity_k":25,"discom":"UPCL"}},
{"type":"Feature","geometry":{"type":"Point","coordinates":[80.07758,29.15113]},"properties":{"bpcode":959,"bpname":"Champawat","dtname":"Champawat","capacity_k":25,"discom":"UPCL"}},
{"type":"Feature","geometry":{"type":"Point","coordinates":[79.09291,29.15233]},"properties":{"bpcode":1017,"bpname":"Bajpur","dtname":"Udam singh nagar","capacity_k":25,"discom":"UPCL"}},
{"type":"Feature","geometry":{"type":"Point","coordinates":[79.14192,29.15274]},"properties":{"bpcode":1017,"bpname":"Bajpur","dtname":"Udam singh nagar","capacity_k":25,"discom":"UPCL"}},
{"type":"Feature","geometry":{"type":"Point","coordinates":[79.25277,29.15764]},"properties":{"bpcode":1017,"bpname":"Bajpur","dtname":"Udam singh nagar","capacity_k":25,"discom":"UPCL"}},
{"type":"Feature","geometry":{"type":"Point","coordinates":[79.05413,29.15809]},"properties":{"bpcode":1017,"bpname":"Bajpur","dtname":"Udam singh nagar","capacity_k":326,"discom":"UPCL"}},
{"type":"Feature","geometry":{"type":"Point","coordinates":[79.03542,29.15816]},"properties":{"bpcode":1020,"bpname":"Kasipur","dtname":"Udam singh nagar","capacity_k":25,"discom":"UPCL"}},
{"type":"Feature","geometry":{"type":"Point","coordinates":[80.05291,29.15967]},"properties":{"bpcode":959,"bpname":"Champawat","dtname":"Champawat","capacity_k":25,"discom":"UPCL"}},
{"type":"Feature","geometry":{"type":"Point","coordinates":[79.01146,29.16111]},"properties":{"bpcode":1020,"bpname":"Kasipur","dtname":"Udam singh nagar","capacity_k":25,"discom":"UPCL"}},
{"type":"Feature","geometry":{"type":"Point","coordinates":[78.91052,29.16389]},"properties":{"bpcode":1020,"bpname":"Kasipur","dtname":"Udam singh nagar","capacity_k":25,"discom":"UPCL"}},
{"type":"Feature","geometry":{"type":"Point","coordinates":[79.09371,29.1642]},"properties":{"bpcode":1017,"bpname":"Bajpur","dtname":"Udam singh nagar","capacity_k":25,"discom":"UPCL"}},
{"type":"Feature","geometry":{"type":"Point","coordinates":[78.94631,29.16945]},"properties":{"bpcode":1020,"bpname":"Kasipur","dtname":"Udam singh nagar","capacity_k":25,"discom":"UPCL"}},
{"type":"Feature","geometry":{"type":"Point","coordinates":[79.1429,29.17106]},"properties":{"bpcode":1017,"bpname":"Bajpur","dtname":"Udam singh nagar","capacity_k":75,"discom":"UPCL"}},
{"type":"Feature","geometry":{"type":"Point","coordinates":[78.96394,29.17386]},"properties":{"bpcode":1020,"bpname":"Kasipur","dtname":"Udam singh nagar","capacity_k":50,"discom":"UPCL"}},
{"type":"Feature","geometry":{"type":"Point","coordinates":[80.01684,29.17624]},"properties":{"bpcode":959,"bpname":"Champawat","dtname":"Champawat","capacity_k":25,"discom":"UPCL"}},
{"type":"Feature","geometry":{"type":"Point","coordinates":[78.96082,29.17788]},"properties":{"bpcode":1020,"bpname":"Kasipur","dtname":"Udam singh nagar","capacity_k":100,"discom":"UPCL"}},
{"type":"Feature","geometry":{"type":"Point","coordinates":[79.12841,29.17903]},"properties":{"bpcode":1017,"bpname":"Bajpur","dtname":"Udam singh nagar","capacity_k":100,"discom":"UPCL"}},
{"type":"Feature","geometry":{"type":"Point","coordinates":[80.09174,29.18068]},"properties":{"bpcode":959,"bpname":"Champawat","dtname":"Champawat","capacity_k":50,"discom":"UPCL"}},
{"type":"Feature","geometry":{"type":"Point","coordinates":[79.18186,29.18466]},"properties":{"bpcode":1017,"bpname":"Bajpur","dtname":"Udam singh nagar","capacity_k":25,"discom":"UPCL"}},
{"type":"Feature","geometry":{"type":"Point","coordinates":[79.99623,29.19032]},"properties":{"bpcode":959,"bpname":"Champawat","dtname":"Champawat","capacity_k":25,"discom":"UPCL"}},
{"type":"Feature","geometry":{"type":"Point","coordinates":[79.24387,29.19039]},"properties":{"bpcode":1017,"bpname":"Bajpur","dtname":"Udam singh nagar","capacity_k":25,"discom":"UPCL"}},
{"type":"Feature","geometry":{"type":"Point","coordinates":[79.2212,29.19199]},"properties":{"bpcode":1017,"bpname":"Bajpur","dtname":"Udam singh nagar","capacity_k":50,"discom":"UPCL"}},
{"type":"Feature","geometry":{"type":"Point","coordinates":[78.97295,29.19232]},"properties":{"bpcode":1020,"bpname":"Kasipur","dtname":"Udam singh nagar","capacity_k":75,"discom":"UPCL"}},
{"type":"Feature","geometry":{"type":"Point","coordinates":[79.01234,29.19599]},"properties":{"bpcode":1020,"bpname":"Kasipur","dtname":"Udam singh nagar","capacity_k":25,"discom":"UPCL"}},
{"type":"Feature","geometry":{"type":"Point","coordinates":[79.02863,29.19637]},"properties":{"bpcode":1020,"bpname":"Kasipur","dtname":"Udam singh nagar","capacity_k":100,"discom":"UPCL"}},
{"type":"Feature","geometry":{"type":"Point","coordinates":[79.17946,29.19713]},"properties":{"bpcode":1017,"bpname":"Bajpur","dtname":"Udam singh nagar","capacity_k":25,"discom":"UPCL"}},
{"type":"Feature","geometry":{"type":"Point","coordinates":[79.98218,29.20198]},"properties":{"bpcode":959,"bpname":"Champawat","dtname":"Champawat","capacity_k":75,"discom":"UPCL"}},
{"type":"Feature","geometry":{"type":"Point","coordinates":[78.96391,29.20338]},"properties":{"bpcode":1020,"bpname":"Kasipur","dtname":"Udam singh nagar","capacity_k":400,"discom":"UPCL"}},
{"type":"Feature","geometry":{"type":"Point","coordinates":[80.09341,29.20353]},"properties":{"bpcode":959,"bpname":"Champawat","dtname":"Champawat","capacity_k":75,"discom":"UPCL"}},
{"type":"Feature","geometry":{"type":"Point","coordinates":[80.1135,29.20638]},"properties":{"bpcode":959,"bpname":"Champawat","dtname":"Champawat","capacity_k":25,"discom":"UPCL"}},
{"type":"Feature","geometry":{"type":"Point","coordinates":[79.95316,29.21049]},"properties":{"bpcode":961,"bpname":"Pati","dtname":"Champawat","capacity_k":25,"discom":"UPCL"}},
{"type":"Feature","geometry":{"type":"Point","coordinates":[78.96963,29.21181]},"properties":{"bpcode":1020,"bpname":"Kasipur","dtname":"Udam singh nagar","capacity_k":25,"discom":"UPCL"}},
{"type":"Feature","geometry":{"type":"Point","coordinates":[80.07487,29.21278]},"properties":{"bpcode":959,"bpname":"Champawat","dtname":"Champawat","capacity_k":50,"discom":"UPCL"}},
{"type":"Feature","geometry":{"type":"Point","coordinates":[78.89398,29.21289]},"properties":{"bpcode":1019,"bpname":"Jaspur","dtname":"Udam singh nagar","capacity_k":0,"discom":"UPCL"}},
{"type":"Feature","geometry":{"type":"Point","coordinates":[80.07035,29.21385]},"properties":{"bpcode":959,"bpname":"Champawat","dtname":"Champawat","capacity_k":75,"discom":"UPCL"}},
{"type":"Feature","geometry":{"type":"Point","coordinates":[79.2099,29.21492]},"properties":{"bpcode":1017,"bpname":"Bajpur","dtname":"Udam singh nagar","capacity_k":75,"discom":"UPCL"}},
{"type":"Feature","geometry":{"type":"Point","coordinates":[79.9929,29.21707]},"properties":{"bpcode":959,"bpname":"Champawat","dtname":"Champawat","capacity_k":25,"discom":"UPCL"}},
{"type":"Feature","geometry":{"type":"Point","coordinates":[78.95065,29.2185]},"properties":{"bpcode":1020,"bpname":"Kasipur","dtname":"Udam singh nagar","capacity_k":600,"discom":"UPCL"}},
{"type":"Feature","geometry":{"type":"Point","coordinates":[79.00994,29.22064]},"properties":{"bpcode":1020,"bpname":"Kasipur","dtname":"Udam singh nagar","capacity_k":100,"discom":"UPCL"}},
{"type":"Feature","geometry":{"type":"Point","coordinates":[79.20833,29.22231]},"properties":{"bpcode":1017,"bpname":"Bajpur","dtname":"Udam singh nagar","capacity_k":50,"discom":"UPCL"}},
{"type":"Feature","geometry":{"type":"Point","coordinates":[78.95964,29.22452]},"properties":{"bpcode":1020,"bpname":"Kasipur","dtname":"Udam singh nagar","capacity_k":1400,"discom":"UPCL"}},
{"type":"Feature","geometry":{"type":"Point","coordinates":[79.99136,29.2265]},"properties":{"bpcode":959,"bpname":"Champawat","dtname":"Champawat","capacity_k":50,"discom":"UPCL"}},
{"type":"Feature","geometry":{"type":"Point","coordinates":[80.18836,29.23026]},"properties":{"bpcode":959,"bpname":"Champawat","dtname":"Champawat","capacity_k":25,"discom":"UPCL"}},
{"type":"Feature","geometry":{"type":"Point","coordinates":[79.08015,29.23083]},"properties":{"bpcode":1017,"bpname":"Bajpur","dtname":"Udam singh nagar","capacity_k":225,"discom":"UPCL"}},
{"type":"Feature","geometry":{"type":"Point","coordinates":[80.26627,29.23445]},"properties":{"bpcode":959,"bpname":"Champawat","dtname":"Champawat","capacity_k":25,"discom":"UPCL"}},
{"type":"Feature","geometry":{"type":"Point","coordinates":[78.9526,29.23518]},"properties":{"bpcode":1020,"bpname":"Kasipur","dtname":"Udam singh nagar","capacity_k":75,"discom":"UPCL"}},
{"type":"Feature","geometry":{"type":"Point","coordinates":[80.10266,29.23597]},"properties":{"bpcode":959,"bpname":"Champawat","dtname":"Champawat","capacity_k":25,"discom":"UPCL"}},
{"type":"Feature","geometry":{"type":"Point","coordinates":[80.10593,29.23951]},"properties":{"bpcode":959,"bpname":"Champawat","dtname":"Champawat","capacity_k":1851,"discom":"UPCL"}},
{"type":"Feature","geometry":{"type":"Point","coordinates":[79.07452,29.24138]},"properties":{"bpcode":1017,"bpname":"Bajpur","dtname":"Udam singh nagar","capacity_k":25,"discom":"UPCL"}},
{"type":"Feature","geometry":{"type":"Point","coordinates":[79.85612,29.2439]},"properties":{"bpcode":979,"bpname":"Okhalkanda","dtname":"Nainital","capacity_k":75,"discom":"UPCL"}},
{"type":"Feature","geometry":{"type":"Point","coordinates":[80.09781,29.24432]},"properties":{"bpcode":959,"bpname":"Champawat","dtname":"Champawat","capacity_k":25,"discom":"UPCL"}},
{"type":"Feature","geometry":{"type":"Point","coordinates":[80.05604,29.24439]},"properties":{"bpcode":959,"bpname":"Champawat","dtname":"Champawat","capacity_k":25,"discom":"UPCL"}},
{"type":"Feature","geometry":{"type":"Point","coordinates":[79.93375,29.24545]},"properties":{"bpcode":961,"bpname":"Pati","dtname":"Champawat","capacity_k":75,"discom":"UPCL"}},
{"type":"Feature","geometry":{"type":"Point","coordinates":[79.0798,29.24752]},"properties":{"bpcode":1017,"bpname":"Bajpur","dtname":"Udam singh nagar","capacity_k":25,"discom":"UPCL"}},
{"type":"Feature","geometry":{"type":"Point","coordinates":[80.06418,29.24798]},"properties":{"bpcode":959,"bpname":"Champawat","dtname":"Champawat","capacity_k":50,"discom":"UPCL"}},
{"type":"Feature","geometry":{"type":"Point","coordinates":[78.96481,29.2535]},"properties":{"bpcode":1020,"bpname":"Kasipur","dtname":"Udam singh nagar","capacity_k":100,"discom":"UPCL"}},
{"type":"Feature","geometry":{"type":"Point","coordinates":[79.60464,29.25483]},"properties":{"bpcode":975,"bpname":"Bhimtal","dtname":"Nainital","capacity_k":50,"discom":"UPCL"}},
{"type":"Feature","geometry":{"type":"Point","coordinates":[78.96132,29.2609]},"properties":{"bpcode":1020,"bpname":"Kasipur","dtname":"Udam singh nagar","capacity_k":150,"discom":"UPCL"}},
{"type":"Feature","geometry":{"type":"Point","coordinates":[79.89908,29.26198]},"properties":{"bpcode":961,"bpname":"Pati","dtname":"Champawat","capacity_k":50,"discom":"UPCL"}},
{"type":"Feature","geometry":{"type":"Point","coordinates":[79.75908,29.26272]},"properties":{"bpcode":979,"bpname":"Okhalkanda","dtname":"Nainital","capacity_k":25,"discom":"UPCL"}},
{"type":"Feature","geometry":{"type":"Point","coordinates":[79.14141,29.26423]},"properties":{"bpcode":1017,"bpname":"Bajpur","dtname":"Udam singh nagar","capacity_k":25,"discom":"UPCL"}},
{"type":"Feature","geometry":{"type":"Point","coordinates":[79.72397,29.26919]},"properties":{"bpcode":979,"bpname":"Okhalkanda","dtname":"Nainital","capacity_k":25,"discom":"UPCL"}},
{"type":"Feature","geometry":{"type":"Point","coordinates":[80.13551,29.2698]},"properties":{"bpcode":959,"bpname":"Champawat","dtname":"Champawat","capacity_k":50,"discom":"UPCL"}},
{"type":"Feature","geometry":{"type":"Point","coordinates":[80.19875,29.27039]},"properties":{"bpcode":959,"bpname":"Champawat","dtname":"Champawat","capacity_k":25,"discom":"UPCL"}},
{"type":"Feature","geometry":{"type":"Point","coordinates":[80.01606,29.27125]},"properties":{"bpcode":959,"bpname":"Champawat","dtname":"Champawat","capacity_k":25,"discom":"UPCL"}},
{"type":"Feature","geometry":{"type":"Point","coordinates":[79.86018,29.27519]},"properties":{"bpcode":961,"bpname":"Pati","dtname":"Champawat","capacity_k":25,"discom":"UPCL"}},
{"type":"Feature","geometry":{"type":"Point","coordinates":[78.79394,29.27573]},"properties":{"bpcode":1019,"bpname":"Jaspur","dtname":"Udam singh nagar","capacity_k":1250,"discom":"UPCL"}},
{"type":"Feature","geometry":{"type":"Point","coordinates":[80.01632,29.27981]},"properties":{"bpcode":959,"bpname":"Champawat","dtname":"Champawat","capacity_k":50,"discom":"UPCL"}},
{"type":"Feature","geometry":{"type":"Point","coordinates":[80.26374,29.28003]},"properties":{"bpcode":959,"bpname":"Champawat","dtname":"Champawat","capacity_k":25,"discom":"UPCL"}},
{"type":"Feature","geometry":{"type":"Point","coordinates":[79.00273,29.28247]},"properties":{"bpcode":1020,"bpname":"Kasipur","dtname":"Udam singh nagar","capacity_k":25,"discom":"UPCL"}},
{"type":"Feature","geometry":{"type":"Point","coordinates":[80.01744,29.28365]},"properties":{"bpcode":959,"bpname":"Champawat","dtname":"Champawat","capacity_k":25,"discom":"UPCL"}},
{"type":"Feature","geometry":{"type":"Point","coordinates":[80.29644,29.28402]},"properties":{"bpcode":959,"bpname":"Champawat","dtname":"Champawat","capacity_k":25,"discom":"UPCL"}},
{"type":"Feature","geometry":{"type":"Point","coordinates":[80.00343,29.28439]},"properties":{"bpcode":959,"bpname":"Champawat","dtname":"Champawat","capacity_k":25,"discom":"UPCL"}},
{"type":"Feature","geometry":{"type":"Point","coordinates":[79.35102,29.28511]},"properties":{"bpcode":978,"bpname":"Kotabagh","dtname":"Nainital","capacity_k":326,"discom":"UPCL"}},
{"type":"Feature","geometry":{"type":"Point","coordinates":[80.2404,29.28749]},"properties":{"bpcode":959,"bpname":"Champawat","dtname":"Champawat","capacity_k":75,"discom":"UPCL"}},
{"type":"Feature","geometry":{"type":"Point","coordinates":[80.07129,29.29059]},"properties":{"bpcode":959,"bpname":"Champawat","dtname":"Champawat","capacity_k":25,"discom":"UPCL"}},
{"type":"Feature","geometry":{"type":"Point","coordinates":[80.28465,29.2938]},"properties":{"bpcode":959,"bpname":"Champawat","dtname":"Champawat","capacity_k":25,"discom":"UPCL"}},
{"type":"Feature","geometry":{"type":"Point","coordinates":[80.00688,29.29636]},"properties":{"bpcode":959,"bpname":"Champawat","dtname":"Champawat","capacity_k":50,"discom":"UPCL"}},
{"type":"Feature","geometry":{"type":"Point","coordinates":[79.69777,29.29702]},"properties":{"bpcode":976,"bpname":"Dhari","dtname":"Nainital","capacity_k":25,"discom":"UPCL"}},
{"type":"Feature","geometry":{"type":"Point","coordinates":[80.29363,29.29744]},"properties":{"bpcode":959,"bpname":"Champawat","dtname":"Champawat","capacity_k":25,"discom":"UPCL"}},
{"type":"Feature","geometry":{"type":"Point","coordinates":[79.90295,29.29841]},"properties":{"bpcode":961,"bpname":"Pati","dtname":"Champawat","capacity_k":25,"discom":"UPCL"}},
{"type":"Feature","geometry":{"type":"Point","coordinates":[80.08377,29.29883]},"properties":{"bpcode":959,"bpname":"Champawat","dtname":"Champawat","capacity_k":25,"discom":"UPCL"}},
{"type":"Feature","geometry":{"type":"Point","coordinates":[79.91126,29.29963]},"properties":{"bpcode":961,"bpname":"Pati","dtname":"Champawat","capacity_k":25,"discom":"UPCL"}},
{"type":"Feature","geometry":{"type":"Point","coordinates":[79.0078,29.30103]},"properties":{"bpcode":1020,"bpname":"Kasipur","dtname":"Udam singh nagar","capacity_k":50,"discom":"UPCL"}},
{"type":"Feature","geometry":{"type":"Point","coordinates":[79.8496,29.30474]},"properties":{"bpcode":961,"bpname":"Pati","dtname":"Champawat","capacity_k":25,"discom":"UPCL"}},
{"type":"Feature","geometry":{"type":"Point","coordinates":[78.87841,29.3079]},"properties":{"bpcode":1019,"bpname":"Jaspur","dtname":"Udam singh nagar","capacity_k":25,"discom":"UPCL"}},
{"type":"Feature","geometry":{"type":"Point","coordinates":[80.21509,29.30796]},"properties":{"bpcode":959,"bpname":"Champawat","dtname":"Champawat","capacity_k":25,"discom":"UPCL"}},
{"type":"Feature","geometry":{"type":"Point","coordinates":[80.28388,29.30826]},"properties":{"bpcode":959,"bpname":"Champawat","dtname":"Champawat","capacity_k":75,"discom":"UPCL"}},
{"type":"Feature","geometry":{"type":"Point","coordinates":[79.93677,29.31136]},"properties":{"bpcode":961,"bpname":"Pati","dtname":"Champawat","capacity_k":50,"discom":"UPCL"}},
{"type":"Feature","geometry":{"type":"Point","coordinates":[80.05536,29.31374]},"properties":{"bpcode":959,"bpname":"Champawat","dtname":"Champawat","capacity_k":25,"discom":"UPCL"}},
{"type":"Feature","geometry":{"type":"Point","coordinates":[79.89011,29.31394]},"properties":{"bpcode":961,"bpname":"Pati","dtname":"Champawat","capacity_k":50,"discom":"UPCL"}},
{"type":"Feature","geometry":{"type":"Point","coordinates":[78.82521,29.31464]},"properties":{"bpcode":1019,"bpname":"Jaspur","dtname":"Udam singh nagar","capacity_k":50,"discom":"UPCL"}},
{"type":"Feature","geometry":{"type":"Point","coordinates":[79.50789,29.32038]},"properties":{"bpcode":975,"bpname":"Bhimtal","dtname":"Nainital","capacity_k":25,"discom":"UPCL"}},
{"type":"Feature","geometry":{"type":"Point","coordinates":[80.27766,29.32189]},"properties":{"bpcode":960,"bpname":"Lohaghat","dtname":"Champawat","capacity_k":50,"discom":"UPCL"}},
{"type":"Feature","geometry":{"type":"Point","coordinates":[80.11085,29.32358]},"properties":{"bpcode":959,"bpname":"Champawat","dtname":"Champawat","capacity_k":25,"discom":"UPCL"}},
{"type":"Feature","geometry":{"type":"Point","coordinates":[80.1532,29.32603]},"properties":{"bpcode":959,"bpname":"Champawat","dtname":"Champawat","capacity_k":25,"discom":"UPCL"}},
{"type":"Feature","geometry":{"type":"Point","coordinates":[79.68958,29.327]},"properties":{"bpcode":979,"bpname":"Okhalkanda","dtname":"Nainital","capacity_k":50,"discom":"UPCL"}},
{"type":"Feature","geometry":{"type":"Point","coordinates":[80.18069,29.3285]},"properties":{"bpcode":959,"bpname":"Champawat","dtname":"Champawat","capacity_k":25,"discom":"UPCL"}},
{"type":"Feature","geometry":{"type":"Point","coordinates":[80.02872,29.32866]},"properties":{"bpcode":959,"bpname":"Champawat","dtname":"Champawat","capacity_k":25,"discom":"UPCL"}},
{"type":"Feature","geometry":{"type":"Point","coordinates":[79.92146,29.33437]},"properties":{"bpcode":961,"bpname":"Pati","dtname":"Champawat","capacity_k":25,"discom":"UPCL"}},
{"type":"Feature","geometry":{"type":"Point","coordinates":[79.89029,29.33507]},"properties":{"bpcode":961,"bpname":"Pati","dtname":"Champawat","capacity_k":150,"discom":"UPCL"}},
{"type":"Feature","geometry":{"type":"Point","coordinates":[79.95334,29.33921]},"properties":{"bpcode":961,"bpname":"Pati","dtname":"Champawat","capacity_k":25,"discom":"UPCL"}},
{"type":"Feature","geometry":{"type":"Point","coordinates":[80.23183,29.34286]},"properties":{"bpcode":960,"bpname":"Lohaghat","dtname":"Champawat","capacity_k":25,"discom":"UPCL"}},
{"type":"Feature","geometry":{"type":"Point","coordinates":[79.43071,29.34389]},"properties":{"bpcode":975,"bpname":"Bhimtal","dtname":"Nainital","capacity_k":25,"discom":"UPCL"}},
{"type":"Feature","geometry":{"type":"Point","coordinates":[79.46964,29.34725]},"properties":{"bpcode":975,"bpname":"Bhimtal","dtname":"Nainital","capacity_k":125,"discom":"UPCL"}},
{"type":"Feature","geometry":{"type":"Point","coordinates":[79.55237,29.35365]},"properties":{"bpcode":975,"bpname":"Bhimtal","dtname":"Nainital","capacity_k":800,"discom":"UPCL"}},
{"type":"Feature","geometry":{"type":"Point","coordinates":[79.89375,29.35393]},"properties":{"bpcode":979,"bpname":"Okhalkanda","dtname":"Nainital","capacity_k":25,"discom":"UPCL"}},
{"type":"Feature","geometry":{"type":"Point","coordinates":[79.88767,29.35907]},"properties":{"bpcode":979,"bpname":"Okhalkanda","dtname":"Nainital","capacity_k":25,"discom":"UPCL"}},
{"type":"Feature","geometry":{"type":"Point","coordinates":[80.15076,29.36216]},"properties":{"bpcode":960,"bpname":"Lohaghat","dtname":"Champawat","capacity_k":25,"discom":"UPCL"}},
{"type":"Feature","geometry":{"type":"Point","coordinates":[80.18679,29.36496]},"properties":{"bpcode":960,"bpname":"Lohaghat","dtname":"Champawat","capacity_k":25,"discom":"UPCL"}},
{"type":"Feature","geometry":{"type":"Point","coordinates":[79.86363,29.36504]},"properties":{"bpcode":979,"bpname":"Okhalkanda","dtname":"Nainital","capacity_k":25,"discom":"UPCL"}},
{"type":"Feature","geometry":{"type":"Point","coordinates":[80.15738,29.36658]},"properties":{"bpcode":960,"bpname":"Lohaghat","dtname":"Champawat","capacity_k":25,"discom":"UPCL"}},
{"type":"Feature","geometry":{"type":"Point","coordinates":[79.31864,29.37456]},"properties":{"bpcode":978,"bpname":"Kotabagh","dtname":"Nainital","capacity_k":50,"discom":"UPCL"}},
{"type":"Feature","geometry":{"type":"Point","coordinates":[80.17867,29.37985]},"properties":{"bpcode":960,"bpname":"Lohaghat","dtname":"Champawat","capacity_k":25,"discom":"UPCL"}},
{"type":"Feature","geometry":{"type":"Point","coordinates":[79.46358,29.38028]},"properties":{"bpcode":975,"bpname":"Bhimtal","dtname":"Nainital","capacity_k":3200,"discom":"UPCL"}},
{"type":"Feature","geometry":{"type":"Point","coordinates":[80.1252,29.3804]},"properties":{"bpcode":960,"bpname":"Lohaghat","dtname":"Champawat","capacity_k":25,"discom":"UPCL"}},
{"type":"Feature","geometry":{"type":"Point","coordinates":[80.23622,29.382]},"properties":{"bpcode":960,"bpname":"Lohaghat","dtname":"Champawat","capacity_k":25,"discom":"UPCL"}},
{"type":"Feature","geometry":{"type":"Point","coordinates":[79.51841,29.38352]},"properties":{"bpcode":975,"bpname":"Bhimtal","dtname":"Nainital","capacity_k":350,"discom":"UPCL"}},
{"type":"Feature","geometry":{"type":"Point","coordinates":[80.12939,29.38374]},"properties":{"bpcode":960,"bpname":"Lohaghat","dtname":"Champawat","capacity_k":0,"discom":"UPCL"}},
{"type":"Feature","geometry":{"type":"Point","coordinates":[79.11909,29.38389]},"properties":{"bpcode":981,"bpname":"Ramnagar","dtname":"Nainital","capacity_k":250,"discom":"UPCL"}},
{"type":"Feature","geometry":{"type":"Point","coordinates":[79.97256,29.38429]},"properties":{"bpcode":961,"bpname":"Pati","dtname":"Champawat","capacity_k":50,"discom":"UPCL"}},
{"type":"Feature","geometry":{"type":"Point","coordinates":[79.39859,29.38455]},"properties":{"bpcode":975,"bpname":"Bhimtal","dtname":"Nainital","capacity_k":25,"discom":"UPCL"}},
{"type":"Feature","geometry":{"type":"Point","coordinates":[79.79736,29.38763]},"properties":{"bpcode":979,"bpname":"Okhalkanda","dtname":"Nainital","capacity_k":25,"discom":"UPCL"}},
{"type":"Feature","geometry":{"type":"Point","coordinates":[80.00653,29.38831]},"properties":{"bpcode":961,"bpname":"Pati","dtname":"Champawat","capacity_k":25,"discom":"UPCL"}},
{"type":"Feature","geometry":{"type":"Point","coordinates":[80.17516,29.38921]},"properties":{"bpcode":960,"bpname":"Lohaghat","dtname":"Champawat","capacity_k":50,"discom":"UPCL"}},
{"type":"Feature","geometry":{"type":"Point","coordinates":[80.26563,29.38997]},"properties":{"bpcode":960,"bpname":"Lohaghat","dtname":"Champawat","capacity_k":25,"discom":"UPCL"}},
{"type":"Feature","geometry":{"type":"Point","coordinates":[79.08937,29.39023]},"properties":{"bpcode":981,"bpname":"Ramnagar","dtname":"Nainital","capacity_k":50,"discom":"UPCL"}},
{"type":"Feature","geometry":{"type":"Point","coordinates":[80.19621,29.3918]},"properties":{"bpcode":960,"bpname":"Lohaghat","dtname":"Champawat","capacity_k":25,"discom":"UPCL"}},
{"type":"Feature","geometry":{"type":"Point","coordinates":[80.05143,29.39242]},"properties":{"bpcode":960,"bpname":"Lohaghat","dtname":"Champawat","capacity_k":25,"discom":"UPCL"}},
{"type":"Feature","geometry":{"type":"Point","coordinates":[80.035,29.39333]},"properties":{"bpcode":960,"bpname":"Lohaghat","dtname":"Champawat","capacity_k":25,"discom":"UPCL"}},
{"type":"Feature","geometry":{"type":"Point","coordinates":[79.08675,29.39475]},"properties":{"bpcode":981,"bpname":"Ramnagar","dtname":"Nainital","capacity_k":50,"discom":"UPCL"}},
{"type":"Feature","geometry":{"type":"Point","coordinates":[79.12362,29.39502]},"properties":{"bpcode":981,"bpname":"Ramnagar","dtname":"Nainital","capacity_k":50,"discom":"UPCL"}},
{"type":"Feature","geometry":{"type":"Point","coordinates":[79.09548,29.39575]},"properties":{"bpcode":981,"bpname":"Ramnagar","dtname":"Nainital","capacity_k":850,"discom":"UPCL"}},
{"type":"Feature","geometry":{"type":"Point","coordinates":[80.10683,29.39648]},"properties":{"bpcode":960,"bpname":"Lohaghat","dtname":"Champawat","capacity_k":25,"discom":"UPCL"}},
{"type":"Feature","geometry":{"type":"Point","coordinates":[79.08427,29.39748]},"properties":{"bpcode":981,"bpname":"Ramnagar","dtname":"Nainital","capacity_k":150,"discom":"UPCL"}},
{"type":"Feature","geometry":{"type":"Point","coordinates":[80.16423,29.40252]},"properties":{"bpcode":960,"bpname":"Lohaghat","dtname":"Champawat","capacity_k":25,"discom":"UPCL"}},
{"type":"Feature","geometry":{"type":"Point","coordinates":[79.0624,29.40279]},"properties":{"bpcode":981,"bpname":"Ramnagar","dtname":"Nainital","capacity_k":25,"discom":"UPCL"}},
{"type":"Feature","geometry":{"type":"Point","coordinates":[79.81443,29.40366]},"properties":{"bpcode":979,"bpname":"Okhalkanda","dtname":"Nainital","capacity_k":25,"discom":"UPCL"}},
{"type":"Feature","geometry":{"type":"Point","coordinates":[80.07752,29.40547]},"properties":{"bpcode":960,"bpname":"Lohaghat","dtname":"Champawat","capacity_k":25,"discom":"UPCL"}},
{"type":"Feature","geometry":{"type":"Point","coordinates":[80.15248,29.40974]},"properties":{"bpcode":960,"bpname":"Lohaghat","dtname":"Champawat","capacity_k":25,"discom":"UPCL"}},
{"type":"Feature","geometry":{"type":"Point","coordinates":[80.12675,29.41476]},"properties":{"bpcode":960,"bpname":"Lohaghat","dtname":"Champawat","capacity_k":25,"discom":"UPCL"}},
{"type":"Feature","geometry":{"type":"Point","coordinates":[80.1001,29.41546]},"properties":{"bpcode":960,"bpname":"Lohaghat","dtname":"Champawat","capacity_k":400,"discom":"UPCL"}},
{"type":"Feature","geometry":{"type":"Point","coordinates":[79.96123,29.41806]},"properties":{"bpcode":961,"bpname":"Pati","dtname":"Champawat","capacity_k":25,"discom":"UPCL"}},
{"type":"Feature","geometry":{"type":"Point","coordinates":[80.17369,29.42081]},"properties":{"bpcode":958,"bpname":"Barkot","dtname":"Champawat","capacity_k":25,"discom":"UPCL"}},
{"type":"Feature","geometry":{"type":"Point","coordinates":[80.08116,29.42147]},"properties":{"bpcode":960,"bpname":"Lohaghat","dtname":"Champawat","capacity_k":25,"discom":"UPCL"}},
{"type":"Feature","geometry":{"type":"Point","coordinates":[80.08487,29.42193]},"properties":{"bpcode":960,"bpname":"Lohaghat","dtname":"Champawat","capacity_k":50,"discom":"UPCL"}},
{"type":"Feature","geometry":{"type":"Point","coordinates":[80.15122,29.42302]},"properties":{"bpcode":958,"bpname":"Barkot","dtname":"Champawat","capacity_k":25,"discom":"UPCL"}},
{"type":"Feature","geometry":{"type":"Point","coordinates":[80.2048,29.42473]},"properties":{"bpcode":960,"bpname":"Lohaghat","dtname":"Champawat","capacity_k":25,"discom":"UPCL"}},
{"type":"Feature","geometry":{"type":"Point","coordinates":[80.06734,29.42698]},"properties":{"bpcode":960,"bpname":"Lohaghat","dtname":"Champawat","capacity_k":25,"discom":"UPCL"}},
{"type":"Feature","geometry":{"type":"Point","coordinates":[80.16924,29.42916]},"properties":{"bpcode":958,"bpname":"Barkot","dtname":"Champawat","capacity_k":25,"discom":"UPCL"}},
{"type":"Feature","geometry":{"type":"Point","coordinates":[80.22625,29.4294]},"properties":{"bpcode":960,"bpname":"Lohaghat","dtname":"Champawat","capacity_k":0,"discom":"UPCL"}},
{"type":"Feature","geometry":{"type":"Point","coordinates":[79.98295,29.4338]},"properties":{"bpcode":961,"bpname":"Pati","dtname":"Champawat","capacity_k":25,"discom":"UPCL"}},
{"type":"Feature","geometry":{"type":"Point","coordinates":[80.2165,29.43698]},"properties":{"bpcode":960,"bpname":"Lohaghat","dtname":"Champawat","capacity_k":25,"discom":"UPCL"}},
{"type":"Feature","geometry":{"type":"Point","coordinates":[79.87121,29.44134]},"properties":{"bpcode":961,"bpname":"Pati","dtname":"Champawat","capacity_k":25,"discom":"UPCL"}},
{"type":"Feature","geometry":{"type":"Point","coordinates":[80.10901,29.44467]},"properties":{"bpcode":958,"bpname":"Barkot","dtname":"Champawat","capacity_k":25,"discom":"UPCL"}},
{"type":"Feature","geometry":{"type":"Point","coordinates":[79.90634,29.44544]},"properties":{"bpcode":961,"bpname":"Pati","dtname":"Champawat","capacity_k":25,"discom":"UPCL"}},
{"type":"Feature","geometry":{"type":"Point","coordinates":[79.81919,29.44579]},"properties":{"bpcode":941,"bpname":"Lamgara","dtname":"Almora","capacity_k":25,"discom":"UPCL"}},
{"type":"Feature","geometry":{"type":"Point","coordinates":[80.0417,29.45147]},"properties":{"bpcode":958,"bpname":"Barkot","dtname":"Champawat","capacity_k":25,"discom":"UPCL"}},
{"type":"Feature","geometry":{"type":"Point","coordinates":[80.10184,29.45578]},"properties":{"bpcode":958,"bpname":"Barkot","dtname":"Champawat","capacity_k":25,"discom":"UPCL"}},
{"type":"Feature","geometry":{"type":"Point","coordinates":[79.37855,29.45929]},"properties":{"bpcode":978,"bpname":"Kotabagh","dtname":"Nainital","capacity_k":100,"discom":"UPCL"}},
{"type":"Feature","geometry":{"type":"Point","coordinates":[80.0629,29.46032]},"properties":{"bpcode":958,"bpname":"Barkot","dtname":"Champawat","capacity_k":25,"discom":"UPCL"}},
{"type":"Feature","geometry":{"type":"Point","coordinates":[79.89199,29.46175]},"properties":{"bpcode":961,"bpname":"Pati","dtname":"Champawat","capacity_k":25,"discom":"UPCL"}},
{"type":"Feature","geometry":{"type":"Point","coordinates":[79.29168,29.4624]},"properties":{"bpcode":978,"bpname":"Kotabagh","dtname":"Nainital","capacity_k":50,"discom":"UPCL"}},
{"type":"Feature","geometry":{"type":"Point","coordinates":[79.27711,29.46268]},"properties":{"bpcode":978,"bpname":"Kotabagh","dtname":"Nainital","capacity_k":25,"discom":"UPCL"}},
{"type":"Feature","geometry":{"type":"Point","coordinates":[80.05538,29.46475]},"properties":{"bpcode":958,"bpname":"Barkot","dtname":"Champawat","capacity_k":25,"discom":"UPCL"}},
{"type":"Feature","geometry":{"type":"Point","coordinates":[80.06042,29.46721]},"properties":{"bpcode":958,"bpname":"Barkot","dtname":"Champawat","capacity_k":25,"discom":"UPCL"}},
{"type":"Feature","geometry":{"type":"Point","coordinates":[80.0002,29.46738]},"properties":{"bpcode":958,"bpname":"Barkot","dtname":"Champawat","capacity_k":25,"discom":"UPCL"}},
{"type":"Feature","geometry":{"type":"Point","coordinates":[80.05212,29.47042]},"properties":{"bpcode":958,"bpname":"Barkot","dtname":"Champawat","capacity_k":25,"discom":"UPCL"}},
{"type":"Feature","geometry":{"type":"Point","coordinates":[79.73646,29.47066]},"properties":{"bpcode":941,"bpname":"Lamgara","dtname":"Almora","capacity_k":25,"discom":"UPCL"}},
{"type":"Feature","geometry":{"type":"Point","coordinates":[80.23523,29.47129]},"properties":{"bpcode":1002,"bpname":"Munakot","dtname":"Pithoragarh","capacity_k":25,"discom":"UPCL"}},
{"type":"Feature","geometry":{"type":"Point","coordinates":[79.79035,29.47416]},"properties":{"bpcode":941,"bpname":"Lamgara","dtname":"Almora","capacity_k":25,"discom":"UPCL"}},
{"type":"Feature","geometry":{"type":"Point","coordinates":[80.17778,29.4756]},"properties":{"bpcode":1004,"bpname":"Pithoragarh(Bin)","dtname":"Pithoragarh","capacity_k":50,"discom":"UPCL"}},
{"type":"Feature","geometry":{"type":"Point","coordinates":[79.77197,29.47619]},"properties":{"bpcode":941,"bpname":"Lamgara","dtname":"Almora","capacity_k":25,"discom":"UPCL"}},
{"type":"Feature","geometry":{"type":"Point","coordinates":[79.88436,29.47712]},"properties":{"bpcode":961,"bpname":"Pati","dtname":"Champawat","capacity_k":75,"discom":"UPCL"}},
{"type":"Feature","geometry":{"type":"Point","coordinates":[79.9957,29.47784]},"properties":{"bpcode":958,"bpname":"Barkot","dtname":"Champawat","capacity_k":25,"discom":"UPCL"}},
{"type":"Feature","geometry":{"type":"Point","coordinates":[79.77177,29.4783]},"properties":{"bpcode":941,"bpname":"Lamgara","dtname":"Almora","capacity_k":0,"discom":"UPCL"}},
{"type":"Feature","geometry":{"type":"Point","coordinates":[80.13108,29.47927]},"properties":{"bpcode":958,"bpname":"Barkot","dtname":"Champawat","capacity_k":25,"discom":"UPCL"}},
{"type":"Feature","geometry":{"type":"Point","coordinates":[79.77774,29.48024]},"properties":{"bpcode":941,"bpname":"Lamgara","dtname":"Almora","capacity_k":100,"discom":"UPCL"}},
{"type":"Feature","geometry":{"type":"Point","coordinates":[79.9036,29.48282]},"properties":{"bpcode":961,"bpname":"Pati","dtname":"Champawat","capacity_k":50,"discom":"UPCL"}},
{"type":"Feature","geometry":{"type":"Point","coordinates":[79.84701,29.48392]},"properties":{"bpcode":941,"bpname":"Lamgara","dtname":"Almora","capacity_k":25,"discom":"UPCL"}},
{"type":"Feature","geometry":{"type":"Point","coordinates":[80.05076,29.48676]},"properties":{"bpcode":958,"bpname":"Barkot","dtname":"Champawat","capacity_k":25,"discom":"UPCL"}},
{"type":"Feature","geometry":{"type":"Point","coordinates":[80.26242,29.48762]},"properties":{"bpcode":1002,"bpname":"Munakot","dtname":"Pithoragarh","capacity_k":25,"discom":"UPCL"}},
{"type":"Feature","geometry":{"type":"Point","coordinates":[79.98777,29.49306]},"properties":{"bpcode":938,"bpname":"Dhauladevi","dtname":"Almora","capacity_k":50,"discom":"UPCL"}},
{"type":"Feature","geometry":{"type":"Point","coordinates":[79.87631,29.49648]},"properties":{"bpcode":941,"bpname":"Lamgara","dtname":"Almora","capacity_k":25,"discom":"UPCL"}},
{"type":"Feature","geometry":{"type":"Point","coordinates":[79.86619,29.50633]},"properties":{"bpcode":941,"bpname":"Lamgara","dtname":"Almora","capacity_k":25,"discom":"UPCL"}},
{"type":"Feature","geometry":{"type":"Point","coordinates":[80.06306,29.5068]},"properties":{"bpcode":958,"bpname":"Barkot","dtname":"Champawat","capacity_k":25,"discom":"UPCL"}},
{"type":"Feature","geometry":{"type":"Point","coordinates":[80.14202,29.50795]},"properties":{"bpcode":1004,"bpname":"Pithoragarh(Bin)","dtname":"Pithoragarh","capacity_k":25,"discom":"UPCL"}},
{"type":"Feature","geometry":{"type":"Point","coordinates":[79.99932,29.51391]},"properties":{"bpcode":938,"bpname":"Dhauladevi","dtname":"Almora","capacity_k":25,"discom":"UPCL"}},
{"type":"Feature","geometry":{"type":"Point","coordinates":[80.05969,29.51477]},"properties":{"bpcode":938,"bpname":"Dhauladevi","dtname":"Almora","capacity_k":25,"discom":"UPCL"}},
{"type":"Feature","geometry":{"type":"Point","coordinates":[79.20399,29.51796]},"properties":{"bpcode":978,"bpname":"Kotabagh","dtname":"Nainital","capacity_k":50,"discom":"UPCL"}},
{"type":"Feature","geometry":{"type":"Point","coordinates":[79.83417,29.51904]},"properties":{"bpcode":941,"bpname":"Lamgara","dtname":"Almora","capacity_k":50,"discom":"UPCL"}},
{"type":"Feature","geometry":{"type":"Point","coordinates":[79.83002,29.5251]},"properties":{"bpcode":941,"bpname":"Lamgara","dtname":"Almora","capacity_k":25,"discom":"UPCL"}},
{"type":"Feature","geometry":{"type":"Point","coordinates":[79.25668,29.52663]},"properties":{"bpcode":974,"bpname":"Betalghat","dtname":"Nainital","capacity_k":50,"discom":"UPCL"}},
{"type":"Feature","geometry":{"type":"Point","coordinates":[80.16137,29.52706]},"properties":{"bpcode":1004,"bpname":"Pithoragarh(Bin)","dtname":"Pithoragarh","capacity_k":25,"discom":"UPCL"}},
{"type":"Feature","geometry":{"type":"Point","coordinates":[80.26494,29.5283]},"properties":{"bpcode":1002,"bpname":"Munakot","dtname":"Pithoragarh","capacity_k":25,"discom":"UPCL"}},
{"type":"Feature","geometry":{"type":"Point","coordinates":[79.20909,29.53094]},"properties":{"bpcode":942,"bpname":"Salt","dtname":"Almora","capacity_k":25,"discom":"UPCL"}},
{"type":"Feature","geometry":{"type":"Point","coordinates":[79.48897,29.53361]},"properties":{"bpcode":945,"bpname":"Tarikhet","dtname":"Almora","capacity_k":25,"discom":"UPCL"}},
{"type":"Feature","geometry":{"type":"Point","coordinates":[79.70017,29.53421]},"properties":{"bpcode":941,"bpname":"Lamgara","dtname":"Almora","capacity_k":25,"discom":"UPCL"}},
{"type":"Feature","geometry":{"type":"Point","coordinates":[79.98903,29.53535]},"properties":{"bpcode":938,"bpname":"Dhauladevi","dtname":"Almora","capacity_k":25,"discom":"UPCL"}},
{"type":"Feature","geometry":{"type":"Point","coordinates":[79.79259,29.53694]},"properties":{"bpcode":941,"bpname":"Lamgara","dtname":"Almora","capacity_k":25,"discom":"UPCL"}},
{"type":"Feature","geometry":{"type":"Point","coordinates":[79.22892,29.53749]},"properties":{"bpcode":942,"bpname":"Salt","dtname":"Almora","capacity_k":25,"discom":"UPCL"}},
{"type":"Feature","geometry":{"type":"Point","coordinates":[79.6824,29.53833]},"properties":{"bpcode":941,"bpname":"Lamgara","dtname":"Almora","capacity_k":25,"discom":"UPCL"}},
{"type":"Feature","geometry":{"type":"Point","coordinates":[80.2908,29.54053]},"properties":{"bpcode":1002,"bpname":"Munakot","dtname":"Pithoragarh","capacity_k":25,"discom":"UPCL"}},
{"type":"Feature","geometry":{"type":"Point","coordinates":[79.81085,29.54351]},"properties":{"bpcode":941,"bpname":"Lamgara","dtname":"Almora","capacity_k":25,"discom":"UPCL"}},
{"type":"Feature","geometry":{"type":"Point","coordinates":[79.9445,29.54568]},"properties":{"bpcode":938,"bpname":"Dhauladevi","dtname":"Almora","capacity_k":25,"discom":"UPCL"}},
{"type":"Feature","geometry":{"type":"Point","coordinates":[79.95751,29.54597]},"properties":{"bpcode":938,"bpname":"Dhauladevi","dtname":"Almora","capacity_k":25,"discom":"UPCL"}},
{"type":"Feature","geometry":{"type":"Point","coordinates":[79.90122,29.54813]},"properties":{"bpcode":938,"bpname":"Dhauladevi","dtname":"Almora","capacity_k":25,"discom":"UPCL"}},
{"type":"Feature","geometry":{"type":"Point","coordinates":[80.22136,29.54864]},"properties":{"bpcode":1002,"bpname":"Munakot","dtname":"Pithoragarh","capacity_k":25,"discom":"UPCL"}},
{"type":"Feature","geometry":{"type":"Point","coordinates":[79.85514,29.5516]},"properties":{"bpcode":938,"bpname":"Dhauladevi","dtname":"Almora","capacity_k":25,"discom":"UPCL"}},
{"type":"Feature","geometry":{"type":"Point","coordinates":[80.23075,29.5531]},"properties":{"bpcode":1002,"bpname":"Munakot","dtname":"Pithoragarh","capacity_k":25,"discom":"UPCL"}},
{"type":"Feature","geometry":{"type":"Point","coordinates":[80.27422,29.55372]},"properties":{"bpcode":1002,"bpname":"Munakot","dtname":"Pithoragarh","capacity_k":25,"discom":"UPCL"}},
{"type":"Feature","geometry":{"type":"Point","coordinates":[79.96723,29.55392]},"properties":{"bpcode":938,"bpname":"Dhauladevi","dtname":"Almora","capacity_k":25,"discom":"UPCL"}},
{"type":"Feature","geometry":{"type":"Point","coordinates":[79.88613,29.55475]},"properties":{"bpcode":938,"bpname":"Dhauladevi","dtname":"Almora","capacity_k":25,"discom":"UPCL"}},
{"type":"Feature","geometry":{"type":"Point","coordinates":[79.94446,29.55535]},"properties":{"bpcode":938,"bpname":"Dhauladevi","dtname":"Almora","capacity_k":25,"discom":"UPCL"}},
{"type":"Feature","geometry":{"type":"Point","coordinates":[79.59304,29.55707]},"properties":{"bpcode":940,"bpname":"Hawalbag","dtname":"Almora","capacity_k":25,"discom":"UPCL"}},
{"type":"Feature","geometry":{"type":"Point","coordinates":[80.1966,29.55716]},"properties":{"bpcode":1004,"bpname":"Pithoragarh(Bin)","dtname":"Pithoragarh","capacity_k":25,"discom":"UPCL"}},
{"type":"Feature","geometry":{"type":"Point","coordinates":[79.68392,29.55832]},"properties":{"bpcode":941,"bpname":"Lamgara","dtname":"Almora","capacity_k":25,"discom":"UPCL"}},
{"type":"Feature","geometry":{"type":"Point","coordinates":[79.66334,29.56098]},"properties":{"bpcode":941,"bpname":"Lamgara","dtname":"Almora","capacity_k":25,"discom":"UPCL"}},
{"type":"Feature","geometry":{"type":"Point","coordinates":[79.48572,29.5622]},"properties":{"bpcode":945,"bpname":"Tarikhet","dtname":"Almora","capacity_k":25,"discom":"UPCL"}},
{"type":"Feature","geometry":{"type":"Point","coordinates":[79.96832,29.56512]},"properties":{"bpcode":938,"bpname":"Dhauladevi","dtname":"Almora","capacity_k":25,"discom":"UPCL"}},
{"type":"Feature","geometry":{"type":"Point","coordinates":[79.90955,29.5681]},"properties":{"bpcode":938,"bpname":"Dhauladevi","dtname":"Almora","capacity_k":50,"discom":"UPCL"}},
{"type":"Feature","geometry":{"type":"Point","coordinates":[80.18256,29.56889]},"properties":{"bpcode":1004,"bpname":"Pithoragarh(Bin)","dtname":"Pithoragarh","capacity_k":25,"discom":"UPCL"}},
{"type":"Feature","geometry":{"type":"Point","coordinates":[79.80798,29.56978]},"properties":{"bpcode":938,"bpname":"Dhauladevi","dtname":"Almora","capacity_k":25,"discom":"UPCL"}},
{"type":"Feature","geometry":{"type":"Point","coordinates":[79.15485,29.56981]},"properties":{"bpcode":942,"bpname":"Salt","dtname":"Almora","capacity_k":50,"discom":"UPCL"}},
{"type":"Feature","geometry":{"type":"Point","coordinates":[80.3051,29.57076]},"properties":{"bpcode":1002,"bpname":"Munakot","dtname":"Pithoragarh","capacity_k":25,"discom":"UPCL"}},
{"type":"Feature","geometry":{"type":"Point","coordinates":[80.07274,29.57135]},"properties":{"bpcode":1000,"bpname":"Gangolihat","dtname":"Pithoragarh","capacity_k":25,"discom":"UPCL"}},
{"type":"Feature","geometry":{"type":"Point","coordinates":[79.95245,29.57626]},"properties":{"bpcode":938,"bpname":"Dhauladevi","dtname":"Almora","capacity_k":50,"discom":"UPCL"}},
{"type":"Feature","geometry":{"type":"Point","coordinates":[80.28156,29.57768]},"properties":{"bpcode":1004,"bpname":"Pithoragarh(Bin)","dtname":"Pithoragarh","capacity_k":25,"discom":"UPCL"}},
{"type":"Feature","geometry":{"type":"Point","coordinates":[79.42813,29.57979]},"properties":{"bpcode":945,"bpname":"Tarikhet","dtname":"Almora","capacity_k":25,"discom":"UPCL"}},
{"type":"Feature","geometry":{"type":"Point","coordinates":[79.66768,29.5798]},"properties":{"bpcode":941,"bpname":"Lamgara","dtname":"Almora","capacity_k":25,"discom":"UPCL"}},
{"type":"Feature","geometry":{"type":"Point","coordinates":[79.96598,29.57983]},"properties":{"bpcode":938,"bpname":"Dhauladevi","dtname":"Almora","capacity_k":25,"discom":"UPCL"}},
{"type":"Feature","geometry":{"type":"Point","coordinates":[80.05178,29.58005]},"properties":{"bpcode":1000,"bpname":"Gangolihat","dtname":"Pithoragarh","capacity_k":25,"discom":"UPCL"}},
{"type":"Feature","geometry":{"type":"Point","coordinates":[79.91511,29.58025]},"properties":{"bpcode":938,"bpname":"Dhauladevi","dtname":"Almora","capacity_k":25,"discom":"UPCL"}},
{"type":"Feature","geometry":{"type":"Point","coordinates":[79.98592,29.58082]},"properties":{"bpcode":938,"bpname":"Dhauladevi","dtname":"Almora","capacity_k":25,"discom":"UPCL"}},
{"type":"Feature","geometry":{"type":"Point","coordinates":[80.04151,29.58209]},"properties":{"bpcode":1000,"bpname":"Gangolihat","dtname":"Pithoragarh","capacity_k":25,"discom":"UPCL"}},
{"type":"Feature","geometry":{"type":"Point","coordinates":[79.94251,29.58463]},"properties":{"bpcode":938,"bpname":"Dhauladevi","dtname":"Almora","capacity_k":25,"discom":"UPCL"}},
{"type":"Feature","geometry":{"type":"Point","coordinates":[79.89622,29.5853]},"properties":{"bpcode":938,"bpname":"Dhauladevi","dtname":"Almora","capacity_k":50,"discom":"UPCL"}},
{"type":"Feature","geometry":{"type":"Point","coordinates":[79.70676,29.58648]},"properties":{"bpcode":941,"bpname":"Lamgara","dtname":"Almora","capacity_k":25,"discom":"UPCL"}},
{"type":"Feature","geometry":{"type":"Point","coordinates":[79.65809,29.58903]},"properties":{"bpcode":940,"bpname":"Hawalbag","dtname":"Almora","capacity_k":25,"discom":"UPCL"}},
{"type":"Feature","geometry":{"type":"Point","coordinates":[80.01402,29.5893]},"properties":{"bpcode":1000,"bpname":"Gangolihat","dtname":"Pithoragarh","capacity_k":25,"discom":"UPCL"}},
{"type":"Feature","geometry":{"type":"Point","coordinates":[80.36062,29.5896]},"properties":{"bpcode":1002,"bpname":"Munakot","dtname":"Pithoragarh","capacity_k":25,"discom":"UPCL"}},
{"type":"Feature","geometry":{"type":"Point","coordinates":[79.31641,29.58976]},"properties":{"bpcode":974,"bpname":"Betalghat","dtname":"Nainital","capacity_k":25,"discom":"UPCL"}},
{"type":"Feature","geometry":{"type":"Point","coordinates":[79.66082,29.59085]},"properties":{"bpcode":940,"bpname":"Hawalbag","dtname":"Almora","capacity_k":25,"discom":"UPCL"}},
{"type":"Feature","geometry":{"type":"Point","coordinates":[79.42376,29.59473]},"properties":{"bpcode":945,"bpname":"Tarikhet","dtname":"Almora","capacity_k":25,"discom":"UPCL"}},
{"type":"Feature","geometry":{"type":"Point","coordinates":[80.26924,29.59617]},"properties":{"bpcode":1004,"bpname":"Pithoragarh(Bin)","dtname":"Pithoragarh","capacity_k":25,"discom":"UPCL"}},
{"type":"Feature","geometry":{"type":"Point","coordinates":[79.77319,29.59772]},"properties":{"bpcode":935,"bpname":"Bhisiyachana","dtname":"Almora","capacity_k":25,"discom":"UPCL"}},
{"type":"Feature","geometry":{"type":"Point","coordinates":[79.29492,29.59949]},"properties":{"bpcode":936,"bpname":"Bhikyasain","dtname":"Almora","capacity_k":25,"discom":"UPCL"}},
{"type":"Feature","geometry":{"type":"Point","coordinates":[80.40672,29.59966]},"properties":{"bpcode":1002,"bpname":"Munakot","dtname":"Pithoragarh","capacity_k":25,"discom":"UPCL"}},
{"type":"Feature","geometry":{"type":"Point","coordinates":[79.58537,29.60054]},"properties":{"bpcode":940,"bpname":"Hawalbag","dtname":"Almora","capacity_k":25,"discom":"UPCL"}},
{"type":"Feature","geometry":{"type":"Point","coordinates":[80.24214,29.60069]},"properties":{"bpcode":1004,"bpname":"Pithoragarh(Bin)","dtname":"Pithoragarh","capacity_k":25,"discom":"UPCL"}},
{"type":"Feature","geometry":{"type":"Point","coordinates":[79.63291,29.60258]},"properties":{"bpcode":940,"bpname":"Hawalbag","dtname":"Almora","capacity_k":25,"discom":"UPCL"}},
{"type":"Feature","geometry":{"type":"Point","coordinates":[79.7806,29.6029]},"properties":{"bpcode":938,"bpname":"Dhauladevi","dtname":"Almora","capacity_k":25,"discom":"UPCL"}},
{"type":"Feature","geometry":{"type":"Point","coordinates":[79.82322,29.60407]},"properties":{"bpcode":938,"bpname":"Dhauladevi","dtname":"Almora","capacity_k":25,"discom":"UPCL"}},
{"type":"Feature","geometry":{"type":"Point","coordinates":[79.22557,29.6049]},"properties":{"bpcode":942,"bpname":"Salt","dtname":"Almora","capacity_k":25,"discom":"UPCL"}},
{"type":"Feature","geometry":{"type":"Point","coordinates":[79.86799,29.60969]},"properties":{"bpcode":938,"bpname":"Dhauladevi","dtname":"Almora","capacity_k":25,"discom":"UPCL"}},
{"type":"Feature","geometry":{"type":"Point","coordinates":[79.78609,29.60995]},"properties":{"bpcode":938,"bpname":"Dhauladevi","dtname":"Almora","capacity_k":25,"discom":"UPCL"}},
{"type":"Feature","geometry":{"type":"Point","coordinates":[80.34965,29.61017]},"properties":{"bpcode":1002,"bpname":"Munakot","dtname":"Pithoragarh","capacity_k":25,"discom":"UPCL"}},
{"type":"Feature","geometry":{"type":"Point","coordinates":[79.71374,29.6106]},"properties":{"bpcode":940,"bpname":"Hawalbag","dtname":"Almora","capacity_k":25,"discom":"UPCL"}},
{"type":"Feature","geometry":{"type":"Point","coordinates":[79.42709,29.61404]},"properties":{"bpcode":945,"bpname":"Tarikhet","dtname":"Almora","capacity_k":50,"discom":"UPCL"}},
{"type":"Feature","geometry":{"type":"Point","coordinates":[79.66876,29.61408]},"properties":{"bpcode":940,"bpname":"Hawalbag","dtname":"Almora","capacity_k":25,"discom":"UPCL"}},
{"type":"Feature","geometry":{"type":"Point","coordinates":[79.70818,29.61507]},"properties":{"bpcode":940,"bpname":"Hawalbag","dtname":"Almora","capacity_k":50,"discom":"UPCL"}},
{"type":"Feature","geometry":{"type":"Point","coordinates":[79.00821,29.61528]},"properties":{"bpcode":989,"bpname":"Nanidanda","dtname":"Pauri garhwal","capacity_k":25,"discom":"UPCL"}},
{"type":"Feature","geometry":{"type":"Point","coordinates":[79.23174,29.61579]},"properties":{"bpcode":942,"bpname":"Salt","dtname":"Almora","capacity_k":25,"discom":"UPCL"}},
{"type":"Feature","geometry":{"type":"Point","coordinates":[79.31623,29.61665]},"properties":{"bpcode":936,"bpname":"Bhikyasain","dtname":"Almora","capacity_k":25,"discom":"UPCL"}},
{"type":"Feature","geometry":{"type":"Point","coordinates":[80.07453,29.61681]},"properties":{"bpcode":1000,"bpname":"Gangolihat","dtname":"Pithoragarh","capacity_k":25,"discom":"UPCL"}},
{"type":"Feature","geometry":{"type":"Point","coordinates":[79.8698,29.61767]},"properties":{"bpcode":938,"bpname":"Dhauladevi","dtname":"Almora","capacity_k":25,"discom":"UPCL"}},
{"type":"Feature","geometry":{"type":"Point","coordinates":[80.24327,29.61899]},"properties":{"bpcode":1002,"bpname":"Munakot","dtname":"Pithoragarh","capacity_k":25,"discom":"UPCL"}},
{"type":"Feature","geometry":{"type":"Point","coordinates":[79.74126,29.62066]},"properties":{"bpcode":935,"bpname":"Bhisiyachana","dtname":"Almora","capacity_k":25,"discom":"UPCL"}},
{"type":"Feature","geometry":{"type":"Point","coordinates":[79.65241,29.62238]},"properties":{"bpcode":940,"bpname":"Hawalbag","dtname":"Almora","capacity_k":25,"discom":"UPCL"}},
{"type":"Feature","geometry":{"type":"Point","coordinates":[79.62861,29.62276]},"properties":{"bpcode":940,"bpname":"Hawalbag","dtname":"Almora","capacity_k":25,"discom":"UPCL"}},
{"type":"Feature","geometry":{"type":"Point","coordinates":[79.71175,29.62368]},"properties":{"bpcode":935,"bpname":"Bhisiyachana","dtname":"Almora","capacity_k":25,"discom":"UPCL"}},
{"type":"Feature","geometry":{"type":"Point","coordinates":[79.90153,29.62414]},"properties":{"bpcode":938,"bpname":"Dhauladevi","dtname":"Almora","capacity_k":50,"discom":"UPCL"}},
{"type":"Feature","geometry":{"type":"Point","coordinates":[80.274,29.62447]},"properties":{"bpcode":1002,"bpname":"Munakot","dtname":"Pithoragarh","capacity_k":25,"discom":"UPCL"}},
{"type":"Feature","geometry":{"type":"Point","coordinates":[80.39173,29.62466]},"properties":{"bpcode":1001,"bpname":"Kanalichina","dtname":"Pithoragarh","capacity_k":50,"discom":"UPCL"}},
{"type":"Feature","geometry":{"type":"Point","coordinates":[79.76363,29.62618]},"properties":{"bpcode":935,"bpname":"Bhisiyachana","dtname":"Almora","capacity_k":25,"discom":"UPCL"}},
{"type":"Feature","geometry":{"type":"Point","coordinates":[79.74018,29.62693]},"properties":{"bpcode":935,"bpname":"Bhisiyachana","dtname":"Almora","capacity_k":25,"discom":"UPCL"}},
{"type":"Feature","geometry":{"type":"Point","coordinates":[79.51334,29.62768]},"properties":{"bpcode":939,"bpname":"Dwarahat","dtname":"Almora","capacity_k":25,"discom":"UPCL"}},
{"type":"Feature","geometry":{"type":"Point","coordinates":[79.92175,29.62785]},"properties":{"bpcode":938,"bpname":"Dhauladevi","dtname":"Almora","capacity_k":50,"discom":"UPCL"}},
{"type":"Feature","geometry":{"type":"Point","coordinates":[79.35412,29.62922]},"properties":{"bpcode":945,"bpname":"Tarikhet","dtname":"Almora","capacity_k":25,"discom":"UPCL"}},
{"type":"Feature","geometry":{"type":"Point","coordinates":[79.39698,29.63011]},"properties":{"bpcode":945,"bpname":"Tarikhet","dtname":"Almora","capacity_k":25,"discom":"UPCL"}},
{"type":"Feature","geometry":{"type":"Point","coordinates":[80.32416,29.63065]},"properties":{"bpcode":1002,"bpname":"Munakot","dtname":"Pithoragarh","capacity_k":25,"discom":"UPCL"}},
{"type":"Feature","geometry":{"type":"Point","coordinates":[80.27846,29.63263]},"properties":{"bpcode":1002,"bpname":"Munakot","dtname":"Pithoragarh","capacity_k":25,"discom":"UPCL"}},
{"type":"Feature","geometry":{"type":"Point","coordinates":[80.35481,29.63297]},"properties":{"bpcode":1002,"bpname":"Munakot","dtname":"Pithoragarh","capacity_k":25,"discom":"UPCL"}},
{"type":"Feature","geometry":{"type":"Point","coordinates":[79.86223,29.63365]},"properties":{"bpcode":938,"bpname":"Dhauladevi","dtname":"Almora","capacity_k":25,"discom":"UPCL"}},
{"type":"Feature","geometry":{"type":"Point","coordinates":[79.76448,29.6337]},"properties":{"bpcode":935,"bpname":"Bhisiyachana","dtname":"Almora","capacity_k":25,"discom":"UPCL"}},
{"type":"Feature","geometry":{"type":"Point","coordinates":[79.61572,29.63502]},"properties":{"bpcode":940,"bpname":"Hawalbag","dtname":"Almora","capacity_k":25,"discom":"UPCL"}},
{"type":"Feature","geometry":{"type":"Point","coordinates":[79.8374,29.63555]},"properties":{"bpcode":938,"bpname":"Dhauladevi","dtname":"Almora","capacity_k":50,"discom":"UPCL"}},
{"type":"Feature","geometry":{"type":"Point","coordinates":[79.87643,29.64016]},"properties":{"bpcode":938,"bpname":"Dhauladevi","dtname":"Almora","capacity_k":50,"discom":"UPCL"}},
{"type":"Feature","geometry":{"type":"Point","coordinates":[80.06156,29.64372]},"properties":{"bpcode":1000,"bpname":"Gangolihat","dtname":"Pithoragarh","capacity_k":25,"discom":"UPCL"}},
{"type":"Feature","geometry":{"type":"Point","coordinates":[80.33327,29.64459]},"properties":{"bpcode":1002,"bpname":"Munakot","dtname":"Pithoragarh","capacity_k":50,"discom":"UPCL"}},
{"type":"Feature","geometry":{"type":"Point","coordinates":[80.24613,29.64481]},"properties":{"bpcode":1002,"bpname":"Munakot","dtname":"Pithoragarh","capacity_k":25,"discom":"UPCL"}},
{"type":"Feature","geometry":{"type":"Point","coordinates":[80.33031,29.64542]},"properties":{"bpcode":1002,"bpname":"Munakot","dtname":"Pithoragarh","capacity_k":25,"discom":"UPCL"}},
{"type":"Feature","geometry":{"type":"Point","coordinates":[80.06168,29.64843]},"properties":{"bpcode":1000,"bpname":"Gangolihat","dtname":"Pithoragarh","capacity_k":25,"discom":"UPCL"}},
{"type":"Feature","geometry":{"type":"Point","coordinates":[79.17543,29.64885]},"properties":{"bpcode":942,"bpname":"Salt","dtname":"Almora","capacity_k":25,"discom":"UPCL"}},
{"type":"Feature","geometry":{"type":"Point","coordinates":[79.94887,29.65375]},"properties":{"bpcode":935,"bpname":"Bhisiyachana","dtname":"Almora","capacity_k":25,"discom":"UPCL"}},
{"type":"Feature","geometry":{"type":"Point","coordinates":[80.1173,29.65469]},"properties":{"bpcode":1000,"bpname":"Gangolihat","dtname":"Pithoragarh","capacity_k":25,"discom":"UPCL"}},
{"type":"Feature","geometry":{"type":"Point","coordinates":[79.26912,29.65528]},"properties":{"bpcode":936,"bpname":"Bhikyasain","dtname":"Almora","capacity_k":25,"discom":"UPCL"}},
{"type":"Feature","geometry":{"type":"Point","coordinates":[78.06378,29.65541]},"properties":{"bpcode":970,"bpname":"Khanpur","dtname":"Haridwar","capacity_k":25,"discom":"UPCL"}},
{"type":"Feature","geometry":{"type":"Point","coordinates":[80.24898,29.65554]},"properties":{"bpcode":1002,"bpname":"Munakot","dtname":"Pithoragarh","capacity_k":25,"discom":"UPCL"}},
{"type":"Feature","geometry":{"type":"Point","coordinates":[80.08516,29.6564]},"properties":{"bpcode":1000,"bpname":"Gangolihat","dtname":"Pithoragarh","capacity_k":25,"discom":"UPCL"}},
{"type":"Feature","geometry":{"type":"Point","coordinates":[80.01555,29.65755]},"properties":{"bpcode":1000,"bpname":"Gangolihat","dtname":"Pithoragarh","capacity_k":25,"discom":"UPCL"}},
{"type":"Feature","geometry":{"type":"Point","coordinates":[79.80267,29.65834]},"properties":{"bpcode":935,"bpname":"Bhisiyachana","dtname":"Almora","capacity_k":50,"discom":"UPCL"}},
{"type":"Feature","geometry":{"type":"Point","coordinates":[79.91753,29.65937]},"properties":{"bpcode":938,"bpname":"Dhauladevi","dtname":"Almora","capacity_k":25,"discom":"UPCL"}},
{"type":"Feature","geometry":{"type":"Point","coordinates":[79.9,29.65955]},"properties":{"bpcode":938,"bpname":"Dhauladevi","dtname":"Almora","capacity_k":25,"discom":"UPCL"}},
{"type":"Feature","geometry":{"type":"Point","coordinates":[79.12603,29.65985]},"properties":{"bpcode":942,"bpname":"Salt","dtname":"Almora","capacity_k":50,"discom":"UPCL"}},
{"type":"Feature","geometry":{"type":"Point","coordinates":[80.30779,29.65989]},"properties":{"bpcode":1001,"bpname":"Kanalichina","dtname":"Pithoragarh","capacity_k":25,"discom":"UPCL"}},
{"type":"Feature","geometry":{"type":"Point","coordinates":[80.39558,29.66019]},"properties":{"bpcode":1001,"bpname":"Kanalichina","dtname":"Pithoragarh","capacity_k":50,"discom":"UPCL"}},
{"type":"Feature","geometry":{"type":"Point","coordinates":[80.35719,29.66353]},"properties":{"bpcode":1001,"bpname":"Kanalichina","dtname":"Pithoragarh","capacity_k":25,"discom":"UPCL"}},
{"type":"Feature","geometry":{"type":"Point","coordinates":[79.28017,29.66443]},"properties":{"bpcode":936,"bpname":"Bhikyasain","dtname":"Almora","capacity_k":25,"discom":"UPCL"}},
{"type":"Feature","geometry":{"type":"Point","coordinates":[79.42872,29.66476]},"properties":{"bpcode":945,"bpname":"Tarikhet","dtname":"Almora","capacity_k":25,"discom":"UPCL"}},
{"type":"Feature","geometry":{"type":"Point","coordinates":[80.20507,29.66527]},"properties":{"bpcode":1004,"bpname":"Pithoragarh(Bin)","dtname":"Pithoragarh","capacity_k":25,"discom":"UPCL"}},
{"type":"Feature","geometry":{"type":"Point","coordinates":[80.12476,29.66574]},"properties":{"bpcode":1000,"bpname":"Gangolihat","dtname":"Pithoragarh","capacity_k":25,"discom":"UPCL"}},
{"type":"Feature","geometry":{"type":"Point","coordinates":[80.03714,29.66589]},"properties":{"bpcode":1000,"bpname":"Gangolihat","dtname":"Pithoragarh","capacity_k":25,"discom":"UPCL"}},
{"type":"Feature","geometry":{"type":"Point","coordinates":[80.35733,29.66737]},"properties":{"bpcode":1001,"bpname":"Kanalichina","dtname":"Pithoragarh","capacity_k":25,"discom":"UPCL"}},
{"type":"Feature","geometry":{"type":"Point","coordinates":[79.61655,29.66796]},"properties":{"bpcode":940,"bpname":"Hawalbag","dtname":"Almora","capacity_k":25,"discom":"UPCL"}},
{"type":"Feature","geometry":{"type":"Point","coordinates":[80.22459,29.66815]},"properties":{"bpcode":1001,"bpname":"Kanalichina","dtname":"Pithoragarh","capacity_k":25,"discom":"UPCL"}},
{"type":"Feature","geometry":{"type":"Point","coordinates":[79.58797,29.67182]},"properties":{"bpcode":940,"bpname":"Hawalbag","dtname":"Almora","capacity_k":25,"discom":"UPCL"}},
{"type":"Feature","geometry":{"type":"Point","coordinates":[80.08604,29.67372]},"properties":{"bpcode":1000,"bpname":"Gangolihat","dtname":"Pithoragarh","capacity_k":25,"discom":"UPCL"}},
{"type":"Feature","geometry":{"type":"Point","coordinates":[80.37685,29.67399]},"properties":{"bpcode":1001,"bpname":"Kanalichina","dtname":"Pithoragarh","capacity_k":25,"discom":"UPCL"}},
{"type":"Feature","geometry":{"type":"Point","coordinates":[79.15441,29.67515]},"properties":{"bpcode":942,"bpname":"Salt","dtname":"Almora","capacity_k":25,"discom":"UPCL"}},
{"type":"Feature","geometry":{"type":"Point","coordinates":[79.47729,29.67519]},"properties":{"bpcode":939,"bpname":"Dwarahat","dtname":"Almora","capacity_k":25,"discom":"UPCL"}},
{"type":"Feature","geometry":{"type":"Point","coordinates":[80.36817,29.67551]},"properties":{"bpcode":1001,"bpname":"Kanalichina","dtname":"Pithoragarh","capacity_k":25,"discom":"UPCL"}},
{"type":"Feature","geometry":{"type":"Point","coordinates":[79.94204,29.6759]},"properties":{"bpcode":935,"bpname":"Bhisiyachana","dtname":"Almora","capacity_k":25,"discom":"UPCL"}},
{"type":"Feature","geometry":{"type":"Point","coordinates":[79.40316,29.67707]},"properties":{"bpcode":945,"bpname":"Tarikhet","dtname":"Almora","capacity_k":25,"discom":"UPCL"}},
{"type":"Feature","geometry":{"type":"Point","coordinates":[78.09806,29.67733]},"properties":{"bpcode":971,"bpname":"Laksar","dtname":"Haridwar","capacity_k":25,"discom":"UPCL"}},
{"type":"Feature","geometry":{"type":"Point","coordinates":[80.30645,29.67736]},"properties":{"bpcode":1001,"bpname":"Kanalichina","dtname":"Pithoragarh","capacity_k":25,"discom":"UPCL"}},
{"type":"Feature","geometry":{"type":"Point","coordinates":[80.16796,29.6776]},"properties":{"bpcode":1001,"bpname":"Kanalichina","dtname":"Pithoragarh","capacity_k":25,"discom":"UPCL"}},
{"type":"Feature","geometry":{"type":"Point","coordinates":[80.37436,29.67847]},"properties":{"bpcode":1001,"bpname":"Kanalichina","dtname":"Pithoragarh","capacity_k":25,"discom":"UPCL"}},
{"type":"Feature","geometry":{"type":"Point","coordinates":[79.84836,29.67947]},"properties":{"bpcode":935,"bpname":"Bhisiyachana","dtname":"Almora","capacity_k":50,"discom":"UPCL"}},
{"type":"Feature","geometry":{"type":"Point","coordinates":[79.68545,29.67949]},"properties":{"bpcode":944,"bpname":"Takula","dtname":"Almora","capacity_k":25,"discom":"UPCL"}},
{"type":"Feature","geometry":{"type":"Point","coordinates":[80.29383,29.6795]},"properties":{"bpcode":1001,"bpname":"Kanalichina","dtname":"Pithoragarh","capacity_k":25,"discom":"UPCL"}},
{"type":"Feature","geometry":{"type":"Point","coordinates":[80.00093,29.6826]},"properties":{"bpcode":1000,"bpname":"Gangolihat","dtname":"Pithoragarh","capacity_k":25,"discom":"UPCL"}},
{"type":"Feature","geometry":{"type":"Point","coordinates":[79.22965,29.68285]},"properties":{"bpcode":942,"bpname":"Salt","dtname":"Almora","capacity_k":25,"discom":"UPCL"}},
{"type":"Feature","geometry":{"type":"Point","coordinates":[79.55819,29.68297]},"properties":{"bpcode":940,"bpname":"Hawalbag","dtname":"Almora","capacity_k":25,"discom":"UPCL"}},
{"type":"Feature","geometry":{"type":"Point","coordinates":[78.06192,29.68351]},"properties":{"bpcode":971,"bpname":"Laksar","dtname":"Haridwar","capacity_k":100,"discom":"UPCL"}},
{"type":"Feature","geometry":{"type":"Point","coordinates":[79.93585,29.6859]},"properties":{"bpcode":935,"bpname":"Bhisiyachana","dtname":"Almora","capacity_k":25,"discom":"UPCL"}},
{"type":"Feature","geometry":{"type":"Point","coordinates":[80.03798,29.68592]},"properties":{"bpcode":1000,"bpname":"Gangolihat","dtname":"Pithoragarh","capacity_k":25,"discom":"UPCL"}},
{"type":"Feature","geometry":{"type":"Point","coordinates":[80.3424,29.688]},"properties":{"bpcode":1001,"bpname":"Kanalichina","dtname":"Pithoragarh","capacity_k":25,"discom":"UPCL"}},
{"type":"Feature","geometry":{"type":"Point","coordinates":[79.22515,29.68868]},"properties":{"bpcode":942,"bpname":"Salt","dtname":"Almora","capacity_k":50,"discom":"UPCL"}},
{"type":"Feature","geometry":{"type":"Point","coordinates":[80.36907,29.68929]},"properties":{"bpcode":1001,"bpname":"Kanalichina","dtname":"Pithoragarh","capacity_k":25,"discom":"UPCL"}},
{"type":"Feature","geometry":{"type":"Point","coordinates":[80.20957,29.69113]},"properties":{"bpcode":1001,"bpname":"Kanalichina","dtname":"Pithoragarh","capacity_k":25,"discom":"UPCL"}},
{"type":"Feature","geometry":{"type":"Point","coordinates":[79.20504,29.69206]},"properties":{"bpcode":942,"bpname":"Salt","dtname":"Almora","capacity_k":25,"discom":"UPCL"}},
{"type":"Feature","geometry":{"type":"Point","coordinates":[79.04992,29.69264]},"properties":{"bpcode":989,"bpname":"Nanidanda","dtname":"Pauri garhwal","capacity_k":25,"discom":"UPCL"}},
{"type":"Feature","geometry":{"type":"Point","coordinates":[79.90946,29.69275]},"properties":{"bpcode":935,"bpname":"Bhisiyachana","dtname":"Almora","capacity_k":25,"discom":"UPCL"}},
{"type":"Feature","geometry":{"type":"Point","coordinates":[78.05011,29.69331]},"properties":{"bpcode":971,"bpname":"Laksar","dtname":"Haridwar","capacity_k":25,"discom":"UPCL"}},
{"type":"Feature","geometry":{"type":"Point","coordinates":[77.94425,29.69343]},"properties":{"bpcode":970,"bpname":"Khanpur","dtname":"Haridwar","capacity_k":0,"discom":"UPCL"}},
{"type":"Feature","geometry":{"type":"Point","coordinates":[79.90055,29.69419]},"properties":{"bpcode":935,"bpname":"Bhisiyachana","dtname":"Almora","capacity_k":25,"discom":"UPCL"}},
{"type":"Feature","geometry":{"type":"Point","coordinates":[79.5765,29.69459]},"properties":{"bpcode":940,"bpname":"Hawalbag","dtname":"Almora","capacity_k":25,"discom":"UPCL"}},
{"type":"Feature","geometry":{"type":"Point","coordinates":[80.31671,29.69592]},"properties":{"bpcode":1001,"bpname":"Kanalichina","dtname":"Pithoragarh","capacity_k":25,"discom":"UPCL"}},
{"type":"Feature","geometry":{"type":"Point","coordinates":[79.92926,29.69594]},"properties":{"bpcode":1000,"bpname":"Gangolihat","dtname":"Pithoragarh","capacity_k":25,"discom":"UPCL"}},
{"type":"Feature","geometry":{"type":"Point","coordinates":[79.26692,29.69609]},"properties":{"bpcode":936,"bpname":"Bhikyasain","dtname":"Almora","capacity_k":25,"discom":"UPCL"}},
{"type":"Feature","geometry":{"type":"Point","coordinates":[80.30842,29.69694]},"properties":{"bpcode":1001,"bpname":"Kanalichina","dtname":"Pithoragarh","capacity_k":25,"discom":"UPCL"}},
{"type":"Feature","geometry":{"type":"Point","coordinates":[80.3096,29.69892]},"properties":{"bpcode":1001,"bpname":"Kanalichina","dtname":"Pithoragarh","capacity_k":25,"discom":"UPCL"}},
{"type":"Feature","geometry":{"type":"Point","coordinates":[78.10884,29.699]},"properties":{"bpcode":971,"bpname":"Laksar","dtname":"Haridwar","capacity_k":25,"discom":"UPCL"}},
{"type":"Feature","geometry":{"type":"Point","coordinates":[79.81753,29.69948]},"properties":{"bpcode":935,"bpname":"Bhisiyachana","dtname":"Almora","capacity_k":25,"discom":"UPCL"}},
{"type":"Feature","geometry":{"type":"Point","coordinates":[79.88037,29.70059]},"properties":{"bpcode":935,"bpname":"Bhisiyachana","dtname":"Almora","capacity_k":25,"discom":"UPCL"}},
{"type":"Feature","geometry":{"type":"Point","coordinates":[79.01407,29.70079]},"properties":{"bpcode":989,"bpname":"Nanidanda","dtname":"Pauri garhwal","capacity_k":25,"discom":"UPCL"}},
{"type":"Feature","geometry":{"type":"Point","coordinates":[79.83899,29.70116]},"properties":{"bpcode":935,"bpname":"Bhisiyachana","dtname":"Almora","capacity_k":50,"discom":"UPCL"}},
{"type":"Feature","geometry":{"type":"Point","coordinates":[79.52733,29.70146]},"properties":{"bpcode":939,"bpname":"Dwarahat","dtname":"Almora","capacity_k":25,"discom":"UPCL"}},
{"type":"Feature","geometry":{"type":"Point","coordinates":[79.56137,29.70171]},"properties":{"bpcode":940,"bpname":"Hawalbag","dtname":"Almora","capacity_k":25,"discom":"UPCL"}},
{"type":"Feature","geometry":{"type":"Point","coordinates":[77.99466,29.70219]},"properties":{"bpcode":970,"bpname":"Khanpur","dtname":"Haridwar","capacity_k":50,"discom":"UPCL"}},
{"type":"Feature","geometry":{"type":"Point","coordinates":[79.21293,29.70317]},"properties":{"bpcode":942,"bpname":"Salt","dtname":"Almora","capacity_k":25,"discom":"UPCL"}},
{"type":"Feature","geometry":{"type":"Point","coordinates":[80.23589,29.70345]},"properties":{"bpcode":1001,"bpname":"Kanalichina","dtname":"Pithoragarh","capacity_k":50,"discom":"UPCL"}},
{"type":"Feature","geometry":{"type":"Point","coordinates":[77.98635,29.70405]},"properties":{"bpcode":970,"bpname":"Khanpur","dtname":"Haridwar","capacity_k":25,"discom":"UPCL"}},
{"type":"Feature","geometry":{"type":"Point","coordinates":[79.71956,29.70452]},"properties":{"bpcode":944,"bpname":"Takula","dtname":"Almora","capacity_k":50,"discom":"UPCL"}},
{"type":"Feature","geometry":{"type":"Point","coordinates":[80.1536,29.70638]},"properties":{"bpcode":1001,"bpname":"Kanalichina","dtname":"Pithoragarh","capacity_k":50,"discom":"UPCL"}},
{"type":"Feature","geometry":{"type":"Point","coordinates":[79.48371,29.70856]},"properties":{"bpcode":945,"bpname":"Tarikhet","dtname":"Almora","capacity_k":25,"discom":"UPCL"}},
{"type":"Feature","geometry":{"type":"Point","coordinates":[78.09987,29.70868]},"properties":{"bpcode":971,"bpname":"Laksar","dtname":"Haridwar","capacity_k":25,"discom":"UPCL"}},
{"type":"Feature","geometry":{"type":"Point","coordinates":[79.6365,29.7106]},"properties":{"bpcode":940,"bpname":"Hawalbag","dtname":"Almora","capacity_k":25,"discom":"UPCL"}},
{"type":"Feature","geometry":{"type":"Point","coordinates":[80.11748,29.71062]},"properties":{"bpcode":997,"bpname":"Berinag","dtname":"Pithoragarh","capacity_k":25,"discom":"UPCL"}},
{"type":"Feature","geometry":{"type":"Point","coordinates":[79.50305,29.71062]},"properties":{"bpcode":939,"bpname":"Dwarahat","dtname":"Almora","capacity_k":25,"discom":"UPCL"}},
{"type":"Feature","geometry":{"type":"Point","coordinates":[79.79662,29.71092]},"properties":{"bpcode":946,"bpname":"Bageshwar","dtname":"Bageshwar","capacity_k":25,"discom":"UPCL"}},
{"type":"Feature","geometry":{"type":"Point","coordinates":[79.49041,29.71111]},"properties":{"bpcode":945,"bpname":"Tarikhet","dtname":"Almora","capacity_k":25,"discom":"UPCL"}},
{"type":"Feature","geometry":{"type":"Point","coordinates":[78.12582,29.7119]},"properties":{"bpcode":971,"bpname":"Laksar","dtname":"Haridwar","capacity_k":75,"discom":"UPCL"}},
{"type":"Feature","geometry":{"type":"Point","coordinates":[79.47159,29.71291]},"properties":{"bpcode":939,"bpname":"Dwarahat","dtname":"Almora","capacity_k":25,"discom":"UPCL"}},
{"type":"Feature","geometry":{"type":"Point","coordinates":[79.20376,29.71425]},"properties":{"bpcode":942,"bpname":"Salt","dtname":"Almora","capacity_k":25,"discom":"UPCL"}},
{"type":"Feature","geometry":{"type":"Point","coordinates":[80.18895,29.71445]},"properties":{"bpcode":1001,"bpname":"Kanalichina","dtname":"Pithoragarh","capacity_k":25,"discom":"UPCL"}},
{"type":"Feature","geometry":{"type":"Point","coordinates":[78.06137,29.71536]},"properties":{"bpcode":971,"bpname":"Laksar","dtname":"Haridwar","capacity_k":150,"discom":"UPCL"}},
{"type":"Feature","geometry":{"type":"Point","coordinates":[79.46304,29.71595]},"properties":{"bpcode":939,"bpname":"Dwarahat","dtname":"Almora","capacity_k":50,"discom":"UPCL"}},
{"type":"Feature","geometry":{"type":"Point","coordinates":[78.04796,29.71666]},"properties":{"bpcode":971,"bpname":"Laksar","dtname":"Haridwar","capacity_k":125,"discom":"UPCL"}},
{"type":"Feature","geometry":{"type":"Point","coordinates":[78.11739,29.71776]},"properties":{"bpcode":971,"bpname":"Laksar","dtname":"Haridwar","capacity_k":25,"discom":"UPCL"}},
{"type":"Feature","geometry":{"type":"Point","coordinates":[79.48585,29.7179]},"properties":{"bpcode":939,"bpname":"Dwarahat","dtname":"Almora","capacity_k":25,"discom":"UPCL"}},
{"type":"Feature","geometry":{"type":"Point","coordinates":[79.89717,29.71808]},"properties":{"bpcode":1000,"bpname":"Gangolihat","dtname":"Pithoragarh","capacity_k":25,"discom":"UPCL"}},
{"type":"Feature","geometry":{"type":"Point","coordinates":[77.98977,29.71892]},"properties":{"bpcode":970,"bpname":"Khanpur","dtname":"Haridwar","capacity_k":50,"discom":"UPCL"}},
{"type":"Feature","geometry":{"type":"Point","coordinates":[79.50421,29.71968]},"properties":{"bpcode":939,"bpname":"Dwarahat","dtname":"Almora","capacity_k":25,"discom":"UPCL"}},
{"type":"Feature","geometry":{"type":"Point","coordinates":[79.9772,29.72039]},"properties":{"bpcode":1000,"bpname":"Gangolihat","dtname":"Pithoragarh","capacity_k":25,"discom":"UPCL"}},
{"type":"Feature","geometry":{"type":"Point","coordinates":[77.97211,29.72354]},"properties":{"bpcode":970,"bpname":"Khanpur","dtname":"Haridwar","capacity_k":25,"discom":"UPCL"}},
{"type":"Feature","geometry":{"type":"Point","coordinates":[78.89383,29.72397]},"properties":{"bpcode":993,"bpname":"Rikhanikhal","dtname":"Pauri garhwal","capacity_k":25,"discom":"UPCL"}},
{"type":"Feature","geometry":{"type":"Point","coordinates":[78.11044,29.72419]},"properties":{"bpcode":971,"bpname":"Laksar","dtname":"Haridwar","capacity_k":25,"discom":"UPCL"}},
{"type":"Feature","geometry":{"type":"Point","coordinates":[79.1356,29.72426]},"properties":{"bpcode":942,"bpname":"Salt","dtname":"Almora","capacity_k":25,"discom":"UPCL"}},
{"type":"Feature","geometry":{"type":"Point","coordinates":[79.5068,29.72524]},"properties":{"bpcode":939,"bpname":"Dwarahat","dtname":"Almora","capacity_k":50,"discom":"UPCL"}},
{"type":"Feature","geometry":{"type":"Point","coordinates":[78.99622,29.72787]},"properties":{"bpcode":989,"bpname":"Nanidanda","dtname":"Pauri garhwal","capacity_k":0,"discom":"UPCL"}},
{"type":"Feature","geometry":{"type":"Point","coordinates":[79.6599,29.72865]},"properties":{"bpcode":944,"bpname":"Takula","dtname":"Almora","capacity_k":25,"discom":"UPCL"}},
{"type":"Feature","geometry":{"type":"Point","coordinates":[79.60665,29.72937]},"properties":{"bpcode":944,"bpname":"Takula","dtname":"Almora","capacity_k":25,"discom":"UPCL"}},
{"type":"Feature","geometry":{"type":"Point","coordinates":[78.04422,29.73004]},"properties":{"bpcode":971,"bpname":"Laksar","dtname":"Haridwar","capacity_k":75,"discom":"UPCL"}},
{"type":"Feature","geometry":{"type":"Point","coordinates":[78.09213,29.73039]},"properties":{"bpcode":971,"bpname":"Laksar","dtname":"Haridwar","capacity_k":25,"discom":"UPCL"}},
{"type":"Feature","geometry":{"type":"Point","coordinates":[79.39152,29.73064]},"properties":{"bpcode":939,"bpname":"Dwarahat","dtname":"Almora","capacity_k":50,"discom":"UPCL"}},
{"type":"Feature","geometry":{"type":"Point","coordinates":[79.18962,29.73089]},"properties":{"bpcode":942,"bpname":"Salt","dtname":"Almora","capacity_k":25,"discom":"UPCL"}},
{"type":"Feature","geometry":{"type":"Point","coordinates":[79.39665,29.73146]},"properties":{"bpcode":939,"bpname":"Dwarahat","dtname":"Almora","capacity_k":25,"discom":"UPCL"}},
{"type":"Feature","geometry":{"type":"Point","coordinates":[79.25166,29.73228]},"properties":{"bpcode":942,"bpname":"Salt","dtname":"Almora","capacity_k":50,"discom":"UPCL"}},
{"type":"Feature","geometry":{"type":"Point","coordinates":[79.78077,29.73244]},"properties":{"bpcode":946,"bpname":"Bageshwar","dtname":"Bageshwar","capacity_k":25,"discom":"UPCL"}},
{"type":"Feature","geometry":{"type":"Point","coordinates":[80.332,29.73244]},"properties":{"bpcode":1001,"bpname":"Kanalichina","dtname":"Pithoragarh","capacity_k":25,"discom":"UPCL"}},
{"type":"Feature","geometry":{"type":"Point","coordinates":[79.38785,29.73297]},"properties":{"bpcode":939,"bpname":"Dwarahat","dtname":"Almora","capacity_k":75,"discom":"UPCL"}},
{"type":"Feature","geometry":{"type":"Point","coordinates":[78.15805,29.73357]},"properties":{"bpcode":971,"bpname":"Laksar","dtname":"Haridwar","capacity_k":0,"discom":"UPCL"}},
{"type":"Feature","geometry":{"type":"Point","coordinates":[80.12755,29.73534]},"properties":{"bpcode":997,"bpname":"Berinag","dtname":"Pithoragarh","capacity_k":25,"discom":"UPCL"}},
{"type":"Feature","geometry":{"type":"Point","coordinates":[78.12562,29.73539]},"properties":{"bpcode":971,"bpname":"Laksar","dtname":"Haridwar","capacity_k":25,"discom":"UPCL"}},
{"type":"Feature","geometry":{"type":"Point","coordinates":[79.40788,29.73736]},"properties":{"bpcode":939,"bpname":"Dwarahat","dtname":"Almora","capacity_k":25,"discom":"UPCL"}},
{"type":"Feature","geometry":{"type":"Point","coordinates":[79.59121,29.73761]},"properties":{"bpcode":944,"bpname":"Takula","dtname":"Almora","capacity_k":25,"discom":"UPCL"}},
{"type":"Feature","geometry":{"type":"Point","coordinates":[79.89905,29.74159]},"properties":{"bpcode":1000,"bpname":"Gangolihat","dtname":"Pithoragarh","capacity_k":25,"discom":"UPCL"}},
{"type":"Feature","geometry":{"type":"Point","coordinates":[79.25149,29.74167]},"properties":{"bpcode":936,"bpname":"Bhikyasain","dtname":"Almora","capacity_k":25,"discom":"UPCL"}},
{"type":"Feature","geometry":{"type":"Point","coordinates":[79.54348,29.74331]},"properties":{"bpcode":939,"bpname":"Dwarahat","dtname":"Almora","capacity_k":50,"discom":"UPCL"}},
{"type":"Feature","geometry":{"type":"Point","coordinates":[79.4431,29.74442]},"properties":{"bpcode":939,"bpname":"Dwarahat","dtname":"Almora","capacity_k":50,"discom":"UPCL"}},
{"type":"Feature","geometry":{"type":"Point","coordinates":[80.11783,29.74591]},"properties":{"bpcode":997,"bpname":"Berinag","dtname":"Pithoragarh","capacity_k":25,"discom":"UPCL"}},
{"type":"Feature","geometry":{"type":"Point","coordinates":[78.05735,29.74643]},"properties":{"bpcode":971,"bpname":"Laksar","dtname":"Haridwar","capacity_k":0,"discom":"UPCL"}},
{"type":"Feature","geometry":{"type":"Point","coordinates":[80.13302,29.74651]},"properties":{"bpcode":1001,"bpname":"Kanalichina","dtname":"Pithoragarh","capacity_k":25,"discom":"UPCL"}},
{"type":"Feature","geometry":{"type":"Point","coordinates":[79.88222,29.74654]},"properties":{"bpcode":1000,"bpname":"Gangolihat","dtname":"Pithoragarh","capacity_k":25,"discom":"UPCL"}},
{"type":"Feature","geometry":{"type":"Point","coordinates":[79.69658,29.74712]},"properties":{"bpcode":944,"bpname":"Takula","dtname":"Almora","capacity_k":25,"discom":"UPCL"}},
{"type":"Feature","geometry":{"type":"Point","coordinates":[79.44029,29.74765]},"properties":{"bpcode":939,"bpname":"Dwarahat","dtname":"Almora","capacity_k":50,"discom":"UPCL"}},
{"type":"Feature","geometry":{"type":"Point","coordinates":[79.63277,29.74811]},"properties":{"bpcode":944,"bpname":"Takula","dtname":"Almora","capacity_k":25,"discom":"UPCL"}},
{"type":"Feature","geometry":{"type":"Point","coordinates":[80.09051,29.74812]},"properties":{"bpcode":997,"bpname":"Berinag","dtname":"Pithoragarh","capacity_k":25,"discom":"UPCL"}},
{"type":"Feature","geometry":{"type":"Point","coordinates":[79.49008,29.74851]},"properties":{"bpcode":939,"bpname":"Dwarahat","dtname":"Almora","capacity_k":50,"discom":"UPCL"}},
{"type":"Feature","geometry":{"type":"Point","coordinates":[79.38254,29.75017]},"properties":{"bpcode":939,"bpname":"Dwarahat","dtname":"Almora","capacity_k":25,"discom":"UPCL"}},
{"type":"Feature","geometry":{"type":"Point","coordinates":[80.11241,29.75089]},"properties":{"bpcode":997,"bpname":"Berinag","dtname":"Pithoragarh","capacity_k":25,"discom":"UPCL"}},
{"type":"Feature","geometry":{"type":"Point","coordinates":[79.41661,29.75093]},"properties":{"bpcode":939,"bpname":"Dwarahat","dtname":"Almora","capacity_k":25,"discom":"UPCL"}},
{"type":"Feature","geometry":{"type":"Point","coordinates":[80.29921,29.75107]},"properties":{"bpcode":1001,"bpname":"Kanalichina","dtname":"Pithoragarh","capacity_k":25,"discom":"UPCL"}},
{"type":"Feature","geometry":{"type":"Point","coordinates":[80.12949,29.75247]},"properties":{"bpcode":1001,"bpname":"Kanalichina","dtname":"Pithoragarh","capacity_k":25,"discom":"UPCL"}},
{"type":"Feature","geometry":{"type":"Point","coordinates":[80.20194,29.75306]},"properties":{"bpcode":999,"bpname":"Didihat","dtname":"Pithoragarh","capacity_k":25,"discom":"UPCL"}},
{"type":"Feature","geometry":{"type":"Point","coordinates":[78.97212,29.7532]},"properties":{"bpcode":989,"bpname":"Nanidanda","dtname":"Pauri garhwal","capacity_k":25,"discom":"UPCL"}},
{"type":"Feature","geometry":{"type":"Point","coordinates":[79.4049,29.75506]},"properties":{"bpcode":939,"bpname":"Dwarahat","dtname":"Almora","capacity_k":25,"discom":"UPCL"}},
{"type":"Feature","geometry":{"type":"Point","coordinates":[78.10999,29.7554]},"properties":{"bpcode":971,"bpname":"Laksar","dtname":"Haridwar","capacity_k":75,"discom":"UPCL"}},
{"type":"Feature","geometry":{"type":"Point","coordinates":[79.86129,29.75567]},"properties":{"bpcode":1000,"bpname":"Gangolihat","dtname":"Pithoragarh","capacity_k":25,"discom":"UPCL"}},
{"type":"Feature","geometry":{"type":"Point","coordinates":[79.9474,29.75745]},"properties":{"bpcode":1000,"bpname":"Gangolihat","dtname":"Pithoragarh","capacity_k":50,"discom":"UPCL"}},
{"type":"Feature","geometry":{"type":"Point","coordinates":[79.39901,29.75746]},"properties":{"bpcode":939,"bpname":"Dwarahat","dtname":"Almora","capacity_k":25,"discom":"UPCL"}},
{"type":"Feature","geometry":{"type":"Point","coordinates":[79.86562,29.75955]},"properties":{"bpcode":1000,"bpname":"Gangolihat","dtname":"Pithoragarh","capacity_k":50,"discom":"UPCL"}},
{"type":"Feature","geometry":{"type":"Point","coordinates":[80.05239,29.76119]},"properties":{"bpcode":997,"bpname":"Berinag","dtname":"Pithoragarh","capacity_k":25,"discom":"UPCL"}},
{"type":"Feature","geometry":{"type":"Point","coordinates":[77.83282,29.76166]},"properties":{"bpcode":972,"bpname":"Narsan","dtname":"Haridwar","capacity_k":25,"discom":"UPCL"}},
{"type":"Feature","geometry":{"type":"Point","coordinates":[80.13263,29.76174]},"properties":{"bpcode":999,"bpname":"Didihat","dtname":"Pithoragarh","capacity_k":25,"discom":"UPCL"}},
{"type":"Feature","geometry":{"type":"Point","coordinates":[79.91581,29.76255]},"properties":{"bpcode":1000,"bpname":"Gangolihat","dtname":"Pithoragarh","capacity_k":25,"discom":"UPCL"}},
{"type":"Feature","geometry":{"type":"Point","coordinates":[79.48616,29.76333]},"properties":{"bpcode":939,"bpname":"Dwarahat","dtname":"Almora","capacity_k":25,"discom":"UPCL"}},
{"type":"Feature","geometry":{"type":"Point","coordinates":[79.8994,29.76348]},"properties":{"bpcode":1000,"bpname":"Gangolihat","dtname":"Pithoragarh","capacity_k":25,"discom":"UPCL"}},
{"type":"Feature","geometry":{"type":"Point","coordinates":[79.41944,29.76557]},"properties":{"bpcode":939,"bpname":"Dwarahat","dtname":"Almora","capacity_k":25,"discom":"UPCL"}},
{"type":"Feature","geometry":{"type":"Point","coordinates":[78.12689,29.76569]},"properties":{"bpcode":968,"bpname":"Bahadrabad","dtname":"Haridwar","capacity_k":25,"discom":"UPCL"}},
{"type":"Feature","geometry":{"type":"Point","coordinates":[78.10601,29.76578]},"properties":{"bpcode":968,"bpname":"Bahadrabad","dtname":"Haridwar","capacity_k":25,"discom":"UPCL"}},
{"type":"Feature","geometry":{"type":"Point","coordinates":[80.32088,29.76659]},"properties":{"bpcode":1001,"bpname":"Kanalichina","dtname":"Pithoragarh","capacity_k":25,"discom":"UPCL"}},
{"type":"Feature","geometry":{"type":"Point","coordinates":[79.40324,29.76709]},"properties":{"bpcode":939,"bpname":"Dwarahat","dtname":"Almora","capacity_k":600,"discom":"UPCL"}},
{"type":"Feature","geometry":{"type":"Point","coordinates":[80.02685,29.76795]},"properties":{"bpcode":997,"bpname":"Berinag","dtname":"Pithoragarh","capacity_k":25,"discom":"UPCL"}},
{"type":"Feature","geometry":{"type":"Point","coordinates":[80.2144,29.76811]},"properties":{"bpcode":999,"bpname":"Didihat","dtname":"Pithoragarh","capacity_k":25,"discom":"UPCL"}},
{"type":"Feature","geometry":{"type":"Point","coordinates":[79.38711,29.76942]},"properties":{"bpcode":939,"bpname":"Dwarahat","dtname":"Almora","capacity_k":25,"discom":"UPCL"}},
{"type":"Feature","geometry":{"type":"Point","coordinates":[79.61538,29.77086]},"properties":{"bpcode":944,"bpname":"Takula","dtname":"Almora","capacity_k":25,"discom":"UPCL"}},
{"type":"Feature","geometry":{"type":"Point","coordinates":[79.36025,29.77121]},"properties":{"bpcode":936,"bpname":"Bhikyasain","dtname":"Almora","capacity_k":25,"discom":"UPCL"}},
{"type":"Feature","geometry":{"type":"Point","coordinates":[80.33121,29.77202]},"properties":{"bpcode":1001,"bpname":"Kanalichina","dtname":"Pithoragarh","capacity_k":25,"discom":"UPCL"}},
{"type":"Feature","geometry":{"type":"Point","coordinates":[80.06287,29.77223]},"properties":{"bpcode":997,"bpname":"Berinag","dtname":"Pithoragarh","capacity_k":25,"discom":"UPCL"}},
{"type":"Feature","geometry":{"type":"Point","coordinates":[80.00438,29.77311]},"properties":{"bpcode":997,"bpname":"Berinag","dtname":"Pithoragarh","capacity_k":25,"discom":"UPCL"}},
{"type":"Feature","geometry":{"type":"Point","coordinates":[79.40436,29.77407]},"properties":{"bpcode":939,"bpname":"Dwarahat","dtname":"Almora","capacity_k":25,"discom":"UPCL"}},
{"type":"Feature","geometry":{"type":"Point","coordinates":[79.45073,29.77604]},"properties":{"bpcode":939,"bpname":"Dwarahat","dtname":"Almora","capacity_k":25,"discom":"UPCL"}},
{"type":"Feature","geometry":{"type":"Point","coordinates":[79.19856,29.77621]},"properties":{"bpcode":943,"bpname":"Syaldeh","dtname":"Almora","capacity_k":25,"discom":"UPCL"}},
{"type":"Feature","geometry":{"type":"Point","coordinates":[78.04583,29.77674]},"properties":{"bpcode":971,"bpname":"Laksar","dtname":"Haridwar","capacity_k":25,"discom":"UPCL"}},
{"type":"Feature","geometry":{"type":"Point","coordinates":[79.42933,29.77691]},"properties":{"bpcode":939,"bpname":"Dwarahat","dtname":"Almora","capacity_k":1200,"discom":"UPCL"}},
{"type":"Feature","geometry":{"type":"Point","coordinates":[78.91478,29.77732]},"properties":{"bpcode":993,"bpname":"Rikhanikhal","dtname":"Pauri garhwal","capacity_k":25,"discom":"UPCL"}},
{"type":"Feature","geometry":{"type":"Point","coordinates":[78.23375,29.77807]},"properties":{"bpcode":968,"bpname":"Bahadrabad","dtname":"Haridwar","capacity_k":50,"discom":"UPCL"}},
{"type":"Feature","geometry":{"type":"Point","coordinates":[78.03795,29.77933]},"properties":{"bpcode":971,"bpname":"Laksar","dtname":"Haridwar","capacity_k":25,"discom":"UPCL"}},
{"type":"Feature","geometry":{"type":"Point","coordinates":[78.09569,29.78176]},"properties":{"bpcode":968,"bpname":"Bahadrabad","dtname":"Haridwar","capacity_k":175,"discom":"UPCL"}},
{"type":"Feature","geometry":{"type":"Point","coordinates":[78.85366,29.78476]},"properties":{"bpcode":993,"bpname":"Rikhanikhal","dtname":"Pauri garhwal","capacity_k":25,"discom":"UPCL"}},
{"type":"Feature","geometry":{"type":"Point","coordinates":[79.59449,29.7852]},"properties":{"bpcode":944,"bpname":"Takula","dtname":"Almora","capacity_k":25,"discom":"UPCL"}},
{"type":"Feature","geometry":{"type":"Point","coordinates":[78.08334,29.78524]},"properties":{"bpcode":968,"bpname":"Bahadrabad","dtname":"Haridwar","capacity_k":25,"discom":"UPCL"}},
{"type":"Feature","geometry":{"type":"Point","coordinates":[78.0341,29.78775]},"properties":{"bpcode":971,"bpname":"Laksar","dtname":"Haridwar","capacity_k":25,"discom":"UPCL"}},
{"type":"Feature","geometry":{"type":"Point","coordinates":[77.98898,29.78827]},"properties":{"bpcode":971,"bpname":"Laksar","dtname":"Haridwar","capacity_k":50,"discom":"UPCL"}},
{"type":"Feature","geometry":{"type":"Point","coordinates":[80.30025,29.78961]},"properties":{"bpcode":999,"bpname":"Didihat","dtname":"Pithoragarh","capacity_k":25,"discom":"UPCL"}},
{"type":"Feature","geometry":{"type":"Point","coordinates":[79.68277,29.79155]},"properties":{"bpcode":944,"bpname":"Takula","dtname":"Almora","capacity_k":210,"discom":"TSNPDCL"}},
{"type":"Feature","geometry":{"type":"Point","coordinates":[78.83596,29.79166]},"properties":{"bpcode":996,"bpname":"Jaiharikhal","dtname":"Pauri garhwal","capacity_k":25,"discom":"UPCL"}},
{"type":"Feature","geometry":{"type":"Point","coordinates":[79.65519,29.79297]},"properties":{"bpcode":944,"bpname":"Takula","dtname":"Almora","capacity_k":25,"discom":"UPCL"}},
{"type":"Feature","geometry":{"type":"Point","coordinates":[78.5451,29.79337]},"properties":{"bpcode":983,"bpname":"Duggada","dtname":"Pauri garhwal","capacity_k":25,"discom":"UPCL"}},
{"type":"Feature","geometry":{"type":"Point","coordinates":[80.40043,29.79342]},"properties":{"bpcode":998,"bpname":"Darchula","dtname":"Pithoragarh","capacity_k":25,"discom":"UPCL"}},
{"type":"Feature","geometry":{"type":"Point","coordinates":[79.58432,29.79471]},"properties":{"bpcode":944,"bpname":"Takula","dtname":"Almora","capacity_k":25,"discom":"UPCL"}},
{"type":"Feature","geometry":{"type":"Point","coordinates":[80.13119,29.79777]},"properties":{"bpcode":997,"bpname":"Berinag","dtname":"Pithoragarh","capacity_k":25,"discom":"UPCL"}},
{"type":"Feature","geometry":{"type":"Point","coordinates":[80.25307,29.79956]},"properties":{"bpcode":999,"bpname":"Didihat","dtname":"Pithoragarh","capacity_k":489,"discom":"UPCL"}},
{"type":"Feature","geometry":{"type":"Point","coordinates":[80.15887,29.79988]},"properties":{"bpcode":999,"bpname":"Didihat","dtname":"Pithoragarh","capacity_k":25,"discom":"UPCL"}},
{"type":"Feature","geometry":{"type":"Point","coordinates":[79.38992,29.79999]},"properties":{"bpcode":939,"bpname":"Dwarahat","dtname":"Almora","capacity_k":25,"discom":"UPCL"}},
{"type":"Feature","geometry":{"type":"Point","coordinates":[80.04977,29.80219]},"properties":{"bpcode":997,"bpname":"Berinag","dtname":"Pithoragarh","capacity_k":25,"discom":"UPCL"}},
{"type":"Feature","geometry":{"type":"Point","coordinates":[80.24816,29.80422]},"properties":{"bpcode":999,"bpname":"Didihat","dtname":"Pithoragarh","capacity_k":163,"discom":"UPCL"}},
{"type":"Feature","geometry":{"type":"Point","coordinates":[80.30943,29.80451]},"properties":{"bpcode":999,"bpname":"Didihat","dtname":"Pithoragarh","capacity_k":25,"discom":"UPCL"}},
{"type":"Feature","geometry":{"type":"Point","coordinates":[77.99507,29.80636]},"properties":{"bpcode":971,"bpname":"Laksar","dtname":"Haridwar","capacity_k":25,"discom":"UPCL"}},
{"type":"Feature","geometry":{"type":"Point","coordinates":[80.42457,29.80662]},"properties":{"bpcode":998,"bpname":"Darchula","dtname":"Pithoragarh","capacity_k":50,"discom":"UPCL"}},
{"type":"Feature","geometry":{"type":"Point","coordinates":[78.89292,29.80695]},"properties":{"bpcode":993,"bpname":"Rikhanikhal","dtname":"Pauri garhwal","capacity_k":25,"discom":"UPCL"}},
{"type":"Feature","geometry":{"type":"Point","coordinates":[78.0111,29.80861]},"properties":{"bpcode":968,"bpname":"Bahadrabad","dtname":"Haridwar","capacity_k":25,"discom":"UPCL"}},
{"type":"Feature","geometry":{"type":"Point","coordinates":[80.14087,29.80905]},"properties":{"bpcode":999,"bpname":"Didihat","dtname":"Pithoragarh","capacity_k":25,"discom":"UPCL"}},
{"type":"Feature","geometry":{"type":"Point","coordinates":[80.13026,29.81186]},"properties":{"bpcode":997,"bpname":"Berinag","dtname":"Pithoragarh","capacity_k":50,"discom":"UPCL"}},
{"type":"Feature","geometry":{"type":"Point","coordinates":[79.64322,29.81351]},"properties":{"bpcode":944,"bpname":"Takula","dtname":"Almora","capacity_k":25,"discom":"UPCL"}},
{"type":"Feature","geometry":{"type":"Point","coordinates":[77.97505,29.81585]},"properties":{"bpcode":971,"bpname":"Laksar","dtname":"Haridwar","capacity_k":25,"discom":"UPCL"}},
{"type":"Feature","geometry":{"type":"Point","coordinates":[79.71154,29.81596]},"properties":{"bpcode":946,"bpname":"Bageshwar","dtname":"Bageshwar","capacity_k":25,"discom":"UPCL"}},
{"type":"Feature","geometry":{"type":"Point","coordinates":[80.16483,29.8174]},"properties":{"bpcode":999,"bpname":"Didihat","dtname":"Pithoragarh","capacity_k":25,"discom":"UPCL"}},
{"type":"Feature","geometry":{"type":"Point","coordinates":[80.04665,29.81945]},"properties":{"bpcode":997,"bpname":"Berinag","dtname":"Pithoragarh","capacity_k":25,"discom":"UPCL"}},
{"type":"Feature","geometry":{"type":"Point","coordinates":[78.54014,29.82194]},"properties":{"bpcode":983,"bpname":"Duggada","dtname":"Pauri garhwal","capacity_k":25,"discom":"UPCL"}},
{"type":"Feature","geometry":{"type":"Point","coordinates":[80.04946,29.82463]},"properties":{"bpcode":997,"bpname":"Berinag","dtname":"Pithoragarh","capacity_k":25,"discom":"UPCL"}},
{"type":"Feature","geometry":{"type":"Point","coordinates":[80.06936,29.82579]},"properties":{"bpcode":997,"bpname":"Berinag","dtname":"Pithoragarh","capacity_k":25,"discom":"UPCL"}},
{"type":"Feature","geometry":{"type":"Point","coordinates":[80.50858,29.82687]},"properties":{"bpcode":998,"bpname":"Darchula","dtname":"Pithoragarh","capacity_k":25,"discom":"UPCL"}},
{"type":"Feature","geometry":{"type":"Point","coordinates":[78.80169,29.82699]},"properties":{"bpcode":996,"bpname":"Jaiharikhal","dtname":"Pauri garhwal","capacity_k":25,"discom":"UPCL"}},
{"type":"Feature","geometry":{"type":"Point","coordinates":[79.96737,29.82999]},"properties":{"bpcode":946,"bpname":"Bageshwar","dtname":"Bageshwar","capacity_k":25,"discom":"UPCL"}},
{"type":"Feature","geometry":{"type":"Point","coordinates":[78.65613,29.83194]},"properties":{"bpcode":984,"bpname":"Dwarikhal","dtname":"Pauri garhwal","capacity_k":25,"discom":"UPCL"}},
{"type":"Feature","geometry":{"type":"Point","coordinates":[80.462,29.83407]},"properties":{"bpcode":998,"bpname":"Darchula","dtname":"Pithoragarh","capacity_k":50,"discom":"UPCL"}},
{"type":"Feature","geometry":{"type":"Point","coordinates":[78.68806,29.83539]},"properties":{"bpcode":996,"bpname":"Jaiharikhal","dtname":"Pauri garhwal","capacity_k":300,"discom":"UPCL"}},
{"type":"Feature","geometry":{"type":"Point","coordinates":[80.20084,29.83592]},"properties":{"bpcode":999,"bpname":"Didihat","dtname":"Pithoragarh","capacity_k":25,"discom":"UPCL"}},
{"type":"Feature","geometry":{"type":"Point","coordinates":[78.68481,29.83626]},"properties":{"bpcode":996,"bpname":"Jaiharikhal","dtname":"Pauri garhwal","capacity_k":600,"discom":"UPCL"}},
{"type":"Feature","geometry":{"type":"Point","coordinates":[79.73666,29.8368]},"properties":{"bpcode":946,"bpname":"Bageshwar","dtname":"Bageshwar","capacity_k":25,"discom":"UPCL"}},
{"type":"Feature","geometry":{"type":"Point","coordinates":[79.77629,29.84063]},"properties":{"bpcode":946,"bpname":"Bageshwar","dtname":"Bageshwar","capacity_k":650,"discom":"UPCL"}},
{"type":"Feature","geometry":{"type":"Point","coordinates":[77.7586,29.84081]},"properties":{"bpcode":969,"bpname":"Bhagwanpur","dtname":"Haridwar","capacity_k":25,"discom":"UPCL"}},
{"type":"Feature","geometry":{"type":"Point","coordinates":[80.14277,29.84284]},"properties":{"bpcode":997,"bpname":"Berinag","dtname":"Pithoragarh","capacity_k":50,"discom":"UPCL"}},
{"type":"Feature","geometry":{"type":"Point","coordinates":[80.15697,29.84305]},"properties":{"bpcode":999,"bpname":"Didihat","dtname":"Pithoragarh","capacity_k":25,"discom":"UPCL"}},
{"type":"Feature","geometry":{"type":"Point","coordinates":[80.17417,29.84372]},"properties":{"bpcode":999,"bpname":"Didihat","dtname":"Pithoragarh","capacity_k":25,"discom":"UPCL"}},
{"type":"Feature","geometry":{"type":"Point","coordinates":[79.16475,29.84561]},"properties":{"bpcode":943,"bpname":"Syaldeh","dtname":"Almora","capacity_k":25,"discom":"UPCL"}},
{"type":"Feature","geometry":{"type":"Point","coordinates":[79.60108,29.84746]},"properties":{"bpcode":947,"bpname":"Garur","dtname":"Bageshwar","capacity_k":25,"discom":"UPCL"}},
{"type":"Feature","geometry":{"type":"Point","coordinates":[78.45769,29.84776]},"properties":{"bpcode":983,"bpname":"Duggada","dtname":"Pauri garhwal","capacity_k":25,"discom":"UPCL"}},
{"type":"Feature","geometry":{"type":"Point","coordinates":[78.62777,29.84778]},"properties":{"bpcode":984,"bpname":"Dwarikhal","dtname":"Pauri garhwal","capacity_k":25,"discom":"UPCL"}},
{"type":"Feature","geometry":{"type":"Point","coordinates":[80.53906,29.84814]},"properties":{"bpcode":998,"bpname":"Darchula","dtname":"Pithoragarh","capacity_k":189,"discom":"UPCL"}},
{"type":"Feature","geometry":{"type":"Point","coordinates":[80.12553,29.8482]},"properties":{"bpcode":997,"bpname":"Berinag","dtname":"Pithoragarh","capacity_k":25,"discom":"UPCL"}},
{"type":"Feature","geometry":{"type":"Point","coordinates":[79.38401,29.84846]},"properties":{"bpcode":937,"bpname":"Chaukhutia","dtname":"Almora","capacity_k":25,"discom":"UPCL"}},
{"type":"Feature","geometry":{"type":"Point","coordinates":[80.11452,29.84965]},"properties":{"bpcode":997,"bpname":"Berinag","dtname":"Pithoragarh","capacity_k":25,"discom":"UPCL"}},
{"type":"Feature","geometry":{"type":"Point","coordinates":[80.21575,29.85029]},"properties":{"bpcode":999,"bpname":"Didihat","dtname":"Pithoragarh","capacity_k":25,"discom":"UPCL"}},
{"type":"Feature","geometry":{"type":"Point","coordinates":[78.13015,29.8538]},"properties":{"bpcode":968,"bpname":"Bahadrabad","dtname":"Haridwar","capacity_k":25,"discom":"UPCL"}},
{"type":"Feature","geometry":{"type":"Point","coordinates":[78.61646,29.85488]},"properties":{"bpcode":984,"bpname":"Dwarikhal","dtname":"Pauri garhwal","capacity_k":25,"discom":"UPCL"}},
{"type":"Feature","geometry":{"type":"Point","coordinates":[78.4519,29.85504]},"properties":{"bpcode":983,"bpname":"Duggada","dtname":"Pauri garhwal","capacity_k":25,"discom":"UPCL"}},
{"type":"Feature","geometry":{"type":"Point","coordinates":[77.85775,29.85517]},"properties":{"bpcode":973,"bpname":"Roorkee","dtname":"Haridwar","capacity_k":125,"discom":"UPCL"}},
{"type":"Feature","geometry":{"type":"Point","coordinates":[79.24233,29.85557]},"properties":{"bpcode":943,"bpname":"Syaldeh","dtname":"Almora","capacity_k":25,"discom":"UPCL"}},
{"type":"Feature","geometry":{"type":"Point","coordinates":[78.1449,29.85604]},"properties":{"bpcode":968,"bpname":"Bahadrabad","dtname":"Haridwar","capacity_k":25,"discom":"UPCL"}},
{"type":"Feature","geometry":{"type":"Point","coordinates":[78.43041,29.85662]},"properties":{"bpcode":983,"bpname":"Duggada","dtname":"Pauri garhwal","capacity_k":50,"discom":"UPCL"}},
{"type":"Feature","geometry":{"type":"Point","coordinates":[79.6315,29.85911]},"properties":{"bpcode":947,"bpname":"Garur","dtname":"Bageshwar","capacity_k":25,"discom":"UPCL"}},
{"type":"Feature","geometry":{"type":"Point","coordinates":[78.62428,29.85941]},"properties":{"bpcode":984,"bpname":"Dwarikhal","dtname":"Pauri garhwal","capacity_k":25,"discom":"UPCL"}},
{"type":"Feature","geometry":{"type":"Point","coordinates":[78.46819,29.86555]},"properties":{"bpcode":983,"bpname":"Duggada","dtname":"Pauri garhwal","capacity_k":75,"discom":"UPCL"}},
{"type":"Feature","geometry":{"type":"Point","coordinates":[79.21612,29.86802]},"properties":{"bpcode":943,"bpname":"Syaldeh","dtname":"Almora","capacity_k":25,"discom":"UPCL"}},
{"type":"Feature","geometry":{"type":"Point","coordinates":[78.53374,29.8684]},"properties":{"bpcode":983,"bpname":"Duggada","dtname":"Pauri garhwal","capacity_k":25,"discom":"UPCL"}},
{"type":"Feature","geometry":{"type":"Point","coordinates":[77.9016,29.87041]},"properties":{"bpcode":973,"bpname":"Roorkee","dtname":"Haridwar","capacity_k":1440,"discom":"UPCL"}},
{"type":"Feature","geometry":{"type":"Point","coordinates":[80.01608,29.87176]},"properties":{"bpcode":997,"bpname":"Berinag","dtname":"Pithoragarh","capacity_k":25,"discom":"UPCL"}},
{"type":"Feature","geometry":{"type":"Point","coordinates":[79.4564,29.87319]},"properties":{"bpcode":937,"bpname":"Chaukhutia","dtname":"Almora","capacity_k":75,"discom":"UPCL"}},
{"type":"Feature","geometry":{"type":"Point","coordinates":[79.27154,29.87531]},"properties":{"bpcode":943,"bpname":"Syaldeh","dtname":"Almora","capacity_k":50,"discom":"UPCL"}},
{"type":"Feature","geometry":{"type":"Point","coordinates":[79.23385,29.87589]},"properties":{"bpcode":943,"bpname":"Syaldeh","dtname":"Almora","capacity_k":25,"discom":"UPCL"}},
{"type":"Feature","geometry":{"type":"Point","coordinates":[79.20319,29.87694]},"properties":{"bpcode":943,"bpname":"Syaldeh","dtname":"Almora","capacity_k":25,"discom":"UPCL"}},
{"type":"Feature","geometry":{"type":"Point","coordinates":[78.54578,29.87702]},"properties":{"bpcode":984,"bpname":"Dwarikhal","dtname":"Pauri garhwal","capacity_k":63,"discom":"UPCL"}},
{"type":"Feature","geometry":{"type":"Point","coordinates":[79.08159,29.87781]},"properties":{"bpcode":943,"bpname":"Syaldeh","dtname":"Almora","capacity_k":25,"discom":"UPCL"}},
{"type":"Feature","geometry":{"type":"Point","coordinates":[79.37716,29.88072]},"properties":{"bpcode":937,"bpname":"Chaukhutia","dtname":"Almora","capacity_k":25,"discom":"UPCL"}},
{"type":"Feature","geometry":{"type":"Point","coordinates":[79.61874,29.88223]},"properties":{"bpcode":947,"bpname":"Garur","dtname":"Bageshwar","capacity_k":25,"discom":"UPCL"}},
{"type":"Feature","geometry":{"type":"Point","coordinates":[79.13606,29.88366]},"properties":{"bpcode":943,"bpname":"Syaldeh","dtname":"Almora","capacity_k":25,"discom":"UPCL"}},
{"type":"Feature","geometry":{"type":"Point","coordinates":[80.55342,29.88429]},"properties":{"bpcode":998,"bpname":"Darchula","dtname":"Pithoragarh","capacity_k":100,"discom":"UPCL"}},
{"type":"Feature","geometry":{"type":"Point","coordinates":[79.22236,29.88496]},"properties":{"bpcode":943,"bpname":"Syaldeh","dtname":"Almora","capacity_k":25,"discom":"UPCL"}},
{"type":"Feature","geometry":{"type":"Point","coordinates":[80.15716,29.88578]},"properties":{"bpcode":1003,"bpname":"Munsyari","dtname":"Pithoragarh","capacity_k":50,"discom":"UPCL"}},
{"type":"Feature","geometry":{"type":"Point","coordinates":[77.77424,29.88751]},"properties":{"bpcode":969,"bpname":"Bhagwanpur","dtname":"Haridwar","capacity_k":25,"discom":"UPCL"}},
{"type":"Feature","geometry":{"type":"Point","coordinates":[78.59748,29.88764]},"properties":{"bpcode":984,"bpname":"Dwarikhal","dtname":"Pauri garhwal","capacity_k":25,"discom":"UPCL"}},
{"type":"Feature","geometry":{"type":"Point","coordinates":[80.19437,29.88889]},"properties":{"bpcode":1003,"bpname":"Munsyari","dtname":"Pithoragarh","capacity_k":50,"discom":"UPCL"}},
{"type":"Feature","geometry":{"type":"Point","coordinates":[79.95381,29.88963]},"properties":{"bpcode":948,"bpname":"Kapkot","dtname":"Bageshwar","capacity_k":50,"discom":"UPCL"}},
{"type":"Feature","geometry":{"type":"Point","coordinates":[79.76271,29.89026]},"properties":{"bpcode":946,"bpname":"Bageshwar","dtname":"Bageshwar","capacity_k":50,"discom":"UPCL"}},
{"type":"Feature","geometry":{"type":"Point","coordinates":[78.63298,29.89941]},"properties":{"bpcode":984,"bpname":"Dwarikhal","dtname":"Pauri garhwal","capacity_k":25,"discom":"UPCL"}},
{"type":"Feature","geometry":{"type":"Point","coordinates":[78.85907,29.9016]},"properties":{"bpcode":985,"bpname":"Ekeshwar","dtname":"Pauri garhwal","capacity_k":63,"discom":"UPCL"}},
{"type":"Feature","geometry":{"type":"Point","coordinates":[79.79614,29.90193]},"properties":{"bpcode":946,"bpname":"Bageshwar","dtname":"Bageshwar","capacity_k":50,"discom":"UPCL"}},
{"type":"Feature","geometry":{"type":"Point","coordinates":[78.03542,29.90256]},"properties":{"bpcode":968,"bpname":"Bahadrabad","dtname":"Haridwar","capacity_k":25,"discom":"UPCL"}},
{"type":"Feature","geometry":{"type":"Point","coordinates":[78.11538,29.90657]},"properties":{"bpcode":968,"bpname":"Bahadrabad","dtname":"Haridwar","capacity_k":125,"discom":"UPCL"}},
{"type":"Feature","geometry":{"type":"Point","coordinates":[77.76782,29.90699]},"properties":{"bpcode":969,"bpname":"Bhagwanpur","dtname":"Haridwar","capacity_k":25,"discom":"UPCL"}},
{"type":"Feature","geometry":{"type":"Point","coordinates":[79.69613,29.9072]},"properties":{"bpcode":947,"bpname":"Garur","dtname":"Bageshwar","capacity_k":75,"discom":"UPCL"}},
{"type":"Feature","geometry":{"type":"Point","coordinates":[77.74588,29.90731]},"properties":{"bpcode":969,"bpname":"Bhagwanpur","dtname":"Haridwar","capacity_k":25,"discom":"UPCL"}},
{"type":"Feature","geometry":{"type":"Point","coordinates":[80.55485,29.90813]},"properties":{"bpcode":998,"bpname":"Darchula","dtname":"Pithoragarh","capacity_k":25,"discom":"UPCL"}},
{"type":"Feature","geometry":{"type":"Point","coordinates":[80.16321,29.90895]},"properties":{"bpcode":1003,"bpname":"Munsyari","dtname":"Pithoragarh","capacity_k":25,"discom":"UPCL"}},
{"type":"Feature","geometry":{"type":"Point","coordinates":[80.18927,29.90936]},"properties":{"bpcode":1003,"bpname":"Munsyari","dtname":"Pithoragarh","capacity_k":75,"discom":"UPCL"}},
{"type":"Feature","geometry":{"type":"Point","coordinates":[79.99364,29.91137]},"properties":{"bpcode":948,"bpname":"Kapkot","dtname":"Bageshwar","capacity_k":25,"discom":"UPCL"}},
{"type":"Feature","geometry":{"type":"Point","coordinates":[79.81504,29.9114]},"properties":{"bpcode":948,"bpname":"Kapkot","dtname":"Bageshwar","capacity_k":25,"discom":"UPCL"}},
{"type":"Feature","geometry":{"type":"Point","coordinates":[79.89571,29.9134]},"properties":{"bpcode":948,"bpname":"Kapkot","dtname":"Bageshwar","capacity_k":25,"discom":"UPCL"}},
{"type":"Feature","geometry":{"type":"Point","coordinates":[79.56302,29.91361]},"properties":{"bpcode":947,"bpname":"Garur","dtname":"Bageshwar","capacity_k":25,"discom":"UPCL"}},
{"type":"Feature","geometry":{"type":"Point","coordinates":[79.2289,29.91448]},"properties":{"bpcode":943,"bpname":"Syaldeh","dtname":"Almora","capacity_k":25,"discom":"UPCL"}},
{"type":"Feature","geometry":{"type":"Point","coordinates":[78.61824,29.91551]},"properties":{"bpcode":984,"bpname":"Dwarikhal","dtname":"Pauri garhwal","capacity_k":25,"discom":"UPCL"}},
{"type":"Feature","geometry":{"type":"Point","coordinates":[77.80496,29.91819]},"properties":{"bpcode":969,"bpname":"Bhagwanpur","dtname":"Haridwar","capacity_k":100,"discom":"UPCL"}},
{"type":"Feature","geometry":{"type":"Point","coordinates":[79.2434,29.91854]},"properties":{"bpcode":943,"bpname":"Syaldeh","dtname":"Almora","capacity_k":25,"discom":"UPCL"}},
{"type":"Feature","geometry":{"type":"Point","coordinates":[79.21839,29.91972]},"properties":{"bpcode":943,"bpname":"Syaldeh","dtname":"Almora","capacity_k":25,"discom":"UPCL"}},
{"type":"Feature","geometry":{"type":"Point","coordinates":[77.78114,29.92117]},"properties":{"bpcode":969,"bpname":"Bhagwanpur","dtname":"Haridwar","capacity_k":100,"discom":"UPCL"}},
{"type":"Feature","geometry":{"type":"Point","coordinates":[79.797,29.92165]},"properties":{"bpcode":948,"bpname":"Kapkot","dtname":"Bageshwar","capacity_k":25,"discom":"UPCL"}},
{"type":"Feature","geometry":{"type":"Point","coordinates":[79.23627,29.92313]},"properties":{"bpcode":943,"bpname":"Syaldeh","dtname":"Almora","capacity_k":25,"discom":"UPCL"}},
{"type":"Feature","geometry":{"type":"Point","coordinates":[80.10931,29.92424]},"properties":{"bpcode":948,"bpname":"Kapkot","dtname":"Bageshwar","capacity_k":25,"discom":"UPCL"}},
{"type":"Feature","geometry":{"type":"Point","coordinates":[79.67619,29.92467]},"properties":{"bpcode":947,"bpname":"Garur","dtname":"Bageshwar","capacity_k":25,"discom":"UPCL"}},
{"type":"Feature","geometry":{"type":"Point","coordinates":[80.56251,29.92712]},"properties":{"bpcode":998,"bpname":"Darchula","dtname":"Pithoragarh","capacity_k":25,"discom":"UPCL"}},
{"type":"Feature","geometry":{"type":"Point","coordinates":[77.77641,29.92942]},"properties":{"bpcode":969,"bpname":"Bhagwanpur","dtname":"Haridwar","capacity_k":25,"discom":"UPCL"}},
{"type":"Feature","geometry":{"type":"Point","coordinates":[77.79035,29.93142]},"properties":{"bpcode":969,"bpname":"Bhagwanpur","dtname":"Haridwar","capacity_k":50,"discom":"UPCL"}},
{"type":"Feature","geometry":{"type":"Point","coordinates":[78.14994,29.93206]},"properties":{"bpcode":968,"bpname":"Bahadrabad","dtname":"Haridwar","capacity_k":20300,"discom":"UPCL"}},
{"type":"Feature","geometry":{"type":"Point","coordinates":[79.72863,29.93554]},"properties":{"bpcode":947,"bpname":"Garur","dtname":"Bageshwar","capacity_k":25,"discom":"UPCL"}},
{"type":"Feature","geometry":{"type":"Point","coordinates":[79.65834,29.93633]},"properties":{"bpcode":947,"bpname":"Garur","dtname":"Bageshwar","capacity_k":50,"discom":"UPCL"}},
{"type":"Feature","geometry":{"type":"Point","coordinates":[77.75668,29.938]},"properties":{"bpcode":969,"bpname":"Bhagwanpur","dtname":"Haridwar","capacity_k":25,"discom":"UPCL"}},
{"type":"Feature","geometry":{"type":"Point","coordinates":[79.32783,29.94029]},"properties":{"bpcode":951,"bpname":"Gairsain","dtname":"Chamoli","capacity_k":25,"discom":"UPCL"}},
{"type":"Feature","geometry":{"type":"Point","coordinates":[77.81618,29.94144]},"properties":{"bpcode":969,"bpname":"Bhagwanpur","dtname":"Haridwar","capacity_k":75,"discom":"UPCL"}},
{"type":"Feature","geometry":{"type":"Point","coordinates":[79.67435,29.94625]},"properties":{"bpcode":947,"bpname":"Garur","dtname":"Bageshwar","capacity_k":25,"discom":"UPCL"}},
{"type":"Feature","geometry":{"type":"Point","coordinates":[79.5514,29.94721]},"properties":{"bpcode":947,"bpname":"Garur","dtname":"Bageshwar","capacity_k":25,"discom":"UPCL"}},
{"type":"Feature","geometry":{"type":"Point","coordinates":[79.26528,29.94762]},"properties":{"bpcode":943,"bpname":"Syaldeh","dtname":"Almora","capacity_k":25,"discom":"UPCL"}},
{"type":"Feature","geometry":{"type":"Point","coordinates":[80.58392,29.94819]},"properties":{"bpcode":998,"bpname":"Darchula","dtname":"Pithoragarh","capacity_k":50,"discom":"UPCL"}},
{"type":"Feature","geometry":{"type":"Point","coordinates":[79.89497,29.94951]},"properties":{"bpcode":948,"bpname":"Kapkot","dtname":"Bageshwar","capacity_k":50,"discom":"UPCL"}},
{"type":"Feature","geometry":{"type":"Point","coordinates":[80.10089,29.94987]},"properties":{"bpcode":948,"bpname":"Kapkot","dtname":"Bageshwar","capacity_k":25,"discom":"UPCL"}},
{"type":"Feature","geometry":{"type":"Point","coordinates":[77.99698,29.95126]},"properties":{"bpcode":968,"bpname":"Bahadrabad","dtname":"Haridwar","capacity_k":75,"discom":"UPCL"}},
{"type":"Feature","geometry":{"type":"Point","coordinates":[79.96519,29.95132]},"properties":{"bpcode":948,"bpname":"Kapkot","dtname":"Bageshwar","capacity_k":25,"discom":"UPCL"}},
{"type":"Feature","geometry":{"type":"Point","coordinates":[77.74445,29.95328]},"properties":{"bpcode":969,"bpname":"Bhagwanpur","dtname":"Haridwar","capacity_k":0,"discom":"UPCL"}},
{"type":"Feature","geometry":{"type":"Point","coordinates":[79.39616,29.95343]},"properties":{"bpcode":951,"bpname":"Gairsain","dtname":"Chamoli","capacity_k":25,"discom":"UPCL"}},
{"type":"Feature","geometry":{"type":"Point","coordinates":[79.42029,29.95348]},"properties":{"bpcode":951,"bpname":"Gairsain","dtname":"Chamoli","capacity_k":25,"discom":"UPCL"}},
{"type":"Feature","geometry":{"type":"Point","coordinates":[79.3988,29.95596]},"properties":{"bpcode":951,"bpname":"Gairsain","dtname":"Chamoli","capacity_k":25,"discom":"UPCL"}},
{"type":"Feature","geometry":{"type":"Point","coordinates":[78.48776,29.95731]},"properties":{"bpcode":995,"bpname":"Yamkeshwar","dtname":"Pauri garhwal","capacity_k":25,"discom":"UPCL"}},
{"type":"Feature","geometry":{"type":"Point","coordinates":[77.74753,29.96077]},"properties":{"bpcode":969,"bpname":"Bhagwanpur","dtname":"Haridwar","capacity_k":0,"discom":"UPCL"}},
{"type":"Feature","geometry":{"type":"Point","coordinates":[79.43046,29.96088]},"properties":{"bpcode":951,"bpname":"Gairsain","dtname":"Chamoli","capacity_k":25,"discom":"UPCL"}},
{"type":"Feature","geometry":{"type":"Point","coordinates":[79.5754,29.96102]},"properties":{"bpcode":947,"bpname":"Garur","dtname":"Bageshwar","capacity_k":50,"discom":"UPCL"}},
{"type":"Feature","geometry":{"type":"Point","coordinates":[80.07196,29.96399]},"properties":{"bpcode":948,"bpname":"Kapkot","dtname":"Bageshwar","capacity_k":25,"discom":"UPCL"}},
{"type":"Feature","geometry":{"type":"Point","coordinates":[79.15697,29.96468]},"properties":{"bpcode":994,"bpname":"Thalisain","dtname":"Pauri garhwal","capacity_k":25,"discom":"UPCL"}},
{"type":"Feature","geometry":{"type":"Point","coordinates":[79.22424,29.96619]},"properties":{"bpcode":994,"bpname":"Thalisain","dtname":"Pauri garhwal","capacity_k":25,"discom":"UPCL"}},
{"type":"Feature","geometry":{"type":"Point","coordinates":[79.23834,29.96661]},"properties":{"bpcode":943,"bpname":"Syaldeh","dtname":"Almora","capacity_k":25,"discom":"UPCL"}},
{"type":"Feature","geometry":{"type":"Point","coordinates":[79.16354,29.96701]},"properties":{"bpcode":994,"bpname":"Thalisain","dtname":"Pauri garhwal","capacity_k":25,"discom":"UPCL"}},
{"type":"Feature","geometry":{"type":"Point","coordinates":[79.5772,29.96771]},"properties":{"bpcode":947,"bpname":"Garur","dtname":"Bageshwar","capacity_k":75,"discom":"UPCL"}},
{"type":"Feature","geometry":{"type":"Point","coordinates":[78.33714,29.96829]},"properties":{"bpcode":995,"bpname":"Yamkeshwar","dtname":"Pauri garhwal","capacity_k":25,"discom":"UPCL"}},
{"type":"Feature","geometry":{"type":"Point","coordinates":[79.16183,29.96859]},"properties":{"bpcode":994,"bpname":"Thalisain","dtname":"Pauri garhwal","capacity_k":25,"discom":"UPCL"}},
{"type":"Feature","geometry":{"type":"Point","coordinates":[80.13818,29.97116]},"properties":{"bpcode":1003,"bpname":"Munsyari","dtname":"Pithoragarh","capacity_k":50,"discom":"UPCL"}},
{"type":"Feature","geometry":{"type":"Point","coordinates":[79.59655,29.97788]},"properties":{"bpcode":947,"bpname":"Garur","dtname":"Bageshwar","capacity_k":50,"discom":"UPCL"}},
{"type":"Feature","geometry":{"type":"Point","coordinates":[80.65545,29.97971]},"properties":{"bpcode":998,"bpname":"Darchula","dtname":"Pithoragarh","capacity_k":50,"discom":"UPCL"}},
{"type":"Feature","geometry":{"type":"Point","coordinates":[79.80595,29.98241]},"properties":{"bpcode":948,"bpname":"Kapkot","dtname":"Bageshwar","capacity_k":25,"discom":"UPCL"}},
{"type":"Feature","geometry":{"type":"Point","coordinates":[78.00747,29.98369]},"properties":{"bpcode":968,"bpname":"Bahadrabad","dtname":"Haridwar","capacity_k":75,"discom":"UPCL"}},
{"type":"Feature","geometry":{"type":"Point","coordinates":[79.441,29.98414]},"properties":{"bpcode":951,"bpname":"Gairsain","dtname":"Chamoli","capacity_k":50,"discom":"UPCL"}},
{"type":"Feature","geometry":{"type":"Point","coordinates":[79.69564,29.98454]},"properties":{"bpcode":947,"bpname":"Garur","dtname":"Bageshwar","capacity_k":125,"discom":"UPCL"}},
{"type":"Feature","geometry":{"type":"Point","coordinates":[78.60548,29.98482]},"properties":{"bpcode":984,"bpname":"Dwarikhal","dtname":"Pauri garhwal","capacity_k":50,"discom":"UPCL"}},
{"type":"Feature","geometry":{"type":"Point","coordinates":[79.99244,29.98502]},"properties":{"bpcode":948,"bpname":"Kapkot","dtname":"Bageshwar","capacity_k":50,"discom":"UPCL"}},
{"type":"Feature","geometry":{"type":"Point","coordinates":[79.85105,29.98552]},"properties":{"bpcode":948,"bpname":"Kapkot","dtname":"Bageshwar","capacity_k":100,"discom":"UPCL"}},
{"type":"Feature","geometry":{"type":"Point","coordinates":[79.51855,29.98604]},"properties":{"bpcode":947,"bpname":"Garur","dtname":"Bageshwar","capacity_k":25,"discom":"UPCL"}},
{"type":"Feature","geometry":{"type":"Point","coordinates":[80.70208,29.98656]},"properties":{"bpcode":998,"bpname":"Darchula","dtname":"Pithoragarh","capacity_k":25,"discom":"UPCL"}},
{"type":"Feature","geometry":{"type":"Point","coordinates":[79.03406,29.98666]},"properties":{"bpcode":994,"bpname":"Thalisain","dtname":"Pauri garhwal","capacity_k":100,"discom":"UPCL"}},
{"type":"Feature","geometry":{"type":"Point","coordinates":[79.61918,29.98697]},"properties":{"bpcode":947,"bpname":"Garur","dtname":"Bageshwar","capacity_k":25,"discom":"UPCL"}},
{"type":"Feature","geometry":{"type":"Point","coordinates":[78.56446,29.98706]},"properties":{"bpcode":984,"bpname":"Dwarikhal","dtname":"Pauri garhwal","capacity_k":25,"discom":"UPCL"}},
{"type":"Feature","geometry":{"type":"Point","coordinates":[79.12979,29.98759]},"properties":{"bpcode":994,"bpname":"Thalisain","dtname":"Pauri garhwal","capacity_k":25,"discom":"UPCL"}},
{"type":"Feature","geometry":{"type":"Point","coordinates":[79.92058,29.9891]},"properties":{"bpcode":948,"bpname":"Kapkot","dtname":"Bageshwar","capacity_k":900,"discom":"UPCL"}},
{"type":"Feature","geometry":{"type":"Point","coordinates":[79.40567,29.99091]},"properties":{"bpcode":951,"bpname":"Gairsain","dtname":"Chamoli","capacity_k":25,"discom":"UPCL"}},
{"type":"Feature","geometry":{"type":"Point","coordinates":[77.90895,29.99653]},"properties":{"bpcode":968,"bpname":"Bahadrabad","dtname":"Haridwar","capacity_k":50,"discom":"UPCL"}},
{"type":"Feature","geometry":{"type":"Point","coordinates":[78.37926,29.99674]},"properties":{"bpcode":995,"bpname":"Yamkeshwar","dtname":"Pauri garhwal","capacity_k":50,"discom":"UPCL"}},
{"type":"Feature","geometry":{"type":"Point","coordinates":[79.68415,29.9968]},"properties":{"bpcode":947,"bpname":"Garur","dtname":"Bageshwar","capacity_k":25,"discom":"UPCL"}},
{"type":"Feature","geometry":{"type":"Point","coordinates":[79.087,29.9972]},"properties":{"bpcode":994,"bpname":"Thalisain","dtname":"Pauri garhwal","capacity_k":50,"discom":"UPCL"}},
{"type":"Feature","geometry":{"type":"Point","coordinates":[78.44002,29.99751]},"properties":{"bpcode":995,"bpname":"Yamkeshwar","dtname":"Pauri garhwal","capacity_k":25,"discom":"UPCL"}},
{"type":"Feature","geometry":{"type":"Point","coordinates":[79.64159,29.99791]},"properties":{"bpcode":947,"bpname":"Garur","dtname":"Bageshwar","capacity_k":50,"discom":"UPCL"}},
{"type":"Feature","geometry":{"type":"Point","coordinates":[79.92194,30.00159]},"properties":{"bpcode":948,"bpname":"Kapkot","dtname":"Bageshwar","capacity_k":25,"discom":"UPCL"}},
{"type":"Feature","geometry":{"type":"Point","coordinates":[79.07481,30.00223]},"properties":{"bpcode":994,"bpname":"Thalisain","dtname":"Pauri garhwal","capacity_k":50,"discom":"UPCL"}},
{"type":"Feature","geometry":{"type":"Point","coordinates":[77.84804,30.00249]},"properties":{"bpcode":969,"bpname":"Bhagwanpur","dtname":"Haridwar","capacity_k":25,"discom":"UPCL"}},
{"type":"Feature","geometry":{"type":"Point","coordinates":[79.56162,30.00638]},"properties":{"bpcode":957,"bpname":"Tharali","dtname":"Chamoli","capacity_k":75,"discom":"UPCL"}},
{"type":"Feature","geometry":{"type":"Point","coordinates":[77.98672,30.00845]},"properties":{"bpcode":968,"bpname":"Bahadrabad","dtname":"Haridwar","capacity_k":75,"discom":"UPCL"}},
{"type":"Feature","geometry":{"type":"Point","coordinates":[79.09116,30.01091]},"properties":{"bpcode":994,"bpname":"Thalisain","dtname":"Pauri garhwal","capacity_k":25,"discom":"UPCL"}},
{"type":"Feature","geometry":{"type":"Point","coordinates":[77.78913,30.0126]},"properties":{"bpcode":969,"bpname":"Bhagwanpur","dtname":"Haridwar","capacity_k":0,"discom":"UPCL"}},
{"type":"Feature","geometry":{"type":"Point","coordinates":[80.09023,30.01289]},"properties":{"bpcode":1003,"bpname":"Munsyari","dtname":"Pithoragarh","capacity_k":225,"discom":"UPCL"}},
{"type":"Feature","geometry":{"type":"Point","coordinates":[80.73438,30.01549]},"properties":{"bpcode":998,"bpname":"Darchula","dtname":"Pithoragarh","capacity_k":200,"discom":"UPCL"}},
{"type":"Feature","geometry":{"type":"Point","coordinates":[80.03777,30.01612]},"properties":{"bpcode":948,"bpname":"Kapkot","dtname":"Bageshwar","capacity_k":125,"discom":"UPCL"}},
{"type":"Feature","geometry":{"type":"Point","coordinates":[79.06345,30.01807]},"properties":{"bpcode":994,"bpname":"Thalisain","dtname":"Pauri garhwal","capacity_k":50,"discom":"UPCL"}},
{"type":"Feature","geometry":{"type":"Point","coordinates":[80.33758,30.01865]},"properties":{"bpcode":1003,"bpname":"Munsyari","dtname":"Pithoragarh","capacity_k":25,"discom":"UPCL"}},
{"type":"Feature","geometry":{"type":"Point","coordinates":[78.4243,30.01917]},"properties":{"bpcode":995,"bpname":"Yamkeshwar","dtname":"Pauri garhwal","capacity_k":25,"discom":"UPCL"}},
{"type":"Feature","geometry":{"type":"Point","coordinates":[79.68908,30.02038]},"properties":{"bpcode":957,"bpname":"Tharali","dtname":"Chamoli","capacity_k":50,"discom":"UPCL"}},
{"type":"Feature","geometry":{"type":"Point","coordinates":[79.71228,30.02082]},"properties":{"bpcode":950,"bpname":"Dewal","dtname":"Chamoli","capacity_k":75,"discom":"UPCL"}},
{"type":"Feature","geometry":{"type":"Point","coordinates":[79.09918,30.02157]},"properties":{"bpcode":994,"bpname":"Thalisain","dtname":"Pauri garhwal","capacity_k":25,"discom":"UPCL"}},
{"type":"Feature","geometry":{"type":"Point","coordinates":[79.72687,30.02225]},"properties":{"bpcode":950,"bpname":"Dewal","dtname":"Chamoli","capacity_k":125,"discom":"UPCL"}},
{"type":"Feature","geometry":{"type":"Point","coordinates":[80.06136,30.02265]},"properties":{"bpcode":948,"bpname":"Kapkot","dtname":"Bageshwar","capacity_k":50,"discom":"UPCL"}},
{"type":"Feature","geometry":{"type":"Point","coordinates":[79.67932,30.02328]},"properties":{"bpcode":957,"bpname":"Tharali","dtname":"Chamoli","capacity_k":25,"discom":"UPCL"}},
{"type":"Feature","geometry":{"type":"Point","coordinates":[79.02045,30.0238]},"properties":{"bpcode":990,"bpname":"Pabo","dtname":"Pauri garhwal","capacity_k":25,"discom":"UPCL"}},
{"type":"Feature","geometry":{"type":"Point","coordinates":[79.27218,30.02395]},"properties":{"bpcode":951,"bpname":"Gairsain","dtname":"Chamoli","capacity_k":25,"discom":"UPCL"}},
{"type":"Feature","geometry":{"type":"Point","coordinates":[80.34528,30.02529]},"properties":{"bpcode":1003,"bpname":"Munsyari","dtname":"Pithoragarh","capacity_k":25,"discom":"UPCL"}},
{"type":"Feature","geometry":{"type":"Point","coordinates":[79.08452,30.02555]},"properties":{"bpcode":994,"bpname":"Thalisain","dtname":"Pauri garhwal","capacity_k":25,"discom":"UPCL"}},
{"type":"Feature","geometry":{"type":"Point","coordinates":[79.0742,30.02624]},"properties":{"bpcode":994,"bpname":"Thalisain","dtname":"Pauri garhwal","capacity_k":25,"discom":"UPCL"}},
{"type":"Feature","geometry":{"type":"Point","coordinates":[79.86626,30.02653]},"properties":{"bpcode":948,"bpname":"Kapkot","dtname":"Bageshwar","capacity_k":50,"discom":"UPCL"}},
{"type":"Feature","geometry":{"type":"Point","coordinates":[79.09367,30.02951]},"properties":{"bpcode":994,"bpname":"Thalisain","dtname":"Pauri garhwal","capacity_k":25,"discom":"UPCL"}},
{"type":"Feature","geometry":{"type":"Point","coordinates":[80.3206,30.03061]},"properties":{"bpcode":1003,"bpname":"Munsyari","dtname":"Pithoragarh","capacity_k":25,"discom":"UPCL"}},
{"type":"Feature","geometry":{"type":"Point","coordinates":[79.73801,30.03124]},"properties":{"bpcode":950,"bpname":"Dewal","dtname":"Chamoli","capacity_k":325,"discom":"UPCL"}},
{"type":"Feature","geometry":{"type":"Point","coordinates":[79.02306,30.0339]},"properties":{"bpcode":990,"bpname":"Pabo","dtname":"Pauri garhwal","capacity_k":25,"discom":"UPCL"}},
{"type":"Feature","geometry":{"type":"Point","coordinates":[79.84401,30.03474]},"properties":{"bpcode":948,"bpname":"Kapkot","dtname":"Bageshwar","capacity_k":100,"discom":"UPCL"}},
{"type":"Feature","geometry":{"type":"Point","coordinates":[80.58505,30.03622]},"properties":{"bpcode":998,"bpname":"Darchula","dtname":"Pithoragarh","capacity_k":100,"discom":"UPCL"}},
{"type":"Feature","geometry":{"type":"Point","coordinates":[79.78659,30.03703]},"properties":{"bpcode":950,"bpname":"Dewal","dtname":"Chamoli","capacity_k":75,"discom":"UPCL"}},
{"type":"Feature","geometry":{"type":"Point","coordinates":[79.7935,30.03744]},"properties":{"bpcode":950,"bpname":"Dewal","dtname":"Chamoli","capacity_k":75,"discom":"UPCL"}},
{"type":"Feature","geometry":{"type":"Point","coordinates":[79.52037,30.03768]},"properties":{"bpcode":957,"bpname":"Tharali","dtname":"Chamoli","capacity_k":25,"discom":"UPCL"}},
{"type":"Feature","geometry":{"type":"Point","coordinates":[79.0997,30.03805]},"properties":{"bpcode":994,"bpname":"Thalisain","dtname":"Pauri garhwal","capacity_k":25,"discom":"UPCL"}},
{"type":"Feature","geometry":{"type":"Point","coordinates":[79.84228,30.03836]},"properties":{"bpcode":948,"bpname":"Kapkot","dtname":"Bageshwar","capacity_k":50,"discom":"UPCL"}},
{"type":"Feature","geometry":{"type":"Point","coordinates":[79.11819,30.03886]},"properties":{"bpcode":994,"bpname":"Thalisain","dtname":"Pauri garhwal","capacity_k":50,"discom":"UPCL"}},
{"type":"Feature","geometry":{"type":"Point","coordinates":[80.29308,30.03893]},"properties":{"bpcode":1003,"bpname":"Munsyari","dtname":"Pithoragarh","capacity_k":25,"discom":"UPCL"}},
{"type":"Feature","geometry":{"type":"Point","coordinates":[79.5425,30.03915]},"properties":{"bpcode":957,"bpname":"Tharali","dtname":"Chamoli","capacity_k":25,"discom":"UPCL"}},
{"type":"Feature","geometry":{"type":"Point","coordinates":[77.91609,30.0418]},"properties":{"bpcode":969,"bpname":"Bhagwanpur","dtname":"Haridwar","capacity_k":0,"discom":"UPCL"}},
{"type":"Feature","geometry":{"type":"Point","coordinates":[80.32714,30.04198]},"properties":{"bpcode":1003,"bpname":"Munsyari","dtname":"Pithoragarh","capacity_k":25,"discom":"UPCL"}},
{"type":"Feature","geometry":{"type":"Point","coordinates":[80.06196,30.04487]},"properties":{"bpcode":948,"bpname":"Kapkot","dtname":"Bageshwar","capacity_k":25,"discom":"UPCL"}},
{"type":"Feature","geometry":{"type":"Point","coordinates":[79.47653,30.04695]},"properties":{"bpcode":955,"bpname":"Narayan Bagad","dtname":"Chamoli","capacity_k":25,"discom":"UPCL"}},
{"type":"Feature","geometry":{"type":"Point","coordinates":[79.78908,30.04732]},"properties":{"bpcode":950,"bpname":"Dewal","dtname":"Chamoli","capacity_k":25,"discom":"UPCL"}},
{"type":"Feature","geometry":{"type":"Point","coordinates":[79.89832,30.04771]},"properties":{"bpcode":948,"bpname":"Kapkot","dtname":"Bageshwar","capacity_k":75,"discom":"UPCL"}},
{"type":"Feature","geometry":{"type":"Point","coordinates":[79.76828,30.04909]},"properties":{"bpcode":950,"bpname":"Dewal","dtname":"Chamoli","capacity_k":150,"discom":"UPCL"}},
{"type":"Feature","geometry":{"type":"Point","coordinates":[79.58366,30.04957]},"properties":{"bpcode":957,"bpname":"Tharali","dtname":"Chamoli","capacity_k":100,"discom":"UPCL"}},
{"type":"Feature","geometry":{"type":"Point","coordinates":[77.80754,30.05036]},"properties":{"bpcode":969,"bpname":"Bhagwanpur","dtname":"Haridwar","capacity_k":75,"discom":"UPCL"}},
{"type":"Feature","geometry":{"type":"Point","coordinates":[80.62019,30.05074]},"properties":{"bpcode":998,"bpname":"Darchula","dtname":"Pithoragarh","capacity_k":25,"discom":"UPCL"}},
{"type":"Feature","geometry":{"type":"Point","coordinates":[80.36928,30.05848]},"properties":{"bpcode":1003,"bpname":"Munsyari","dtname":"Pithoragarh","capacity_k":25,"discom":"UPCL"}},
{"type":"Feature","geometry":{"type":"Point","coordinates":[79.79125,30.05937]},"properties":{"bpcode":950,"bpname":"Dewal","dtname":"Chamoli","capacity_k":75,"discom":"UPCL"}},
{"type":"Feature","geometry":{"type":"Point","coordinates":[79.47849,30.0594]},"properties":{"bpcode":955,"bpname":"Narayan Bagad","dtname":"Chamoli","capacity_k":25,"discom":"UPCL"}},
{"type":"Feature","geometry":{"type":"Point","coordinates":[80.2997,30.0596]},"properties":{"bpcode":1003,"bpname":"Munsyari","dtname":"Pithoragarh","capacity_k":25,"discom":"UPCL"}},
{"type":"Feature","geometry":{"type":"Point","coordinates":[79.51455,30.06088]},"properties":{"bpcode":957,"bpname":"Tharali","dtname":"Chamoli","capacity_k":25,"discom":"UPCL"}},
{"type":"Feature","geometry":{"type":"Point","coordinates":[79.23846,30.0626]},"properties":{"bpcode":951,"bpname":"Gairsain","dtname":"Chamoli","capacity_k":25,"discom":"UPCL"}},
{"type":"Feature","geometry":{"type":"Point","coordinates":[80.2776,30.06376]},"properties":{"bpcode":1003,"bpname":"Munsyari","dtname":"Pithoragarh","capacity_k":25,"discom":"UPCL"}},
{"type":"Feature","geometry":{"type":"Point","coordinates":[80.01373,30.06433]},"properties":{"bpcode":948,"bpname":"Kapkot","dtname":"Bageshwar","capacity_k":75,"discom":"UPCL"}},
{"type":"Feature","geometry":{"type":"Point","coordinates":[79.58398,30.06632]},"properties":{"bpcode":957,"bpname":"Tharali","dtname":"Chamoli","capacity_k":75,"discom":"UPCL"}},
{"type":"Feature","geometry":{"type":"Point","coordinates":[79.79877,30.06782]},"properties":{"bpcode":950,"bpname":"Dewal","dtname":"Chamoli","capacity_k":25,"discom":"UPCL"}},
{"type":"Feature","geometry":{"type":"Point","coordinates":[78.34882,30.06832]},"properties":{"bpcode":995,"bpname":"Yamkeshwar","dtname":"Pauri garhwal","capacity_k":50,"discom":"UPCL"}},
{"type":"Feature","geometry":{"type":"Point","coordinates":[80.07514,30.06904]},"properties":{"bpcode":948,"bpname":"Kapkot","dtname":"Bageshwar","capacity_k":100,"discom":"UPCL"}},
{"type":"Feature","geometry":{"type":"Point","coordinates":[79.52014,30.07255]},"properties":{"bpcode":957,"bpname":"Tharali","dtname":"Chamoli","capacity_k":50,"discom":"UPCL"}},
{"type":"Feature","geometry":{"type":"Point","coordinates":[78.27811,30.0734]},"properties":{"bpcode":963,"bpname":"Doiwala","dtname":"Dehradun","capacity_k":1400,"discom":"UPCL"}},
{"type":"Feature","geometry":{"type":"Point","coordinates":[79.97052,30.07391]},"properties":{"bpcode":948,"bpname":"Kapkot","dtname":"Bageshwar","capacity_k":50,"discom":"UPCL"}},
{"type":"Feature","geometry":{"type":"Point","coordinates":[79.60134,30.07463]},"properties":{"bpcode":957,"bpname":"Tharali","dtname":"Chamoli","capacity_k":75,"discom":"UPCL"}},
{"type":"Feature","geometry":{"type":"Point","coordinates":[79.53844,30.07503]},"properties":{"bpcode":957,"bpname":"Tharali","dtname":"Chamoli","capacity_k":25,"discom":"UPCL"}},
{"type":"Feature","geometry":{"type":"Point","coordinates":[79.52245,30.07508]},"properties":{"bpcode":957,"bpname":"Tharali","dtname":"Chamoli","capacity_k":25,"discom":"UPCL"}},
{"type":"Feature","geometry":{"type":"Point","coordinates":[80.32487,30.0757]},"properties":{"bpcode":1003,"bpname":"Munsyari","dtname":"Pithoragarh","capacity_k":25,"discom":"UPCL"}},
{"type":"Feature","geometry":{"type":"Point","coordinates":[79.40944,30.07594]},"properties":{"bpcode":955,"bpname":"Narayan Bagad","dtname":"Chamoli","capacity_k":25,"discom":"UPCL"}},
{"type":"Feature","geometry":{"type":"Point","coordinates":[78.26426,30.07602]},"properties":{"bpcode":963,"bpname":"Doiwala","dtname":"Dehradun","capacity_k":200,"discom":"UPCL"}},
{"type":"Feature","geometry":{"type":"Point","coordinates":[80.32581,30.07799]},"properties":{"bpcode":1003,"bpname":"Munsyari","dtname":"Pithoragarh","capacity_k":25,"discom":"UPCL"}},
{"type":"Feature","geometry":{"type":"Point","coordinates":[80.29838,30.07964]},"properties":{"bpcode":1003,"bpname":"Munsyari","dtname":"Pithoragarh","capacity_k":25,"discom":"UPCL"}},
{"type":"Feature","geometry":{"type":"Point","coordinates":[79.07757,30.0798]},"properties":{"bpcode":994,"bpname":"Thalisain","dtname":"Pauri garhwal","capacity_k":75,"discom":"UPCL"}},
{"type":"Feature","geometry":{"type":"Point","coordinates":[79.20926,30.08003]},"properties":{"bpcode":951,"bpname":"Gairsain","dtname":"Chamoli","capacity_k":25,"discom":"UPCL"}},
{"type":"Feature","geometry":{"type":"Point","coordinates":[79.98705,30.08039]},"properties":{"bpcode":948,"bpname":"Kapkot","dtname":"Bageshwar","capacity_k":25,"discom":"UPCL"}},
{"type":"Feature","geometry":{"type":"Point","coordinates":[79.97603,30.08063]},"properties":{"bpcode":948,"bpname":"Kapkot","dtname":"Bageshwar","capacity_k":50,"discom":"UPCL"}},
{"type":"Feature","geometry":{"type":"Point","coordinates":[77.82561,30.08077]},"properties":{"bpcode":969,"bpname":"Bhagwanpur","dtname":"Haridwar","capacity_k":50,"discom":"UPCL"}},
{"type":"Feature","geometry":{"type":"Point","coordinates":[79.85371,30.08123]},"properties":{"bpcode":948,"bpname":"Kapkot","dtname":"Bageshwar","capacity_k":25,"discom":"UPCL"}},
{"type":"Feature","geometry":{"type":"Point","coordinates":[79.3572,30.0837]},"properties":{"bpcode":955,"bpname":"Narayan Bagad","dtname":"Chamoli","capacity_k":50,"discom":"UPCL"}},
{"type":"Feature","geometry":{"type":"Point","coordinates":[79.54163,30.08429]},"properties":{"bpcode":957,"bpname":"Tharali","dtname":"Chamoli","capacity_k":100,"discom":"UPCL"}},
{"type":"Feature","geometry":{"type":"Point","coordinates":[79.08502,30.08481]},"properties":{"bpcode":994,"bpname":"Thalisain","dtname":"Pauri garhwal","capacity_k":25,"discom":"UPCL"}},
{"type":"Feature","geometry":{"type":"Point","coordinates":[79.86601,30.08563]},"properties":{"bpcode":948,"bpname":"Kapkot","dtname":"Bageshwar","capacity_k":100,"discom":"UPCL"}},
{"type":"Feature","geometry":{"type":"Point","coordinates":[79.11095,30.0869]},"properties":{"bpcode":994,"bpname":"Thalisain","dtname":"Pauri garhwal","capacity_k":25,"discom":"UPCL"}},
{"type":"Feature","geometry":{"type":"Point","coordinates":[78.58348,30.0874]},"properties":{"bpcode":1010,"bpname":"Deoprayag","dtname":"Tehri garhwal","capacity_k":25,"discom":"UPCL"}},
{"type":"Feature","geometry":{"type":"Point","coordinates":[79.53365,30.08759]},"properties":{"bpcode":957,"bpname":"Tharali","dtname":"Chamoli","capacity_k":75,"discom":"UPCL"}},
{"type":"Feature","geometry":{"type":"Point","coordinates":[79.05979,30.08845]},"properties":{"bpcode":994,"bpname":"Thalisain","dtname":"Pauri garhwal","capacity_k":25,"discom":"UPCL"}},
{"type":"Feature","geometry":{"type":"Point","coordinates":[79.24509,30.08866]},"properties":{"bpcode":951,"bpname":"Gairsain","dtname":"Chamoli","capacity_k":25,"discom":"UPCL"}},
{"type":"Feature","geometry":{"type":"Point","coordinates":[77.90963,30.08886]},"properties":{"bpcode":969,"bpname":"Bhagwanpur","dtname":"Haridwar","capacity_k":75,"discom":"UPCL"}},
{"type":"Feature","geometry":{"type":"Point","coordinates":[79.9803,30.08984]},"properties":{"bpcode":948,"bpname":"Kapkot","dtname":"Bageshwar","capacity_k":25,"discom":"UPCL"}},
{"type":"Feature","geometry":{"type":"Point","coordinates":[79.99052,30.09233]},"properties":{"bpcode":948,"bpname":"Kapkot","dtname":"Bageshwar","capacity_k":100,"discom":"UPCL"}},
{"type":"Feature","geometry":{"type":"Point","coordinates":[78.35379,30.09253]},"properties":{"bpcode":995,"bpname":"Yamkeshwar","dtname":"Pauri garhwal","capacity_k":25,"discom":"UPCL"}},
{"type":"Feature","geometry":{"type":"Point","coordinates":[80.07468,30.09337]},"properties":{"bpcode":948,"bpname":"Kapkot","dtname":"Bageshwar","capacity_k":100,"discom":"UPCL"}},
{"type":"Feature","geometry":{"type":"Point","coordinates":[79.04901,30.09352]},"properties":{"bpcode":994,"bpname":"Thalisain","dtname":"Pauri garhwal","capacity_k":25,"discom":"UPCL"}},
{"type":"Feature","geometry":{"type":"Point","coordinates":[79.83814,30.09432]},"properties":{"bpcode":948,"bpname":"Kapkot","dtname":"Bageshwar","capacity_k":50,"discom":"UPCL"}},
{"type":"Feature","geometry":{"type":"Point","coordinates":[79.52342,30.09563]},"properties":{"bpcode":957,"bpname":"Tharali","dtname":"Chamoli","capacity_k":25,"discom":"UPCL"}},
{"type":"Feature","geometry":{"type":"Point","coordinates":[78.35131,30.09679]},"properties":{"bpcode":995,"bpname":"Yamkeshwar","dtname":"Pauri garhwal","capacity_k":50,"discom":"UPCL"}},
{"type":"Feature","geometry":{"type":"Point","coordinates":[79.61811,30.09715]},"properties":{"bpcode":957,"bpname":"Tharali","dtname":"Chamoli","capacity_k":50,"discom":"UPCL"}},
{"type":"Feature","geometry":{"type":"Point","coordinates":[79.11401,30.09752]},"properties":{"bpcode":994,"bpname":"Thalisain","dtname":"Pauri garhwal","capacity_k":25,"discom":"UPCL"}},
{"type":"Feature","geometry":{"type":"Point","coordinates":[80.24482,30.09769]},"properties":{"bpcode":1003,"bpname":"Munsyari","dtname":"Pithoragarh","capacity_k":25,"discom":"UPCL"}},
{"type":"Feature","geometry":{"type":"Point","coordinates":[79.97198,30.09799]},"properties":{"bpcode":948,"bpname":"Kapkot","dtname":"Bageshwar","capacity_k":25,"discom":"UPCL"}},
{"type":"Feature","geometry":{"type":"Point","coordinates":[80.28076,30.09801]},"properties":{"bpcode":1003,"bpname":"Munsyari","dtname":"Pithoragarh","capacity_k":50,"discom":"UPCL"}},
{"type":"Feature","geometry":{"type":"Point","coordinates":[79.22074,30.09891]},"properties":{"bpcode":951,"bpname":"Gairsain","dtname":"Chamoli","capacity_k":25,"discom":"UPCL"}},
{"type":"Feature","geometry":{"type":"Point","coordinates":[79.36491,30.09917]},"properties":{"bpcode":955,"bpname":"Narayan Bagad","dtname":"Chamoli","capacity_k":25,"discom":"UPCL"}},
{"type":"Feature","geometry":{"type":"Point","coordinates":[79.05197,30.09936]},"properties":{"bpcode":994,"bpname":"Thalisain","dtname":"Pauri garhwal","capacity_k":25,"discom":"UPCL"}},
{"type":"Feature","geometry":{"type":"Point","coordinates":[79.40064,30.1013]},"properties":{"bpcode":955,"bpname":"Narayan Bagad","dtname":"Chamoli","capacity_k":25,"discom":"UPCL"}},
{"type":"Feature","geometry":{"type":"Point","coordinates":[78.47967,30.10149]},"properties":{"bpcode":1014,"bpname":"Narendranagar","dtname":"Tehri garhwal","capacity_k":25,"discom":"UPCL"}},
{"type":"Feature","geometry":{"type":"Point","coordinates":[77.88406,30.1024]},"properties":{"bpcode":969,"bpname":"Bhagwanpur","dtname":"Haridwar","capacity_k":25,"discom":"UPCL"}},
{"type":"Feature","geometry":{"type":"Point","coordinates":[79.87905,30.10443]},"properties":{"bpcode":948,"bpname":"Kapkot","dtname":"Bageshwar","capacity_k":25,"discom":"UPCL"}},
{"type":"Feature","geometry":{"type":"Point","coordinates":[79.64889,30.10478]},"properties":{"bpcode":957,"bpname":"Tharali","dtname":"Chamoli","capacity_k":75,"discom":"UPCL"}},
{"type":"Feature","geometry":{"type":"Point","coordinates":[79.10017,30.1052]},"properties":{"bpcode":994,"bpname":"Thalisain","dtname":"Pauri garhwal","capacity_k":50,"discom":"UPCL"}},
{"type":"Feature","geometry":{"type":"Point","coordinates":[78.58582,30.10773]},"properties":{"bpcode":1010,"bpname":"Deoprayag","dtname":"Tehri garhwal","capacity_k":25,"discom":"UPCL"}},
{"type":"Feature","geometry":{"type":"Point","coordinates":[80.61441,30.11001]},"properties":{"bpcode":998,"bpname":"Darchula","dtname":"Pithoragarh","capacity_k":0,"discom":"UPCL"}},
{"type":"Feature","geometry":{"type":"Point","coordinates":[79.33251,30.11023]},"properties":{"bpcode":955,"bpname":"Narayan Bagad","dtname":"Chamoli","capacity_k":25,"discom":"UPCL"}},
{"type":"Feature","geometry":{"type":"Point","coordinates":[79.57566,30.11088]},"properties":{"bpcode":957,"bpname":"Tharali","dtname":"Chamoli","capacity_k":50,"discom":"UPCL"}},
{"type":"Feature","geometry":{"type":"Point","coordinates":[79.84708,30.11165]},"properties":{"bpcode":948,"bpname":"Kapkot","dtname":"Bageshwar","capacity_k":125,"discom":"UPCL"}},
{"type":"Feature","geometry":{"type":"Point","coordinates":[79.93907,30.11169]},"properties":{"bpcode":948,"bpname":"Kapkot","dtname":"Bageshwar","capacity_k":25,"discom":"UPCL"}},
{"type":"Feature","geometry":{"type":"Point","coordinates":[79.50594,30.11219]},"properties":{"bpcode":957,"bpname":"Tharali","dtname":"Chamoli","capacity_k":125,"discom":"UPCL"}},
{"type":"Feature","geometry":{"type":"Point","coordinates":[79.99083,30.11219]},"properties":{"bpcode":948,"bpname":"Kapkot","dtname":"Bageshwar","capacity_k":25,"discom":"UPCL"}},
{"type":"Feature","geometry":{"type":"Point","coordinates":[79.3536,30.11427]},"properties":{"bpcode":955,"bpname":"Narayan Bagad","dtname":"Chamoli","capacity_k":25,"discom":"UPCL"}},
{"type":"Feature","geometry":{"type":"Point","coordinates":[78.54466,30.11427]},"properties":{"bpcode":1010,"bpname":"Deoprayag","dtname":"Tehri garhwal","capacity_k":25,"discom":"UPCL"}},
{"type":"Feature","geometry":{"type":"Point","coordinates":[77.87509,30.11632]},"properties":{"bpcode":969,"bpname":"Bhagwanpur","dtname":"Haridwar","capacity_k":25,"discom":"UPCL"}},
{"type":"Feature","geometry":{"type":"Point","coordinates":[79.31157,30.11769]},"properties":{"bpcode":955,"bpname":"Narayan Bagad","dtname":"Chamoli","capacity_k":25,"discom":"UPCL"}},
{"type":"Feature","geometry":{"type":"Point","coordinates":[79.51251,30.11876]},"properties":{"bpcode":957,"bpname":"Tharali","dtname":"Chamoli","capacity_k":50,"discom":"UPCL"}},
{"type":"Feature","geometry":{"type":"Point","coordinates":[79.01437,30.11892]},"properties":{"bpcode":994,"bpname":"Thalisain","dtname":"Pauri garhwal","capacity_k":25,"discom":"UPCL"}},
{"type":"Feature","geometry":{"type":"Point","coordinates":[79.00949,30.12257]},"properties":{"bpcode":994,"bpname":"Thalisain","dtname":"Pauri garhwal","capacity_k":25,"discom":"UPCL"}},
{"type":"Feature","geometry":{"type":"Point","coordinates":[79.90325,30.12362]},"properties":{"bpcode":948,"bpname":"Kapkot","dtname":"Bageshwar","capacity_k":225,"discom":"UPCL"}},
{"type":"Feature","geometry":{"type":"Point","coordinates":[78.59307,30.12436]},"properties":{"bpcode":1010,"bpname":"Deoprayag","dtname":"Tehri garhwal","capacity_k":25,"discom":"UPCL"}},
{"type":"Feature","geometry":{"type":"Point","coordinates":[78.30677,30.12467]},"properties":{"bpcode":1014,"bpname":"Narendranagar","dtname":"Tehri garhwal","capacity_k":1600,"discom":"UPCL"}},
{"type":"Feature","geometry":{"type":"Point","coordinates":[79.25246,30.12488]},"properties":{"bpcode":951,"bpname":"Gairsain","dtname":"Chamoli","capacity_k":25,"discom":"UPCL"}},
{"type":"Feature","geometry":{"type":"Point","coordinates":[79.34476,30.12581]},"properties":{"bpcode":955,"bpname":"Narayan Bagad","dtname":"Chamoli","capacity_k":50,"discom":"UPCL"}},
{"type":"Feature","geometry":{"type":"Point","coordinates":[79.50835,30.12673]},"properties":{"bpcode":957,"bpname":"Tharali","dtname":"Chamoli","capacity_k":75,"discom":"UPCL"}},
{"type":"Feature","geometry":{"type":"Point","coordinates":[79.39057,30.12741]},"properties":{"bpcode":955,"bpname":"Narayan Bagad","dtname":"Chamoli","capacity_k":25,"discom":"UPCL"}},
{"type":"Feature","geometry":{"type":"Point","coordinates":[78.31323,30.12783]},"properties":{"bpcode":1014,"bpname":"Narendranagar","dtname":"Tehri garhwal","capacity_k":1200,"discom":"UPCL"}},
{"type":"Feature","geometry":{"type":"Point","coordinates":[79.49189,30.12819]},"properties":{"bpcode":957,"bpname":"Tharali","dtname":"Chamoli","capacity_k":100,"discom":"UPCL"}},
{"type":"Feature","geometry":{"type":"Point","coordinates":[79.48773,30.12916]},"properties":{"bpcode":957,"bpname":"Tharali","dtname":"Chamoli","capacity_k":25,"discom":"UPCL"}},
{"type":"Feature","geometry":{"type":"Point","coordinates":[79.40323,30.12956]},"properties":{"bpcode":955,"bpname":"Narayan Bagad","dtname":"Chamoli","capacity_k":25,"discom":"UPCL"}},
{"type":"Feature","geometry":{"type":"Point","coordinates":[79.70888,30.13]},"properties":{"bpcode":957,"bpname":"Tharali","dtname":"Chamoli","capacity_k":200,"discom":"UPCL"}},
{"type":"Feature","geometry":{"type":"Point","coordinates":[79.0225,30.13011]},"properties":{"bpcode":994,"bpname":"Thalisain","dtname":"Pauri garhwal","capacity_k":25,"discom":"UPCL"}},
{"type":"Feature","geometry":{"type":"Point","coordinates":[79.63026,30.13169]},"properties":{"bpcode":957,"bpname":"Tharali","dtname":"Chamoli","capacity_k":25,"discom":"UPCL"}},
{"type":"Feature","geometry":{"type":"Point","coordinates":[79.34624,30.13282]},"properties":{"bpcode":955,"bpname":"Narayan Bagad","dtname":"Chamoli","capacity_k":25,"discom":"UPCL"}},
{"type":"Feature","geometry":{"type":"Point","coordinates":[79.61238,30.13286]},"properties":{"bpcode":957,"bpname":"Tharali","dtname":"Chamoli","capacity_k":25,"discom":"UPCL"}},
{"type":"Feature","geometry":{"type":"Point","coordinates":[79.35912,30.13311]},"properties":{"bpcode":955,"bpname":"Narayan Bagad","dtname":"Chamoli","capacity_k":25,"discom":"UPCL"}},
{"type":"Feature","geometry":{"type":"Point","coordinates":[78.59129,30.13593]},"properties":{"bpcode":1010,"bpname":"Deoprayag","dtname":"Tehri garhwal","capacity_k":25,"discom":"UPCL"}},
{"type":"Feature","geometry":{"type":"Point","coordinates":[79.53566,30.13602]},"properties":{"bpcode":957,"bpname":"Tharali","dtname":"Chamoli","capacity_k":325,"discom":"UPCL"}},
{"type":"Feature","geometry":{"type":"Point","coordinates":[79.5178,30.1363]},"properties":{"bpcode":957,"bpname":"Tharali","dtname":"Chamoli","capacity_k":100,"discom":"UPCL"}},
{"type":"Feature","geometry":{"type":"Point","coordinates":[78.14946,30.1363]},"properties":{"bpcode":963,"bpname":"Doiwala","dtname":"Dehradun","capacity_k":100,"discom":"UPCL"}},
{"type":"Feature","geometry":{"type":"Point","coordinates":[79.71988,30.13709]},"properties":{"bpcode":957,"bpname":"Tharali","dtname":"Chamoli","capacity_k":200,"discom":"UPCL"}},
{"type":"Feature","geometry":{"type":"Point","coordinates":[79.52328,30.13739]},"properties":{"bpcode":957,"bpname":"Tharali","dtname":"Chamoli","capacity_k":25,"discom":"UPCL"}},
{"type":"Feature","geometry":{"type":"Point","coordinates":[79.2293,30.13742]},"properties":{"bpcode":954,"bpname":"Karanprayag","dtname":"Chamoli","capacity_k":25,"discom":"UPCL"}},
{"type":"Feature","geometry":{"type":"Point","coordinates":[79.40889,30.13825]},"properties":{"bpcode":955,"bpname":"Narayan Bagad","dtname":"Chamoli","capacity_k":25,"discom":"UPCL"}},
{"type":"Feature","geometry":{"type":"Point","coordinates":[79.33733,30.14105]},"properties":{"bpcode":955,"bpname":"Narayan Bagad","dtname":"Chamoli","capacity_k":25,"discom":"UPCL"}},
{"type":"Feature","geometry":{"type":"Point","coordinates":[79.52494,30.14121]},"properties":{"bpcode":957,"bpname":"Tharali","dtname":"Chamoli","capacity_k":75,"discom":"UPCL"}},
{"type":"Feature","geometry":{"type":"Point","coordinates":[78.53391,30.14127]},"properties":{"bpcode":1010,"bpname":"Deoprayag","dtname":"Tehri garhwal","capacity_k":25,"discom":"UPCL"}},
{"type":"Feature","geometry":{"type":"Point","coordinates":[79.36729,30.14134]},"properties":{"bpcode":955,"bpname":"Narayan Bagad","dtname":"Chamoli","capacity_k":25,"discom":"UPCL"}},
{"type":"Feature","geometry":{"type":"Point","coordinates":[79.16135,30.14155]},"properties":{"bpcode":951,"bpname":"Gairsain","dtname":"Chamoli","capacity_k":50,"discom":"UPCL"}},
{"type":"Feature","geometry":{"type":"Point","coordinates":[79.29283,30.14264]},"properties":{"bpcode":955,"bpname":"Narayan Bagad","dtname":"Chamoli","capacity_k":25,"discom":"UPCL"}},
{"type":"Feature","geometry":{"type":"Point","coordinates":[79.53103,30.14282]},"properties":{"bpcode":957,"bpname":"Tharali","dtname":"Chamoli","capacity_k":150,"discom":"UPCL"}},
{"type":"Feature","geometry":{"type":"Point","coordinates":[79.49283,30.1467]},"properties":{"bpcode":957,"bpname":"Tharali","dtname":"Chamoli","capacity_k":250,"discom":"UPCL"}},
{"type":"Feature","geometry":{"type":"Point","coordinates":[79.72626,30.14749]},"properties":{"bpcode":950,"bpname":"Dewal","dtname":"Chamoli","capacity_k":125,"discom":"UPCL"}},
{"type":"Feature","geometry":{"type":"Point","coordinates":[78.58645,30.14821]},"properties":{"bpcode":1010,"bpname":"Deoprayag","dtname":"Tehri garhwal","capacity_k":500,"discom":"UPCL"}},
{"type":"Feature","geometry":{"type":"Point","coordinates":[79.34017,30.14833]},"properties":{"bpcode":955,"bpname":"Narayan Bagad","dtname":"Chamoli","capacity_k":25,"discom":"UPCL"}},
{"type":"Feature","geometry":{"type":"Point","coordinates":[79.24327,30.14932]},"properties":{"bpcode":954,"bpname":"Karanprayag","dtname":"Chamoli","capacity_k":25,"discom":"UPCL"}},
{"type":"Feature","geometry":{"type":"Point","coordinates":[78.77265,30.14946]},"properties":{"bpcode":991,"bpname":"Pauri","dtname":"Pauri garhwal","capacity_k":200,"discom":"UPCL"}},
{"type":"Feature","geometry":{"type":"Point","coordinates":[78.98945,30.15023]},"properties":{"bpcode":994,"bpname":"Thalisain","dtname":"Pauri garhwal","capacity_k":25,"discom":"UPCL"}},
{"type":"Feature","geometry":{"type":"Point","coordinates":[80.25631,30.15118]},"properties":{"bpcode":1003,"bpname":"Munsyari","dtname":"Pithoragarh","capacity_k":50,"discom":"UPCL"}},
{"type":"Feature","geometry":{"type":"Point","coordinates":[78.42218,30.15145]},"properties":{"bpcode":1014,"bpname":"Narendranagar","dtname":"Tehri garhwal","capacity_k":150,"discom":"UPCL"}},
{"type":"Feature","geometry":{"type":"Point","coordinates":[79.22553,30.15146]},"properties":{"bpcode":954,"bpname":"Karanprayag","dtname":"Chamoli","capacity_k":25,"discom":"UPCL"}},
{"type":"Feature","geometry":{"type":"Point","coordinates":[79.37543,30.15157]},"properties":{"bpcode":954,"bpname":"Karanprayag","dtname":"Chamoli","capacity_k":25,"discom":"UPCL"}},
{"type":"Feature","geometry":{"type":"Point","coordinates":[79.29298,30.15161]},"properties":{"bpcode":955,"bpname":"Narayan Bagad","dtname":"Chamoli","capacity_k":25,"discom":"UPCL"}},
{"type":"Feature","geometry":{"type":"Point","coordinates":[78.77289,30.15405]},"properties":{"bpcode":991,"bpname":"Pauri","dtname":"Pauri garhwal","capacity_k":300,"discom":"UPCL"}},
{"type":"Feature","geometry":{"type":"Point","coordinates":[78.15026,30.15664]},"properties":{"bpcode":963,"bpname":"Doiwala","dtname":"Dehradun","capacity_k":25,"discom":"UPCL"}},
{"type":"Feature","geometry":{"type":"Point","coordinates":[79.36664,30.15682]},"properties":{"bpcode":954,"bpname":"Karanprayag","dtname":"Chamoli","capacity_k":50,"discom":"UPCL"}},
{"type":"Feature","geometry":{"type":"Point","coordinates":[79.28402,30.15707]},"properties":{"bpcode":955,"bpname":"Narayan Bagad","dtname":"Chamoli","capacity_k":25,"discom":"UPCL"}},
{"type":"Feature","geometry":{"type":"Point","coordinates":[80.25612,30.15892]},"properties":{"bpcode":1003,"bpname":"Munsyari","dtname":"Pithoragarh","capacity_k":75,"discom":"UPCL"}},
{"type":"Feature","geometry":{"type":"Point","coordinates":[79.69151,30.16068]},"properties":{"bpcode":957,"bpname":"Tharali","dtname":"Chamoli","capacity_k":100,"discom":"UPCL"}},
{"type":"Feature","geometry":{"type":"Point","coordinates":[79.38726,30.16194]},"properties":{"bpcode":954,"bpname":"Karanprayag","dtname":"Chamoli","capacity_k":50,"discom":"UPCL"}},
{"type":"Feature","geometry":{"type":"Point","coordinates":[79.34608,30.16241]},"properties":{"bpcode":954,"bpname":"Karanprayag","dtname":"Chamoli","capacity_k":50,"discom":"UPCL"}},
{"type":"Feature","geometry":{"type":"Point","coordinates":[80.66199,30.16322]},"properties":{"bpcode":998,"bpname":"Darchula","dtname":"Pithoragarh","capacity_k":800,"discom":"UPCL"}},
{"type":"Feature","geometry":{"type":"Point","coordinates":[79.63244,30.16398]},"properties":{"bpcode":957,"bpname":"Tharali","dtname":"Chamoli","capacity_k":25,"discom":"UPCL"}},
{"type":"Feature","geometry":{"type":"Point","coordinates":[78.12582,30.16851]},"properties":{"bpcode":963,"bpname":"Doiwala","dtname":"Dehradun","capacity_k":50,"discom":"UPCL"}},
{"type":"Feature","geometry":{"type":"Point","coordinates":[78.27441,30.16855]},"properties":{"bpcode":1014,"bpname":"Narendranagar","dtname":"Tehri garhwal","capacity_k":500,"discom":"UPCL"}},
{"type":"Feature","geometry":{"type":"Point","coordinates":[79.04869,30.16879]},"properties":{"bpcode":994,"bpname":"Thalisain","dtname":"Pauri garhwal","capacity_k":25,"discom":"UPCL"}},
{"type":"Feature","geometry":{"type":"Point","coordinates":[79.34169,30.16899]},"properties":{"bpcode":954,"bpname":"Karanprayag","dtname":"Chamoli","capacity_k":25,"discom":"UPCL"}},
{"type":"Feature","geometry":{"type":"Point","coordinates":[79.40386,30.17152]},"properties":{"bpcode":954,"bpname":"Karanprayag","dtname":"Chamoli","capacity_k":25,"discom":"UPCL"}},
{"type":"Feature","geometry":{"type":"Point","coordinates":[78.29522,30.17188]},"properties":{"bpcode":1014,"bpname":"Narendranagar","dtname":"Tehri garhwal","capacity_k":63,"discom":"UPCL"}},
{"type":"Feature","geometry":{"type":"Point","coordinates":[79.35945,30.17224]},"properties":{"bpcode":954,"bpname":"Karanprayag","dtname":"Chamoli","capacity_k":25,"discom":"UPCL"}},
{"type":"Feature","geometry":{"type":"Point","coordinates":[78.5679,30.17581]},"properties":{"bpcode":1010,"bpname":"Deoprayag","dtname":"Tehri garhwal","capacity_k":25,"discom":"UPCL"}},
{"type":"Feature","geometry":{"type":"Point","coordinates":[78.11865,30.18029]},"properties":{"bpcode":963,"bpname":"Doiwala","dtname":"Dehradun","capacity_k":1089,"discom":"UPCL"}},
{"type":"Feature","geometry":{"type":"Point","coordinates":[78.1332,30.1816]},"properties":{"bpcode":963,"bpname":"Doiwala","dtname":"Dehradun","capacity_k":250,"discom":"UPCL"}},
{"type":"Feature","geometry":{"type":"Point","coordinates":[78.14475,30.18573]},"properties":{"bpcode":963,"bpname":"Doiwala","dtname":"Dehradun","capacity_k":150,"discom":"UPCL"}},
{"type":"Feature","geometry":{"type":"Point","coordinates":[79.16327,30.19483]},"properties":{"bpcode":954,"bpname":"Karanprayag","dtname":"Chamoli","capacity_k":25,"discom":"UPCL"}},
{"type":"Feature","geometry":{"type":"Point","coordinates":[78.16364,30.19631]},"properties":{"bpcode":963,"bpname":"Doiwala","dtname":"Dehradun","capacity_k":25,"discom":"UPCL"}},
{"type":"Feature","geometry":{"type":"Point","coordinates":[78.42171,30.19642]},"properties":{"bpcode":1014,"bpname":"Narendranagar","dtname":"Tehri garhwal","capacity_k":75,"discom":"UPCL"}},
{"type":"Feature","geometry":{"type":"Point","coordinates":[79.35259,30.19654]},"properties":{"bpcode":954,"bpname":"Karanprayag","dtname":"Chamoli","capacity_k":25,"discom":"UPCL"}},
{"type":"Feature","geometry":{"type":"Point","coordinates":[79.33567,30.19677]},"properties":{"bpcode":954,"bpname":"Karanprayag","dtname":"Chamoli","capacity_k":25,"discom":"UPCL"}},
{"type":"Feature","geometry":{"type":"Point","coordinates":[78.4537,30.19869]},"properties":{"bpcode":1014,"bpname":"Narendranagar","dtname":"Tehri garhwal","capacity_k":100,"discom":"UPCL"}},
{"type":"Feature","geometry":{"type":"Point","coordinates":[78.96513,30.20043]},"properties":{"bpcode":1005,"bpname":"Agustmuni","dtname":"Rudraprayag","capacity_k":25,"discom":"UPCL"}},
{"type":"Feature","geometry":{"type":"Point","coordinates":[79.16429,30.2006]},"properties":{"bpcode":954,"bpname":"Karanprayag","dtname":"Chamoli","capacity_k":25,"discom":"UPCL"}},
{"type":"Feature","geometry":{"type":"Point","coordinates":[78.5245,30.20442]},"properties":{"bpcode":1014,"bpname":"Narendranagar","dtname":"Tehri garhwal","capacity_k":50,"discom":"UPCL"}},
{"type":"Feature","geometry":{"type":"Point","coordinates":[79.4685,30.20572]},"properties":{"bpcode":952,"bpname":"Ghat","dtname":"Chamoli","capacity_k":50,"discom":"UPCL"}},
{"type":"Feature","geometry":{"type":"Point","coordinates":[79.61824,30.20599]},"properties":{"bpcode":952,"bpname":"Ghat","dtname":"Chamoli","capacity_k":300,"discom":"UPCL"}},
{"type":"Feature","geometry":{"type":"Point","coordinates":[79.32196,30.20815]},"properties":{"bpcode":954,"bpname":"Karanprayag","dtname":"Chamoli","capacity_k":25,"discom":"UPCL"}},
{"type":"Feature","geometry":{"type":"Point","coordinates":[78.0566,30.20904]},"properties":{"bpcode":963,"bpname":"Doiwala","dtname":"Dehradun","capacity_k":50,"discom":"UPCL"}},
{"type":"Feature","geometry":{"type":"Point","coordinates":[78.93398,30.20961]},"properties":{"bpcode":1005,"bpname":"Agustmuni","dtname":"Rudraprayag","capacity_k":25,"discom":"UPCL"}},
{"type":"Feature","geometry":{"type":"Point","coordinates":[78.6228,30.21253]},"properties":{"bpcode":1010,"bpname":"Deoprayag","dtname":"Tehri garhwal","capacity_k":400,"discom":"UPCL"}},
{"type":"Feature","geometry":{"type":"Point","coordinates":[78.52793,30.21338]},"properties":{"bpcode":1014,"bpname":"Narendranagar","dtname":"Tehri garhwal","capacity_k":75,"discom":"UPCL"}},
{"type":"Feature","geometry":{"type":"Point","coordinates":[78.62606,30.21706]},"properties":{"bpcode":1010,"bpname":"Deoprayag","dtname":"Tehri garhwal","capacity_k":25,"discom":"UPCL"}},
{"type":"Feature","geometry":{"type":"Point","coordinates":[79.16189,30.2177]},"properties":{"bpcode":954,"bpname":"Karanprayag","dtname":"Chamoli","capacity_k":25,"discom":"UPCL"}},
{"type":"Feature","geometry":{"type":"Point","coordinates":[78.75789,30.21982]},"properties":{"bpcode":1013,"bpname":"Kirtinagar","dtname":"Tehri garhwal","capacity_k":300,"discom":"UPCL"}},
{"type":"Feature","geometry":{"type":"Point","coordinates":[79.46479,30.22269]},"properties":{"bpcode":952,"bpname":"Ghat","dtname":"Chamoli","capacity_k":25,"discom":"UPCL"}},
{"type":"Feature","geometry":{"type":"Point","coordinates":[78.03238,30.22332]},"properties":{"bpcode":965,"bpname":"Raipur","dtname":"Dehradun","capacity_k":25,"discom":"UPCL"}},
{"type":"Feature","geometry":{"type":"Point","coordinates":[78.63098,30.22334]},"properties":{"bpcode":1010,"bpname":"Deoprayag","dtname":"Tehri garhwal","capacity_k":75,"discom":"UPCL"}},
{"type":"Feature","geometry":{"type":"Point","coordinates":[78.93727,30.22587]},"properties":{"bpcode":1005,"bpname":"Agustmuni","dtname":"Rudraprayag","capacity_k":25,"discom":"UPCL"}},
{"type":"Feature","geometry":{"type":"Point","coordinates":[79.45112,30.22897]},"properties":{"bpcode":952,"bpname":"Ghat","dtname":"Chamoli","capacity_k":25,"discom":"UPCL"}},
{"type":"Feature","geometry":{"type":"Point","coordinates":[79.21262,30.23282]},"properties":{"bpcode":954,"bpname":"Karanprayag","dtname":"Chamoli","capacity_k":25,"discom":"UPCL"}},
{"type":"Feature","geometry":{"type":"Point","coordinates":[78.99518,30.2332]},"properties":{"bpcode":1005,"bpname":"Agustmuni","dtname":"Rudraprayag","capacity_k":25,"discom":"UPCL"}},
{"type":"Feature","geometry":{"type":"Point","coordinates":[79.45401,30.23622]},"properties":{"bpcode":952,"bpname":"Ghat","dtname":"Chamoli","capacity_k":25,"discom":"UPCL"}},
{"type":"Feature","geometry":{"type":"Point","coordinates":[78.28508,30.23623]},"properties":{"bpcode":963,"bpname":"Doiwala","dtname":"Dehradun","capacity_k":25,"discom":"UPCL"}},
{"type":"Feature","geometry":{"type":"Point","coordinates":[79.31877,30.23838]},"properties":{"bpcode":954,"bpname":"Karanprayag","dtname":"Chamoli","capacity_k":25,"discom":"UPCL"}},
{"type":"Feature","geometry":{"type":"Point","coordinates":[78.21476,30.23939]},"properties":{"bpcode":965,"bpname":"Raipur","dtname":"Dehradun","capacity_k":50,"discom":"UPCL"}},
{"type":"Feature","geometry":{"type":"Point","coordinates":[79.10887,30.24117]},"properties":{"bpcode":954,"bpname":"Karanprayag","dtname":"Chamoli","capacity_k":63,"discom":"UPCL"}},
{"type":"Feature","geometry":{"type":"Point","coordinates":[79.60726,30.2425]},"properties":{"bpcode":952,"bpname":"Ghat","dtname":"Chamoli","capacity_k":225,"discom":"UPCL"}},
{"type":"Feature","geometry":{"type":"Point","coordinates":[79.38307,30.24617]},"properties":{"bpcode":952,"bpname":"Ghat","dtname":"Chamoli","capacity_k":25,"discom":"UPCL"}},
{"type":"Feature","geometry":{"type":"Point","coordinates":[79.40685,30.24656]},"properties":{"bpcode":952,"bpname":"Ghat","dtname":"Chamoli","capacity_k":25,"discom":"UPCL"}},
{"type":"Feature","geometry":{"type":"Point","coordinates":[79.00982,30.24764]},"properties":{"bpcode":1005,"bpname":"Agustmuni","dtname":"Rudraprayag","capacity_k":50,"discom":"UPCL"}},
{"type":"Feature","geometry":{"type":"Point","coordinates":[78.96545,30.24967]},"properties":{"bpcode":1005,"bpname":"Agustmuni","dtname":"Rudraprayag","capacity_k":25,"discom":"UPCL"}},
{"type":"Feature","geometry":{"type":"Point","coordinates":[79.39534,30.25082]},"properties":{"bpcode":952,"bpname":"Ghat","dtname":"Chamoli","capacity_k":25,"discom":"UPCL"}},
{"type":"Feature","geometry":{"type":"Point","coordinates":[79.21327,30.25696]},"properties":{"bpcode":956,"bpname":"Pokhri","dtname":"Chamoli","capacity_k":689,"discom":"UPCL"}},
{"type":"Feature","geometry":{"type":"Point","coordinates":[79.56858,30.25899]},"properties":{"bpcode":952,"bpname":"Ghat","dtname":"Chamoli","capacity_k":25,"discom":"UPCL"}},
{"type":"Feature","geometry":{"type":"Point","coordinates":[79.22093,30.25932]},"properties":{"bpcode":956,"bpname":"Pokhri","dtname":"Chamoli","capacity_k":1464,"discom":"UPCL"}},
{"type":"Feature","geometry":{"type":"Point","coordinates":[78.71569,30.26091]},"properties":{"bpcode":1010,"bpname":"Deoprayag","dtname":"Tehri garhwal","capacity_k":25,"discom":"UPCL"}},
{"type":"Feature","geometry":{"type":"Point","coordinates":[78.42586,30.26322]},"properties":{"bpcode":1009,"bpname":"Chamba","dtname":"Tehri garhwal","capacity_k":25,"discom":"UPCL"}},
{"type":"Feature","geometry":{"type":"Point","coordinates":[79.39386,30.26578]},"properties":{"bpcode":952,"bpname":"Ghat","dtname":"Chamoli","capacity_k":25,"discom":"UPCL"}},
{"type":"Feature","geometry":{"type":"Point","coordinates":[78.54139,30.26663]},"properties":{"bpcode":1010,"bpname":"Deoprayag","dtname":"Tehri garhwal","capacity_k":25,"discom":"UPCL"}},
{"type":"Feature","geometry":{"type":"Point","coordinates":[79.63983,30.26771]},"properties":{"bpcode":952,"bpname":"Ghat","dtname":"Chamoli","capacity_k":25,"discom":"UPCL"}},
{"type":"Feature","geometry":{"type":"Point","coordinates":[78.77528,30.26998]},"properties":{"bpcode":1013,"bpname":"Kirtinagar","dtname":"Tehri garhwal","capacity_k":25,"discom":"UPCL"}},
{"type":"Feature","geometry":{"type":"Point","coordinates":[78.58513,30.27176]},"properties":{"bpcode":1010,"bpname":"Deoprayag","dtname":"Tehri garhwal","capacity_k":25,"discom":"UPCL"}},
{"type":"Feature","geometry":{"type":"Point","coordinates":[79.61908,30.27321]},"properties":{"bpcode":952,"bpname":"Ghat","dtname":"Chamoli","capacity_k":50,"discom":"UPCL"}},
{"type":"Feature","geometry":{"type":"Point","coordinates":[79.42124,30.27323]},"properties":{"bpcode":952,"bpname":"Ghat","dtname":"Chamoli","capacity_k":25,"discom":"UPCL"}},
{"type":"Feature","geometry":{"type":"Point","coordinates":[79.46043,30.27747]},"properties":{"bpcode":952,"bpname":"Ghat","dtname":"Chamoli","capacity_k":25,"discom":"UPCL"}},
{"type":"Feature","geometry":{"type":"Point","coordinates":[78.9728,30.27799]},"properties":{"bpcode":1005,"bpname":"Agustmuni","dtname":"Rudraprayag","capacity_k":50,"discom":"UPCL"}},
{"type":"Feature","geometry":{"type":"Point","coordinates":[79.16513,30.28222]},"properties":{"bpcode":956,"bpname":"Pokhri","dtname":"Chamoli","capacity_k":413,"discom":"UPCL"}},
{"type":"Feature","geometry":{"type":"Point","coordinates":[79.54944,30.28343]},"properties":{"bpcode":952,"bpname":"Ghat","dtname":"Chamoli","capacity_k":25,"discom":"UPCL"}},
{"type":"Feature","geometry":{"type":"Point","coordinates":[79.16317,30.28378]},"properties":{"bpcode":956,"bpname":"Pokhri","dtname":"Chamoli","capacity_k":226,"discom":"UPCL"}},
{"type":"Feature","geometry":{"type":"Point","coordinates":[79.50698,30.28416]},"properties":{"bpcode":952,"bpname":"Ghat","dtname":"Chamoli","capacity_k":50,"discom":"UPCL"}},
{"type":"Feature","geometry":{"type":"Point","coordinates":[78.9665,30.28541]},"properties":{"bpcode":1006,"bpname":"Jakholi","dtname":"Rudraprayag","capacity_k":926,"discom":"UPCL"}},
{"type":"Feature","geometry":{"type":"Point","coordinates":[79.08402,30.28941]},"properties":{"bpcode":1005,"bpname":"Agustmuni","dtname":"Rudraprayag","capacity_k":25,"discom":"UPCL"}},
{"type":"Feature","geometry":{"type":"Point","coordinates":[79.03136,30.28987]},"properties":{"bpcode":1005,"bpname":"Agustmuni","dtname":"Rudraprayag","capacity_k":25,"discom":"UPCL"}},
{"type":"Feature","geometry":{"type":"Point","coordinates":[79.54856,30.29262]},"properties":{"bpcode":952,"bpname":"Ghat","dtname":"Chamoli","capacity_k":25,"discom":"UPCL"}},
{"type":"Feature","geometry":{"type":"Point","coordinates":[79.09421,30.2948]},"properties":{"bpcode":1005,"bpname":"Agustmuni","dtname":"Rudraprayag","capacity_k":25,"discom":"UPCL"}},
{"type":"Feature","geometry":{"type":"Point","coordinates":[78.96079,30.29508]},"properties":{"bpcode":1006,"bpname":"Jakholi","dtname":"Rudraprayag","capacity_k":50,"discom":"UPCL"}},
{"type":"Feature","geometry":{"type":"Point","coordinates":[79.05658,30.29519]},"properties":{"bpcode":1005,"bpname":"Agustmuni","dtname":"Rudraprayag","capacity_k":25,"discom":"UPCL"}},
{"type":"Feature","geometry":{"type":"Point","coordinates":[79.13556,30.29552]},"properties":{"bpcode":1005,"bpname":"Agustmuni","dtname":"Rudraprayag","capacity_k":25,"discom":"UPCL"}},
{"type":"Feature","geometry":{"type":"Point","coordinates":[79.09349,30.29655]},"properties":{"bpcode":1005,"bpname":"Agustmuni","dtname":"Rudraprayag","capacity_k":25,"discom":"UPCL"}},
{"type":"Feature","geometry":{"type":"Point","coordinates":[78.83136,30.29741]},"properties":{"bpcode":1013,"bpname":"Kirtinagar","dtname":"Tehri garhwal","capacity_k":25,"discom":"UPCL"}},
{"type":"Feature","geometry":{"type":"Point","coordinates":[78.71247,30.29745]},"properties":{"bpcode":1013,"bpname":"Kirtinagar","dtname":"Tehri garhwal","capacity_k":25,"discom":"UPCL"}},
{"type":"Feature","geometry":{"type":"Point","coordinates":[78.8546,30.29748]},"properties":{"bpcode":1013,"bpname":"Kirtinagar","dtname":"Tehri garhwal","capacity_k":25,"discom":"UPCL"}},
{"type":"Feature","geometry":{"type":"Point","coordinates":[79.34845,30.30045]},"properties":{"bpcode":952,"bpname":"Ghat","dtname":"Chamoli","capacity_k":63,"discom":"UPCL"}},
{"type":"Feature","geometry":{"type":"Point","coordinates":[79.09875,30.30062]},"properties":{"bpcode":1005,"bpname":"Agustmuni","dtname":"Rudraprayag","capacity_k":25,"discom":"UPCL"}},
{"type":"Feature","geometry":{"type":"Point","coordinates":[79.06123,30.30136]},"properties":{"bpcode":1005,"bpname":"Agustmuni","dtname":"Rudraprayag","capacity_k":1000,"discom":"UPCL"}},
{"type":"Feature","geometry":{"type":"Point","coordinates":[78.73286,30.30287]},"properties":{"bpcode":1013,"bpname":"Kirtinagar","dtname":"Tehri garhwal","capacity_k":75,"discom":"UPCL"}},
{"type":"Feature","geometry":{"type":"Point","coordinates":[79.07787,30.30493]},"properties":{"bpcode":1005,"bpname":"Agustmuni","dtname":"Rudraprayag","capacity_k":50,"discom":"UPCL"}},
{"type":"Feature","geometry":{"type":"Point","coordinates":[78.82687,30.30532]},"properties":{"bpcode":1013,"bpname":"Kirtinagar","dtname":"Tehri garhwal","capacity_k":25,"discom":"UPCL"}},
{"type":"Feature","geometry":{"type":"Point","coordinates":[78.72715,30.30613]},"properties":{"bpcode":1013,"bpname":"Kirtinagar","dtname":"Tehri garhwal","capacity_k":25,"discom":"UPCL"}},
{"type":"Feature","geometry":{"type":"Point","coordinates":[79.19729,30.31206]},"properties":{"bpcode":956,"bpname":"Pokhri","dtname":"Chamoli","capacity_k":25,"discom":"UPCL"}},
{"type":"Feature","geometry":{"type":"Point","coordinates":[79.37112,30.31514]},"properties":{"bpcode":949,"bpname":"Dasholi","dtname":"Chamoli","capacity_k":25,"discom":"UPCL"}},
{"type":"Feature","geometry":{"type":"Point","coordinates":[78.16143,30.31639]},"properties":{"bpcode":1012,"bpname":"Jaunpur","dtname":"Tehri garhwal","capacity_k":63,"discom":"UPCL"}},
{"type":"Feature","geometry":{"type":"Point","coordinates":[79.05811,30.31647]},"properties":{"bpcode":1005,"bpname":"Agustmuni","dtname":"Rudraprayag","capacity_k":25,"discom":"UPCL"}},
{"type":"Feature","geometry":{"type":"Point","coordinates":[79.50842,30.31883]},"properties":{"bpcode":952,"bpname":"Ghat","dtname":"Chamoli","capacity_k":75,"discom":"UPCL"}},
{"type":"Feature","geometry":{"type":"Point","coordinates":[79.10571,30.31927]},"properties":{"bpcode":1005,"bpname":"Agustmuni","dtname":"Rudraprayag","capacity_k":25,"discom":"UPCL"}},
{"type":"Feature","geometry":{"type":"Point","coordinates":[78.75763,30.31972]},"properties":{"bpcode":1013,"bpname":"Kirtinagar","dtname":"Tehri garhwal","capacity_k":25,"discom":"UPCL"}},
{"type":"Feature","geometry":{"type":"Point","coordinates":[79.07149,30.32179]},"properties":{"bpcode":1005,"bpname":"Agustmuni","dtname":"Rudraprayag","capacity_k":25,"discom":"UPCL"}},
{"type":"Feature","geometry":{"type":"Point","coordinates":[78.97729,30.32191]},"properties":{"bpcode":1005,"bpname":"Agustmuni","dtname":"Rudraprayag","capacity_k":50,"discom":"UPCL"}},
{"type":"Feature","geometry":{"type":"Point","coordinates":[78.99155,30.32342]},"properties":{"bpcode":1005,"bpname":"Agustmuni","dtname":"Rudraprayag","capacity_k":25,"discom":"UPCL"}},
{"type":"Feature","geometry":{"type":"Point","coordinates":[78.85761,30.3244]},"properties":{"bpcode":1013,"bpname":"Kirtinagar","dtname":"Tehri garhwal","capacity_k":25,"discom":"UPCL"}},
{"type":"Feature","geometry":{"type":"Point","coordinates":[79.13969,30.32488]},"properties":{"bpcode":1005,"bpname":"Agustmuni","dtname":"Rudraprayag","capacity_k":25,"discom":"UPCL"}},
{"type":"Feature","geometry":{"type":"Point","coordinates":[78.87863,30.32553]},"properties":{"bpcode":1006,"bpname":"Jakholi","dtname":"Rudraprayag","capacity_k":75,"discom":"UPCL"}},
{"type":"Feature","geometry":{"type":"Point","coordinates":[78.72773,30.32662]},"properties":{"bpcode":1013,"bpname":"Kirtinagar","dtname":"Tehri garhwal","capacity_k":50,"discom":"UPCL"}},
{"type":"Feature","geometry":{"type":"Point","coordinates":[79.32427,30.32788]},"properties":{"bpcode":949,"bpname":"Dasholi","dtname":"Chamoli","capacity_k":200,"discom":"UPCL"}},
{"type":"Feature","geometry":{"type":"Point","coordinates":[79.12203,30.32814]},"properties":{"bpcode":1005,"bpname":"Agustmuni","dtname":"Rudraprayag","capacity_k":25,"discom":"UPCL"}},
{"type":"Feature","geometry":{"type":"Point","coordinates":[79.0013,30.32836]},"properties":{"bpcode":1005,"bpname":"Agustmuni","dtname":"Rudraprayag","capacity_k":50,"discom":"UPCL"}},
{"type":"Feature","geometry":{"type":"Point","coordinates":[78.80603,30.32868]},"properties":{"bpcode":1013,"bpname":"Kirtinagar","dtname":"Tehri garhwal","capacity_k":25,"discom":"UPCL"}},
{"type":"Feature","geometry":{"type":"Point","coordinates":[79.32226,30.33003]},"properties":{"bpcode":949,"bpname":"Dasholi","dtname":"Chamoli","capacity_k":63,"discom":"UPCL"}},
{"type":"Feature","geometry":{"type":"Point","coordinates":[78.77072,30.33147]},"properties":{"bpcode":1013,"bpname":"Kirtinagar","dtname":"Tehri garhwal","capacity_k":25,"discom":"UPCL"}},
{"type":"Feature","geometry":{"type":"Point","coordinates":[79.11786,30.33309]},"properties":{"bpcode":1005,"bpname":"Agustmuni","dtname":"Rudraprayag","capacity_k":25,"discom":"UPCL"}},
{"type":"Feature","geometry":{"type":"Point","coordinates":[79.1094,30.33552]},"properties":{"bpcode":1005,"bpname":"Agustmuni","dtname":"Rudraprayag","capacity_k":25,"discom":"UPCL"}},
{"type":"Feature","geometry":{"type":"Point","coordinates":[78.49926,30.33608]},"properties":{"bpcode":1011,"bpname":"Jakhinidhar","dtname":"Tehri garhwal","capacity_k":25,"discom":"UPCL"}},
{"type":"Feature","geometry":{"type":"Point","coordinates":[79.07863,30.33618]},"properties":{"bpcode":1005,"bpname":"Agustmuni","dtname":"Rudraprayag","capacity_k":50,"discom":"UPCL"}},
{"type":"Feature","geometry":{"type":"Point","coordinates":[78.80655,30.33675]},"properties":{"bpcode":1013,"bpname":"Kirtinagar","dtname":"Tehri garhwal","capacity_k":25,"discom":"UPCL"}},
{"type":"Feature","geometry":{"type":"Point","coordinates":[79.09659,30.33682]},"properties":{"bpcode":1005,"bpname":"Agustmuni","dtname":"Rudraprayag","capacity_k":25,"discom":"UPCL"}},
{"type":"Feature","geometry":{"type":"Point","coordinates":[78.89274,30.33747]},"properties":{"bpcode":1006,"bpname":"Jakholi","dtname":"Rudraprayag","capacity_k":25,"discom":"UPCL"}},
{"type":"Feature","geometry":{"type":"Point","coordinates":[78.84318,30.3386]},"properties":{"bpcode":1013,"bpname":"Kirtinagar","dtname":"Tehri garhwal","capacity_k":50,"discom":"UPCL"}},
{"type":"Feature","geometry":{"type":"Point","coordinates":[77.91093,30.34358]},"properties":{"bpcode":967,"bpname":"Vikasnagar","dtname":"Dehradun","capacity_k":50,"discom":"UPCL"}},
{"type":"Feature","geometry":{"type":"Point","coordinates":[79.06919,30.34529]},"properties":{"bpcode":1005,"bpname":"Agustmuni","dtname":"Rudraprayag","capacity_k":50,"discom":"UPCL"}},
{"type":"Feature","geometry":{"type":"Point","coordinates":[79.18315,30.34538]},"properties":{"bpcode":956,"bpname":"Pokhri","dtname":"Chamoli","capacity_k":25,"discom":"UPCL"}},
{"type":"Feature","geometry":{"type":"Point","coordinates":[79.0413,30.34837]},"properties":{"bpcode":1005,"bpname":"Agustmuni","dtname":"Rudraprayag","capacity_k":25,"discom":"UPCL"}},
{"type":"Feature","geometry":{"type":"Point","coordinates":[78.21153,30.34906]},"properties":{"bpcode":1012,"bpname":"Jaunpur","dtname":"Tehri garhwal","capacity_k":50,"discom":"UPCL"}},
{"type":"Feature","geometry":{"type":"Point","coordinates":[78.60604,30.34927]},"properties":{"bpcode":1011,"bpname":"Jakhinidhar","dtname":"Tehri garhwal","capacity_k":25,"discom":"UPCL"}},
{"type":"Feature","geometry":{"type":"Point","coordinates":[78.69624,30.35065]},"properties":{"bpcode":1013,"bpname":"Kirtinagar","dtname":"Tehri garhwal","capacity_k":50,"discom":"UPCL"}},
{"type":"Feature","geometry":{"type":"Point","coordinates":[79.04579,30.35168]},"properties":{"bpcode":1005,"bpname":"Agustmuni","dtname":"Rudraprayag","capacity_k":25,"discom":"UPCL"}},
{"type":"Feature","geometry":{"type":"Point","coordinates":[79.05296,30.35549]},"properties":{"bpcode":1005,"bpname":"Agustmuni","dtname":"Rudraprayag","capacity_k":25,"discom":"UPCL"}},
{"type":"Feature","geometry":{"type":"Point","coordinates":[77.81597,30.35627]},"properties":{"bpcode":966,"bpname":"Sahaspur","dtname":"Dehradun","capacity_k":25,"discom":"UPCL"}},
{"type":"Feature","geometry":{"type":"Point","coordinates":[78.61967,30.357]},"properties":{"bpcode":1008,"bpname":"Bhilingana","dtname":"Tehri garhwal","capacity_k":25,"discom":"UPCL"}},
{"type":"Feature","geometry":{"type":"Point","coordinates":[78.41284,30.35918]},"properties":{"bpcode":1009,"bpname":"Chamba","dtname":"Tehri garhwal","capacity_k":500,"discom":"UPCL"}},
{"type":"Feature","geometry":{"type":"Point","coordinates":[79.04442,30.3594]},"properties":{"bpcode":1005,"bpname":"Agustmuni","dtname":"Rudraprayag","capacity_k":50,"discom":"UPCL"}},
{"type":"Feature","geometry":{"type":"Point","coordinates":[79.13702,30.35955]},"properties":{"bpcode":956,"bpname":"Pokhri","dtname":"Chamoli","capacity_k":25,"discom":"UPCL"}},
{"type":"Feature","geometry":{"type":"Point","coordinates":[79.13155,30.35982]},"properties":{"bpcode":956,"bpname":"Pokhri","dtname":"Chamoli","capacity_k":50,"discom":"UPCL"}},
{"type":"Feature","geometry":{"type":"Point","coordinates":[79.06455,30.35996]},"properties":{"bpcode":1005,"bpname":"Agustmuni","dtname":"Rudraprayag","capacity_k":25,"discom":"UPCL"}},
{"type":"Feature","geometry":{"type":"Point","coordinates":[78.7917,30.36312]},"properties":{"bpcode":1008,"bpname":"Bhilingana","dtname":"Tehri garhwal","capacity_k":25,"discom":"UPCL"}},
{"type":"Feature","geometry":{"type":"Point","coordinates":[79.08337,30.36323]},"properties":{"bpcode":1005,"bpname":"Agustmuni","dtname":"Rudraprayag","capacity_k":50,"discom":"UPCL"}},
{"type":"Feature","geometry":{"type":"Point","coordinates":[79.05761,30.36349]},"properties":{"bpcode":1005,"bpname":"Agustmuni","dtname":"Rudraprayag","capacity_k":50,"discom":"UPCL"}},
{"type":"Feature","geometry":{"type":"Point","coordinates":[79.20051,30.36441]},"properties":{"bpcode":956,"bpname":"Pokhri","dtname":"Chamoli","capacity_k":25,"discom":"UPCL"}},
{"type":"Feature","geometry":{"type":"Point","coordinates":[77.79511,30.36896]},"properties":{"bpcode":966,"bpname":"Sahaspur","dtname":"Dehradun","capacity_k":25,"discom":"UPCL"}},
{"type":"Feature","geometry":{"type":"Point","coordinates":[79.31533,30.36954]},"properties":{"bpcode":949,"bpname":"Dasholi","dtname":"Chamoli","capacity_k":25,"discom":"UPCL"}},
{"type":"Feature","geometry":{"type":"Point","coordinates":[78.54858,30.37016]},"properties":{"bpcode":1011,"bpname":"Jakhinidhar","dtname":"Tehri garhwal","capacity_k":25,"discom":"UPCL"}},
{"type":"Feature","geometry":{"type":"Point","coordinates":[78.78476,30.37055]},"properties":{"bpcode":1008,"bpname":"Bhilingana","dtname":"Tehri garhwal","capacity_k":25,"discom":"UPCL"}},
{"type":"Feature","geometry":{"type":"Point","coordinates":[79.00622,30.37161]},"properties":{"bpcode":1005,"bpname":"Agustmuni","dtname":"Rudraprayag","capacity_k":25,"discom":"UPCL"}},
{"type":"Feature","geometry":{"type":"Point","coordinates":[78.96567,30.37379]},"properties":{"bpcode":1006,"bpname":"Jakholi","dtname":"Rudraprayag","capacity_k":25,"discom":"UPCL"}},
{"type":"Feature","geometry":{"type":"Point","coordinates":[79.57453,30.37461]},"properties":{"bpcode":949,"bpname":"Dasholi","dtname":"Chamoli","capacity_k":25,"discom":"UPCL"}},
{"type":"Feature","geometry":{"type":"Point","coordinates":[78.76476,30.37623]},"properties":{"bpcode":1008,"bpname":"Bhilingana","dtname":"Tehri garhwal","capacity_k":25,"discom":"UPCL"}},
{"type":"Feature","geometry":{"type":"Point","coordinates":[77.97877,30.3772]},"properties":{"bpcode":967,"bpname":"Vikasnagar","dtname":"Dehradun","capacity_k":50,"discom":"UPCL"}},
{"type":"Feature","geometry":{"type":"Point","coordinates":[78.86534,30.3779]},"properties":{"bpcode":1006,"bpname":"Jakholi","dtname":"Rudraprayag","capacity_k":25,"discom":"UPCL"}},
{"type":"Feature","geometry":{"type":"Point","coordinates":[78.80954,30.37792]},"properties":{"bpcode":1008,"bpname":"Bhilingana","dtname":"Tehri garhwal","capacity_k":75,"discom":"UPCL"}},
{"type":"Feature","geometry":{"type":"Point","coordinates":[79.07836,30.38014]},"properties":{"bpcode":1005,"bpname":"Agustmuni","dtname":"Rudraprayag","capacity_k":25,"discom":"UPCL"}},
{"type":"Feature","geometry":{"type":"Point","coordinates":[79.32226,30.3807]},"properties":{"bpcode":949,"bpname":"Dasholi","dtname":"Chamoli","capacity_k":25,"discom":"UPCL"}},
{"type":"Feature","geometry":{"type":"Point","coordinates":[78.45644,30.38109]},"properties":{"bpcode":1009,"bpname":"Chamba","dtname":"Tehri garhwal","capacity_k":25,"discom":"UPCL"}},
{"type":"Feature","geometry":{"type":"Point","coordinates":[79.03518,30.38151]},"properties":{"bpcode":1005,"bpname":"Agustmuni","dtname":"Rudraprayag","capacity_k":25,"discom":"UPCL"}},
{"type":"Feature","geometry":{"type":"Point","coordinates":[79.13719,30.38239]},"properties":{"bpcode":1005,"bpname":"Agustmuni","dtname":"Rudraprayag","capacity_k":25,"discom":"UPCL"}},
{"type":"Feature","geometry":{"type":"Point","coordinates":[78.7558,30.38296]},"properties":{"bpcode":1008,"bpname":"Bhilingana","dtname":"Tehri garhwal","capacity_k":50,"discom":"UPCL"}},
{"type":"Feature","geometry":{"type":"Point","coordinates":[79.06268,30.38302]},"properties":{"bpcode":1005,"bpname":"Agustmuni","dtname":"Rudraprayag","capacity_k":25,"discom":"UPCL"}},
{"type":"Feature","geometry":{"type":"Point","coordinates":[78.00124,30.38339]},"properties":{"bpcode":967,"bpname":"Vikasnagar","dtname":"Dehradun","capacity_k":25,"discom":"UPCL"}},
{"type":"Feature","geometry":{"type":"Point","coordinates":[77.77086,30.38588]},"properties":{"bpcode":966,"bpname":"Sahaspur","dtname":"Dehradun","capacity_k":25,"discom":"UPCL"}},
{"type":"Feature","geometry":{"type":"Point","coordinates":[78.73756,30.38728]},"properties":{"bpcode":1008,"bpname":"Bhilingana","dtname":"Tehri garhwal","capacity_k":50,"discom":"UPCL"}},
{"type":"Feature","geometry":{"type":"Point","coordinates":[78.56121,30.38808]},"properties":{"bpcode":1011,"bpname":"Jakhinidhar","dtname":"Tehri garhwal","capacity_k":25,"discom":"UPCL"}},
{"type":"Feature","geometry":{"type":"Point","coordinates":[78.54642,30.38955]},"properties":{"bpcode":1011,"bpname":"Jakhinidhar","dtname":"Tehri garhwal","capacity_k":25,"discom":"UPCL"}},
{"type":"Feature","geometry":{"type":"Point","coordinates":[79.06811,30.38968]},"properties":{"bpcode":1005,"bpname":"Agustmuni","dtname":"Rudraprayag","capacity_k":25,"discom":"UPCL"}},
{"type":"Feature","geometry":{"type":"Point","coordinates":[78.98383,30.39001]},"properties":{"bpcode":1006,"bpname":"Jakholi","dtname":"Rudraprayag","capacity_k":50,"discom":"UPCL"}},
{"type":"Feature","geometry":{"type":"Point","coordinates":[78.32229,30.39086]},"properties":{"bpcode":1009,"bpname":"Chamba","dtname":"Tehri garhwal","capacity_k":50,"discom":"UPCL"}},
{"type":"Feature","geometry":{"type":"Point","coordinates":[79.14778,30.39199]},"properties":{"bpcode":1005,"bpname":"Agustmuni","dtname":"Rudraprayag","capacity_k":50,"discom":"UPCL"}},
{"type":"Feature","geometry":{"type":"Point","coordinates":[78.88865,30.39307]},"properties":{"bpcode":1006,"bpname":"Jakholi","dtname":"Rudraprayag","capacity_k":50,"discom":"UPCL"}},
{"type":"Feature","geometry":{"type":"Point","coordinates":[78.6375,30.39402]},"properties":{"bpcode":1008,"bpname":"Bhilingana","dtname":"Tehri garhwal","capacity_k":75,"discom":"UPCL"}},
{"type":"Feature","geometry":{"type":"Point","coordinates":[79.07523,30.39641]},"properties":{"bpcode":1005,"bpname":"Agustmuni","dtname":"Rudraprayag","capacity_k":25,"discom":"UPCL"}},
{"type":"Feature","geometry":{"type":"Point","coordinates":[79.15016,30.39661]},"properties":{"bpcode":1005,"bpname":"Agustmuni","dtname":"Rudraprayag","capacity_k":25,"discom":"UPCL"}},
{"type":"Feature","geometry":{"type":"Point","coordinates":[78.94724,30.39735]},"properties":{"bpcode":1006,"bpname":"Jakholi","dtname":"Rudraprayag","capacity_k":25,"discom":"UPCL"}},
{"type":"Feature","geometry":{"type":"Point","coordinates":[79.03381,30.39757]},"properties":{"bpcode":1005,"bpname":"Agustmuni","dtname":"Rudraprayag","capacity_k":25,"discom":"UPCL"}},
{"type":"Feature","geometry":{"type":"Point","coordinates":[79.00234,30.39827]},"properties":{"bpcode":1006,"bpname":"Jakholi","dtname":"Rudraprayag","capacity_k":25,"discom":"UPCL"}},
{"type":"Feature","geometry":{"type":"Point","coordinates":[78.61986,30.39943]},"properties":{"bpcode":1008,"bpname":"Bhilingana","dtname":"Tehri garhwal","capacity_k":75,"discom":"UPCL"}},
{"type":"Feature","geometry":{"type":"Point","coordinates":[79.13984,30.40395]},"properties":{"bpcode":1005,"bpname":"Agustmuni","dtname":"Rudraprayag","capacity_k":25,"discom":"UPCL"}},
{"type":"Feature","geometry":{"type":"Point","coordinates":[78.88471,30.40551]},"properties":{"bpcode":1006,"bpname":"Jakholi","dtname":"Rudraprayag","capacity_k":25,"discom":"UPCL"}},
{"type":"Feature","geometry":{"type":"Point","coordinates":[79.11998,30.40564]},"properties":{"bpcode":1005,"bpname":"Agustmuni","dtname":"Rudraprayag","capacity_k":25,"discom":"UPCL"}},
{"type":"Feature","geometry":{"type":"Point","coordinates":[79.04815,30.40571]},"properties":{"bpcode":1005,"bpname":"Agustmuni","dtname":"Rudraprayag","capacity_k":25,"discom":"UPCL"}},
{"type":"Feature","geometry":{"type":"Point","coordinates":[78.86915,30.40575]},"properties":{"bpcode":1006,"bpname":"Jakholi","dtname":"Rudraprayag","capacity_k":25,"discom":"UPCL"}},
{"type":"Feature","geometry":{"type":"Point","coordinates":[79.01032,30.40655]},"properties":{"bpcode":1006,"bpname":"Jakholi","dtname":"Rudraprayag","capacity_k":100,"discom":"UPCL"}},
{"type":"Feature","geometry":{"type":"Point","coordinates":[78.6953,30.40685]},"properties":{"bpcode":1008,"bpname":"Bhilingana","dtname":"Tehri garhwal","capacity_k":125,"discom":"UPCL"}},
{"type":"Feature","geometry":{"type":"Point","coordinates":[79.08665,30.40757]},"properties":{"bpcode":1005,"bpname":"Agustmuni","dtname":"Rudraprayag","capacity_k":25,"discom":"UPCL"}},
{"type":"Feature","geometry":{"type":"Point","coordinates":[78.85448,30.40822]},"properties":{"bpcode":1006,"bpname":"Jakholi","dtname":"Rudraprayag","capacity_k":50,"discom":"UPCL"}},
{"type":"Feature","geometry":{"type":"Point","coordinates":[78.17472,30.40962]},"properties":{"bpcode":965,"bpname":"Raipur","dtname":"Dehradun","capacity_k":25,"discom":"UPCL"}},
{"type":"Feature","geometry":{"type":"Point","coordinates":[79.12346,30.41133]},"properties":{"bpcode":1005,"bpname":"Agustmuni","dtname":"Rudraprayag","capacity_k":25,"discom":"UPCL"}},
{"type":"Feature","geometry":{"type":"Point","coordinates":[78.63613,30.41371]},"properties":{"bpcode":1008,"bpname":"Bhilingana","dtname":"Tehri garhwal","capacity_k":25,"discom":"UPCL"}},
{"type":"Feature","geometry":{"type":"Point","coordinates":[79.22475,30.41435]},"properties":{"bpcode":956,"bpname":"Pokhri","dtname":"Chamoli","capacity_k":50,"discom":"UPCL"}},
{"type":"Feature","geometry":{"type":"Point","coordinates":[78.11447,30.41452]},"properties":{"bpcode":965,"bpname":"Raipur","dtname":"Dehradun","capacity_k":100,"discom":"UPCL"}},
{"type":"Feature","geometry":{"type":"Point","coordinates":[78.71381,30.41461]},"properties":{"bpcode":1008,"bpname":"Bhilingana","dtname":"Tehri garhwal","capacity_k":25,"discom":"UPCL"}},
{"type":"Feature","geometry":{"type":"Point","coordinates":[78.22226,30.41699]},"properties":{"bpcode":965,"bpname":"Raipur","dtname":"Dehradun","capacity_k":50,"discom":"UPCL"}},
{"type":"Feature","geometry":{"type":"Point","coordinates":[79.07405,30.418]},"properties":{"bpcode":1005,"bpname":"Agustmuni","dtname":"Rudraprayag","capacity_k":25,"discom":"UPCL"}},
{"type":"Feature","geometry":{"type":"Point","coordinates":[78.87558,30.4183]},"properties":{"bpcode":1006,"bpname":"Jakholi","dtname":"Rudraprayag","capacity_k":25,"discom":"UPCL"}},
{"type":"Feature","geometry":{"type":"Point","coordinates":[78.59337,30.42087]},"properties":{"bpcode":1011,"bpname":"Jakhinidhar","dtname":"Tehri garhwal","capacity_k":25,"discom":"UPCL"}},
{"type":"Feature","geometry":{"type":"Point","coordinates":[79.14097,30.42362]},"properties":{"bpcode":1005,"bpname":"Agustmuni","dtname":"Rudraprayag","capacity_k":50,"discom":"UPCL"}},
{"type":"Feature","geometry":{"type":"Point","coordinates":[79.12155,30.42422]},"properties":{"bpcode":1005,"bpname":"Agustmuni","dtname":"Rudraprayag","capacity_k":25,"discom":"UPCL"}},
{"type":"Feature","geometry":{"type":"Point","coordinates":[79.07681,30.42485]},"properties":{"bpcode":1005,"bpname":"Agustmuni","dtname":"Rudraprayag","capacity_k":25,"discom":"UPCL"}},
{"type":"Feature","geometry":{"type":"Point","coordinates":[78.59809,30.42752]},"properties":{"bpcode":1011,"bpname":"Jakhinidhar","dtname":"Tehri garhwal","capacity_k":50,"discom":"UPCL"}},
{"type":"Feature","geometry":{"type":"Point","coordinates":[79.05769,30.42806]},"properties":{"bpcode":1006,"bpname":"Jakholi","dtname":"Rudraprayag","capacity_k":25,"discom":"UPCL"}},
{"type":"Feature","geometry":{"type":"Point","coordinates":[79.10627,30.42905]},"properties":{"bpcode":1005,"bpname":"Agustmuni","dtname":"Rudraprayag","capacity_k":25,"discom":"UPCL"}},
{"type":"Feature","geometry":{"type":"Point","coordinates":[78.6684,30.42951]},"properties":{"bpcode":1008,"bpname":"Bhilingana","dtname":"Tehri garhwal","capacity_k":50,"discom":"UPCL"}},
{"type":"Feature","geometry":{"type":"Point","coordinates":[79.07145,30.43146]},"properties":{"bpcode":1005,"bpname":"Agustmuni","dtname":"Rudraprayag","capacity_k":25,"discom":"UPCL"}},
{"type":"Feature","geometry":{"type":"Point","coordinates":[79.12876,30.43219]},"properties":{"bpcode":1005,"bpname":"Agustmuni","dtname":"Rudraprayag","capacity_k":25,"discom":"UPCL"}},
{"type":"Feature","geometry":{"type":"Point","coordinates":[78.7918,30.43347]},"properties":{"bpcode":1008,"bpname":"Bhilingana","dtname":"Tehri garhwal","capacity_k":50,"discom":"UPCL"}},
{"type":"Feature","geometry":{"type":"Point","coordinates":[79.14336,30.43363]},"properties":{"bpcode":1005,"bpname":"Agustmuni","dtname":"Rudraprayag","capacity_k":25,"discom":"UPCL"}},
{"type":"Feature","geometry":{"type":"Point","coordinates":[78.73946,30.4339]},"properties":{"bpcode":1008,"bpname":"Bhilingana","dtname":"Tehri garhwal","capacity_k":25,"discom":"UPCL"}},
{"type":"Feature","geometry":{"type":"Point","coordinates":[78.78154,30.43741]},"properties":{"bpcode":1008,"bpname":"Bhilingana","dtname":"Tehri garhwal","capacity_k":25,"discom":"UPCL"}},
{"type":"Feature","geometry":{"type":"Point","coordinates":[79.1349,30.43835]},"properties":{"bpcode":1005,"bpname":"Agustmuni","dtname":"Rudraprayag","capacity_k":25,"discom":"UPCL"}},
{"type":"Feature","geometry":{"type":"Point","coordinates":[79.13066,30.43841]},"properties":{"bpcode":1005,"bpname":"Agustmuni","dtname":"Rudraprayag","capacity_k":25,"discom":"UPCL"}},
{"type":"Feature","geometry":{"type":"Point","coordinates":[78.67712,30.43895]},"properties":{"bpcode":1008,"bpname":"Bhilingana","dtname":"Tehri garhwal","capacity_k":25,"discom":"UPCL"}},
{"type":"Feature","geometry":{"type":"Point","coordinates":[78.58122,30.43998]},"properties":{"bpcode":1011,"bpname":"Jakhinidhar","dtname":"Tehri garhwal","capacity_k":50,"discom":"UPCL"}},
{"type":"Feature","geometry":{"type":"Point","coordinates":[79.06564,30.44169]},"properties":{"bpcode":1005,"bpname":"Agustmuni","dtname":"Rudraprayag","capacity_k":25,"discom":"UPCL"}},
{"type":"Feature","geometry":{"type":"Point","coordinates":[78.66917,30.44273]},"properties":{"bpcode":1008,"bpname":"Bhilingana","dtname":"Tehri garhwal","capacity_k":25,"discom":"UPCL"}},
{"type":"Feature","geometry":{"type":"Point","coordinates":[78.80238,30.4432]},"properties":{"bpcode":1008,"bpname":"Bhilingana","dtname":"Tehri garhwal","capacity_k":25,"discom":"UPCL"}},
{"type":"Feature","geometry":{"type":"Point","coordinates":[79.04071,30.44374]},"properties":{"bpcode":1006,"bpname":"Jakholi","dtname":"Rudraprayag","capacity_k":25,"discom":"UPCL"}},
{"type":"Feature","geometry":{"type":"Point","coordinates":[77.74615,30.44469]},"properties":{"bpcode":966,"bpname":"Sahaspur","dtname":"Dehradun","capacity_k":700,"discom":"UPCL"}},
{"type":"Feature","geometry":{"type":"Point","coordinates":[78.62238,30.44475]},"properties":{"bpcode":1008,"bpname":"Bhilingana","dtname":"Tehri garhwal","capacity_k":25,"discom":"UPCL"}},
{"type":"Feature","geometry":{"type":"Point","coordinates":[78.38262,30.44579]},"properties":{"bpcode":1016,"bpname":"Thaludhar","dtname":"Tehri garhwal","capacity_k":50,"discom":"UPCL"}},
{"type":"Feature","geometry":{"type":"Point","coordinates":[78.62544,30.44639]},"properties":{"bpcode":1008,"bpname":"Bhilingana","dtname":"Tehri garhwal","capacity_k":25,"discom":"UPCL"}},
{"type":"Feature","geometry":{"type":"Point","coordinates":[78.24208,30.4466]},"properties":{"bpcode":1012,"bpname":"Jaunpur","dtname":"Tehri garhwal","capacity_k":25,"discom":"UPCL"}},
{"type":"Feature","geometry":{"type":"Point","coordinates":[79.0579,30.44711]},"properties":{"bpcode":1005,"bpname":"Agustmuni","dtname":"Rudraprayag","capacity_k":25,"discom":"UPCL"}},
{"type":"Feature","geometry":{"type":"Point","coordinates":[77.7456,30.4483]},"properties":{"bpcode":966,"bpname":"Sahaspur","dtname":"Dehradun","capacity_k":200,"discom":"UPCL"}},
{"type":"Feature","geometry":{"type":"Point","coordinates":[78.56241,30.44859]},"properties":{"bpcode":1011,"bpname":"Jakhinidhar","dtname":"Tehri garhwal","capacity_k":25,"discom":"UPCL"}},
{"type":"Feature","geometry":{"type":"Point","coordinates":[78.75691,30.44965]},"properties":{"bpcode":1008,"bpname":"Bhilingana","dtname":"Tehri garhwal","capacity_k":50,"discom":"UPCL"}},
{"type":"Feature","geometry":{"type":"Point","coordinates":[78.24368,30.45059]},"properties":{"bpcode":1012,"bpname":"Jaunpur","dtname":"Tehri garhwal","capacity_k":25,"discom":"UPCL"}},
{"type":"Feature","geometry":{"type":"Point","coordinates":[78.76752,30.45113]},"properties":{"bpcode":1008,"bpname":"Bhilingana","dtname":"Tehri garhwal","capacity_k":50,"discom":"UPCL"}},
{"type":"Feature","geometry":{"type":"Point","coordinates":[78.23112,30.45456]},"properties":{"bpcode":1012,"bpname":"Jaunpur","dtname":"Tehri garhwal","capacity_k":75,"discom":"UPCL"}},
{"type":"Feature","geometry":{"type":"Point","coordinates":[78.24563,30.45555]},"properties":{"bpcode":1012,"bpname":"Jaunpur","dtname":"Tehri garhwal","capacity_k":75,"discom":"UPCL"}},
{"type":"Feature","geometry":{"type":"Point","coordinates":[78.63673,30.45654]},"properties":{"bpcode":1008,"bpname":"Bhilingana","dtname":"Tehri garhwal","capacity_k":25,"discom":"UPCL"}},
{"type":"Feature","geometry":{"type":"Point","coordinates":[78.34567,30.45683]},"properties":{"bpcode":1016,"bpname":"Thaludhar","dtname":"Tehri garhwal","capacity_k":50,"discom":"UPCL"}},
{"type":"Feature","geometry":{"type":"Point","coordinates":[78.19946,30.45755]},"properties":{"bpcode":1012,"bpname":"Jaunpur","dtname":"Tehri garhwal","capacity_k":50,"discom":"UPCL"}},
{"type":"Feature","geometry":{"type":"Point","coordinates":[78.55933,30.45803]},"properties":{"bpcode":1011,"bpname":"Jakhinidhar","dtname":"Tehri garhwal","capacity_k":125,"discom":"UPCL"}},
{"type":"Feature","geometry":{"type":"Point","coordinates":[78.69782,30.46073]},"properties":{"bpcode":1008,"bpname":"Bhilingana","dtname":"Tehri garhwal","capacity_k":25,"discom":"UPCL"}},
{"type":"Feature","geometry":{"type":"Point","coordinates":[78.32232,30.46089]},"properties":{"bpcode":1016,"bpname":"Thaludhar","dtname":"Tehri garhwal","capacity_k":50,"discom":"UPCL"}},
{"type":"Feature","geometry":{"type":"Point","coordinates":[78.29143,30.46125]},"properties":{"bpcode":1016,"bpname":"Thaludhar","dtname":"Tehri garhwal","capacity_k":150,"discom":"UPCL"}},
{"type":"Feature","geometry":{"type":"Point","coordinates":[78.32715,30.462]},"properties":{"bpcode":1016,"bpname":"Thaludhar","dtname":"Tehri garhwal","capacity_k":25,"discom":"UPCL"}},
{"type":"Feature","geometry":{"type":"Point","coordinates":[78.21179,30.46446]},"properties":{"bpcode":1012,"bpname":"Jaunpur","dtname":"Tehri garhwal","capacity_k":50,"discom":"UPCL"}},
{"type":"Feature","geometry":{"type":"Point","coordinates":[78.23987,30.46543]},"properties":{"bpcode":1012,"bpname":"Jaunpur","dtname":"Tehri garhwal","capacity_k":100,"discom":"UPCL"}},
{"type":"Feature","geometry":{"type":"Point","coordinates":[78.40117,30.46581]},"properties":{"bpcode":1016,"bpname":"Thaludhar","dtname":"Tehri garhwal","capacity_k":75,"discom":"UPCL"}},
{"type":"Feature","geometry":{"type":"Point","coordinates":[78.34097,30.46679]},"properties":{"bpcode":1016,"bpname":"Thaludhar","dtname":"Tehri garhwal","capacity_k":25,"discom":"UPCL"}},
{"type":"Feature","geometry":{"type":"Point","coordinates":[78.52414,30.46771]},"properties":{"bpcode":1015,"bpname":"Pratapnagar","dtname":"Tehri garhwal","capacity_k":150,"discom":"UPCL"}},
{"type":"Feature","geometry":{"type":"Point","coordinates":[78.63889,30.46848]},"properties":{"bpcode":1008,"bpname":"Bhilingana","dtname":"Tehri garhwal","capacity_k":75,"discom":"UPCL"}},
{"type":"Feature","geometry":{"type":"Point","coordinates":[78.12574,30.46902]},"properties":{"bpcode":1012,"bpname":"Jaunpur","dtname":"Tehri garhwal","capacity_k":25,"discom":"UPCL"}},
{"type":"Feature","geometry":{"type":"Point","coordinates":[78.22579,30.46935]},"properties":{"bpcode":1012,"bpname":"Jaunpur","dtname":"Tehri garhwal","capacity_k":25,"discom":"UPCL"}},
{"type":"Feature","geometry":{"type":"Point","coordinates":[78.36649,30.4696]},"properties":{"bpcode":1016,"bpname":"Thaludhar","dtname":"Tehri garhwal","capacity_k":25,"discom":"UPCL"}},
{"type":"Feature","geometry":{"type":"Point","coordinates":[78.37935,30.47027]},"properties":{"bpcode":1016,"bpname":"Thaludhar","dtname":"Tehri garhwal","capacity_k":25,"discom":"UPCL"}},
{"type":"Feature","geometry":{"type":"Point","coordinates":[78.11625,30.47186]},"properties":{"bpcode":1012,"bpname":"Jaunpur","dtname":"Tehri garhwal","capacity_k":75,"discom":"UPCL"}},
{"type":"Feature","geometry":{"type":"Point","coordinates":[78.70039,30.47273]},"properties":{"bpcode":1008,"bpname":"Bhilingana","dtname":"Tehri garhwal","capacity_k":25,"discom":"UPCL"}},
{"type":"Feature","geometry":{"type":"Point","coordinates":[78.7195,30.47286]},"properties":{"bpcode":1008,"bpname":"Bhilingana","dtname":"Tehri garhwal","capacity_k":25,"discom":"UPCL"}},
{"type":"Feature","geometry":{"type":"Point","coordinates":[78.42568,30.47514]},"properties":{"bpcode":1015,"bpname":"Pratapnagar","dtname":"Tehri garhwal","capacity_k":25,"discom":"UPCL"}},
{"type":"Feature","geometry":{"type":"Point","coordinates":[79.0549,30.47528]},"properties":{"bpcode":1005,"bpname":"Agustmuni","dtname":"Rudraprayag","capacity_k":25,"discom":"UPCL"}},
{"type":"Feature","geometry":{"type":"Point","coordinates":[78.60138,30.47564]},"properties":{"bpcode":1008,"bpname":"Bhilingana","dtname":"Tehri garhwal","capacity_k":25,"discom":"UPCL"}},
{"type":"Feature","geometry":{"type":"Point","coordinates":[78.24424,30.47602]},"properties":{"bpcode":1012,"bpname":"Jaunpur","dtname":"Tehri garhwal","capacity_k":25,"discom":"UPCL"}},
{"type":"Feature","geometry":{"type":"Point","coordinates":[79.61912,30.47782]},"properties":{"bpcode":953,"bpname":"Joshimath","dtname":"Chamoli","capacity_k":25,"discom":"UPCL"}},
{"type":"Feature","geometry":{"type":"Point","coordinates":[78.29807,30.47832]},"properties":{"bpcode":1016,"bpname":"Thaludhar","dtname":"Tehri garhwal","capacity_k":100,"discom":"UPCL"}},
{"type":"Feature","geometry":{"type":"Point","coordinates":[78.59729,30.47838]},"properties":{"bpcode":1008,"bpname":"Bhilingana","dtname":"Tehri garhwal","capacity_k":75,"discom":"UPCL"}},
{"type":"Feature","geometry":{"type":"Point","coordinates":[78.47117,30.47946]},"properties":{"bpcode":1015,"bpname":"Pratapnagar","dtname":"Tehri garhwal","capacity_k":50,"discom":"UPCL"}},
{"type":"Feature","geometry":{"type":"Point","coordinates":[78.37195,30.48029]},"properties":{"bpcode":1016,"bpname":"Thaludhar","dtname":"Tehri garhwal","capacity_k":25,"discom":"UPCL"}},
{"type":"Feature","geometry":{"type":"Point","coordinates":[78.22996,30.48046]},"properties":{"bpcode":1012,"bpname":"Jaunpur","dtname":"Tehri garhwal","capacity_k":75,"discom":"UPCL"}},
{"type":"Feature","geometry":{"type":"Point","coordinates":[78.97351,30.48048]},"properties":{"bpcode":1006,"bpname":"Jakholi","dtname":"Rudraprayag","capacity_k":50,"discom":"UPCL"}},
{"type":"Feature","geometry":{"type":"Point","coordinates":[78.42754,30.48057]},"properties":{"bpcode":1015,"bpname":"Pratapnagar","dtname":"Tehri garhwal","capacity_k":25,"discom":"UPCL"}},
{"type":"Feature","geometry":{"type":"Point","coordinates":[78.56994,30.48071]},"properties":{"bpcode":1008,"bpname":"Bhilingana","dtname":"Tehri garhwal","capacity_k":75,"discom":"UPCL"}},
{"type":"Feature","geometry":{"type":"Point","coordinates":[78.72533,30.48074]},"properties":{"bpcode":1008,"bpname":"Bhilingana","dtname":"Tehri garhwal","capacity_k":25,"discom":"UPCL"}},
{"type":"Feature","geometry":{"type":"Point","coordinates":[78.5782,30.48136]},"properties":{"bpcode":1008,"bpname":"Bhilingana","dtname":"Tehri garhwal","capacity_k":25,"discom":"UPCL"}},
{"type":"Feature","geometry":{"type":"Point","coordinates":[78.52592,30.48144]},"properties":{"bpcode":1015,"bpname":"Pratapnagar","dtname":"Tehri garhwal","capacity_k":25,"discom":"UPCL"}},
{"type":"Feature","geometry":{"type":"Point","coordinates":[78.58844,30.48144]},"properties":{"bpcode":1008,"bpname":"Bhilingana","dtname":"Tehri garhwal","capacity_k":25,"discom":"UPCL"}},
{"type":"Feature","geometry":{"type":"Point","coordinates":[78.96822,30.48202]},"properties":{"bpcode":1006,"bpname":"Jakholi","dtname":"Rudraprayag","capacity_k":25,"discom":"UPCL"}},
{"type":"Feature","geometry":{"type":"Point","coordinates":[78.15066,30.48204]},"properties":{"bpcode":1012,"bpname":"Jaunpur","dtname":"Tehri garhwal","capacity_k":25,"discom":"UPCL"}},
{"type":"Feature","geometry":{"type":"Point","coordinates":[78.69618,30.48216]},"properties":{"bpcode":1008,"bpname":"Bhilingana","dtname":"Tehri garhwal","capacity_k":25,"discom":"UPCL"}},
{"type":"Feature","geometry":{"type":"Point","coordinates":[78.23773,30.48294]},"properties":{"bpcode":1012,"bpname":"Jaunpur","dtname":"Tehri garhwal","capacity_k":25,"discom":"UPCL"}},
{"type":"Feature","geometry":{"type":"Point","coordinates":[78.70176,30.48304]},"properties":{"bpcode":1008,"bpname":"Bhilingana","dtname":"Tehri garhwal","capacity_k":25,"discom":"UPCL"}},
{"type":"Feature","geometry":{"type":"Point","coordinates":[78.43286,30.48363]},"properties":{"bpcode":1015,"bpname":"Pratapnagar","dtname":"Tehri garhwal","capacity_k":25,"discom":"UPCL"}},
{"type":"Feature","geometry":{"type":"Point","coordinates":[78.04888,30.4855]},"properties":{"bpcode":1012,"bpname":"Jaunpur","dtname":"Tehri garhwal","capacity_k":25,"discom":"UPCL"}},
{"type":"Feature","geometry":{"type":"Point","coordinates":[77.98879,30.48646]},"properties":{"bpcode":1012,"bpname":"Jaunpur","dtname":"Tehri garhwal","capacity_k":50,"discom":"UPCL"}},
{"type":"Feature","geometry":{"type":"Point","coordinates":[77.97946,30.48656]},"properties":{"bpcode":1012,"bpname":"Jaunpur","dtname":"Tehri garhwal","capacity_k":50,"discom":"UPCL"}},
{"type":"Feature","geometry":{"type":"Point","coordinates":[79.06354,30.48938]},"properties":{"bpcode":1005,"bpname":"Agustmuni","dtname":"Rudraprayag","capacity_k":75,"discom":"UPCL"}},
{"type":"Feature","geometry":{"type":"Point","coordinates":[78.1548,30.48974]},"properties":{"bpcode":1012,"bpname":"Jaunpur","dtname":"Tehri garhwal","capacity_k":25,"discom":"UPCL"}},
{"type":"Feature","geometry":{"type":"Point","coordinates":[78.49968,30.4898]},"properties":{"bpcode":1015,"bpname":"Pratapnagar","dtname":"Tehri garhwal","capacity_k":25,"discom":"UPCL"}},
{"type":"Feature","geometry":{"type":"Point","coordinates":[78.71026,30.48989]},"properties":{"bpcode":1008,"bpname":"Bhilingana","dtname":"Tehri garhwal","capacity_k":25,"discom":"UPCL"}},
{"type":"Feature","geometry":{"type":"Point","coordinates":[78.23606,30.49014]},"properties":{"bpcode":1012,"bpname":"Jaunpur","dtname":"Tehri garhwal","capacity_k":100,"discom":"UPCL"}},
{"type":"Feature","geometry":{"type":"Point","coordinates":[78.21803,30.49106]},"properties":{"bpcode":1012,"bpname":"Jaunpur","dtname":"Tehri garhwal","capacity_k":100,"discom":"UPCL"}},
{"type":"Feature","geometry":{"type":"Point","coordinates":[78.24661,30.49257]},"properties":{"bpcode":1012,"bpname":"Jaunpur","dtname":"Tehri garhwal","capacity_k":25,"discom":"UPCL"}},
{"type":"Feature","geometry":{"type":"Point","coordinates":[78.97655,30.4946]},"properties":{"bpcode":1006,"bpname":"Jakholi","dtname":"Rudraprayag","capacity_k":25,"discom":"UPCL"}},
{"type":"Feature","geometry":{"type":"Point","coordinates":[78.00332,30.49529]},"properties":{"bpcode":1012,"bpname":"Jaunpur","dtname":"Tehri garhwal","capacity_k":25,"discom":"UPCL"}},
{"type":"Feature","geometry":{"type":"Point","coordinates":[78.69723,30.49595]},"properties":{"bpcode":1008,"bpname":"Bhilingana","dtname":"Tehri garhwal","capacity_k":50,"discom":"UPCL"}},
{"type":"Feature","geometry":{"type":"Point","coordinates":[78.00598,30.49633]},"properties":{"bpcode":1012,"bpname":"Jaunpur","dtname":"Tehri garhwal","capacity_k":25,"discom":"UPCL"}},
{"type":"Feature","geometry":{"type":"Point","coordinates":[78.43993,30.49662]},"properties":{"bpcode":1015,"bpname":"Pratapnagar","dtname":"Tehri garhwal","capacity_k":25,"discom":"UPCL"}},
{"type":"Feature","geometry":{"type":"Point","coordinates":[78.26397,30.497]},"properties":{"bpcode":1012,"bpname":"Jaunpur","dtname":"Tehri garhwal","capacity_k":200,"discom":"UPCL"}},
{"type":"Feature","geometry":{"type":"Point","coordinates":[78.96916,30.49824]},"properties":{"bpcode":1006,"bpname":"Jakholi","dtname":"Rudraprayag","capacity_k":25,"discom":"UPCL"}},
{"type":"Feature","geometry":{"type":"Point","coordinates":[78.40802,30.49833]},"properties":{"bpcode":1025,"bpname":"Chiniyalisaur","dtname":"Uttarkashi","capacity_k":25,"discom":"UPCL"}},
{"type":"Feature","geometry":{"type":"Point","coordinates":[77.96906,30.49933]},"properties":{"bpcode":1012,"bpname":"Jaunpur","dtname":"Tehri garhwal","capacity_k":25,"discom":"UPCL"}},
{"type":"Feature","geometry":{"type":"Point","coordinates":[77.95693,30.50102]},"properties":{"bpcode":1012,"bpname":"Jaunpur","dtname":"Tehri garhwal","capacity_k":50,"discom":"UPCL"}},
{"type":"Feature","geometry":{"type":"Point","coordinates":[77.98669,30.50161]},"properties":{"bpcode":1012,"bpname":"Jaunpur","dtname":"Tehri garhwal","capacity_k":25,"discom":"UPCL"}},
{"type":"Feature","geometry":{"type":"Point","coordinates":[78.3799,30.50322]},"properties":{"bpcode":1016,"bpname":"Thaludhar","dtname":"Tehri garhwal","capacity_k":25,"discom":"UPCL"}},
{"type":"Feature","geometry":{"type":"Point","coordinates":[78.42657,30.50444]},"properties":{"bpcode":1015,"bpname":"Pratapnagar","dtname":"Tehri garhwal","capacity_k":25,"discom":"UPCL"}},
{"type":"Feature","geometry":{"type":"Point","coordinates":[78.00047,30.50484]},"properties":{"bpcode":1012,"bpname":"Jaunpur","dtname":"Tehri garhwal","capacity_k":25,"discom":"UPCL"}},
{"type":"Feature","geometry":{"type":"Point","coordinates":[78.24791,30.50527]},"properties":{"bpcode":1012,"bpname":"Jaunpur","dtname":"Tehri garhwal","capacity_k":150,"discom":"UPCL"}},
{"type":"Feature","geometry":{"type":"Point","coordinates":[78.00978,30.50617]},"properties":{"bpcode":1012,"bpname":"Jaunpur","dtname":"Tehri garhwal","capacity_k":25,"discom":"UPCL"}},
{"type":"Feature","geometry":{"type":"Point","coordinates":[78.18165,30.50631]},"properties":{"bpcode":1012,"bpname":"Jaunpur","dtname":"Tehri garhwal","capacity_k":25,"discom":"UPCL"}},
{"type":"Feature","geometry":{"type":"Point","coordinates":[79.11831,30.50645]},"properties":{"bpcode":1007,"bpname":"Ukhimath","dtname":"Rudraprayag","capacity_k":50,"discom":"UPCL"}},
{"type":"Feature","geometry":{"type":"Point","coordinates":[78.25639,30.50666]},"properties":{"bpcode":1012,"bpname":"Jaunpur","dtname":"Tehri garhwal","capacity_k":50,"discom":"UPCL"}},
{"type":"Feature","geometry":{"type":"Point","coordinates":[78.19595,30.50722]},"properties":{"bpcode":1012,"bpname":"Jaunpur","dtname":"Tehri garhwal","capacity_k":50,"discom":"UPCL"}},
{"type":"Feature","geometry":{"type":"Point","coordinates":[78.59789,30.5075]},"properties":{"bpcode":1008,"bpname":"Bhilingana","dtname":"Tehri garhwal","capacity_k":50,"discom":"UPCL"}},
{"type":"Feature","geometry":{"type":"Point","coordinates":[79.14939,30.50771]},"properties":{"bpcode":1007,"bpname":"Ukhimath","dtname":"Rudraprayag","capacity_k":25,"discom":"UPCL"}},
{"type":"Feature","geometry":{"type":"Point","coordinates":[79.15845,30.50807]},"properties":{"bpcode":1007,"bpname":"Ukhimath","dtname":"Rudraprayag","capacity_k":25,"discom":"UPCL"}},
{"type":"Feature","geometry":{"type":"Point","coordinates":[78.70849,30.50813]},"properties":{"bpcode":1008,"bpname":"Bhilingana","dtname":"Tehri garhwal","capacity_k":50,"discom":"UPCL"}},
{"type":"Feature","geometry":{"type":"Point","coordinates":[78.60283,30.50859]},"properties":{"bpcode":1008,"bpname":"Bhilingana","dtname":"Tehri garhwal","capacity_k":25,"discom":"UPCL"}},
{"type":"Feature","geometry":{"type":"Point","coordinates":[78.1285,30.50918]},"properties":{"bpcode":1012,"bpname":"Jaunpur","dtname":"Tehri garhwal","capacity_k":50,"discom":"UPCL"}},
{"type":"Feature","geometry":{"type":"Point","coordinates":[78.14291,30.50947]},"properties":{"bpcode":1012,"bpname":"Jaunpur","dtname":"Tehri garhwal","capacity_k":25,"discom":"UPCL"}},
{"type":"Feature","geometry":{"type":"Point","coordinates":[78.44381,30.51]},"properties":{"bpcode":1015,"bpname":"Pratapnagar","dtname":"Tehri garhwal","capacity_k":25,"discom":"UPCL"}},
{"type":"Feature","geometry":{"type":"Point","coordinates":[78.62689,30.51119]},"properties":{"bpcode":1008,"bpname":"Bhilingana","dtname":"Tehri garhwal","capacity_k":25,"discom":"UPCL"}},
{"type":"Feature","geometry":{"type":"Point","coordinates":[78.65153,30.51392]},"properties":{"bpcode":1008,"bpname":"Bhilingana","dtname":"Tehri garhwal","capacity_k":25,"discom":"UPCL"}},
{"type":"Feature","geometry":{"type":"Point","coordinates":[78.41097,30.51438]},"properties":{"bpcode":1025,"bpname":"Chiniyalisaur","dtname":"Uttarkashi","capacity_k":50,"discom":"UPCL"}},
{"type":"Feature","geometry":{"type":"Point","coordinates":[78.21624,30.5144]},"properties":{"bpcode":1012,"bpname":"Jaunpur","dtname":"Tehri garhwal","capacity_k":50,"discom":"UPCL"}},
{"type":"Feature","geometry":{"type":"Point","coordinates":[78.41666,30.51597]},"properties":{"bpcode":1025,"bpname":"Chiniyalisaur","dtname":"Uttarkashi","capacity_k":75,"discom":"UPCL"}},
{"type":"Feature","geometry":{"type":"Point","coordinates":[78.41483,30.51716]},"properties":{"bpcode":1025,"bpname":"Chiniyalisaur","dtname":"Uttarkashi","capacity_k":150,"discom":"UPCL"}},
{"type":"Feature","geometry":{"type":"Point","coordinates":[79.13671,30.51747]},"properties":{"bpcode":1007,"bpname":"Ukhimath","dtname":"Rudraprayag","capacity_k":25,"discom":"UPCL"}},
{"type":"Feature","geometry":{"type":"Point","coordinates":[78.6657,30.51787]},"properties":{"bpcode":1008,"bpname":"Bhilingana","dtname":"Tehri garhwal","capacity_k":25,"discom":"UPCL"}},
{"type":"Feature","geometry":{"type":"Point","coordinates":[78.60389,30.51813]},"properties":{"bpcode":1008,"bpname":"Bhilingana","dtname":"Tehri garhwal","capacity_k":25,"discom":"UPCL"}},
{"type":"Feature","geometry":{"type":"Point","coordinates":[78.7507,30.52094]},"properties":{"bpcode":1008,"bpname":"Bhilingana","dtname":"Tehri garhwal","capacity_k":25,"discom":"UPCL"}},
{"type":"Feature","geometry":{"type":"Point","coordinates":[77.96555,30.52155]},"properties":{"bpcode":964,"bpname":"Kalsi","dtname":"Dehradun","capacity_k":50,"discom":"UPCL"}},
{"type":"Feature","geometry":{"type":"Point","coordinates":[78.31366,30.52213]},"properties":{"bpcode":1016,"bpname":"Thaludhar","dtname":"Tehri garhwal","capacity_k":125,"discom":"UPCL"}},
{"type":"Feature","geometry":{"type":"Point","coordinates":[79.59995,30.52281]},"properties":{"bpcode":953,"bpname":"Joshimath","dtname":"Chamoli","capacity_k":25,"discom":"UPCL"}},
{"type":"Feature","geometry":{"type":"Point","coordinates":[78.10972,30.52292]},"properties":{"bpcode":1012,"bpname":"Jaunpur","dtname":"Tehri garhwal","capacity_k":150,"discom":"UPCL"}},
{"type":"Feature","geometry":{"type":"Point","coordinates":[78.79576,30.52331]},"properties":{"bpcode":1008,"bpname":"Bhilingana","dtname":"Tehri garhwal","capacity_k":50,"discom":"UPCL"}},
{"type":"Feature","geometry":{"type":"Point","coordinates":[78.31555,30.52384]},"properties":{"bpcode":1016,"bpname":"Thaludhar","dtname":"Tehri garhwal","capacity_k":25,"discom":"UPCL"}},
{"type":"Feature","geometry":{"type":"Point","coordinates":[78.78327,30.52431]},"properties":{"bpcode":1008,"bpname":"Bhilingana","dtname":"Tehri garhwal","capacity_k":25,"discom":"UPCL"}},
{"type":"Feature","geometry":{"type":"Point","coordinates":[78.183,30.5245]},"properties":{"bpcode":1012,"bpname":"Jaunpur","dtname":"Tehri garhwal","capacity_k":50,"discom":"UPCL"}},
{"type":"Feature","geometry":{"type":"Point","coordinates":[78.02394,30.525]},"properties":{"bpcode":1012,"bpname":"Jaunpur","dtname":"Tehri garhwal","capacity_k":50,"discom":"UPCL"}},
{"type":"Feature","geometry":{"type":"Point","coordinates":[78.80755,30.52507]},"properties":{"bpcode":1008,"bpname":"Bhilingana","dtname":"Tehri garhwal","capacity_k":50,"discom":"UPCL"}},
{"type":"Feature","geometry":{"type":"Point","coordinates":[78.35323,30.52528]},"properties":{"bpcode":1016,"bpname":"Thaludhar","dtname":"Tehri garhwal","capacity_k":25,"discom":"UPCL"}},
{"type":"Feature","geometry":{"type":"Point","coordinates":[79.06747,30.52566]},"properties":{"bpcode":1007,"bpname":"Ukhimath","dtname":"Rudraprayag","capacity_k":25,"discom":"UPCL"}},
{"type":"Feature","geometry":{"type":"Point","coordinates":[78.8043,30.52567]},"properties":{"bpcode":1008,"bpname":"Bhilingana","dtname":"Tehri garhwal","capacity_k":25,"discom":"UPCL"}},
{"type":"Feature","geometry":{"type":"Point","coordinates":[78.78484,30.52594]},"properties":{"bpcode":1008,"bpname":"Bhilingana","dtname":"Tehri garhwal","capacity_k":25,"discom":"UPCL"}},
{"type":"Feature","geometry":{"type":"Point","coordinates":[78.31126,30.52648]},"properties":{"bpcode":1016,"bpname":"Thaludhar","dtname":"Tehri garhwal","capacity_k":25,"discom":"UPCL"}},
{"type":"Feature","geometry":{"type":"Point","coordinates":[78.57029,30.52777]},"properties":{"bpcode":1008,"bpname":"Bhilingana","dtname":"Tehri garhwal","capacity_k":25,"discom":"UPCL"}},
{"type":"Feature","geometry":{"type":"Point","coordinates":[78.7927,30.52778]},"properties":{"bpcode":1008,"bpname":"Bhilingana","dtname":"Tehri garhwal","capacity_k":25,"discom":"UPCL"}},
{"type":"Feature","geometry":{"type":"Point","coordinates":[78.66654,30.52805]},"properties":{"bpcode":1008,"bpname":"Bhilingana","dtname":"Tehri garhwal","capacity_k":25,"discom":"UPCL"}},
{"type":"Feature","geometry":{"type":"Point","coordinates":[78.06378,30.52877]},"properties":{"bpcode":1012,"bpname":"Jaunpur","dtname":"Tehri garhwal","capacity_k":25,"discom":"UPCL"}},
{"type":"Feature","geometry":{"type":"Point","coordinates":[78.00637,30.52967]},"properties":{"bpcode":1012,"bpname":"Jaunpur","dtname":"Tehri garhwal","capacity_k":75,"discom":"UPCL"}},
{"type":"Feature","geometry":{"type":"Point","coordinates":[78.56876,30.53057]},"properties":{"bpcode":1008,"bpname":"Bhilingana","dtname":"Tehri garhwal","capacity_k":50,"discom":"UPCL"}},
{"type":"Feature","geometry":{"type":"Point","coordinates":[78.60251,30.53078]},"properties":{"bpcode":1008,"bpname":"Bhilingana","dtname":"Tehri garhwal","capacity_k":25,"discom":"UPCL"}},
{"type":"Feature","geometry":{"type":"Point","coordinates":[78.81221,30.53139]},"properties":{"bpcode":1008,"bpname":"Bhilingana","dtname":"Tehri garhwal","capacity_k":25,"discom":"UPCL"}},
{"type":"Feature","geometry":{"type":"Point","coordinates":[78.75391,30.53214]},"properties":{"bpcode":1008,"bpname":"Bhilingana","dtname":"Tehri garhwal","capacity_k":25,"discom":"UPCL"}},
{"type":"Feature","geometry":{"type":"Point","coordinates":[78.62603,30.53314]},"properties":{"bpcode":1008,"bpname":"Bhilingana","dtname":"Tehri garhwal","capacity_k":50,"discom":"UPCL"}},
{"type":"Feature","geometry":{"type":"Point","coordinates":[78.77361,30.53498]},"properties":{"bpcode":1008,"bpname":"Bhilingana","dtname":"Tehri garhwal","capacity_k":25,"discom":"UPCL"}},
{"type":"Feature","geometry":{"type":"Point","coordinates":[78.80831,30.53506]},"properties":{"bpcode":1008,"bpname":"Bhilingana","dtname":"Tehri garhwal","capacity_k":25,"discom":"UPCL"}},
{"type":"Feature","geometry":{"type":"Point","coordinates":[78.63313,30.53588]},"properties":{"bpcode":1008,"bpname":"Bhilingana","dtname":"Tehri garhwal","capacity_k":50,"discom":"UPCL"}},
{"type":"Feature","geometry":{"type":"Point","coordinates":[78.6391,30.53624]},"properties":{"bpcode":1008,"bpname":"Bhilingana","dtname":"Tehri garhwal","capacity_k":25,"discom":"UPCL"}},
{"type":"Feature","geometry":{"type":"Point","coordinates":[78.65283,30.53682]},"properties":{"bpcode":1008,"bpname":"Bhilingana","dtname":"Tehri garhwal","capacity_k":25,"discom":"UPCL"}},
{"type":"Feature","geometry":{"type":"Point","coordinates":[78.78243,30.53732]},"properties":{"bpcode":1008,"bpname":"Bhilingana","dtname":"Tehri garhwal","capacity_k":25,"discom":"UPCL"}},
{"type":"Feature","geometry":{"type":"Point","coordinates":[78.7528,30.53734]},"properties":{"bpcode":1008,"bpname":"Bhilingana","dtname":"Tehri garhwal","capacity_k":25,"discom":"UPCL"}},
{"type":"Feature","geometry":{"type":"Point","coordinates":[78.67815,30.53774]},"properties":{"bpcode":1008,"bpname":"Bhilingana","dtname":"Tehri garhwal","capacity_k":25,"discom":"UPCL"}},
{"type":"Feature","geometry":{"type":"Point","coordinates":[78.52187,30.53845]},"properties":{"bpcode":1026,"bpname":"Dunda","dtname":"Uttarkashi","capacity_k":50,"discom":"UPCL"}},
{"type":"Feature","geometry":{"type":"Point","coordinates":[78.81316,30.53872]},"properties":{"bpcode":1008,"bpname":"Bhilingana","dtname":"Tehri garhwal","capacity_k":25,"discom":"UPCL"}},
{"type":"Feature","geometry":{"type":"Point","coordinates":[78.11424,30.53965]},"properties":{"bpcode":1012,"bpname":"Jaunpur","dtname":"Tehri garhwal","capacity_k":75,"discom":"UPCL"}},
{"type":"Feature","geometry":{"type":"Point","coordinates":[78.03215,30.54038]},"properties":{"bpcode":1012,"bpname":"Jaunpur","dtname":"Tehri garhwal","capacity_k":100,"discom":"UPCL"}},
{"type":"Feature","geometry":{"type":"Point","coordinates":[78.64369,30.54075]},"properties":{"bpcode":1008,"bpname":"Bhilingana","dtname":"Tehri garhwal","capacity_k":25,"discom":"UPCL"}},
{"type":"Feature","geometry":{"type":"Point","coordinates":[78.02353,30.54139]},"properties":{"bpcode":1012,"bpname":"Jaunpur","dtname":"Tehri garhwal","capacity_k":25,"discom":"UPCL"}},
{"type":"Feature","geometry":{"type":"Point","coordinates":[78.5692,30.54157]},"properties":{"bpcode":1008,"bpname":"Bhilingana","dtname":"Tehri garhwal","capacity_k":75,"discom":"UPCL"}},
{"type":"Feature","geometry":{"type":"Point","coordinates":[78.61689,30.54362]},"properties":{"bpcode":1008,"bpname":"Bhilingana","dtname":"Tehri garhwal","capacity_k":25,"discom":"UPCL"}},
{"type":"Feature","geometry":{"type":"Point","coordinates":[78.51101,30.54381]},"properties":{"bpcode":1026,"bpname":"Dunda","dtname":"Uttarkashi","capacity_k":25,"discom":"UPCL"}},
{"type":"Feature","geometry":{"type":"Point","coordinates":[78.29908,30.54415]},"properties":{"bpcode":1016,"bpname":"Thaludhar","dtname":"Tehri garhwal","capacity_k":50,"discom":"UPCL"}},
{"type":"Feature","geometry":{"type":"Point","coordinates":[78.32932,30.54417]},"properties":{"bpcode":1016,"bpname":"Thaludhar","dtname":"Tehri garhwal","capacity_k":25,"discom":"UPCL"}},
{"type":"Feature","geometry":{"type":"Point","coordinates":[79.13473,30.54425]},"properties":{"bpcode":1007,"bpname":"Ukhimath","dtname":"Rudraprayag","capacity_k":25,"discom":"UPCL"}},
{"type":"Feature","geometry":{"type":"Point","coordinates":[78.67541,30.54467]},"properties":{"bpcode":1008,"bpname":"Bhilingana","dtname":"Tehri garhwal","capacity_k":25,"discom":"UPCL"}},
{"type":"Feature","geometry":{"type":"Point","coordinates":[78.56478,30.54508]},"properties":{"bpcode":1008,"bpname":"Bhilingana","dtname":"Tehri garhwal","capacity_k":50,"discom":"UPCL"}},
{"type":"Feature","geometry":{"type":"Point","coordinates":[78.18327,30.54622]},"properties":{"bpcode":1012,"bpname":"Jaunpur","dtname":"Tehri garhwal","capacity_k":75,"discom":"UPCL"}},
{"type":"Feature","geometry":{"type":"Point","coordinates":[77.88493,30.54707]},"properties":{"bpcode":964,"bpname":"Kalsi","dtname":"Dehradun","capacity_k":25,"discom":"UPCL"}},
{"type":"Feature","geometry":{"type":"Point","coordinates":[78.50193,30.5471]},"properties":{"bpcode":1026,"bpname":"Dunda","dtname":"Uttarkashi","capacity_k":25,"discom":"UPCL"}},
{"type":"Feature","geometry":{"type":"Point","coordinates":[78.60304,30.54717]},"properties":{"bpcode":1008,"bpname":"Bhilingana","dtname":"Tehri garhwal","capacity_k":25,"discom":"UPCL"}},
{"type":"Feature","geometry":{"type":"Point","coordinates":[78.41102,30.54721]},"properties":{"bpcode":1025,"bpname":"Chiniyalisaur","dtname":"Uttarkashi","capacity_k":75,"discom":"UPCL"}},
{"type":"Feature","geometry":{"type":"Point","coordinates":[78.68002,30.54742]},"properties":{"bpcode":1008,"bpname":"Bhilingana","dtname":"Tehri garhwal","capacity_k":25,"discom":"UPCL"}},
{"type":"Feature","geometry":{"type":"Point","coordinates":[78.79979,30.54873]},"properties":{"bpcode":1008,"bpname":"Bhilingana","dtname":"Tehri garhwal","capacity_k":25,"discom":"UPCL"}},
{"type":"Feature","geometry":{"type":"Point","coordinates":[78.20104,30.54907]},"properties":{"bpcode":1012,"bpname":"Jaunpur","dtname":"Tehri garhwal","capacity_k":25,"discom":"UPCL"}},
{"type":"Feature","geometry":{"type":"Point","coordinates":[79.0633,30.54915]},"properties":{"bpcode":1007,"bpname":"Ukhimath","dtname":"Rudraprayag","capacity_k":25,"discom":"UPCL"}},
{"type":"Feature","geometry":{"type":"Point","coordinates":[78.60373,30.54992]},"properties":{"bpcode":1008,"bpname":"Bhilingana","dtname":"Tehri garhwal","capacity_k":50,"discom":"UPCL"}},
{"type":"Feature","geometry":{"type":"Point","coordinates":[78.6774,30.55016]},"properties":{"bpcode":1008,"bpname":"Bhilingana","dtname":"Tehri garhwal","capacity_k":75,"discom":"UPCL"}},
{"type":"Feature","geometry":{"type":"Point","coordinates":[77.99503,30.55031]},"properties":{"bpcode":1012,"bpname":"Jaunpur","dtname":"Tehri garhwal","capacity_k":25,"discom":"UPCL"}},
{"type":"Feature","geometry":{"type":"Point","coordinates":[78.51991,30.55074]},"properties":{"bpcode":1026,"bpname":"Dunda","dtname":"Uttarkashi","capacity_k":25,"discom":"UPCL"}},
{"type":"Feature","geometry":{"type":"Point","coordinates":[78.17889,30.55209]},"properties":{"bpcode":1012,"bpname":"Jaunpur","dtname":"Tehri garhwal","capacity_k":25,"discom":"UPCL"}},
{"type":"Feature","geometry":{"type":"Point","coordinates":[78.26982,30.55282]},"properties":{"bpcode":1016,"bpname":"Thaludhar","dtname":"Tehri garhwal","capacity_k":25,"discom":"UPCL"}},
{"type":"Feature","geometry":{"type":"Point","coordinates":[78.50199,30.55396]},"properties":{"bpcode":1026,"bpname":"Dunda","dtname":"Uttarkashi","capacity_k":50,"discom":"UPCL"}},
{"type":"Feature","geometry":{"type":"Point","coordinates":[77.83347,30.55431]},"properties":{"bpcode":964,"bpname":"Kalsi","dtname":"Dehradun","capacity_k":25,"discom":"UPCL"}},
{"type":"Feature","geometry":{"type":"Point","coordinates":[78.58525,30.55485]},"properties":{"bpcode":1008,"bpname":"Bhilingana","dtname":"Tehri garhwal","capacity_k":75,"discom":"UPCL"}},
{"type":"Feature","geometry":{"type":"Point","coordinates":[78.66646,30.55492]},"properties":{"bpcode":1008,"bpname":"Bhilingana","dtname":"Tehri garhwal","capacity_k":25,"discom":"UPCL"}},
{"type":"Feature","geometry":{"type":"Point","coordinates":[78.01299,30.55594]},"properties":{"bpcode":1012,"bpname":"Jaunpur","dtname":"Tehri garhwal","capacity_k":25,"discom":"UPCL"}},
{"type":"Feature","geometry":{"type":"Point","coordinates":[78.17429,30.55768]},"properties":{"bpcode":1012,"bpname":"Jaunpur","dtname":"Tehri garhwal","capacity_k":75,"discom":"UPCL"}},
{"type":"Feature","geometry":{"type":"Point","coordinates":[78.46041,30.55777]},"properties":{"bpcode":1015,"bpname":"Pratapnagar","dtname":"Tehri garhwal","capacity_k":50,"discom":"UPCL"}},
{"type":"Feature","geometry":{"type":"Point","coordinates":[78.67719,30.55897]},"properties":{"bpcode":1008,"bpname":"Bhilingana","dtname":"Tehri garhwal","capacity_k":50,"discom":"UPCL"}},
{"type":"Feature","geometry":{"type":"Point","coordinates":[78.02093,30.56012]},"properties":{"bpcode":1012,"bpname":"Jaunpur","dtname":"Tehri garhwal","capacity_k":25,"discom":"UPCL"}},
{"type":"Feature","geometry":{"type":"Point","coordinates":[78.29241,30.56025]},"properties":{"bpcode":1025,"bpname":"Chiniyalisaur","dtname":"Uttarkashi","capacity_k":50,"discom":"UPCL"}},
{"type":"Feature","geometry":{"type":"Point","coordinates":[78.3341,30.56053]},"properties":{"bpcode":1016,"bpname":"Thaludhar","dtname":"Tehri garhwal","capacity_k":50,"discom":"UPCL"}},
{"type":"Feature","geometry":{"type":"Point","coordinates":[78.65517,30.56079]},"properties":{"bpcode":1008,"bpname":"Bhilingana","dtname":"Tehri garhwal","capacity_k":50,"discom":"UPCL"}},
{"type":"Feature","geometry":{"type":"Point","coordinates":[79.05625,30.561]},"properties":{"bpcode":1007,"bpname":"Ukhimath","dtname":"Rudraprayag","capacity_k":25,"discom":"UPCL"}},
{"type":"Feature","geometry":{"type":"Point","coordinates":[78.38036,30.56227]},"properties":{"bpcode":1025,"bpname":"Chiniyalisaur","dtname":"Uttarkashi","capacity_k":25,"discom":"UPCL"}},
{"type":"Feature","geometry":{"type":"Point","coordinates":[78.04695,30.5623]},"properties":{"bpcode":1012,"bpname":"Jaunpur","dtname":"Tehri garhwal","capacity_k":25,"discom":"UPCL"}},
{"type":"Feature","geometry":{"type":"Point","coordinates":[78.50308,30.56354]},"properties":{"bpcode":1026,"bpname":"Dunda","dtname":"Uttarkashi","capacity_k":25,"discom":"UPCL"}},
{"type":"Feature","geometry":{"type":"Point","coordinates":[78.04179,30.56576]},"properties":{"bpcode":1012,"bpname":"Jaunpur","dtname":"Tehri garhwal","capacity_k":50,"discom":"UPCL"}},
{"type":"Feature","geometry":{"type":"Point","coordinates":[78.6678,30.56757]},"properties":{"bpcode":1008,"bpname":"Bhilingana","dtname":"Tehri garhwal","capacity_k":25,"discom":"UPCL"}},
{"type":"Feature","geometry":{"type":"Point","coordinates":[77.80498,30.56835]},"properties":{"bpcode":964,"bpname":"Kalsi","dtname":"Dehradun","capacity_k":25,"discom":"UPCL"}},
{"type":"Feature","geometry":{"type":"Point","coordinates":[77.90628,30.57085]},"properties":{"bpcode":964,"bpname":"Kalsi","dtname":"Dehradun","capacity_k":50,"discom":"UPCL"}},
{"type":"Feature","geometry":{"type":"Point","coordinates":[77.81972,30.57309]},"properties":{"bpcode":964,"bpname":"Kalsi","dtname":"Dehradun","capacity_k":25,"discom":"UPCL"}},
{"type":"Feature","geometry":{"type":"Point","coordinates":[78.6614,30.57313]},"properties":{"bpcode":1008,"bpname":"Bhilingana","dtname":"Tehri garhwal","capacity_k":25,"discom":"UPCL"}},
{"type":"Feature","geometry":{"type":"Point","coordinates":[78.35174,30.5737]},"properties":{"bpcode":1025,"bpname":"Chiniyalisaur","dtname":"Uttarkashi","capacity_k":25,"discom":"UPCL"}},
{"type":"Feature","geometry":{"type":"Point","coordinates":[77.88405,30.57435]},"properties":{"bpcode":964,"bpname":"Kalsi","dtname":"Dehradun","capacity_k":25,"discom":"UPCL"}},
{"type":"Feature","geometry":{"type":"Point","coordinates":[77.99282,30.57602]},"properties":{"bpcode":964,"bpname":"Kalsi","dtname":"Dehradun","capacity_k":25,"discom":"UPCL"}},
{"type":"Feature","geometry":{"type":"Point","coordinates":[78.47033,30.57639]},"properties":{"bpcode":1015,"bpname":"Pratapnagar","dtname":"Tehri garhwal","capacity_k":50,"discom":"UPCL"}},
{"type":"Feature","geometry":{"type":"Point","coordinates":[78.48961,30.5777]},"properties":{"bpcode":1015,"bpname":"Pratapnagar","dtname":"Tehri garhwal","capacity_k":50,"discom":"UPCL"}},
{"type":"Feature","geometry":{"type":"Point","coordinates":[78.63838,30.57804]},"properties":{"bpcode":1008,"bpname":"Bhilingana","dtname":"Tehri garhwal","capacity_k":75,"discom":"UPCL"}},
{"type":"Feature","geometry":{"type":"Point","coordinates":[78.34702,30.57829]},"properties":{"bpcode":1025,"bpname":"Chiniyalisaur","dtname":"Uttarkashi","capacity_k":75,"discom":"UPCL"}},
{"type":"Feature","geometry":{"type":"Point","coordinates":[78.5222,30.5784]},"properties":{"bpcode":1026,"bpname":"Dunda","dtname":"Uttarkashi","capacity_k":25,"discom":"UPCL"}},
{"type":"Feature","geometry":{"type":"Point","coordinates":[77.9657,30.5787]},"properties":{"bpcode":964,"bpname":"Kalsi","dtname":"Dehradun","capacity_k":25,"discom":"UPCL"}},
{"type":"Feature","geometry":{"type":"Point","coordinates":[77.97114,30.57873]},"properties":{"bpcode":964,"bpname":"Kalsi","dtname":"Dehradun","capacity_k":25,"discom":"UPCL"}},
{"type":"Feature","geometry":{"type":"Point","coordinates":[78.49263,30.58025]},"properties":{"bpcode":1015,"bpname":"Pratapnagar","dtname":"Tehri garhwal","capacity_k":25,"discom":"UPCL"}},
{"type":"Feature","geometry":{"type":"Point","coordinates":[78.64539,30.58112]},"properties":{"bpcode":1008,"bpname":"Bhilingana","dtname":"Tehri garhwal","capacity_k":25,"discom":"UPCL"}},
{"type":"Feature","geometry":{"type":"Point","coordinates":[77.98245,30.58115]},"properties":{"bpcode":964,"bpname":"Kalsi","dtname":"Dehradun","capacity_k":50,"discom":"UPCL"}},
{"type":"Feature","geometry":{"type":"Point","coordinates":[78.48105,30.58225]},"properties":{"bpcode":1015,"bpname":"Pratapnagar","dtname":"Tehri garhwal","capacity_k":25,"discom":"UPCL"}},
{"type":"Feature","geometry":{"type":"Point","coordinates":[77.99122,30.5824]},"properties":{"bpcode":964,"bpname":"Kalsi","dtname":"Dehradun","capacity_k":25,"discom":"UPCL"}},
{"type":"Feature","geometry":{"type":"Point","coordinates":[77.95412,30.58332]},"properties":{"bpcode":964,"bpname":"Kalsi","dtname":"Dehradun","capacity_k":25,"discom":"UPCL"}},
{"type":"Feature","geometry":{"type":"Point","coordinates":[77.96101,30.58469]},"properties":{"bpcode":964,"bpname":"Kalsi","dtname":"Dehradun","capacity_k":25,"discom":"UPCL"}},
{"type":"Feature","geometry":{"type":"Point","coordinates":[78.67281,30.58493]},"properties":{"bpcode":1008,"bpname":"Bhilingana","dtname":"Tehri garhwal","capacity_k":75,"discom":"UPCL"}},
{"type":"Feature","geometry":{"type":"Point","coordinates":[78.06979,30.58523]},"properties":{"bpcode":1012,"bpname":"Jaunpur","dtname":"Tehri garhwal","capacity_k":25,"discom":"UPCL"}},
{"type":"Feature","geometry":{"type":"Point","coordinates":[77.99374,30.58679]},"properties":{"bpcode":964,"bpname":"Kalsi","dtname":"Dehradun","capacity_k":75,"discom":"UPCL"}},
{"type":"Feature","geometry":{"type":"Point","coordinates":[77.89873,30.58721]},"properties":{"bpcode":964,"bpname":"Kalsi","dtname":"Dehradun","capacity_k":25,"discom":"UPCL"}},
{"type":"Feature","geometry":{"type":"Point","coordinates":[77.77945,30.58764]},"properties":{"bpcode":964,"bpname":"Kalsi","dtname":"Dehradun","capacity_k":25,"discom":"UPCL"}},
{"type":"Feature","geometry":{"type":"Point","coordinates":[78.36965,30.58814]},"properties":{"bpcode":1025,"bpname":"Chiniyalisaur","dtname":"Uttarkashi","capacity_k":25,"discom":"UPCL"}},
{"type":"Feature","geometry":{"type":"Point","coordinates":[77.95863,30.58834]},"properties":{"bpcode":964,"bpname":"Kalsi","dtname":"Dehradun","capacity_k":25,"discom":"UPCL"}},
{"type":"Feature","geometry":{"type":"Point","coordinates":[77.76532,30.59008]},"properties":{"bpcode":964,"bpname":"Kalsi","dtname":"Dehradun","capacity_k":25,"discom":"UPCL"}},
{"type":"Feature","geometry":{"type":"Point","coordinates":[78.47773,30.59039]},"properties":{"bpcode":1015,"bpname":"Pratapnagar","dtname":"Tehri garhwal","capacity_k":75,"discom":"UPCL"}},
{"type":"Feature","geometry":{"type":"Point","coordinates":[77.98981,30.5906]},"properties":{"bpcode":964,"bpname":"Kalsi","dtname":"Dehradun","capacity_k":25,"discom":"UPCL"}},
{"type":"Feature","geometry":{"type":"Point","coordinates":[77.85885,30.59207]},"properties":{"bpcode":964,"bpname":"Kalsi","dtname":"Dehradun","capacity_k":25,"discom":"UPCL"}},
{"type":"Feature","geometry":{"type":"Point","coordinates":[77.92234,30.59309]},"properties":{"bpcode":964,"bpname":"Kalsi","dtname":"Dehradun","capacity_k":25,"discom":"UPCL"}},
{"type":"Feature","geometry":{"type":"Point","coordinates":[78.35916,30.59411]},"properties":{"bpcode":1025,"bpname":"Chiniyalisaur","dtname":"Uttarkashi","capacity_k":75,"discom":"UPCL"}},
{"type":"Feature","geometry":{"type":"Point","coordinates":[78.45894,30.59722]},"properties":{"bpcode":1015,"bpname":"Pratapnagar","dtname":"Tehri garhwal","capacity_k":25,"discom":"UPCL"}},
{"type":"Feature","geometry":{"type":"Point","coordinates":[77.8929,30.59791]},"properties":{"bpcode":964,"bpname":"Kalsi","dtname":"Dehradun","capacity_k":25,"discom":"UPCL"}},
{"type":"Feature","geometry":{"type":"Point","coordinates":[78.29733,30.59809]},"properties":{"bpcode":1025,"bpname":"Chiniyalisaur","dtname":"Uttarkashi","capacity_k":25,"discom":"UPCL"}},
{"type":"Feature","geometry":{"type":"Point","coordinates":[77.81264,30.59831]},"properties":{"bpcode":964,"bpname":"Kalsi","dtname":"Dehradun","capacity_k":25,"discom":"UPCL"}},
{"type":"Feature","geometry":{"type":"Point","coordinates":[79.86894,30.59866]},"properties":{"bpcode":953,"bpname":"Joshimath","dtname":"Chamoli","capacity_k":25,"discom":"UPCL"}},
{"type":"Feature","geometry":{"type":"Point","coordinates":[78.04305,30.59911]},"properties":{"bpcode":1012,"bpname":"Jaunpur","dtname":"Tehri garhwal","capacity_k":50,"discom":"UPCL"}},
{"type":"Feature","geometry":{"type":"Point","coordinates":[77.8892,30.59938]},"properties":{"bpcode":964,"bpname":"Kalsi","dtname":"Dehradun","capacity_k":25,"discom":"UPCL"}},
{"type":"Feature","geometry":{"type":"Point","coordinates":[77.97948,30.6018]},"properties":{"bpcode":964,"bpname":"Kalsi","dtname":"Dehradun","capacity_k":75,"discom":"UPCL"}},
{"type":"Feature","geometry":{"type":"Point","coordinates":[78.61337,30.60228]},"properties":{"bpcode":1008,"bpname":"Bhilingana","dtname":"Tehri garhwal","capacity_k":75,"discom":"UPCL"}},
{"type":"Feature","geometry":{"type":"Point","coordinates":[78.33815,30.6023]},"properties":{"bpcode":1025,"bpname":"Chiniyalisaur","dtname":"Uttarkashi","capacity_k":25,"discom":"UPCL"}},
{"type":"Feature","geometry":{"type":"Point","coordinates":[79.1781,30.60261]},"properties":{"bpcode":1007,"bpname":"Ukhimath","dtname":"Rudraprayag","capacity_k":100,"discom":"UPCL"}},
{"type":"Feature","geometry":{"type":"Point","coordinates":[77.86505,30.60391]},"properties":{"bpcode":964,"bpname":"Kalsi","dtname":"Dehradun","capacity_k":25,"discom":"UPCL"}},
{"type":"Feature","geometry":{"type":"Point","coordinates":[78.0276,30.60405]},"properties":{"bpcode":1012,"bpname":"Jaunpur","dtname":"Tehri garhwal","capacity_k":25,"discom":"UPCL"}},
{"type":"Feature","geometry":{"type":"Point","coordinates":[78.45028,30.60487]},"properties":{"bpcode":1015,"bpname":"Pratapnagar","dtname":"Tehri garhwal","capacity_k":25,"discom":"HPSEBL"}},
{"type":"Feature","geometry":{"type":"Point","coordinates":[77.97991,30.60672]},"properties":{"bpcode":964,"bpname":"Kalsi","dtname":"Dehradun","capacity_k":50,"discom":"UPCL"}},
{"type":"Feature","geometry":{"type":"Point","coordinates":[77.85742,30.60738]},"properties":{"bpcode":964,"bpname":"Kalsi","dtname":"Dehradun","capacity_k":25,"discom":"UPCL"}},
{"type":"Feature","geometry":{"type":"Point","coordinates":[78.04567,30.60746]},"properties":{"bpcode":1028,"bpname":"Naugaon","dtname":"Uttarkashi","capacity_k":25,"discom":"UPCL"}},
{"type":"Feature","geometry":{"type":"Point","coordinates":[78.2936,30.60774]},"properties":{"bpcode":1025,"bpname":"Chiniyalisaur","dtname":"Uttarkashi","capacity_k":25,"discom":"UPCL"}},
{"type":"Feature","geometry":{"type":"Point","coordinates":[78.34401,30.60863]},"properties":{"bpcode":1025,"bpname":"Chiniyalisaur","dtname":"Uttarkashi","capacity_k":25,"discom":"UPCL"}},
{"type":"Feature","geometry":{"type":"Point","coordinates":[78.59449,30.60884]},"properties":{"bpcode":1008,"bpname":"Bhilingana","dtname":"Tehri garhwal","capacity_k":125,"discom":"UPCL"}},
{"type":"Feature","geometry":{"type":"Point","coordinates":[78.19163,30.6102]},"properties":{"bpcode":1025,"bpname":"Chiniyalisaur","dtname":"Uttarkashi","capacity_k":100,"discom":"UPCL"}},
{"type":"Feature","geometry":{"type":"Point","coordinates":[78.63361,30.61152]},"properties":{"bpcode":1008,"bpname":"Bhilingana","dtname":"Tehri garhwal","capacity_k":25,"discom":"UPCL"}},
{"type":"Feature","geometry":{"type":"Point","coordinates":[77.93476,30.61296]},"properties":{"bpcode":964,"bpname":"Kalsi","dtname":"Dehradun","capacity_k":75,"discom":"UPCL"}},
{"type":"Feature","geometry":{"type":"Point","coordinates":[78.2844,30.61376]},"properties":{"bpcode":1025,"bpname":"Chiniyalisaur","dtname":"Uttarkashi","capacity_k":25,"discom":"UPCL"}},
{"type":"Feature","geometry":{"type":"Point","coordinates":[77.88304,30.61461]},"properties":{"bpcode":964,"bpname":"Kalsi","dtname":"Dehradun","capacity_k":25,"discom":"UPCL"}},
{"type":"Feature","geometry":{"type":"Point","coordinates":[78.74049,30.6152]},"properties":{"bpcode":1008,"bpname":"Bhilingana","dtname":"Tehri garhwal","capacity_k":50,"discom":"UPCL"}},
{"type":"Feature","geometry":{"type":"Point","coordinates":[78.36588,30.6154]},"properties":{"bpcode":1025,"bpname":"Chiniyalisaur","dtname":"Uttarkashi","capacity_k":25,"discom":"UPCL"}},
{"type":"Feature","geometry":{"type":"Point","coordinates":[77.90695,30.61897]},"properties":{"bpcode":964,"bpname":"Kalsi","dtname":"Dehradun","capacity_k":25,"discom":"UPCL"}},
{"type":"Feature","geometry":{"type":"Point","coordinates":[77.84626,30.61924]},"properties":{"bpcode":964,"bpname":"Kalsi","dtname":"Dehradun","capacity_k":25,"discom":"UPCL"}},
{"type":"Feature","geometry":{"type":"Point","coordinates":[78.33504,30.62228]},"properties":{"bpcode":1025,"bpname":"Chiniyalisaur","dtname":"Uttarkashi","capacity_k":50,"discom":"UPCL"}},
{"type":"Feature","geometry":{"type":"Point","coordinates":[78.55036,30.62638]},"properties":{"bpcode":1026,"bpname":"Dunda","dtname":"Uttarkashi","capacity_k":25,"discom":"UPCL"}},
{"type":"Feature","geometry":{"type":"Point","coordinates":[78.02544,30.62768]},"properties":{"bpcode":1028,"bpname":"Naugaon","dtname":"Uttarkashi","capacity_k":100,"discom":"UPCL"}},
{"type":"Feature","geometry":{"type":"Point","coordinates":[77.82294,30.62898]},"properties":{"bpcode":964,"bpname":"Kalsi","dtname":"Dehradun","capacity_k":25,"discom":"UPCL"}},
{"type":"Feature","geometry":{"type":"Point","coordinates":[77.80973,30.62911]},"properties":{"bpcode":964,"bpname":"Kalsi","dtname":"Dehradun","capacity_k":25,"discom":"UPCL"}},
{"type":"Feature","geometry":{"type":"Point","coordinates":[78.28658,30.62991]},"properties":{"bpcode":1025,"bpname":"Chiniyalisaur","dtname":"Uttarkashi","capacity_k":75,"discom":"UPCL"}},
{"type":"Feature","geometry":{"type":"Point","coordinates":[77.80612,30.63034]},"properties":{"bpcode":964,"bpname":"Kalsi","dtname":"Dehradun","capacity_k":25,"discom":"UPCL"}},
{"type":"Feature","geometry":{"type":"Point","coordinates":[77.81761,30.63036]},"properties":{"bpcode":964,"bpname":"Kalsi","dtname":"Dehradun","capacity_k":25,"discom":"UPCL"}},
{"type":"Feature","geometry":{"type":"Point","coordinates":[77.894,30.63265]},"properties":{"bpcode":964,"bpname":"Kalsi","dtname":"Dehradun","capacity_k":25,"discom":"UPCL"}},
{"type":"Feature","geometry":{"type":"Point","coordinates":[78.29336,30.63436]},"properties":{"bpcode":1025,"bpname":"Chiniyalisaur","dtname":"Uttarkashi","capacity_k":50,"discom":"UPCL"}},
{"type":"Feature","geometry":{"type":"Point","coordinates":[78.3384,30.63442]},"properties":{"bpcode":1025,"bpname":"Chiniyalisaur","dtname":"Uttarkashi","capacity_k":25,"discom":"UPCL"}},
{"type":"Feature","geometry":{"type":"Point","coordinates":[77.94389,30.63863]},"properties":{"bpcode":964,"bpname":"Kalsi","dtname":"Dehradun","capacity_k":25,"discom":"UPCL"}},
{"type":"Feature","geometry":{"type":"Point","coordinates":[78.28448,30.63866]},"properties":{"bpcode":1025,"bpname":"Chiniyalisaur","dtname":"Uttarkashi","capacity_k":50,"discom":"UPCL"}},
{"type":"Feature","geometry":{"type":"Point","coordinates":[78.55705,30.63875]},"properties":{"bpcode":1026,"bpname":"Dunda","dtname":"Uttarkashi","capacity_k":25,"discom":"UPCL"}},
{"type":"Feature","geometry":{"type":"Point","coordinates":[77.84145,30.63989]},"properties":{"bpcode":964,"bpname":"Kalsi","dtname":"Dehradun","capacity_k":50,"discom":"UPCL"}},
{"type":"Feature","geometry":{"type":"Point","coordinates":[77.83051,30.64089]},"properties":{"bpcode":964,"bpname":"Kalsi","dtname":"Dehradun","capacity_k":25,"discom":"UPCL"}},
{"type":"Feature","geometry":{"type":"Point","coordinates":[78.39444,30.64117]},"properties":{"bpcode":1026,"bpname":"Dunda","dtname":"Uttarkashi","capacity_k":50,"discom":"UPCL"}},
{"type":"Feature","geometry":{"type":"Point","coordinates":[77.81016,30.64183]},"properties":{"bpcode":964,"bpname":"Kalsi","dtname":"Dehradun","capacity_k":25,"discom":"UPCL"}},
{"type":"Feature","geometry":{"type":"Point","coordinates":[78.5648,30.64203]},"properties":{"bpcode":1026,"bpname":"Dunda","dtname":"Uttarkashi","capacity_k":25,"discom":"UPCL"}},
{"type":"Feature","geometry":{"type":"Point","coordinates":[78.31569,30.64251]},"properties":{"bpcode":1026,"bpname":"Dunda","dtname":"Uttarkashi","capacity_k":50,"discom":"UPCL"}},
{"type":"Feature","geometry":{"type":"Point","coordinates":[77.88821,30.64289]},"properties":{"bpcode":964,"bpname":"Kalsi","dtname":"Dehradun","capacity_k":25,"discom":"UPCL"}},
{"type":"Feature","geometry":{"type":"Point","coordinates":[77.8926,30.64527]},"properties":{"bpcode":964,"bpname":"Kalsi","dtname":"Dehradun","capacity_k":25,"discom":"UPCL"}},
{"type":"Feature","geometry":{"type":"Point","coordinates":[78.26294,30.64547]},"properties":{"bpcode":1025,"bpname":"Chiniyalisaur","dtname":"Uttarkashi","capacity_k":150,"discom":"UPCL"}},
{"type":"Feature","geometry":{"type":"Point","coordinates":[77.79432,30.64623]},"properties":{"bpcode":964,"bpname":"Kalsi","dtname":"Dehradun","capacity_k":25,"discom":"UPCL"}},
{"type":"Feature","geometry":{"type":"Point","coordinates":[77.944,30.64655]},"properties":{"bpcode":964,"bpname":"Kalsi","dtname":"Dehradun","capacity_k":25,"discom":"UPCL"}},
{"type":"Feature","geometry":{"type":"Point","coordinates":[78.39416,30.64684]},"properties":{"bpcode":1026,"bpname":"Dunda","dtname":"Uttarkashi","capacity_k":25,"discom":"UPCL"}},
{"type":"Feature","geometry":{"type":"Point","coordinates":[78.22082,30.64786]},"properties":{"bpcode":1025,"bpname":"Chiniyalisaur","dtname":"Uttarkashi","capacity_k":75,"discom":"UPCL"}},
{"type":"Feature","geometry":{"type":"Point","coordinates":[78.30484,30.64898]},"properties":{"bpcode":1026,"bpname":"Dunda","dtname":"Uttarkashi","capacity_k":50,"discom":"UPCL"}},
{"type":"Feature","geometry":{"type":"Point","coordinates":[77.88204,30.65169]},"properties":{"bpcode":964,"bpname":"Kalsi","dtname":"Dehradun","capacity_k":25,"discom":"UPCL"}},
{"type":"Feature","geometry":{"type":"Point","coordinates":[78.07298,30.65235]},"properties":{"bpcode":1028,"bpname":"Naugaon","dtname":"Uttarkashi","capacity_k":50,"discom":"UPCL"}},
{"type":"Feature","geometry":{"type":"Point","coordinates":[78.27964,30.65339]},"properties":{"bpcode":1025,"bpname":"Chiniyalisaur","dtname":"Uttarkashi","capacity_k":50,"discom":"UPCL"}},
{"type":"Feature","geometry":{"type":"Point","coordinates":[78.12398,30.65561]},"properties":{"bpcode":1028,"bpname":"Naugaon","dtname":"Uttarkashi","capacity_k":25,"discom":"UPCL"}},
{"type":"Feature","geometry":{"type":"Point","coordinates":[77.86249,30.656]},"properties":{"bpcode":964,"bpname":"Kalsi","dtname":"Dehradun","capacity_k":50,"discom":"UPCL"}},
{"type":"Feature","geometry":{"type":"Point","coordinates":[78.20103,30.65609]},"properties":{"bpcode":1025,"bpname":"Chiniyalisaur","dtname":"Uttarkashi","capacity_k":25,"discom":"UPCL"}},
{"type":"Feature","geometry":{"type":"Point","coordinates":[78.06036,30.6573]},"properties":{"bpcode":1028,"bpname":"Naugaon","dtname":"Uttarkashi","capacity_k":25,"discom":"UPCL"}},
{"type":"Feature","geometry":{"type":"Point","coordinates":[77.91531,30.65738]},"properties":{"bpcode":964,"bpname":"Kalsi","dtname":"Dehradun","capacity_k":100,"discom":"UPCL"}},
{"type":"Feature","geometry":{"type":"Point","coordinates":[78.23962,30.65756]},"properties":{"bpcode":1025,"bpname":"Chiniyalisaur","dtname":"Uttarkashi","capacity_k":75,"discom":"UPCL"}},
{"type":"Feature","geometry":{"type":"Point","coordinates":[78.25096,30.65783]},"properties":{"bpcode":1025,"bpname":"Chiniyalisaur","dtname":"Uttarkashi","capacity_k":50,"discom":"UPCL"}},
{"type":"Feature","geometry":{"type":"Point","coordinates":[78.67343,30.65884]},"properties":{"bpcode":1008,"bpname":"Bhilingana","dtname":"Tehri garhwal","capacity_k":100,"discom":"UPCL"}},
{"type":"Feature","geometry":{"type":"Point","coordinates":[78.6616,30.66039]},"properties":{"bpcode":1008,"bpname":"Bhilingana","dtname":"Tehri garhwal","capacity_k":50,"discom":"UPCL"}},
{"type":"Feature","geometry":{"type":"Point","coordinates":[78.24341,30.66042]},"properties":{"bpcode":1025,"bpname":"Chiniyalisaur","dtname":"Uttarkashi","capacity_k":50,"discom":"UPCL"}},
{"type":"Feature","geometry":{"type":"Point","coordinates":[78.28572,30.66266]},"properties":{"bpcode":1026,"bpname":"Dunda","dtname":"Uttarkashi","capacity_k":125,"discom":"UPCL"}},
{"type":"Feature","geometry":{"type":"Point","coordinates":[78.25245,30.66302]},"properties":{"bpcode":1025,"bpname":"Chiniyalisaur","dtname":"Uttarkashi","capacity_k":25,"discom":"UPCL"}},
{"type":"Feature","geometry":{"type":"Point","coordinates":[78.30136,30.66428]},"properties":{"bpcode":1026,"bpname":"Dunda","dtname":"Uttarkashi","capacity_k":25,"discom":"UPCL"}},
{"type":"Feature","geometry":{"type":"Point","coordinates":[78.02781,30.66605]},"properties":{"bpcode":962,"bpname":"Chakrata","dtname":"Dehradun","capacity_k":25,"discom":"UPCL"}},
{"type":"Feature","geometry":{"type":"Point","coordinates":[78.35091,30.66698]},"properties":{"bpcode":1026,"bpname":"Dunda","dtname":"Uttarkashi","capacity_k":25,"discom":"UPCL"}},
{"type":"Feature","geometry":{"type":"Point","coordinates":[78.29073,30.66747]},"properties":{"bpcode":1026,"bpname":"Dunda","dtname":"Uttarkashi","capacity_k":25,"discom":"UPCL"}},
{"type":"Feature","geometry":{"type":"Point","coordinates":[78.2343,30.66815]},"properties":{"bpcode":1025,"bpname":"Chiniyalisaur","dtname":"Uttarkashi","capacity_k":50,"discom":"UPCL"}},
{"type":"Feature","geometry":{"type":"Point","coordinates":[78.31417,30.66844]},"properties":{"bpcode":1026,"bpname":"Dunda","dtname":"Uttarkashi","capacity_k":25,"discom":"UPCL"}},
{"type":"Feature","geometry":{"type":"Point","coordinates":[78.42103,30.66855]},"properties":{"bpcode":1026,"bpname":"Dunda","dtname":"Uttarkashi","capacity_k":25,"discom":"UPCL"}},
{"type":"Feature","geometry":{"type":"Point","coordinates":[78.09146,30.66878]},"properties":{"bpcode":1028,"bpname":"Naugaon","dtname":"Uttarkashi","capacity_k":25,"discom":"UPCL"}},
{"type":"Feature","geometry":{"type":"Point","coordinates":[78.24595,30.66926]},"properties":{"bpcode":1025,"bpname":"Chiniyalisaur","dtname":"Uttarkashi","capacity_k":50,"discom":"UPCL"}},
{"type":"Feature","geometry":{"type":"Point","coordinates":[78.03859,30.67034]},"properties":{"bpcode":962,"bpname":"Chakrata","dtname":"Dehradun","capacity_k":100,"discom":"UPCL"}},
{"type":"Feature","geometry":{"type":"Point","coordinates":[78.25394,30.67093]},"properties":{"bpcode":1026,"bpname":"Dunda","dtname":"Uttarkashi","capacity_k":50,"discom":"UPCL"}},
{"type":"Feature","geometry":{"type":"Point","coordinates":[78.3789,30.6727]},"properties":{"bpcode":1026,"bpname":"Dunda","dtname":"Uttarkashi","capacity_k":25,"discom":"UPCL"}},
{"type":"Feature","geometry":{"type":"Point","coordinates":[78.30566,30.67276]},"properties":{"bpcode":1026,"bpname":"Dunda","dtname":"Uttarkashi","capacity_k":25,"discom":"UPCL"}},
{"type":"Feature","geometry":{"type":"Point","coordinates":[78.27804,30.67344]},"properties":{"bpcode":1026,"bpname":"Dunda","dtname":"Uttarkashi","capacity_k":50,"discom":"UPCL"}},
{"type":"Feature","geometry":{"type":"Point","coordinates":[78.3731,30.67557]},"properties":{"bpcode":1026,"bpname":"Dunda","dtname":"Uttarkashi","capacity_k":50,"discom":"UPCL"}},
{"type":"Feature","geometry":{"type":"Point","coordinates":[79.41158,30.67756]},"properties":{"bpcode":953,"bpname":"Joshimath","dtname":"Chamoli","capacity_k":75,"discom":"UPCL"}},
{"type":"Feature","geometry":{"type":"Point","coordinates":[78.22878,30.67766]},"properties":{"bpcode":1025,"bpname":"Chiniyalisaur","dtname":"Uttarkashi","capacity_k":50,"discom":"UPCL"}},
{"type":"Feature","geometry":{"type":"Point","coordinates":[77.81261,30.67776]},"properties":{"bpcode":964,"bpname":"Kalsi","dtname":"Dehradun","capacity_k":25,"discom":"UPCL"}},
{"type":"Feature","geometry":{"type":"Point","coordinates":[78.00592,30.67847]},"properties":{"bpcode":962,"bpname":"Chakrata","dtname":"Dehradun","capacity_k":25,"discom":"UPCL"}},
{"type":"Feature","geometry":{"type":"Point","coordinates":[78.30931,30.68047]},"properties":{"bpcode":1026,"bpname":"Dunda","dtname":"Uttarkashi","capacity_k":75,"discom":"UPCL"}},
{"type":"Feature","geometry":{"type":"Point","coordinates":[78.36163,30.68199]},"properties":{"bpcode":1026,"bpname":"Dunda","dtname":"Uttarkashi","capacity_k":200,"discom":"UPCL"}},
{"type":"Feature","geometry":{"type":"Point","coordinates":[78.29989,30.68257]},"properties":{"bpcode":1026,"bpname":"Dunda","dtname":"Uttarkashi","capacity_k":25,"discom":"UPCL"}},
{"type":"Feature","geometry":{"type":"Point","coordinates":[78.10105,30.68385]},"properties":{"bpcode":1028,"bpname":"Naugaon","dtname":"Uttarkashi","capacity_k":75,"discom":"UPCL"}},
{"type":"Feature","geometry":{"type":"Point","coordinates":[77.78085,30.68448]},"properties":{"bpcode":962,"bpname":"Chakrata","dtname":"Dehradun","capacity_k":25,"discom":"UPCL"}},
{"type":"Feature","geometry":{"type":"Point","coordinates":[78.22331,30.68557]},"properties":{"bpcode":1025,"bpname":"Chiniyalisaur","dtname":"Uttarkashi","capacity_k":50,"discom":"UPCL"}},
{"type":"Feature","geometry":{"type":"Point","coordinates":[77.91779,30.68558]},"properties":{"bpcode":962,"bpname":"Chakrata","dtname":"Dehradun","capacity_k":75,"discom":"UPCL"}},
{"type":"Feature","geometry":{"type":"Point","coordinates":[78.19139,30.68687]},"properties":{"bpcode":1025,"bpname":"Chiniyalisaur","dtname":"Uttarkashi","capacity_k":50,"discom":"UPCL"}},
{"type":"Feature","geometry":{"type":"Point","coordinates":[77.97177,30.6872]},"properties":{"bpcode":962,"bpname":"Chakrata","dtname":"Dehradun","capacity_k":25,"discom":"UPCL"}},
{"type":"Feature","geometry":{"type":"Point","coordinates":[77.76647,30.69166]},"properties":{"bpcode":962,"bpname":"Chakrata","dtname":"Dehradun","capacity_k":25,"discom":"UPCL"}},
{"type":"Feature","geometry":{"type":"Point","coordinates":[78.50113,30.69335]},"properties":{"bpcode":1024,"bpname":"Bhatwari","dtname":"Uttarkashi","capacity_k":75,"discom":"UPCL"}},
{"type":"Feature","geometry":{"type":"Point","coordinates":[78.27784,30.69452]},"properties":{"bpcode":1026,"bpname":"Dunda","dtname":"Uttarkashi","capacity_k":25,"discom":"UPCL"}},
{"type":"Feature","geometry":{"type":"Point","coordinates":[78.12709,30.69538]},"properties":{"bpcode":1028,"bpname":"Naugaon","dtname":"Uttarkashi","capacity_k":75,"discom":"UPCL"}},
{"type":"Feature","geometry":{"type":"Point","coordinates":[77.98281,30.69556]},"properties":{"bpcode":962,"bpname":"Chakrata","dtname":"Dehradun","capacity_k":100,"discom":"UPCL"}},
{"type":"Feature","geometry":{"type":"Point","coordinates":[78.13611,30.69785]},"properties":{"bpcode":1028,"bpname":"Naugaon","dtname":"Uttarkashi","capacity_k":25,"discom":"UPCL"}},
{"type":"Feature","geometry":{"type":"Point","coordinates":[78.11479,30.69814]},"properties":{"bpcode":1028,"bpname":"Naugaon","dtname":"Uttarkashi","capacity_k":25,"discom":"UPCL"}},
{"type":"Feature","geometry":{"type":"Point","coordinates":[78.28552,30.69938]},"properties":{"bpcode":1026,"bpname":"Dunda","dtname":"Uttarkashi","capacity_k":25,"discom":"UPCL"}},
{"type":"Feature","geometry":{"type":"Point","coordinates":[77.86458,30.69993]},"properties":{"bpcode":962,"bpname":"Chakrata","dtname":"Dehradun","capacity_k":200,"discom":"UPCL"}},
{"type":"Feature","geometry":{"type":"Point","coordinates":[78.30008,30.70009]},"properties":{"bpcode":1026,"bpname":"Dunda","dtname":"Uttarkashi","capacity_k":50,"discom":"UPCL"}},
{"type":"Feature","geometry":{"type":"Point","coordinates":[78.0514,30.70085]},"properties":{"bpcode":962,"bpname":"Chakrata","dtname":"Dehradun","capacity_k":175,"discom":"UPCL"}},
{"type":"Feature","geometry":{"type":"Point","coordinates":[78.10628,30.70185]},"properties":{"bpcode":1028,"bpname":"Naugaon","dtname":"Uttarkashi","capacity_k":50,"discom":"UPCL"}},
{"type":"Feature","geometry":{"type":"Point","coordinates":[78.29803,30.70414]},"properties":{"bpcode":1026,"bpname":"Dunda","dtname":"Uttarkashi","capacity_k":25,"discom":"UPCL"}},
{"type":"Feature","geometry":{"type":"Point","coordinates":[78.0819,30.70427]},"properties":{"bpcode":1028,"bpname":"Naugaon","dtname":"Uttarkashi","capacity_k":75,"discom":"UPCL"}},
{"type":"Feature","geometry":{"type":"Point","coordinates":[78.1263,30.70514]},"properties":{"bpcode":1028,"bpname":"Naugaon","dtname":"Uttarkashi","capacity_k":50,"discom":"UPCL"}},
{"type":"Feature","geometry":{"type":"Point","coordinates":[78.346,30.70692]},"properties":{"bpcode":1026,"bpname":"Dunda","dtname":"Uttarkashi","capacity_k":50,"discom":"UPCL"}},
{"type":"Feature","geometry":{"type":"Point","coordinates":[78.30479,30.70816]},"properties":{"bpcode":1026,"bpname":"Dunda","dtname":"Uttarkashi","capacity_k":25,"discom":"UPCL"}},
{"type":"Feature","geometry":{"type":"Point","coordinates":[78.29382,30.70894]},"properties":{"bpcode":1026,"bpname":"Dunda","dtname":"Uttarkashi","capacity_k":50,"discom":"UPCL"}},
{"type":"Feature","geometry":{"type":"Point","coordinates":[77.80757,30.70983]},"properties":{"bpcode":962,"bpname":"Chakrata","dtname":"Dehradun","capacity_k":50,"discom":"UPCL"}},
{"type":"Feature","geometry":{"type":"Point","coordinates":[78.45162,30.71322]},"properties":{"bpcode":1024,"bpname":"Bhatwari","dtname":"Uttarkashi","capacity_k":25,"discom":"UPCL"}},
{"type":"Feature","geometry":{"type":"Point","coordinates":[78.44814,30.71334]},"properties":{"bpcode":1024,"bpname":"Bhatwari","dtname":"Uttarkashi","capacity_k":25,"discom":"UPCL"}},
{"type":"Feature","geometry":{"type":"Point","coordinates":[77.98909,30.71521]},"properties":{"bpcode":962,"bpname":"Chakrata","dtname":"Dehradun","capacity_k":25,"discom":"UPCL"}},
{"type":"Feature","geometry":{"type":"Point","coordinates":[77.76052,30.71577]},"properties":{"bpcode":962,"bpname":"Chakrata","dtname":"Dehradun","capacity_k":25,"discom":"UPCL"}},
{"type":"Feature","geometry":{"type":"Point","coordinates":[78.27201,30.71751]},"properties":{"bpcode":1026,"bpname":"Dunda","dtname":"Uttarkashi","capacity_k":25,"discom":"UPCL"}},
{"type":"Feature","geometry":{"type":"Point","coordinates":[78.34783,30.71816]},"properties":{"bpcode":1026,"bpname":"Dunda","dtname":"Uttarkashi","capacity_k":25,"discom":"UPCL"}},
{"type":"Feature","geometry":{"type":"Point","coordinates":[77.93503,30.71866]},"properties":{"bpcode":962,"bpname":"Chakrata","dtname":"Dehradun","capacity_k":25,"discom":"UPCL"}},
{"type":"Feature","geometry":{"type":"Point","coordinates":[78.19186,30.7217]},"properties":{"bpcode":1028,"bpname":"Naugaon","dtname":"Uttarkashi","capacity_k":50,"discom":"UPCL"}},
{"type":"Feature","geometry":{"type":"Point","coordinates":[77.90451,30.72194]},"properties":{"bpcode":962,"bpname":"Chakrata","dtname":"Dehradun","capacity_k":25,"discom":"UPCL"}},
{"type":"Feature","geometry":{"type":"Point","coordinates":[77.8836,30.72234]},"properties":{"bpcode":962,"bpname":"Chakrata","dtname":"Dehradun","capacity_k":50,"discom":"UPCL"}},
{"type":"Feature","geometry":{"type":"Point","coordinates":[77.98359,30.72418]},"properties":{"bpcode":962,"bpname":"Chakrata","dtname":"Dehradun","capacity_k":25,"discom":"UPCL"}},
{"type":"Feature","geometry":{"type":"Point","coordinates":[78.26342,30.72445]},"properties":{"bpcode":1026,"bpname":"Dunda","dtname":"Uttarkashi","capacity_k":25,"discom":"UPCL"}},
{"type":"Feature","geometry":{"type":"Point","coordinates":[77.97421,30.72585]},"properties":{"bpcode":962,"bpname":"Chakrata","dtname":"Dehradun","capacity_k":25,"discom":"UPCL"}},
{"type":"Feature","geometry":{"type":"Point","coordinates":[77.99671,30.7261]},"properties":{"bpcode":962,"bpname":"Chakrata","dtname":"Dehradun","capacity_k":50,"discom":"UPCL"}},
{"type":"Feature","geometry":{"type":"Point","coordinates":[77.80126,30.72774]},"properties":{"bpcode":962,"bpname":"Chakrata","dtname":"Dehradun","capacity_k":50,"discom":"UPCL"}},
{"type":"Feature","geometry":{"type":"Point","coordinates":[78.05874,30.72831]},"properties":{"bpcode":962,"bpname":"Chakrata","dtname":"Dehradun","capacity_k":50,"discom":"UPCL"}},
{"type":"Feature","geometry":{"type":"Point","coordinates":[78.02837,30.72834]},"properties":{"bpcode":962,"bpname":"Chakrata","dtname":"Dehradun","capacity_k":50,"discom":"UPCL"}},
{"type":"Feature","geometry":{"type":"Point","coordinates":[78.15807,30.73019]},"properties":{"bpcode":1028,"bpname":"Naugaon","dtname":"Uttarkashi","capacity_k":25,"discom":"UPCL"}},
{"type":"Feature","geometry":{"type":"Point","coordinates":[77.76615,30.73135]},"properties":{"bpcode":962,"bpname":"Chakrata","dtname":"Dehradun","capacity_k":50,"discom":"UPCL"}},
{"type":"Feature","geometry":{"type":"Point","coordinates":[78.0925,30.73349]},"properties":{"bpcode":1028,"bpname":"Naugaon","dtname":"Uttarkashi","capacity_k":75,"discom":"UPCL"}},
{"type":"Feature","geometry":{"type":"Point","coordinates":[78.03753,30.73406]},"properties":{"bpcode":962,"bpname":"Chakrata","dtname":"Dehradun","capacity_k":25,"discom":"UPCL"}},
{"type":"Feature","geometry":{"type":"Point","coordinates":[78.08481,30.73418]},"properties":{"bpcode":1028,"bpname":"Naugaon","dtname":"Uttarkashi","capacity_k":50,"discom":"UPCL"}},
{"type":"Feature","geometry":{"type":"Point","coordinates":[78.06723,30.73507]},"properties":{"bpcode":962,"bpname":"Chakrata","dtname":"Dehradun","capacity_k":25,"discom":"UPCL"}},
{"type":"Feature","geometry":{"type":"Point","coordinates":[78.12887,30.73558]},"properties":{"bpcode":1028,"bpname":"Naugaon","dtname":"Uttarkashi","capacity_k":25,"discom":"UPCL"}},
{"type":"Feature","geometry":{"type":"Point","coordinates":[78.58249,30.73584]},"properties":{"bpcode":1024,"bpname":"Bhatwari","dtname":"Uttarkashi","capacity_k":25,"discom":"UPCL"}},
{"type":"Feature","geometry":{"type":"Point","coordinates":[78.25852,30.7359]},"properties":{"bpcode":1026,"bpname":"Dunda","dtname":"Uttarkashi","capacity_k":50,"discom":"UPCL"}},
{"type":"Feature","geometry":{"type":"Point","coordinates":[78.35423,30.73615]},"properties":{"bpcode":1024,"bpname":"Bhatwari","dtname":"Uttarkashi","capacity_k":25,"discom":"UPCL"}},
{"type":"Feature","geometry":{"type":"Point","coordinates":[77.99562,30.7376]},"properties":{"bpcode":962,"bpname":"Chakrata","dtname":"Dehradun","capacity_k":25,"discom":"UPCL"}},
{"type":"Feature","geometry":{"type":"Point","coordinates":[78.32409,30.73788]},"properties":{"bpcode":1026,"bpname":"Dunda","dtname":"Uttarkashi","capacity_k":50,"discom":"UPCL"}},
{"type":"Feature","geometry":{"type":"Point","coordinates":[79.4992,30.7397]},"properties":{"bpcode":953,"bpname":"Joshimath","dtname":"Chamoli","capacity_k":463,"discom":"UPCL"}},
{"type":"Feature","geometry":{"type":"Point","coordinates":[78.13301,30.73998]},"properties":{"bpcode":1028,"bpname":"Naugaon","dtname":"Uttarkashi","capacity_k":50,"discom":"UPCL"}},
{"type":"Feature","geometry":{"type":"Point","coordinates":[78.0456,30.7412]},"properties":{"bpcode":962,"bpname":"Chakrata","dtname":"Dehradun","capacity_k":50,"discom":"UPCL"}},
{"type":"Feature","geometry":{"type":"Point","coordinates":[78.036,30.74146]},"properties":{"bpcode":962,"bpname":"Chakrata","dtname":"Dehradun","capacity_k":50,"discom":"UPCL"}},
{"type":"Feature","geometry":{"type":"Point","coordinates":[78.55965,30.74354]},"properties":{"bpcode":1024,"bpname":"Bhatwari","dtname":"Uttarkashi","capacity_k":75,"discom":"UPCL"}},
{"type":"Feature","geometry":{"type":"Point","coordinates":[77.91836,30.74365]},"properties":{"bpcode":962,"bpname":"Chakrata","dtname":"Dehradun","capacity_k":25,"discom":"UPCL"}},
{"type":"Feature","geometry":{"type":"Point","coordinates":[78.15721,30.74375]},"properties":{"bpcode":1028,"bpname":"Naugaon","dtname":"Uttarkashi","capacity_k":100,"discom":"UPCL"}},
{"type":"Feature","geometry":{"type":"Point","coordinates":[77.88984,30.74605]},"properties":{"bpcode":962,"bpname":"Chakrata","dtname":"Dehradun","capacity_k":25,"discom":"UPCL"}},
{"type":"Feature","geometry":{"type":"Point","coordinates":[78.13003,30.74646]},"properties":{"bpcode":1028,"bpname":"Naugaon","dtname":"Uttarkashi","capacity_k":25,"discom":"UPCL"}},
{"type":"Feature","geometry":{"type":"Point","coordinates":[78.1357,30.74672]},"properties":{"bpcode":1028,"bpname":"Naugaon","dtname":"Uttarkashi","capacity_k":50,"discom":"UPCL"}},
{"type":"Feature","geometry":{"type":"Point","coordinates":[78.05451,30.74681]},"properties":{"bpcode":962,"bpname":"Chakrata","dtname":"Dehradun","capacity_k":25,"discom":"UPCL"}},
{"type":"Feature","geometry":{"type":"Point","coordinates":[77.84916,30.74742]},"properties":{"bpcode":962,"bpname":"Chakrata","dtname":"Dehradun","capacity_k":50,"discom":"UPCL"}},
{"type":"Feature","geometry":{"type":"Point","coordinates":[78.59062,30.74785]},"properties":{"bpcode":1024,"bpname":"Bhatwari","dtname":"Uttarkashi","capacity_k":50,"discom":"UPCL"}},
{"type":"Feature","geometry":{"type":"Point","coordinates":[77.81272,30.75107]},"properties":{"bpcode":962,"bpname":"Chakrata","dtname":"Dehradun","capacity_k":50,"discom":"UPCL"}},
{"type":"Feature","geometry":{"type":"Point","coordinates":[78.48716,30.75215]},"properties":{"bpcode":1024,"bpname":"Bhatwari","dtname":"Uttarkashi","capacity_k":25,"discom":"UPCL"}},
{"type":"Feature","geometry":{"type":"Point","coordinates":[77.96921,30.75286]},"properties":{"bpcode":962,"bpname":"Chakrata","dtname":"Dehradun","capacity_k":75,"discom":"UPCL"}},
{"type":"Feature","geometry":{"type":"Point","coordinates":[78.10179,30.75302]},"properties":{"bpcode":1028,"bpname":"Naugaon","dtname":"Uttarkashi","capacity_k":125,"discom":"UPCL"}},
{"type":"Feature","geometry":{"type":"Point","coordinates":[77.89211,30.75364]},"properties":{"bpcode":962,"bpname":"Chakrata","dtname":"Dehradun","capacity_k":25,"discom":"UPCL"}},
{"type":"Feature","geometry":{"type":"Point","coordinates":[77.76675,30.75369]},"properties":{"bpcode":962,"bpname":"Chakrata","dtname":"Dehradun","capacity_k":25,"discom":"UPCL"}},
{"type":"Feature","geometry":{"type":"Point","coordinates":[78.27406,30.75688]},"properties":{"bpcode":1026,"bpname":"Dunda","dtname":"Uttarkashi","capacity_k":75,"discom":"UPCL"}},
{"type":"Feature","geometry":{"type":"Point","coordinates":[78.40813,30.75791]},"properties":{"bpcode":1024,"bpname":"Bhatwari","dtname":"Uttarkashi","capacity_k":25,"discom":"UPCL"}},
{"type":"Feature","geometry":{"type":"Point","coordinates":[77.72574,30.75862]},"properties":{"bpcode":962,"bpname":"Chakrata","dtname":"Dehradun","capacity_k":50,"discom":"UPCL"}},
{"type":"Feature","geometry":{"type":"Point","coordinates":[78.60228,30.76109]},"properties":{"bpcode":1024,"bpname":"Bhatwari","dtname":"Uttarkashi","capacity_k":25,"discom":"UPCL"}},
{"type":"Feature","geometry":{"type":"Point","coordinates":[78.39433,30.76313]},"properties":{"bpcode":1026,"bpname":"Dunda","dtname":"Uttarkashi","capacity_k":25,"discom":"UPCL"}},
{"type":"Feature","geometry":{"type":"Point","coordinates":[78.12151,30.76331]},"properties":{"bpcode":1028,"bpname":"Naugaon","dtname":"Uttarkashi","capacity_k":50,"discom":"UPCL"}},
{"type":"Feature","geometry":{"type":"Point","coordinates":[78.07896,30.76351]},"properties":{"bpcode":1029,"bpname":"Purola","dtname":"Uttarkashi","capacity_k":150,"discom":"UPCL"}},
{"type":"Feature","geometry":{"type":"Point","coordinates":[78.35801,30.76526]},"properties":{"bpcode":1026,"bpname":"Dunda","dtname":"Uttarkashi","capacity_k":50,"discom":"UPCL"}},
{"type":"Feature","geometry":{"type":"Point","coordinates":[78.1075,30.76758]},"properties":{"bpcode":1028,"bpname":"Naugaon","dtname":"Uttarkashi","capacity_k":25,"discom":"UPCL"}},
{"type":"Feature","geometry":{"type":"Point","coordinates":[78.09118,30.76792]},"properties":{"bpcode":1029,"bpname":"Purola","dtname":"Uttarkashi","capacity_k":25,"discom":"UPCL"}},
{"type":"Feature","geometry":{"type":"Point","coordinates":[78.63229,30.76912]},"properties":{"bpcode":1024,"bpname":"Bhatwari","dtname":"Uttarkashi","capacity_k":25,"discom":"UPCL"}},
{"type":"Feature","geometry":{"type":"Point","coordinates":[78.46566,30.76976]},"properties":{"bpcode":1024,"bpname":"Bhatwari","dtname":"Uttarkashi","capacity_k":25,"discom":"UPCL"}},
{"type":"Feature","geometry":{"type":"Point","coordinates":[77.79975,30.77317]},"properties":{"bpcode":962,"bpname":"Chakrata","dtname":"Dehradun","capacity_k":50,"discom":"UPCL"}},
{"type":"Feature","geometry":{"type":"Point","coordinates":[78.46389,30.77382]},"properties":{"bpcode":1024,"bpname":"Bhatwari","dtname":"Uttarkashi","capacity_k":100,"discom":"UPCL"}},
{"type":"Feature","geometry":{"type":"Point","coordinates":[78.14487,30.77456]},"properties":{"bpcode":1028,"bpname":"Naugaon","dtname":"Uttarkashi","capacity_k":25,"discom":"UPCL"}},
{"type":"Feature","geometry":{"type":"Point","coordinates":[78.36801,30.77582]},"properties":{"bpcode":1026,"bpname":"Dunda","dtname":"Uttarkashi","capacity_k":25,"discom":"UPCL"}},
{"type":"Feature","geometry":{"type":"Point","coordinates":[78.15012,30.78091]},"properties":{"bpcode":1028,"bpname":"Naugaon","dtname":"Uttarkashi","capacity_k":25,"discom":"UPCL"}},
{"type":"Feature","geometry":{"type":"Point","coordinates":[78.13784,30.78713]},"properties":{"bpcode":1028,"bpname":"Naugaon","dtname":"Uttarkashi","capacity_k":25,"discom":"UPCL"}},
{"type":"Feature","geometry":{"type":"Point","coordinates":[78.44467,30.7873]},"properties":{"bpcode":1024,"bpname":"Bhatwari","dtname":"Uttarkashi","capacity_k":25,"discom":"UPCL"}},
{"type":"Feature","geometry":{"type":"Point","coordinates":[77.83443,30.79015]},"properties":{"bpcode":962,"bpname":"Chakrata","dtname":"Dehradun","capacity_k":25,"discom":"UPCL"}},
{"type":"Feature","geometry":{"type":"Point","coordinates":[78.14063,30.7908]},"properties":{"bpcode":1028,"bpname":"Naugaon","dtname":"Uttarkashi","capacity_k":25,"discom":"UPCL"}},
{"type":"Feature","geometry":{"type":"Point","coordinates":[77.79789,30.79134]},"properties":{"bpcode":962,"bpname":"Chakrata","dtname":"Dehradun","capacity_k":25,"discom":"UPCL"}},
{"type":"Feature","geometry":{"type":"Point","coordinates":[78.40272,30.79171]},"properties":{"bpcode":1024,"bpname":"Bhatwari","dtname":"Uttarkashi","capacity_k":50,"discom":"UPCL"}},
{"type":"Feature","geometry":{"type":"Point","coordinates":[78.04723,30.79215]},"properties":{"bpcode":1029,"bpname":"Purola","dtname":"Uttarkashi","capacity_k":75,"discom":"UPCL"}},
{"type":"Feature","geometry":{"type":"Point","coordinates":[77.88199,30.79241]},"properties":{"bpcode":962,"bpname":"Chakrata","dtname":"Dehradun","capacity_k":25,"discom":"UPCL"}},
{"type":"Feature","geometry":{"type":"Point","coordinates":[78.12893,30.7978]},"properties":{"bpcode":1028,"bpname":"Naugaon","dtname":"Uttarkashi","capacity_k":25,"discom":"UPCL"}},
{"type":"Feature","geometry":{"type":"Point","coordinates":[77.78469,30.79975]},"properties":{"bpcode":962,"bpname":"Chakrata","dtname":"Dehradun","capacity_k":75,"discom":"UPCL"}},
{"type":"Feature","geometry":{"type":"Point","coordinates":[78.3816,30.80415]},"properties":{"bpcode":1026,"bpname":"Dunda","dtname":"Uttarkashi","capacity_k":25,"discom":"UPCL"}},
{"type":"Feature","geometry":{"type":"Point","coordinates":[78.59847,30.80567]},"properties":{"bpcode":1024,"bpname":"Bhatwari","dtname":"Uttarkashi","capacity_k":25,"discom":"UPCL"}},
{"type":"Feature","geometry":{"type":"Point","coordinates":[78.02947,30.80572]},"properties":{"bpcode":1029,"bpname":"Purola","dtname":"Uttarkashi","capacity_k":75,"discom":"UPCL"}},
{"type":"Feature","geometry":{"type":"Point","coordinates":[77.76236,30.8081]},"properties":{"bpcode":962,"bpname":"Chakrata","dtname":"Dehradun","capacity_k":25,"discom":"UPCL"}},
{"type":"Feature","geometry":{"type":"Point","coordinates":[77.77974,30.80815]},"properties":{"bpcode":962,"bpname":"Chakrata","dtname":"Dehradun","capacity_k":75,"discom":"UPCL"}},
{"type":"Feature","geometry":{"type":"Point","coordinates":[78.20468,30.80827]},"properties":{"bpcode":1028,"bpname":"Naugaon","dtname":"Uttarkashi","capacity_k":1000,"discom":"UPCL"}},
{"type":"Feature","geometry":{"type":"Point","coordinates":[78.60898,30.80994]},"properties":{"bpcode":1024,"bpname":"Bhatwari","dtname":"Uttarkashi","capacity_k":25,"discom":"UPCL"}},
{"type":"Feature","geometry":{"type":"Point","coordinates":[77.87561,30.81073]},"properties":{"bpcode":962,"bpname":"Chakrata","dtname":"Dehradun","capacity_k":25,"discom":"UPCL"}},
{"type":"Feature","geometry":{"type":"Point","coordinates":[77.78923,30.81077]},"properties":{"bpcode":962,"bpname":"Chakrata","dtname":"Dehradun","capacity_k":50,"discom":"UPCL"}},
{"type":"Feature","geometry":{"type":"Point","coordinates":[78.21531,30.8123]},"properties":{"bpcode":1028,"bpname":"Naugaon","dtname":"Uttarkashi","capacity_k":500,"discom":"UPCL"}},
{"type":"Feature","geometry":{"type":"Point","coordinates":[78.60326,30.81672]},"properties":{"bpcode":1024,"bpname":"Bhatwari","dtname":"Uttarkashi","capacity_k":150,"discom":"UPCL"}},
{"type":"Feature","geometry":{"type":"Point","coordinates":[78.21136,30.82179]},"properties":{"bpcode":1028,"bpname":"Naugaon","dtname":"Uttarkashi","capacity_k":25,"discom":"UPCL"}},
{"type":"Feature","geometry":{"type":"Point","coordinates":[78.25571,30.822]},"properties":{"bpcode":1028,"bpname":"Naugaon","dtname":"Uttarkashi","capacity_k":25,"discom":"UPCL"}},
{"type":"Feature","geometry":{"type":"Point","coordinates":[78.21754,30.82562]},"properties":{"bpcode":1028,"bpname":"Naugaon","dtname":"Uttarkashi","capacity_k":25,"discom":"UPCL"}},
{"type":"Feature","geometry":{"type":"Point","coordinates":[77.77672,30.826]},"properties":{"bpcode":962,"bpname":"Chakrata","dtname":"Dehradun","capacity_k":25,"discom":"UPCL"}},
{"type":"Feature","geometry":{"type":"Point","coordinates":[78.45707,30.82682]},"properties":{"bpcode":1024,"bpname":"Bhatwari","dtname":"Uttarkashi","capacity_k":25,"discom":"UPCL"}},
{"type":"Feature","geometry":{"type":"Point","coordinates":[77.8581,30.83145]},"properties":{"bpcode":962,"bpname":"Chakrata","dtname":"Dehradun","capacity_k":75,"discom":"UPCL"}},
{"type":"Feature","geometry":{"type":"Point","coordinates":[78.11221,30.83231]},"properties":{"bpcode":1029,"bpname":"Purola","dtname":"Uttarkashi","capacity_k":25,"discom":"UPCL"}},
{"type":"Feature","geometry":{"type":"Point","coordinates":[77.80495,30.83857]},"properties":{"bpcode":962,"bpname":"Chakrata","dtname":"Dehradun","capacity_k":25,"discom":"UPCL"}},
{"type":"Feature","geometry":{"type":"Point","coordinates":[78.30531,30.83859]},"properties":{"bpcode":1028,"bpname":"Naugaon","dtname":"Uttarkashi","capacity_k":25,"discom":"UPCL"}},
{"type":"Feature","geometry":{"type":"Point","coordinates":[78.10485,30.84006]},"properties":{"bpcode":1029,"bpname":"Purola","dtname":"Uttarkashi","capacity_k":25,"discom":"UPCL"}},
{"type":"Feature","geometry":{"type":"Point","coordinates":[77.89634,30.84335]},"properties":{"bpcode":962,"bpname":"Chakrata","dtname":"Dehradun","capacity_k":50,"discom":"UPCL"}},
{"type":"Feature","geometry":{"type":"Point","coordinates":[78.6011,30.84497]},"properties":{"bpcode":1024,"bpname":"Bhatwari","dtname":"Uttarkashi","capacity_k":25,"discom":"UPCL"}},
{"type":"Feature","geometry":{"type":"Point","coordinates":[77.76966,30.84998]},"properties":{"bpcode":962,"bpname":"Chakrata","dtname":"Dehradun","capacity_k":150,"discom":"UPCL"}},
{"type":"Feature","geometry":{"type":"Point","coordinates":[77.80679,30.85054]},"properties":{"bpcode":962,"bpname":"Chakrata","dtname":"Dehradun","capacity_k":25,"discom":"UPCL"}},
{"type":"Feature","geometry":{"type":"Point","coordinates":[78.06964,30.85209]},"properties":{"bpcode":1029,"bpname":"Purola","dtname":"Uttarkashi","capacity_k":25,"discom":"UPCL"}},
{"type":"Feature","geometry":{"type":"Point","coordinates":[77.95178,30.85216]},"properties":{"bpcode":962,"bpname":"Chakrata","dtname":"Dehradun","capacity_k":50,"discom":"UPCL"}},
{"type":"Feature","geometry":{"type":"Point","coordinates":[77.95935,30.8588]},"properties":{"bpcode":962,"bpname":"Chakrata","dtname":"Dehradun","capacity_k":25,"discom":"UPCL"}},
{"type":"Feature","geometry":{"type":"Point","coordinates":[77.83249,30.85913]},"properties":{"bpcode":962,"bpname":"Chakrata","dtname":"Dehradun","capacity_k":25,"discom":"UPCL"}},
{"type":"Feature","geometry":{"type":"Point","coordinates":[78.65772,30.86251]},"properties":{"bpcode":1024,"bpname":"Bhatwari","dtname":"Uttarkashi","capacity_k":25,"discom":"UPCL"}},
{"type":"Feature","geometry":{"type":"Point","coordinates":[77.81832,30.86299]},"properties":{"bpcode":962,"bpname":"Chakrata","dtname":"Dehradun","capacity_k":25,"discom":"UPCL"}},
{"type":"Feature","geometry":{"type":"Point","coordinates":[78.0976,30.86654]},"properties":{"bpcode":1029,"bpname":"Purola","dtname":"Uttarkashi","capacity_k":25,"discom":"UPCL"}},
{"type":"Feature","geometry":{"type":"Point","coordinates":[77.93347,30.86689]},"properties":{"bpcode":962,"bpname":"Chakrata","dtname":"Dehradun","capacity_k":25,"discom":"UPCL"}},
{"type":"Feature","geometry":{"type":"Point","coordinates":[78.11103,30.86696]},"properties":{"bpcode":1029,"bpname":"Purola","dtname":"Uttarkashi","capacity_k":50,"discom":"UPCL"}},
{"type":"Feature","geometry":{"type":"Point","coordinates":[78.19933,30.87337]},"properties":{"bpcode":1028,"bpname":"Naugaon","dtname":"Uttarkashi","capacity_k":25,"discom":"UPCL"}},
{"type":"Feature","geometry":{"type":"Point","coordinates":[78.23606,30.87341]},"properties":{"bpcode":1028,"bpname":"Naugaon","dtname":"Uttarkashi","capacity_k":25,"discom":"UPCL"}},
{"type":"Feature","geometry":{"type":"Point","coordinates":[77.93799,30.87435]},"properties":{"bpcode":962,"bpname":"Chakrata","dtname":"Dehradun","capacity_k":25,"discom":"UPCL"}},
{"type":"Feature","geometry":{"type":"Point","coordinates":[78.09182,30.88319]},"properties":{"bpcode":1029,"bpname":"Purola","dtname":"Uttarkashi","capacity_k":25,"discom":"UPCL"}},
{"type":"Feature","geometry":{"type":"Point","coordinates":[77.89157,30.8839]},"properties":{"bpcode":962,"bpname":"Chakrata","dtname":"Dehradun","capacity_k":25,"discom":"UPCL"}},
{"type":"Feature","geometry":{"type":"Point","coordinates":[77.89564,30.88771]},"properties":{"bpcode":962,"bpname":"Chakrata","dtname":"Dehradun","capacity_k":25,"discom":"UPCL"}},
{"type":"Feature","geometry":{"type":"Point","coordinates":[78.05403,30.8886]},"properties":{"bpcode":1029,"bpname":"Purola","dtname":"Uttarkashi","capacity_k":25,"discom":"UPCL"}},
{"type":"Feature","geometry":{"type":"Point","coordinates":[77.85443,30.88863]},"properties":{"bpcode":962,"bpname":"Chakrata","dtname":"Dehradun","capacity_k":25,"discom":"UPCL"}},
{"type":"Feature","geometry":{"type":"Point","coordinates":[78.08167,30.88901]},"properties":{"bpcode":1029,"bpname":"Purola","dtname":"Uttarkashi","capacity_k":25,"discom":"UPCL"}},
{"type":"Feature","geometry":{"type":"Point","coordinates":[78.07293,30.88995]},"properties":{"bpcode":1029,"bpname":"Purola","dtname":"Uttarkashi","capacity_k":25,"discom":"UPCL"}},
{"type":"Feature","geometry":{"type":"Point","coordinates":[78.1014,30.89271]},"properties":{"bpcode":1029,"bpname":"Purola","dtname":"Uttarkashi","capacity_k":25,"discom":"UPCL"}},
{"type":"Feature","geometry":{"type":"Point","coordinates":[77.86205,30.89488]},"properties":{"bpcode":962,"bpname":"Chakrata","dtname":"Dehradun","capacity_k":25,"discom":"UPCL"}},
{"type":"Feature","geometry":{"type":"Point","coordinates":[77.84414,30.89853]},"properties":{"bpcode":962,"bpname":"Chakrata","dtname":"Dehradun","capacity_k":25,"discom":"UPCL"}},
{"type":"Feature","geometry":{"type":"Point","coordinates":[78.10965,30.89963]},"properties":{"bpcode":1029,"bpname":"Purola","dtname":"Uttarkashi","capacity_k":25,"discom":"UPCL"}},
{"type":"Feature","geometry":{"type":"Point","coordinates":[77.87829,30.90186]},"properties":{"bpcode":962,"bpname":"Chakrata","dtname":"Dehradun","capacity_k":50,"discom":"UPCL"}},
{"type":"Feature","geometry":{"type":"Point","coordinates":[78.08777,30.90551]},"properties":{"bpcode":1029,"bpname":"Purola","dtname":"Uttarkashi","capacity_k":50,"discom":"UPCL"}},
{"type":"Feature","geometry":{"type":"Point","coordinates":[78.21344,30.90569]},"properties":{"bpcode":1028,"bpname":"Naugaon","dtname":"Uttarkashi","capacity_k":25,"discom":"UPCL"}},
{"type":"Feature","geometry":{"type":"Point","coordinates":[78.09052,30.90762]},"properties":{"bpcode":1029,"bpname":"Purola","dtname":"Uttarkashi","capacity_k":50,"discom":"UPCL"}},
{"type":"Feature","geometry":{"type":"Point","coordinates":[77.87669,30.90832]},"properties":{"bpcode":962,"bpname":"Chakrata","dtname":"Dehradun","capacity_k":25,"discom":"UPCL"}},
{"type":"Feature","geometry":{"type":"Point","coordinates":[77.86894,30.91208]},"properties":{"bpcode":962,"bpname":"Chakrata","dtname":"Dehradun","capacity_k":50,"discom":"UPCL"}},
{"type":"Feature","geometry":{"type":"Point","coordinates":[77.92729,30.91462]},"properties":{"bpcode":962,"bpname":"Chakrata","dtname":"Dehradun","capacity_k":50,"discom":"UPCL"}},
{"type":"Feature","geometry":{"type":"Point","coordinates":[78.11762,30.91482]},"properties":{"bpcode":1029,"bpname":"Purola","dtname":"Uttarkashi","capacity_k":50,"discom":"UPCL"}},
{"type":"Feature","geometry":{"type":"Point","coordinates":[78.06245,30.91868]},"properties":{"bpcode":1029,"bpname":"Purola","dtname":"Uttarkashi","capacity_k":50,"discom":"UPCL"}},
{"type":"Feature","geometry":{"type":"Point","coordinates":[77.85298,30.92152]},"properties":{"bpcode":962,"bpname":"Chakrata","dtname":"Dehradun","capacity_k":50,"discom":"UPCL"}},
{"type":"Feature","geometry":{"type":"Point","coordinates":[78.10101,30.92181]},"properties":{"bpcode":1029,"bpname":"Purola","dtname":"Uttarkashi","capacity_k":25,"discom":"UPCL"}},
{"type":"Feature","geometry":{"type":"Point","coordinates":[77.86509,30.92351]},"properties":{"bpcode":962,"bpname":"Chakrata","dtname":"Dehradun","capacity_k":75,"discom":"UPCL"}},
{"type":"Feature","geometry":{"type":"Point","coordinates":[77.81955,30.92471]},"properties":{"bpcode":962,"bpname":"Chakrata","dtname":"Dehradun","capacity_k":50,"discom":"UPCL"}},
{"type":"Feature","geometry":{"type":"Point","coordinates":[77.80159,30.92621]},"properties":{"bpcode":962,"bpname":"Chakrata","dtname":"Dehradun","capacity_k":100,"discom":"UPCL"}},
{"type":"Feature","geometry":{"type":"Point","coordinates":[77.89035,30.92914]},"properties":{"bpcode":962,"bpname":"Chakrata","dtname":"Dehradun","capacity_k":25,"discom":"UPCL"}},
{"type":"Feature","geometry":{"type":"Point","coordinates":[77.87135,30.93089]},"properties":{"bpcode":962,"bpname":"Chakrata","dtname":"Dehradun","capacity_k":25,"discom":"UPCL"}},
{"type":"Feature","geometry":{"type":"Point","coordinates":[78.12316,30.93326]},"properties":{"bpcode":1029,"bpname":"Purola","dtname":"Uttarkashi","capacity_k":25,"discom":"UPCL"}},
{"type":"Feature","geometry":{"type":"Point","coordinates":[77.7911,30.93808]},"properties":{"bpcode":962,"bpname":"Chakrata","dtname":"Dehradun","capacity_k":25,"discom":"UPCL"}},
{"type":"Feature","geometry":{"type":"Point","coordinates":[78.23627,30.94682]},"properties":{"bpcode":1029,"bpname":"Purola","dtname":"Uttarkashi","capacity_k":50,"discom":"UPCL"}},
{"type":"Feature","geometry":{"type":"Point","coordinates":[78.21711,30.94708]},"properties":{"bpcode":1029,"bpname":"Purola","dtname":"Uttarkashi","capacity_k":25,"discom":"UPCL"}},
{"type":"Feature","geometry":{"type":"Point","coordinates":[78.24164,30.95082]},"properties":{"bpcode":1029,"bpname":"Purola","dtname":"Uttarkashi","capacity_k":25,"discom":"UPCL"}},
{"type":"Feature","geometry":{"type":"Point","coordinates":[78.23297,30.952]},"properties":{"bpcode":1029,"bpname":"Purola","dtname":"Uttarkashi","capacity_k":25,"discom":"UPCL"}},
{"type":"Feature","geometry":{"type":"Point","coordinates":[77.87383,30.95846]},"properties":{"bpcode":1027,"bpname":"Mori","dtname":"Uttarkashi","capacity_k":50,"discom":"UPCL"}},
{"type":"Feature","geometry":{"type":"Point","coordinates":[78.2175,30.96167]},"properties":{"bpcode":1029,"bpname":"Purola","dtname":"Uttarkashi","capacity_k":25,"discom":"UPCL"}},
{"type":"Feature","geometry":{"type":"Point","coordinates":[77.88791,30.96319]},"properties":{"bpcode":1027,"bpname":"Mori","dtname":"Uttarkashi","capacity_k":25,"discom":"UPCL"}},
{"type":"Feature","geometry":{"type":"Point","coordinates":[77.90625,30.96581]},"properties":{"bpcode":1027,"bpname":"Mori","dtname":"Uttarkashi","capacity_k":100,"discom":"UPCL"}},
{"type":"Feature","geometry":{"type":"Point","coordinates":[77.92778,30.97046]},"properties":{"bpcode":962,"bpname":"Chakrata","dtname":"Dehradun","capacity_k":150,"discom":"UPCL"}},
{"type":"Feature","geometry":{"type":"Point","coordinates":[78.08818,30.97083]},"properties":{"bpcode":1027,"bpname":"Mori","dtname":"Uttarkashi","capacity_k":50,"discom":"UPCL"}},
{"type":"Feature","geometry":{"type":"Point","coordinates":[78.23176,30.97114]},"properties":{"bpcode":1029,"bpname":"Purola","dtname":"Uttarkashi","capacity_k":25,"discom":"UPCL"}},
{"type":"Feature","geometry":{"type":"Point","coordinates":[78.23444,30.97298]},"properties":{"bpcode":1029,"bpname":"Purola","dtname":"Uttarkashi","capacity_k":25,"discom":"UPCL"}},
{"type":"Feature","geometry":{"type":"Point","coordinates":[78.14233,30.98127]},"properties":{"bpcode":1027,"bpname":"Mori","dtname":"Uttarkashi","capacity_k":100,"discom":"UPCL"}},
{"type":"Feature","geometry":{"type":"Point","coordinates":[77.9455,30.98965]},"properties":{"bpcode":1027,"bpname":"Mori","dtname":"Uttarkashi","capacity_k":25,"discom":"UPCL"}},
{"type":"Feature","geometry":{"type":"Point","coordinates":[77.85064,30.99139]},"properties":{"bpcode":1027,"bpname":"Mori","dtname":"Uttarkashi","capacity_k":100,"discom":"UPCL"}},
{"type":"Feature","geometry":{"type":"Point","coordinates":[77.97405,30.99723]},"properties":{"bpcode":1027,"bpname":"Mori","dtname":"Uttarkashi","capacity_k":25,"discom":"UPCL"}},
{"type":"Feature","geometry":{"type":"Point","coordinates":[78.92571,30.99833]},"properties":{"bpcode":1024,"bpname":"Bhatwari","dtname":"Uttarkashi","capacity_k":500,"discom":"UPCL"}},
{"type":"Feature","geometry":{"type":"Point","coordinates":[77.86916,30.99986]},"properties":{"bpcode":1027,"bpname":"Mori","dtname":"Uttarkashi","capacity_k":50,"discom":"UPCL"}},
{"type":"Feature","geometry":{"type":"Point","coordinates":[78.70117,31.00219]},"properties":{"bpcode":1024,"bpname":"Bhatwari","dtname":"Uttarkashi","capacity_k":50,"discom":"UPCL"}},
{"type":"Feature","geometry":{"type":"Point","coordinates":[77.86855,31.0042]},"properties":{"bpcode":1027,"bpname":"Mori","dtname":"Uttarkashi","capacity_k":75,"discom":"UPCL"}},
{"type":"Feature","geometry":{"type":"Point","coordinates":[77.97913,31.01088]},"properties":{"bpcode":1027,"bpname":"Mori","dtname":"Uttarkashi","capacity_k":75,"discom":"UPCL"}},
{"type":"Feature","geometry":{"type":"Point","coordinates":[77.86865,31.01195]},"properties":{"bpcode":1027,"bpname":"Mori","dtname":"Uttarkashi","capacity_k":150,"discom":"UPCL"}},
{"type":"Feature","geometry":{"type":"Point","coordinates":[78.06809,31.01818]},"properties":{"bpcode":1027,"bpname":"Mori","dtname":"Uttarkashi","capacity_k":150,"discom":"UPCL"}},
{"type":"Feature","geometry":{"type":"Point","coordinates":[78.10061,31.0243]},"properties":{"bpcode":1027,"bpname":"Mori","dtname":"Uttarkashi","capacity_k":75,"discom":"UPCL"}},
{"type":"Feature","geometry":{"type":"Point","coordinates":[78.10945,31.02525]},"properties":{"bpcode":1027,"bpname":"Mori","dtname":"Uttarkashi","capacity_k":100,"discom":"UPCL"}},
{"type":"Feature","geometry":{"type":"Point","coordinates":[77.96911,31.03225]},"properties":{"bpcode":1027,"bpname":"Mori","dtname":"Uttarkashi","capacity_k":50,"discom":"UPCL"}},
{"type":"Feature","geometry":{"type":"Point","coordinates":[78.10561,31.03719]},"properties":{"bpcode":1027,"bpname":"Mori","dtname":"Uttarkashi","capacity_k":100,"discom":"UPCL"}},
{"type":"Feature","geometry":{"type":"Point","coordinates":[78.08698,31.0408]},"properties":{"bpcode":1027,"bpname":"Mori","dtname":"Uttarkashi","capacity_k":50,"discom":"UPCL"}},
{"type":"Feature","geometry":{"type":"Point","coordinates":[78.77816,31.04645]},"properties":{"bpcode":1024,"bpname":"Bhatwari","dtname":"Uttarkashi","capacity_k":75,"discom":"UPCL"}},
{"type":"Feature","geometry":{"type":"Point","coordinates":[78.10657,31.04703]},"properties":{"bpcode":1027,"bpname":"Mori","dtname":"Uttarkashi","capacity_k":75,"discom":"UPCL"}},
{"type":"Feature","geometry":{"type":"Point","coordinates":[78.09521,31.04896]},"properties":{"bpcode":1027,"bpname":"Mori","dtname":"Uttarkashi","capacity_k":75,"discom":"UPCL"}},
{"type":"Feature","geometry":{"type":"Point","coordinates":[77.89648,31.05463]},"properties":{"bpcode":1027,"bpname":"Mori","dtname":"Uttarkashi","capacity_k":75,"discom":"UPCL"}},
{"type":"Feature","geometry":{"type":"Point","coordinates":[78.12597,31.05673]},"properties":{"bpcode":1027,"bpname":"Mori","dtname":"Uttarkashi","capacity_k":75,"discom":"UPCL"}},
{"type":"Feature","geometry":{"type":"Point","coordinates":[78.10377,31.06428]},"properties":{"bpcode":1027,"bpname":"Mori","dtname":"Uttarkashi","capacity_k":50,"discom":"UPCL"}},
{"type":"Feature","geometry":{"type":"Point","coordinates":[78.02033,31.06448]},"properties":{"bpcode":1027,"bpname":"Mori","dtname":"Uttarkashi","capacity_k":100,"discom":"UPCL"}},
{"type":"Feature","geometry":{"type":"Point","coordinates":[77.85328,31.06455]},"properties":{"bpcode":1027,"bpname":"Mori","dtname":"Uttarkashi","capacity_k":50,"discom":"UPCL"}},
{"type":"Feature","geometry":{"type":"Point","coordinates":[77.89036,31.06705]},"properties":{"bpcode":1027,"bpname":"Mori","dtname":"Uttarkashi","capacity_k":25,"discom":"UPCL"}},
{"type":"Feature","geometry":{"type":"Point","coordinates":[78.12536,31.06729]},"properties":{"bpcode":1027,"bpname":"Mori","dtname":"Uttarkashi","capacity_k":50,"discom":"UPCL"}},
{"type":"Feature","geometry":{"type":"Point","coordinates":[78.0997,31.0702]},"properties":{"bpcode":1027,"bpname":"Mori","dtname":"Uttarkashi","capacity_k":75,"discom":"UPCL"}},
{"type":"Feature","geometry":{"type":"Point","coordinates":[77.90507,31.0716]},"properties":{"bpcode":1027,"bpname":"Mori","dtname":"Uttarkashi","capacity_k":50,"discom":"UPCL"}},
{"type":"Feature","geometry":{"type":"Point","coordinates":[78.15453,31.07178]},"properties":{"bpcode":1027,"bpname":"Mori","dtname":"Uttarkashi","capacity_k":100,"discom":"UPCL"}},
{"type":"Feature","geometry":{"type":"Point","coordinates":[77.89565,31.07277]},"properties":{"bpcode":1027,"bpname":"Mori","dtname":"Uttarkashi","capacity_k":50,"discom":"UPCL"}},
{"type":"Feature","geometry":{"type":"Point","coordinates":[77.90944,31.07355]},"properties":{"bpcode":1027,"bpname":"Mori","dtname":"Uttarkashi","capacity_k":125,"discom":"UPCL"}},
{"type":"Feature","geometry":{"type":"Point","coordinates":[78.1712,31.0755]},"properties":{"bpcode":1027,"bpname":"Mori","dtname":"Uttarkashi","capacity_k":100,"discom":"UPCL"}},
{"type":"Feature","geometry":{"type":"Point","coordinates":[78.27659,31.08424]},"properties":{"bpcode":1027,"bpname":"Mori","dtname":"Uttarkashi","capacity_k":75,"discom":"UPCL"}},
{"type":"Feature","geometry":{"type":"Point","coordinates":[78.21536,31.08435]},"properties":{"bpcode":1027,"bpname":"Mori","dtname":"Uttarkashi","capacity_k":75,"discom":"UPCL"}},
{"type":"Feature","geometry":{"type":"Point","coordinates":[78.06609,31.08444]},"properties":{"bpcode":1027,"bpname":"Mori","dtname":"Uttarkashi","capacity_k":125,"discom":"UPCL"}},
{"type":"Feature","geometry":{"type":"Point","coordinates":[78.19444,31.09225]},"properties":{"bpcode":1027,"bpname":"Mori","dtname":"Uttarkashi","capacity_k":25,"discom":"UPCL"}},
{"type":"Feature","geometry":{"type":"Point","coordinates":[77.91205,31.09704]},"properties":{"bpcode":1027,"bpname":"Mori","dtname":"Uttarkashi","capacity_k":75,"discom":"UPCL"}},
{"type":"Feature","geometry":{"type":"Point","coordinates":[78.08442,31.10387]},"properties":{"bpcode":1027,"bpname":"Mori","dtname":"Uttarkashi","capacity_k":50,"discom":"UPCL"}},
{"type":"Feature","geometry":{"type":"Point","coordinates":[78.0869,31.10475]},"properties":{"bpcode":1027,"bpname":"Mori","dtname":"Uttarkashi","capacity_k":100,"discom":"UPCL"}},
{"type":"Feature","geometry":{"type":"Point","coordinates":[78.31209,31.10782]},"properties":{"bpcode":1027,"bpname":"Mori","dtname":"Uttarkashi","capacity_k":0,"discom":"UPCL"}},
{"type":"Feature","geometry":{"type":"Point","coordinates":[78.2295,31.10858]},"properties":{"bpcode":1027,"bpname":"Mori","dtname":"Uttarkashi","capacity_k":75,"discom":"UPCL"}},
{"type":"Feature","geometry":{"type":"Point","coordinates":[78.2154,31.11054]},"properties":{"bpcode":1027,"bpname":"Mori","dtname":"Uttarkashi","capacity_k":50,"discom":"UPCL"}},
{"type":"Feature","geometry":{"type":"Point","coordinates":[78.10077,31.11069]},"properties":{"bpcode":1027,"bpname":"Mori","dtname":"Uttarkashi","capacity_k":175,"discom":"UPCL"}},
{"type":"Feature","geometry":{"type":"Point","coordinates":[78.32904,31.1177]},"properties":{"bpcode":1027,"bpname":"Mori","dtname":"Uttarkashi","capacity_k":0,"discom":"UPCL"}},
{"type":"Feature","geometry":{"type":"Point","coordinates":[78.34323,31.11801]},"properties":{"bpcode":1027,"bpname":"Mori","dtname":"Uttarkashi","capacity_k":0,"discom":"UPCL"}},
{"type":"Feature","geometry":{"type":"Point","coordinates":[78.09558,31.12604]},"properties":{"bpcode":1027,"bpname":"Mori","dtname":"Uttarkashi","capacity_k":200,"discom":"UPCL"}},
{"type":"Feature","geometry":{"type":"Point","coordinates":[78.06771,31.13833]},"properties":{"bpcode":1027,"bpname":"Mori","dtname":"Uttarkashi","capacity_k":125,"discom":"UPCL"}},
{"type":"Feature","geometry":{"type":"Point","coordinates":[78.24275,31.14153]},"properties":{"bpcode":1027,"bpname":"Mori","dtname":"Uttarkashi","capacity_k":75,"discom":"UPCL"}},
{"type":"Feature","geometry":{"type":"Point","coordinates":[78.24316,31.14434]},"properties":{"bpcode":1027,"bpname":"Mori","dtname":"Uttarkashi","capacity_k":50,"discom":"UPCL"}},
{"type":"Feature","geometry":{"type":"Point","coordinates":[78.10646,31.1482]},"properties":{"bpcode":1027,"bpname":"Mori","dtname":"Uttarkashi","capacity_k":150,"discom":"UPCL"}},
{"type":"Feature","geometry":{"type":"Point","coordinates":[78.09897,31.15131]},"properties":{"bpcode":1027,"bpname":"Mori","dtname":"Uttarkashi","capacity_k":125,"discom":"UPCL"}},
{"type":"Feature","geometry":{"type":"Point","coordinates":[78.08206,31.15514]},"properties":{"bpcode":1027,"bpname":"Mori","dtname":"Uttarkashi","capacity_k":150,"discom":"UPCL"}},
{"type":"Feature","geometry":{"type":"Point","coordinates":[78.21597,31.15639]},"properties":{"bpcode":1027,"bpname":"Mori","dtname":"Uttarkashi","capacity_k":50,"discom":"UPCL"}},
{"type":"Feature","geometry":{"type":"Point","coordinates":[77.97486,31.15694]},"properties":{"bpcode":1027,"bpname":"Mori","dtname":"Uttarkashi","capacity_k":25,"discom":"HPSEBL"}},
{"type":"Feature","geometry":{"type":"Point","coordinates":[78.10103,31.15985]},"properties":{"bpcode":1027,"bpname":"Mori","dtname":"Uttarkashi","capacity_k":50,"discom":"UPCL"}},
{"type":"Feature","geometry":{"type":"Point","coordinates":[78.22112,31.16386]},"properties":{"bpcode":1027,"bpname":"Mori","dtname":"Uttarkashi","capacity_k":25,"discom":"UPCL"}},
{"type":"Feature","geometry":{"type":"Point","coordinates":[78.12365,31.1682]},"properties":{"bpcode":1027,"bpname":"Mori","dtname":"Uttarkashi","capacity_k":150,"discom":"UPCL"}},
{"type":"Feature","geometry":{"type":"Point","coordinates":[78.10894,31.17073]},"properties":{"bpcode":1027,"bpname":"Mori","dtname":"Uttarkashi","capacity_k":25,"discom":"UPCL"}},
{"type":"Feature","geometry":{"type":"Point","coordinates":[78.0755,31.17237]},"properties":{"bpcode":1027,"bpname":"Mori","dtname":"Uttarkashi","capacity_k":100,"discom":"UPCL"}},
{"type":"Feature","geometry":{"type":"Point","coordinates":[78.22939,31.17371]},"properties":{"bpcode":1027,"bpname":"Mori","dtname":"Uttarkashi","capacity_k":50,"discom":"UPCL"}},
{"type":"Feature","geometry":{"type":"Point","coordinates":[78.44472,31.22446]},"properties":{"bpcode":1027,"bpname":"Mori","dtname":"Uttarkashi","capacity_k":25,"discom":"HPSEBL"}}
]}